date,code,name,group,close,volume,per_share_amount,daily_yield,yield_10y,yield_30y,spread_A_10y,spread_A_30y,market_cap,phase
2022-08-31,180501.SZ,红土创新深圳安居REIT,B,3.229,16562894,0.09534972512,0.029529180898110872,2.6225,3.1162,0.33041808981108733,-0.1632819101889127,1614500000.0,phase1_warming
2022-09-01,180501.SZ,红土创新深圳安居REIT,B,3.406,46851481,0.09534972512,0.027994634503816795,2.6125,3.1032,0.1869634503816795,-0.30373654961832086,1703000000.0,phase1_warming
2022-09-02,180501.SZ,红土创新深圳安居REIT,B,3.407,9101380,0.09534972512,0.027986417704725566,2.6226,3.1008,0.17604177047255654,-0.30215822952744364,1703500000.0,phase1_warming
2022-09-05,180501.SZ,红土创新深圳安居REIT,B,3.395,5020524,0.09534972512,0.028085338768777616,2.618,3.09,0.1905338768777618,-0.2814661231222382,1697500000.0,phase1_warming
2022-09-06,180501.SZ,红土创新深圳安居REIT,B,3.404,6657104,0.09534972512,0.028011082585193893,2.614,3.0846,0.18710825851938928,-0.28349174148061085,1702000000.0,phase1_warming
2022-09-07,180501.SZ,红土创新深圳安居REIT,B,3.416,2705698,0.09534972512,0.027912682997658082,2.6215,3.0887,0.1697682997658081,-0.2974317002341915,1708000000.0,phase1_warming
2022-09-08,180501.SZ,红土创新深圳安居REIT,B,3.428,3714840,0.09534972512,0.02781497232205368,2.6256,3.0901,0.15589723220536778,-0.30860276779463236,1714000000.0,phase1_warming
2022-09-09,180501.SZ,红土创新深圳安居REIT,B,3.427,3609957,0.09534972512,0.02782308874234024,2.635,3.0982,0.1473088742340245,-0.31589112576597556,1713500000.0,phase1_warming
2022-09-13,180501.SZ,红土创新深圳安居REIT,B,3.423,2540160,0.09534972512,0.027855601846333625,2.6427,3.1011,0.14286018463336259,-0.31553981536663755,1711500000.0,phase1_warming
2022-09-14,180501.SZ,红土创新深圳安居REIT,B,3.418,3488943,0.09534972512,0.02789635023990638,2.6625,3.1089,0.12713502399063792,-0.3192649760093622,1709000000.0,phase1_warming
2022-09-15,180501.SZ,红土创新深圳安居REIT,B,3.413,1820618,0.09534972512,0.027937218025197778,2.6625,3.106,0.13122180251977777,-0.312278197480222,1706500000.0,phase1_warming
2022-09-16,180501.SZ,红土创新深圳安居REIT,B,3.398,3797004,0.09534972512,0.028060543001765744,2.673,3.1059,0.13305430017657427,-0.2998456998234258,1699000000.0,phase1_warming
2022-09-19,180501.SZ,红土创新深圳安居REIT,B,3.393,2504932,0.09534972512,0.028101893639846748,2.675,3.1039,0.13518936398467485,-0.2937106360153252,1696500000.0,phase1_warming
2022-09-20,180501.SZ,红土创新深圳安居REIT,B,3.389,1276186,0.09534972512,0.02813506200059015,2.664,3.101,0.14950620005901483,-0.287493799940985,1694500000.0,phase1_warming
2022-09-21,180501.SZ,红土创新深圳安居REIT,B,3.39,852642,0.09534972512,0.028126762572271386,2.6451,3.089,0.16757625722713865,-0.27632374277286154,1695000000.0,phase1_warming
2022-09-22,180501.SZ,红土创新深圳安居REIT,B,3.394,1582070,0.09534972512,0.028093613765468473,2.6501,3.0913,0.15926137654684736,-0.28193862345315246,1697000000.0,phase1_warming
2022-09-23,180501.SZ,红土创新深圳安居REIT,B,3.395,1377797,0.09534972512,0.028085338768777616,2.6802,3.1008,0.12833387687776154,-0.2922661231222383,1697500000.0,phase1_warming
2022-09-26,180501.SZ,红土创新深圳安居REIT,B,3.392,913884,0.09534972512,0.02811017839622642,2.7154,3.1274,0.09561783962264192,-0.31638216037735845,1696000000.0,phase1_warming
2022-09-27,180501.SZ,红土创新深圳安居REIT,B,3.388,1823716,0.09534972512,0.02814336632821724,2.7051,3.1202,0.10923663282172447,-0.3058633671782758,1694000000.0,phase1_warming
2022-09-28,180501.SZ,红土创新深圳安居REIT,B,3.4,3249424,0.09534972512,0.0280440368,2.7401,3.1448,0.06430368000000009,-0.34039632,1700000000.0,phase1_warming
2022-09-29,180501.SZ,红土创新深圳安居REIT,B,3.385,969048,0.09534972512,0.02816830875036928,2.7501,3.1445,0.06673087503692798,-0.32766912496307166,1692500000.0,phase1_warming
2022-09-30,180501.SZ,红土创新深圳安居REIT,B,3.381,764606,0.09534972512,0.028201634167406096,2.7601,3.179,0.060063416740609554,-0.3588365832593903,1690500000.0,phase1_warming
2022-10-10,180501.SZ,红土创新深圳安居REIT,B,3.326,2256236,0.09534972512,0.0286679871076368,2.7402,3.1637,0.1265987107636799,-0.29690128923631987,1663000000.0,phase2_correction
2022-10-11,180501.SZ,红土创新深圳安居REIT,B,3.276,4305822,0.09534972512,0.029105532698412703,2.7426,3.1632,0.16795326984127046,-0.2526467301587294,1638000000.0,phase2_correction
2022-10-12,180501.SZ,红土创新深圳安居REIT,B,3.277,741291,0.09534972512,0.02909665093683247,2.7352,3.1607,0.17446509368324703,-0.25103490631675296,1638500000.0,phase2_correction
2022-10-13,180501.SZ,红土创新深圳安居REIT,B,3.273,1235058,0.09534972512,0.02913221054689887,2.7252,3.1533,0.18802105468988684,-0.2400789453101133,1636500000.0,phase2_correction
2022-10-14,180501.SZ,红土创新深圳安居REIT,B,3.276,1362811,0.09534972512,0.029105532698412703,2.6977,3.1289,0.21285326984127018,-0.2183467301587294,1638000000.0,phase2_correction
2022-10-17,180501.SZ,红土创新深圳安居REIT,B,3.272,995507,0.09534972512,0.029141114034229833,2.7002,3.129,0.21391140342298298,-0.21488859657701687,1636000000.0,phase2_correction
2022-10-18,180501.SZ,红土创新深圳安居REIT,B,3.272,1280452,0.09534972512,0.029141114034229833,2.7002,3.1314,0.21391140342298298,-0.21728859657701705,1636000000.0,phase2_correction
2022-10-19,180501.SZ,红土创新深圳安居REIT,B,3.268,1887266,0.09534972512,0.029176782472460226,2.7052,3.1343,0.2124782472460227,-0.21662175275397733,1634000000.0,phase2_correction
2022-10-20,180501.SZ,红土创新深圳安居REIT,B,3.264,5098607,0.09534972512,0.029212538333333336,2.7175,3.1471,0.20375383333333374,-0.22584616666666646,1632000000.0,phase2_correction
2022-10-21,180501.SZ,红土创新深圳安居REIT,B,3.253,3117830,0.09534972512,0.029311320356593912,2.7278,3.1555,0.2033320356593915,-0.22436796434060868,1626500000.0,phase2_correction
2022-10-24,180501.SZ,红土创新深圳安居REIT,B,3.218,1806461,0.09534972512,0.0296301196768179,2.7153,3.1416,0.24771196768179005,-0.17858803231820986,1609000000.0,phase2_correction
2022-10-25,180501.SZ,红土创新深圳安居REIT,B,3.168,3443532,0.09534972512,0.030097766767676767,2.7278,3.1486,0.2819766767676768,-0.1388233232323235,1584000000.0,phase2_correction
2022-10-26,180501.SZ,红土创新深圳安居REIT,B,3.192,1743937,0.09534972512,0.02987146776942356,2.7025,3.1394,0.28464677694235574,-0.15225322305764433,1596000000.0,phase2_correction
2022-10-27,180501.SZ,红土创新深圳安居REIT,B,3.208,3167315,0.09534972512,0.02972248289276808,2.6953,3.1142,0.2769482892768078,-0.14195171072319201,1604000000.0,phase2_correction
2022-10-28,180501.SZ,红土创新深圳安居REIT,B,3.208,3734652,0.09534972512,0.02972248289276808,2.6653,3.0776,0.30694828927680806,-0.10535171072319205,1604000000.0,phase2_correction
2022-10-31,180501.SZ,红土创新深圳安居REIT,B,3.222,2787888,0.09534972512,0.029593334922408444,2.6433,3.0653,0.31603349224084454,-0.10596650775915561,1611000000.0,phase2_correction
2022-11-01,180501.SZ,红土创新深圳安居REIT,B,3.233,539021,0.09534972512,0.029492646186204764,2.6629,3.0753,0.28636461862047646,-0.12603538137952341,1616500000.0,phase2_correction
2022-11-02,180501.SZ,红土创新深圳安居REIT,B,3.241,1998686,0.09534972512,0.02941984730638692,2.6854,3.0853,0.2565847306386919,-0.14331526936130823,1620500000.0,phase2_correction
2022-11-03,180501.SZ,红土创新深圳安居REIT,B,3.248,523554,0.09534972512,0.02935644246305419,2.6776,3.0854,0.25804424630541867,-0.14975575369458127,1624000000.0,phase2_correction
2022-11-04,180501.SZ,红土创新深圳安居REIT,B,3.329,2874370,0.09534972512,0.028642152334034245,2.7023,3.1029,0.16191523340342417,-0.23868476659657567,1664500000.0,phase2_correction
2022-11-07,180501.SZ,红土创新深圳安居REIT,B,3.29,2638831,0.09534972512,0.028981679367781156,2.7003,3.1045,0.19786793677811554,-0.20633206322188435,1645000000.0,phase2_correction
2022-11-08,180501.SZ,红土创新深圳安居REIT,B,3.269,536844,0.09534972512,0.029167857179565618,2.6853,3.1006,0.23148571795656192,-0.1838142820434383,1634500000.0,phase2_correction
2022-11-09,180501.SZ,红土创新深圳安居REIT,B,3.251,1090176,0.09534972512,0.02932935254383267,2.6953,3.1105,0.23763525438326694,-0.17756474561673308,1625500000.0,phase2_correction
2022-11-10,180501.SZ,红土创新深圳安居REIT,B,3.229,1267638,0.09534972512,0.029529180898110872,2.7028,3.1166,0.2501180898110875,-0.16368191018891265,1614500000.0,phase2_correction
2022-11-11,180501.SZ,红土创新深圳安居REIT,B,3.257,1417538,0.09534972512,0.02927532241940436,2.7354,3.1357,0.1921322419404361,-0.208167758059564,1628500000.0,phase2_correction
2022-11-14,180501.SZ,红土创新深圳安居REIT,B,3.238,1106126,0.09534972512,0.029447104731315628,2.8354,3.2207,0.10931047313156306,-0.2759895268684369,1619000000.0,phase2_correction
2022-11-15,180501.SZ,红土创新深圳安居REIT,B,3.235,2453467,0.09534972512,0.029474412710973726,2.8155,3.2158,0.13194127109737241,-0.2683587289026277,1617500000.0,phase2_correction
2022-11-16,180501.SZ,红土创新深圳安居REIT,B,3.2,2333506,0.09534972512,0.029796789100000002,2.8329,3.2309,0.1467789100000001,-0.25122109000000004,1600000000.0,phase2_correction
2022-11-17,180501.SZ,红土创新深圳安居REIT,B,3.123,1646354,0.09534972512,0.030531452167787385,2.8026,3.2109,0.25054521677873876,-0.15775478322126135,1561500000.0,phase2_correction
2022-11-18,180501.SZ,红土创新深圳安居REIT,B,3.1,1260268,0.09534972512,0.03075797584516129,2.825,3.2209,0.25079758451612877,-0.14510241548387093,1550000000.0,phase2_correction
2022-11-21,180501.SZ,红土创新深圳安居REIT,B,3.103,2006113,0.09534972512,0.03072823883983242,2.818,3.2086,0.2548238839832422,-0.13577611601675788,1551500000.0,phase2_correction
2022-11-22,180501.SZ,红土创新深圳安居REIT,B,3.084,403639,0.09534972512,0.03091755029831388,2.8276,3.2161,0.26415502983138817,-0.1243449701686119,1542000000.0,phase2_correction
2022-11-23,180501.SZ,红土创新深圳安居REIT,B,3.074,407976,0.09534972512,0.03101812788549122,2.7975,3.1912,0.30431278854912236,-0.08938721145087758,1537000000.0,phase2_correction
2022-11-24,180501.SZ,红土创新深圳安居REIT,B,3.05,2607280,0.09534972512,0.031262204957377054,2.795,3.1813,0.3312204957377056,-0.05507950426229424,1525000000.0,phase2_correction
2022-11-25,180501.SZ,红土创新深圳安居REIT,B,3.045,638447,0.09534972512,0.0313135386272578,2.83,3.2162,0.30135386272578035,-0.08484613727421975,1522500000.0,phase2_correction
2022-11-28,180501.SZ,红土创新深圳安居REIT,B,3.017,483997,0.09534972512,0.031604151514749754,2.86,3.2337,0.30041515147497533,-0.07328484852502459,1508500000.0,phase2_correction
2022-11-29,180501.SZ,红土创新深圳安居REIT,B,3.031,656684,0.09534972512,0.03145817390960079,2.88,3.2663,0.26581739096007917,-0.12048260903992114,1515500000.0,phase2_correction
2022-11-30,180501.SZ,红土创新深圳安居REIT,B,3.028,351587,0.09534972512,0.03148934118890357,2.885,3.2763,0.26393411889035745,-0.12736588110964275,1514000000.0,phase2_correction
2022-12-01,180501.SZ,红土创新深圳安居REIT,B,3.031,1779866,0.09534972512,0.03145817390960079,2.86,3.2615,0.2858173909600792,-0.11568260903992078,1515500000.0,phase2_correction
2022-12-02,180501.SZ,红土创新深圳安居REIT,B,3.06,923785,0.09534972512,0.03116004088888889,2.8676,3.263,0.24840408888888899,-0.146995911111111,1530000000.0,phase2_correction
2022-12-05,180501.SZ,红土创新深圳安居REIT,B,3.1,1342683,0.09534972512,0.03075797584516129,2.8902,3.2716,0.18559758451612884,-0.1958024154838709,1550000000.0,phase2_correction
2022-12-06,180501.SZ,红土创新深圳安居REIT,B,3.101,1927954,0.09534972512,0.030748057117059014,2.9152,3.2865,0.15960571170590132,-0.21169428829409886,1550500000.0,phase2_correction
2022-12-07,180501.SZ,红土创新深圳安居REIT,B,3.09,867199,0.09534972512,0.03085751622006473,2.8702,3.2719,0.2155516220064726,-0.18614837799352735,1545000000.0,phase2_correction
2022-12-08,180501.SZ,红土创新深圳安居REIT,B,3.085,1055336,0.09534972512,0.030907528401944898,2.8853,3.2755,0.20545284019448973,-0.18474715980551037,1542500000.0,phase2_correction
2022-12-09,180501.SZ,红土创新深圳安居REIT,B,3.073,887835,0.09534972512,0.031028221646599418,2.8903,3.2843,0.212522164659942,-0.18147783534005812,1536500000.0,phase2_correction
2022-12-12,180501.SZ,红土创新深圳安居REIT,B,3.056,1259465,0.09534972512,0.031200826282722513,2.8902,3.2844,0.22988262827225103,-0.16431737172774907,1528000000.0,phase2_correction
2022-12-13,180501.SZ,红土创新深圳安居REIT,B,3.033,400979,0.09534972512,0.03143742997692054,2.8952,3.2896,0.2485429976920539,-0.14585700230794618,1516500000.0,phase2_correction
2022-12-14,180501.SZ,红土创新深圳安居REIT,B,3.02,330809,0.09534972512,0.03157275666225166,2.8655,3.2621,0.2917756662251656,-0.10482433377483469,1510000000.0,phase2_correction
2022-12-15,180501.SZ,红土创新深圳安居REIT,B,3.022,430187,0.09534972512,0.031551861389808075,2.8829,3.277,0.27228613898080756,-0.12181386101919278,1511000000.0,phase2_correction
2022-12-16,180501.SZ,红土创新深圳安居REIT,B,3.008,1271742,0.09534972512,0.03169871180851064,2.8856,3.2697,0.2842711808510634,-0.09982881914893627,1504000000.0,phase2_correction
2022-12-19,180501.SZ,红土创新深圳安居REIT,B,2.996,412018,0.09534972512,0.03182567594125501,2.8632,3.2525,0.319367594125501,-0.069932405874499,1498000000.0,phase2_correction
2022-12-20,180501.SZ,红土创新深圳安居REIT,B,2.925,1366156,0.09534972512,0.03259819662222223,2.8732,3.2474,0.38661966222222244,0.012419662222222794,1462500000.0,phase2_correction
2022-12-21,180501.SZ,红土创新深圳安居REIT,B,2.899,1014201,0.09534972512,0.032890557130044844,2.8606,3.2375,0.4284557130044844,0.05155571300448436,1449500000.0,phase2_correction
2022-12-22,180501.SZ,红土创新深圳安居REIT,B,2.9,371187,0.09534972512,0.032879215558620695,2.8503,3.23,0.43762155586206974,0.057921555862069596,1450000000.0,phase2_correction
2022-12-23,180501.SZ,红土创新深圳安居REIT,B,2.91,528441,0.09534972512,0.03276622856357388,2.8251,3.2152,0.4515228563573883,0.06142285635738842,1455000000.0,phase2_correction
2022-12-26,180501.SZ,红土创新深圳安居REIT,B,2.894,347757,0.09534972512,0.032947382557014515,2.8378,3.2202,0.45693825570145163,0.07453825570145156,1447000000.0,phase2_correction
2022-12-27,180501.SZ,红土创新深圳安居REIT,B,2.857,1857205,0.09534972512,0.03337407249562478,2.8657,3.2175,0.4717072495624781,0.11990724956247822,1428500000.0,phase2_correction
2022-12-28,180501.SZ,红土创新深圳安居REIT,B,2.807,1784159,0.09534972512,0.03396855187744924,2.8503,3.2127,0.5465551877449242,0.18415518774492412,1403500000.0,phase2_correction
2022-12-29,180501.SZ,红土创新深圳安居REIT,B,2.756,3054375,0.09534972512,0.03459714264150944,2.8376,3.1926,0.6221142641509441,0.2671142641509441,1378000000.0,phase2_correction
2022-12-30,180501.SZ,红土创新深圳安居REIT,B,2.719,2769559,0.09534972512,0.0350679386244943,2.8353,3.1952,0.67149386244943,0.3115938624494303,1359500000.0,phase2_correction
2023-01-03,180501.SZ,红土创新深圳安居REIT,B,2.687,2066432,0.09534972512,0.03548556945292148,2.8228,3.193,0.7257569452921482,0.3555569452921481,1343500000.0,phase2_correction
2023-01-04,180501.SZ,红土创新深圳安居REIT,B,2.682,1028761,0.09534972512,0.03555172450410142,2.8103,3.1931,0.744872450410142,0.362072450410142,1341000000.0,phase2_correction
2023-01-05,180501.SZ,红土创新深圳安居REIT,B,2.69,810820,0.09534972512,0.03544599446840149,2.8304,3.2056,0.7141994468401491,0.33899944684014915,1345000000.0,phase2_correction
2023-01-06,180501.SZ,红土创新深圳安居REIT,B,2.718,2311877,0.09534972512,0.03508084073583517,2.8328,3.2106,0.675284073583517,0.29748407358351736,1359000000.0,phase2_correction
2023-01-09,180501.SZ,红土创新深圳安居REIT,B,2.747,1219407,0.09534972512,0.034710493309064436,2.8428,3.2156,0.6282493309064434,0.2554493309064436,1373500000.0,phase2_correction
2023-01-10,180501.SZ,红土创新深圳安居REIT,B,2.748,2306489,0.09534972512,0.03469786212518195,2.8602,3.2331,0.6095862125181952,0.23668621251819522,1374000000.0,phase2_correction
2023-01-11,180501.SZ,红土创新深圳安居REIT,B,2.747,2914312,0.09534972512,0.034710493309064436,2.8603,3.2331,0.6107493309064433,0.23794933090644355,1373500000.0,phase2_correction
2023-01-12,180501.SZ,红土创新深圳安居REIT,B,2.743,1175803,0.09534972512,0.0347611101421801,2.8778,3.2378,0.5983110142180097,0.23831101421800982,1371500000.0,phase2_correction
2023-01-13,180501.SZ,红土创新深圳安居REIT,B,2.739,2469168,0.09534972512,0.03481187481562614,2.901,3.2476,0.5801874815626142,0.23358748156261422,1369500000.0,phase2_correction
2023-01-16,180501.SZ,红土创新深圳安居REIT,B,2.728,1469035,0.09534972512,0.03495224527859238,2.9167,3.2677,0.5785245278592379,0.22752452785923793,1364000000.0,phase2_correction
2023-01-17,180501.SZ,红土创新深圳安居REIT,B,2.705,1130185,0.09534972512,0.03524943627356747,2.9017,3.2531,0.623243627356747,0.27184362735674705,1352500000.0,phase2_correction
2023-01-18,180501.SZ,红土创新深圳安居REIT,B,2.702,1269998,0.09534972512,0.035288573323464106,2.9222,3.2754,0.6066573323464106,0.2534573323464109,1351000000.0,phase2_correction
2023-01-19,180501.SZ,红土创新深圳安居REIT,B,2.702,1301329,0.09534972512,0.035288573323464106,2.9145,3.273,0.6143573323464109,0.2558573323464106,1351000000.0,phase2_correction
2023-01-20,180501.SZ,红土创新深圳安居REIT,B,2.732,1619324,0.09534972512,0.03490107068814056,2.9331,3.2779,0.5570070688140558,0.21220706881405604,1366000000.0,phase2_correction
2023-01-30,180501.SZ,红土创新深圳安居REIT,B,2.769,3408781,0.09534972512,0.034434714741784035,2.9133,3.2782,0.5301714741784034,0.16527147417840338,1384500000.0,phase2_correction
2023-01-31,180501.SZ,红土创新深圳安居REIT,B,2.857,2856011,0.09534972512,0.03337407249562478,2.8977,3.2793,0.4397072495624781,0.058107249562477925,1428500000.0,phase2_correction
2023-02-01,180501.SZ,红土创新深圳安居REIT,B,2.937,4057471,0.09534972512,0.03246500685052775,2.9101,3.2889,0.3364006850527752,-0.04239931494722482,1468500000.0,phase2_correction
2023-02-02,180501.SZ,红土创新深圳安居REIT,B,2.932,4727163,0.09534972512,0.03252037009549796,2.897,3.2853,0.3550370095497959,-0.0332629904502042,1466000000.0,phase2_correction
2023-02-03,180501.SZ,红土创新深圳安居REIT,B,2.907,2540582,0.09534972512,0.03280004304093567,2.8943,3.283,0.38570430409356726,-0.0029956959064327826,1453500000.0,phase2_correction
2023-02-06,180501.SZ,红土创新深圳安居REIT,B,2.91,2258623,0.09534972512,0.03276622856357388,2.9017,3.2879,0.3749228563573883,-0.011277143642611787,1455000000.0,phase2_correction
2023-02-07,180501.SZ,红土创新深圳安居REIT,B,2.884,2086927,0.09534972512,0.033061624521497926,2.8964,3.2827,0.4097624521497929,0.02346245214979259,1442000000.0,phase2_correction
2023-02-08,180501.SZ,红土创新深圳安居REIT,B,2.875,1738091,0.09534972512,0.03316512178086957,2.8973,3.2808,0.4192121780869571,0.035712178086956925,1437500000.0,phase2_correction
2023-02-09,180501.SZ,红土创新深圳安居REIT,B,2.868,1277768,0.09534972512,0.03324606873082288,2.8912,3.2784,0.433406873082288,0.04620687308228799,1434000000.0,phase2_correction
2023-02-10,180501.SZ,红土创新深圳安居REIT,B,2.871,2470153,0.09534972512,0.03321132884709161,2.9003,3.2857,0.4208328847091609,0.03543288470916117,1435500000.0,phase2_correction
2023-02-13,180501.SZ,红土创新深圳安居REIT,B,2.893,2529822,0.09534972512,0.032958771213273425,2.8943,3.2829,0.40157712132734247,0.01297712132734219,1446500000.0,phase2_correction
2023-02-14,180501.SZ,红土创新深圳安居REIT,B,2.956,3118855,0.09534972512,0.03225633461434371,2.8914,3.281,0.3342334614343714,-0.05536653856562879,1478000000.0,phase2_correction
2023-02-15,180501.SZ,红土创新深圳安居REIT,B,2.97,5509699,0.09534972512,0.032104284552188556,2.8918,3.2816,0.31862845521885585,-0.07117154478114429,1485000000.0,phase2_correction
2023-02-16,180501.SZ,红土创新深圳安居REIT,B,2.926,2573036,0.09534972512,0.03258705574846207,2.8907,3.283,0.3680055748462068,-0.02429442515379332,1463000000.0,phase2_correction
2023-02-17,180501.SZ,红土创新深圳安居REIT,B,2.933,4008438,0.09534972512,0.03250928234572111,2.892,3.283,0.3589282345721112,-0.03207176542788881,1466500000.0,phase2_correction
2023-02-20,180501.SZ,红土创新深圳安居REIT,B,2.931,1289679,0.09534972512,0.032531465411122486,2.917,3.2977,0.3361465411122486,-0.04455345888775142,1465500000.0,phase2_correction
2023-02-21,180501.SZ,红土创新深圳安居REIT,B,2.939,2518444,0.09534972512,0.03244291429738006,2.919,3.3025,0.32529142973800607,-0.05820857026199411,1469500000.0,phase2_correction
2023-02-22,180501.SZ,红土创新深圳安居REIT,B,2.938,1335006,0.09534972512,0.032453956814159295,2.9175,3.3025,0.3278956814159293,-0.057104318584070946,1469000000.0,phase2_correction
2023-02-23,180501.SZ,红土创新深圳安居REIT,B,2.929,1555899,0.09534972512,0.03255367877091158,2.922,3.3053,0.3333678770911579,-0.04993212290884186,1464500000.0,phase2_correction
2023-02-24,180501.SZ,红土创新深圳安居REIT,B,2.888,1682979,0.09534972512,0.03301583279778394,2.9126,3.3016,0.38898327977839386,-1.672022160636999e-05,1444000000.0,phase2_correction
2023-02-27,180501.SZ,红土创新深圳安居REIT,B,2.89,1046258,0.09534972512,0.03299298447058824,2.9117,3.3051,0.38759844705882385,-0.005801552941175903,1445000000.0,phase2_correction
2023-02-28,180501.SZ,红土创新深圳安居REIT,B,2.883,463581,0.09534972512,0.03307309230662504,2.9017,3.3029,0.4056092306625043,0.004409230662504093,1441500000.0,phase2_correction
2023-03-01,180501.SZ,红土创新深圳安居REIT,B,2.888,670442,0.09534972512,0.03301583279778394,2.8977,3.3049,0.4038832797783938,-0.0033167202216062286,1444000000.0,phase2_correction
2023-03-02,180501.SZ,红土创新深圳安居REIT,B,2.89,1491300,0.09534972512,0.03299298447058824,2.9111,3.31,0.3881984470588242,-0.010701552941176029,1445000000.0,phase2_correction
2023-03-03,180501.SZ,红土创新深圳安居REIT,B,2.889,1468890,0.09534972512,0.033004404679820014,2.9026,3.3079,0.3978404679820011,-0.007459532017998871,1444500000.0,phase2_correction
2023-03-06,180501.SZ,红土创新深圳安居REIT,B,2.878,772034,0.09534972512,0.033130550771369005,2.8826,3.2897,0.4304550771369007,0.02335507713690088,1439000000.0,phase2_correction
2023-03-07,180501.SZ,红土创新深圳安居REIT,B,2.872,2292738,0.09534972512,0.03319976501392758,2.8726,3.286,0.4473765013927582,0.033976501392757985,1436000000.0,phase2_correction
2023-03-08,180501.SZ,红土创新深圳安居REIT,B,2.846,860901,0.09534972512,0.03350306574841883,2.8828,3.2907,0.4675065748418832,0.05960657484188303,1423000000.0,phase2_correction
2023-03-09,180501.SZ,红土创新深圳安居REIT,B,2.857,986300,0.09534972512,0.03337407249562478,2.8752,3.2854,0.46220724956247805,0.05200724956247793,1428500000.0,phase2_correction
2023-03-10,180501.SZ,红土创新深圳安居REIT,B,2.864,1231496,0.09534972512,0.033292501787709504,2.8627,3.2735,0.46655017877095073,0.055750178770950676,1432000000.0,phase2_correction
2023-03-13,180501.SZ,红土创新深圳安居REIT,B,2.897,4132022,0.09534972512,0.03291326376251295,2.8703,3.2764,0.4210263762512949,0.01492637625129456,1448500000.0,phase2_correction
2023-03-14,180501.SZ,红土创新深圳安居REIT,B,2.901,3705754,0.09534972512,0.0328678818062737,2.8652,3.271,0.42158818062737025,0.01578818062737053,1450500000.0,phase2_correction
2023-03-15,180501.SZ,红土创新深圳安居REIT,B,2.876,3063455,0.09534972512,0.033153590097357445,2.8652,3.2724,0.4501590097357444,0.0429590097357444,1438000000.0,phase2_correction
2023-03-16,180501.SZ,红土创新深圳安居REIT,B,2.87,1453383,0.09534972512,0.03322290073867596,2.8552,3.2517,0.46709007386759627,0.07059007386759619,1435000000.0,phase2_correction
2023-03-17,180501.SZ,红土创新深圳安居REIT,B,2.856,2316067,0.09534972512,0.0333857580952381,2.8602,3.2381,0.47837580952381,0.10047580952380963,1428000000.0,phase2_correction
2023-03-20,180501.SZ,红土创新深圳安居REIT,B,2.839,4452238,0.09534972512,0.03358567281437126,2.8504,3.2237,0.5081672814371263,0.13486728143712634,1419500000.0,phase2_correction
2023-03-21,180501.SZ,红土创新深圳安居REIT,B,2.828,2386197,0.09534972512,0.033716310155586994,2.8604,3.227,0.5112310155586997,0.14463101555869962,1414000000.0,phase2_correction
2023-03-22,180501.SZ,红土创新深圳安居REIT,B,2.818,2129094,0.09534972512,0.033835956394606105,2.8577,3.2276,0.5258956394606105,0.15599563946061057,1409000000.0,phase2_correction
2023-03-23,180501.SZ,红土创新深圳安居REIT,B,2.819,1923860,0.09534972512,0.033823953572188724,2.8652,3.2366,0.5171953572188723,0.14579535721887238,1409500000.0,phase2_correction
2023-03-24,180501.SZ,红土创新深圳安居REIT,B,2.818,1824083,0.09534972512,0.033835956394606105,2.8676,3.2419,0.5159956394606104,0.1416956394606106,1409000000.0,phase2_correction
2023-03-27,180501.SZ,红土创新深圳安居REIT,B,2.814,3392433,0.09534972512,0.033884052992181946,2.8551,3.2319,0.5333052992181946,0.15650529921819478,1407000000.0,phase2_correction
2023-03-28,180501.SZ,红土创新深圳安居REIT,B,2.784,2795235,0.09534972512,0.034249182873563225,2.8556,3.2319,0.5693182873563227,0.19301828735632265,1392000000.0,phase2_correction
2023-03-29,180501.SZ,红土创新深圳安居REIT,B,2.775,3667935,0.09534972512,0.03436026130450451,2.8532,3.2286,0.5828261304504507,0.20742613045045077,1387500000.0,phase2_correction
2023-03-30,180501.SZ,红土创新深圳安居REIT,B,2.765,2196549,0.09534972512,0.034484529880650996,2.8603,3.2295,0.5881529880650995,0.21895298806509977,1382500000.0,phase2_correction
2023-03-31,180501.SZ,红土创新深圳安居REIT,B,2.785,2856964,0.09534972512,0.034236885141831236,2.8528,3.2332,0.5708885141831237,0.1904885141831234,1392500000.0,phase2_correction
2023-04-03,180501.SZ,红土创新深圳安居REIT,B,2.778,2652646,0.09534972512,0.034323155190784736,2.8604,3.2407,0.5719155190784737,0.19161551907847363,1389000000.0,phase2_correction
2023-04-04,180501.SZ,红土创新深圳安居REIT,B,2.784,2063623,0.09534972512,0.034249182873563225,2.8584,3.2421,0.5665182873563226,0.18281828735632244,1392000000.0,phase2_correction
2023-04-06,180501.SZ,红土创新深圳安居REIT,B,2.755,2120863,0.09534972512,0.034609700588021784,2.8605,3.2463,0.6004700588021783,0.21467005880217815,1377500000.0,phase2_correction
2023-04-07,180501.SZ,红土创新深圳安居REIT,B,2.779,1678454,0.09534972512,0.034310804289312706,2.8464,3.236,0.5846804289312706,0.19508042893127042,1389500000.0,phase2_correction
2023-04-10,180501.SZ,红土创新深圳安居REIT,B,2.773,908237,0.09534972512,0.034385043317706455,2.8455,3.2347,0.5930043317706457,0.2038043317706455,1386500000.0,phase2_correction
2023-04-11,180501.SZ,红土创新深圳安居REIT,B,2.765,665938,0.09534972512,0.034484529880650996,2.8203,3.2173,0.6281529880650996,0.23115298806509976,1382500000.0,phase2_correction
2023-04-12,180501.SZ,红土创新深圳安居REIT,B,2.761,1101974,0.09534972512,0.034534489358927924,2.8158,3.1977,0.6376489358927926,0.25574893589279224,1380500000.0,phase2_correction
2023-04-13,180501.SZ,红土创新深圳安居REIT,B,2.752,1737759,0.09534972512,0.03464742918604652,2.8277,3.2031,0.637042918604652,0.26164291860465205,1376000000.0,phase2_correction
2023-04-14,180501.SZ,红土创新深圳安居REIT,B,2.751,1811187,0.09534972512,0.034660023671392225,2.8281,3.2032,0.6379023671392225,0.2628023671392228,1375500000.0,phase2_correction
2023-04-17,180501.SZ,红土创新深圳安居REIT,B,2.763,2410919,0.09534972512,0.03450949153818314,2.8432,3.2136,0.6077491538183142,0.23734915381831412,1381500000.0,phase2_correction
2023-04-18,180501.SZ,红土创新深圳安居REIT,B,2.787,1933052,0.09534972512,0.03421231615357015,2.8319,3.2056,0.5893316153570147,0.2156316153570148,1393500000.0,phase2_correction
2023-04-19,180501.SZ,红土创新深圳安居REIT,B,2.786,1409997,0.09534972512,0.03422459623833453,2.8333,3.1875,0.5891596238334529,0.2349596238334528,1393000000.0,phase2_correction
2023-04-20,180501.SZ,红土创新深圳安居REIT,B,2.785,822560,0.09534972512,0.034236885141831236,2.8332,3.1775,0.5904885141831233,0.24618851418312326,1392500000.0,phase2_correction
2023-04-21,180501.SZ,红土创新深圳安居REIT,B,2.791,1710843,0.09534972512,0.03416328381225368,2.8258,3.1726,0.5905283812253677,0.24372838122536766,1395500000.0,phase2_correction
2023-04-24,180501.SZ,红土创新深圳安居REIT,B,2.813,1677800,0.09534972512,0.03389609851404195,2.8176,3.1608,0.5720098514041947,0.22880985140419474,1406500000.0,phase2_correction
2023-04-25,180501.SZ,红土创新深圳安居REIT,B,2.814,1095851,0.09534972512,0.033884052992181946,2.8157,3.1584,0.5727052992181947,0.2300052992181949,1407000000.0,phase2_correction
2023-04-26,180501.SZ,红土创新深圳安居REIT,B,2.711,1529027,0.09534972512,0.03517142202877167,2.8058,3.1574,0.7113422028771672,0.3597422028771673,1355500000.0,phase2_correction
2023-04-27,180501.SZ,红土创新深圳安居REIT,B,2.677,1430508,0.09534972512,0.03561812667911842,2.7852,3.1379,0.7766126679118419,0.4239126679118419,1338500000.0,phase2_correction
2023-04-28,180501.SZ,红土创新深圳安居REIT,B,2.664,2085714,0.09534972512,0.03579193885885886,2.7788,3.1355,0.8003938858858861,0.4436938858858861,1332000000.0,phase2_correction
2023-05-04,180501.SZ,红土创新深圳安居REIT,B,2.612,1458719,0.09534972512,0.03650448894333844,2.7613,3.1182,0.8891488943338439,0.5322488943338439,1306000000.0,phase2_correction
2023-05-05,180501.SZ,红土创新深圳安居REIT,B,2.554,2512345,0.09534972512,0.03733348673453407,2.7338,3.0831,0.9995486734534071,0.6502486734534072,1276999999.9999998,phase2_correction
2023-05-08,180501.SZ,红土创新深圳安居REIT,B,2.532,2066022,0.09534972512,0.037657869320695106,2.7484,3.1058,1.0173869320695106,0.6599869320695109,1266000000.0,phase2_correction
2023-05-09,180501.SZ,红土创新深圳安居REIT,B,2.575,2782410,0.09534972512,0.03702901946407767,2.7383,3.0998,0.9646019464077669,0.6031019464077669,1287500000.0000002,phase2_correction
2023-05-10,180501.SZ,红土创新深圳安居REIT,B,2.66,2673396,0.09534972512,0.03584576132330827,2.721,3.0849,0.8635761323308273,0.4996761323308272,1330000000.0,phase2_correction
2023-05-11,180501.SZ,红土创新深圳安居REIT,B,2.681,3266302,0.09534972512,0.035564985124953374,2.701,3.0672,0.8554985124953371,0.48929851249533707,1340500000.0,phase2_correction
2023-05-12,180501.SZ,红土创新深圳安居REIT,B,2.656,2238456,0.09534972512,0.03589974590361446,2.7058,3.0608,0.8841745903614457,0.5291745903614458,1328000000.0,phase2_correction
2023-05-15,180501.SZ,红土创新深圳安居REIT,B,2.63,1269119,0.09534972512,0.036254648334600764,2.719,3.0649,0.9064648334600767,0.5605648334600764,1315000000.0,phase2_correction
2023-05-16,180501.SZ,红土创新深圳安居REIT,B,2.629,1675870,0.09534972512,0.036268438615443134,2.7129,3.066,0.9139438615443134,0.5608438615443134,1314500000.0,phase2_correction
2023-05-17,180501.SZ,红土创新深圳安居REIT,B,2.656,2418549,0.09534972512,0.03589974590361446,2.721,3.081,0.8689745903614456,0.5089745903614458,1328000000.0,phase2_correction
2023-05-18,180501.SZ,红土创新深圳安居REIT,B,2.643,1149066,0.09534972512,0.03607632429814605,2.7184,3.081,0.889232429814605,0.526632429814605,1321500000.0,phase2_correction
2023-05-19,180501.SZ,红土创新深圳安居REIT,B,2.623,2085511,0.09534972512,0.036351401113229126,2.7151,3.0773,0.9200401113229124,0.5578401113229123,1311500000.0,phase2_correction
2023-05-22,180501.SZ,红土创新深圳安居REIT,B,2.617,1486093,0.09534972512,0.03643474402751242,2.7132,3.0762,0.930274402751242,0.567274402751242,1308500000.0,phase2_correction
2023-05-23,180501.SZ,红土创新深圳安居REIT,B,2.607,1638652,0.09534972512,0.036574501388569235,2.6962,3.0687,0.9612501388569235,0.5887501388569234,1303500000.0000002,phase2_correction
2023-05-24,180501.SZ,红土创新深圳安居REIT,B,2.592,1010705,0.09534972512,0.03678615938271605,2.7037,3.0723,0.974915938271605,0.6063159382716052,1296000000.0,phase2_correction
2023-05-25,180501.SZ,红土创新深圳安居REIT,B,2.572,1988222,0.09534972512,0.03707221038880249,2.7065,3.0773,1.0007210388802492,0.6299210388802492,1286000000.0,phase2_correction
2023-05-26,180501.SZ,红土创新深圳安居REIT,B,2.56,1221314,0.09534972512,0.037245986375000005,2.7205,3.0913,1.0040986375000007,0.6332986375000007,1280000000.0,phase2_correction
2023-05-29,180501.SZ,红土创新深圳安居REIT,B,2.571,1166678,0.09534972512,0.03708662976273824,2.695,3.0839,1.0136629762738236,0.6247629762738236,1285500000.0000002,phase2_correction
2023-05-30,180501.SZ,红土创新深圳安居REIT,B,2.559,1350037,0.09534972512,0.03726054127393513,2.7,3.0839,1.0260541273935129,0.6421541273935132,1279500000.0000002,phase2_correction
2023-05-31,180501.SZ,红土创新深圳安居REIT,B,2.541,2940389,0.09534972512,0.03752448843762299,2.685,3.0733,1.0674488437622989,0.6791488437622988,1270500000.0,phase2_correction
2023-06-01,180501.SZ,红土创新深圳安居REIT,B,2.521,1736697,0.09534972512,0.03782218370487902,2.6825,3.0694,1.0997183704879019,0.7128183704879021,1260500000.0,phase2_correction
2023-06-02,180501.SZ,红土创新深圳安居REIT,B,2.519,2721423,0.09534972512,0.03785221322747122,2.6951,3.0784,1.0901213227471218,0.7068213227471221,1259500000.0,phase2_correction
2023-06-05,180501.SZ,红土创新深圳安居REIT,B,2.457,2345537,0.09534972512,0.038807376931216934,2.6926,3.079,1.1881376931216932,0.8017376931216931,1228499999.9999998,phase2_correction
2023-06-06,180501.SZ,红土创新深圳安居REIT,B,2.419,4115063,0.09534972512,0.03941700087639521,2.6826,3.0716,1.2591000876395206,0.8701000876395204,1209500000.0,phase2_correction
2023-06-07,180501.SZ,红土创新深圳安居REIT,B,2.425,2993531,0.09534972512,0.039319474276288666,2.6827,3.0645,1.2492474276288665,0.8674474276288668,1212499999.9999998,phase2_correction
2023-06-08,180501.SZ,红土创新深圳安居REIT,B,2.499,3252097,0.09534972512,0.038155152108843536,2.6822,3.0651,1.1333152108843536,0.7504152108843534,1249500000.0,phase2_correction
2023-06-09,180501.SZ,红土创新深圳安居REIT,B,2.518,1940327,0.09534972512,0.03786724587768071,2.6703,3.044,1.1164245877680705,0.7427245877680706,1258999999.9999998,phase2_correction
2023-06-12,180501.SZ,红土创新深圳安居REIT,B,2.51,2023614,0.09534972512,0.03798793829482072,2.6704,3.0391,1.1283938294820723,0.7596938294820723,1254999999.9999998,phase2_correction
2023-06-13,180501.SZ,红土创新深圳安居REIT,B,2.506,1385549,0.09534972512,0.038048573471668005,2.6227,3.0064,1.1821573471668003,0.7984573471668002,1252999999.9999998,phase2_correction
2023-06-14,180501.SZ,红土创新深圳安居REIT,B,2.516,1963005,0.09534972512,0.03789734702702703,2.6178,2.9963,1.1719347027027034,0.7934347027027031,1258000000.0,phase2_correction
2023-06-15,180501.SZ,红土创新深圳安居REIT,B,2.524,1287658,0.09534972512,0.03777722865293186,2.6482,3.0267,1.1295228652931857,0.7510228652931858,1262000000.0,phase2_correction
2023-06-16,180501.SZ,红土创新深圳安居REIT,B,2.537,2430460,0.09534972512,0.03758365199842334,2.6626,3.0419,1.0957651998423343,0.7164651998423341,1268500000.0,phase2_correction
2023-06-19,180501.SZ,红土创新深圳安居REIT,B,2.54,1409487,0.09534972512,0.03753926185826772,2.6876,3.0619,1.0663261858267714,0.6920261858267716,1270000000.0,phase2_correction
2023-06-20,180501.SZ,红土创新深圳安居REIT,B,2.548,2075653,0.09534972512,0.03742139918367347,2.6751,3.0444,1.0670399183673474,0.6977399183673474,1274000000.0,phase2_correction
2023-06-21,180501.SZ,红土创新深圳安居REIT,B,2.544,1995421,0.09534972512,0.03748023786163522,2.6701,3.042,1.077923786163522,0.7060237861635223,1272000000.0,phase2_correction
2023-06-26,180501.SZ,红土创新深圳安居REIT,B,2.517,2099437,0.09534972512,0.03788229047278507,2.6677,3.0346,1.1205290472785068,0.7536290472785065,1258500000.0,phase2_correction
2023-06-27,180501.SZ,红土创新深圳安居REIT,B,2.555,2106045,0.09534972512,0.037318874802348335,2.6676,3.0295,1.0642874802348334,0.7023874802348335,1277500000.0000002,phase2_correction
2023-06-28,180501.SZ,红土创新深圳安居REIT,B,2.542,1283237,0.09534972512,0.037509726640440604,2.6651,3.0271,1.0858726640440604,0.7238726640440603,1270999999.9999998,phase2_correction
2023-06-29,180501.SZ,红土创新深圳安居REIT,B,2.535,1329790,0.09534972512,0.037613303794871794,2.6526,3.0171,1.1087303794871795,0.7442303794871794,1267500000.0,phase2_correction
2023-06-30,180501.SZ,红土创新深圳安居REIT,B,2.543,1622825,0.09534972512,0.037494976453008255,2.6351,3.0072,1.1143976453008255,0.7422976453008254,1271500000.0000002,phase2_correction
2023-07-03,180501.SZ,红土创新深圳安居REIT,B,2.532,2474770,0.09534972512,0.037657869320695106,2.6402,3.0133,1.1255869320695107,0.7524869320695107,1266000000.0,phase2_correction
2023-07-04,180501.SZ,红土创新深圳安居REIT,B,2.536,1190641,0.09534972512,0.03759847205047319,2.6477,3.0225,1.112147205047319,0.7373472050473189,1268000000.0,phase2_correction
2023-07-05,180501.SZ,红土创新深圳安居REIT,B,2.52,1844946,0.09534972512,0.03783719250793651,2.6402,3.0176,1.1435192507936511,0.7661192507936514,1260000000.0,phase2_correction
2023-07-06,180501.SZ,红土创新深圳安居REIT,B,2.542,1374396,0.09534972512,0.037509726640440604,2.6392,3.018,1.11177266404406,0.7329726640440604,1270999999.9999998,phase2_correction
2023-07-07,180501.SZ,红土创新深圳安居REIT,B,2.585,2709558,0.09534972512,0.03688577374081238,2.6403,3.013,1.0482773740812381,0.6755773740812381,1292500000.0,phase2_correction
2023-07-10,180501.SZ,红土创新深圳安居REIT,B,2.58,3301770,0.09534972512,0.03695725779844961,2.6403,3.0091,1.0554257798449616,0.6866257798449613,1290000000.0,phase2_correction
2023-07-11,180501.SZ,红土创新深圳安居REIT,B,2.577,1902937,0.09534972512,0.037000281381451304,2.6353,3.0011,1.0647281381451306,0.6989281381451304,1288500000.0,phase2_correction
2023-07-12,180501.SZ,红土创新深圳安居REIT,B,2.565,1966575,0.09534972512,0.037173382113060434,2.6378,3.0011,1.0795382113060437,0.7162382113060435,1282500000.0,phase2_correction
2023-07-13,180501.SZ,红土创新深圳安居REIT,B,2.573,2690122,0.09534972512,0.0370578022230859,2.6413,3.0084,1.0644802223085894,0.6973802223085896,1286500000.0,phase2_correction
2023-07-14,180501.SZ,红土创新深圳安居REIT,B,2.577,3631601,0.09534972512,0.037000281381451304,2.6444,3.0144,1.0556281381451305,0.6856281381451304,1288500000.0,phase2_correction
2023-07-17,180501.SZ,红土创新深圳安居REIT,B,2.62,2142390,0.09534972512,0.036393024854961833,2.6364,3.0085,1.0029024854961834,0.6308024854961833,1310000000.0,phase2_correction
2023-07-18,180501.SZ,红土创新深圳安居REIT,B,2.696,4338400,0.09534972512,0.03536710872403561,2.6234,2.9965,0.913310872403561,0.540210872403561,1348000000.0,phase2_correction
2023-07-19,180501.SZ,红土创新深圳安居REIT,B,2.675,4170892,0.09534972512,0.03564475705420561,2.6233,2.9987,0.941175705420561,0.565775705420561,1337500000.0,phase2_correction
2023-07-20,180501.SZ,红土创新深圳安居REIT,B,2.655,3560919,0.09534972512,0.03591326746516008,2.6214,2.9967,0.9699267465160082,0.594626746516008,1327500000.0,phase2_correction
2023-07-21,180501.SZ,红土创新深圳安居REIT,B,2.677,3164822,0.09534972512,0.03561812667911842,2.6079,2.9828,0.9539126679118421,0.5790126679118419,1338500000.0,phase2_correction
2023-07-24,180501.SZ,红土创新深圳安居REIT,B,2.671,3714329,0.09534972512,0.0356981374466492,2.5934,2.9588,0.9764137446649204,0.6110137446649202,1335500000.0,phase2_correction
2023-07-25,180501.SZ,红土创新深圳安居REIT,B,2.676,3283144,0.09534972512,0.03563143689088191,2.663,3.0156,0.9001436890881913,0.5475436890881911,1338000000.0,phase2_correction
2023-07-26,180501.SZ,红土创新深圳安居REIT,B,2.683,2751559,0.09534972512,0.035538473768169966,2.643,3.0003,0.9108473768169967,0.5535473768169963,1341500000.0,phase2_correction
2023-07-27,180501.SZ,红土创新深圳安居REIT,B,2.672,2529215,0.09534972512,0.03568477736526946,2.6395,2.9948,0.9289777365269463,0.5736777365269461,1336000000.0,phase2_correction
2023-07-28,180501.SZ,红土创新深圳安居REIT,B,2.681,2161709,0.09534972512,0.035564985124953374,2.6533,3.0061,0.903198512495337,0.5503985124953372,1340500000.0,phase2_correction
2023-07-31,180501.SZ,红土创新深圳安居REIT,B,2.681,4947947,0.09534972512,0.035564985124953374,2.6597,3.0103,0.8967985124953373,0.5461985124953372,1340500000.0,phase2_correction
2023-08-01,180501.SZ,红土创新深圳安居REIT,B,2.68,4466441,0.09534972512,0.03557825564179105,2.6607,3.0119,0.8971255641791047,0.5459255641791048,1340000000.0,phase2_correction
2023-08-02,180501.SZ,红土创新深圳安居REIT,B,2.681,2064062,0.09534972512,0.035564985124953374,2.6525,2.9989,0.9039985124953374,0.5575985124953373,1340500000.0,phase2_correction
2023-08-03,180501.SZ,红土创新深圳安居REIT,B,2.667,3541051,0.09534972512,0.035751677960254975,2.6435,2.9927,0.9316677960254975,0.5824677960254974,1333500000.0,phase2_correction
2023-08-04,180501.SZ,红土创新深圳安居REIT,B,2.67,2169066,0.09534972512,0.03571150753558053,2.6469,2.9927,0.9242507535580526,0.5784507535580525,1335000000.0,phase2_correction
2023-08-07,180501.SZ,红土创新深圳安居REIT,B,2.686,2386163,0.09534972512,0.03549878075949368,2.6462,2.9904,0.9036780759493679,0.5594780759493676,1343000000.0,phase2_correction
2023-08-08,180501.SZ,红土创新深圳安居REIT,B,2.712,3541718,0.09534972512,0.03515845321533923,2.6454,2.9879,0.8704453215339232,0.5279453215339234,1356000000.0,phase2_correction
2023-08-09,180501.SZ,红土创新深圳安居REIT,B,2.7,4355995,0.09534972512,0.035314713007407406,2.6461,2.9896,0.8853713007407404,0.5418713007407407,1350000000.0,phase2_correction
2023-08-10,180501.SZ,红土创新深圳安居REIT,B,2.699,4588976,0.09534972512,0.035327797376806226,2.6475,2.992,0.8852797376806225,0.5407797376806225,1349500000.0,phase2_correction
2023-08-11,180501.SZ,红土创新深圳安居REIT,B,2.686,2646419,0.09534972512,0.03549878075949368,2.6381,2.985,0.9117780759493677,0.5648780759493679,1343000000.0,phase2_correction
2023-08-14,180501.SZ,红土创新深圳安居REIT,B,2.67,2117752,0.09534972512,0.03571150753558053,2.6212,2.971,0.9499507535580527,0.6001507535580526,1335000000.0,phase2_correction
2023-08-15,180501.SZ,红土创新深圳安居REIT,B,2.673,1508723,0.09534972512,0.03567142728020951,2.5759,2.9342,0.9912427280209508,0.6329427280209505,1336500000.0,phase2_correction
2023-08-16,180501.SZ,红土创新深圳安居REIT,B,2.673,1662175,0.09534972512,0.03567142728020951,2.5649,2.9259,1.0022427280209505,0.6412427280209507,1336500000.0,phase2_correction
2023-08-17,180501.SZ,红土创新深圳安居REIT,B,2.678,2336765,0.09534972512,0.03560482640776699,2.5678,2.9285,0.9926826407766991,0.6319826407766991,1339000000.0,phase2_correction
2023-08-18,180501.SZ,红土创新深圳安居REIT,B,2.683,4617041,0.09534972512,0.035538473768169966,2.5639,2.9225,0.9899473768169966,0.6313473768169966,1341500000.0,phase2_correction
2023-08-21,180501.SZ,红土创新深圳安居REIT,B,2.681,3289223,0.09534972512,0.035564985124953374,2.5403,2.8894,1.0161985124953374,0.667098512495337,1340500000.0,phase2_correction
2023-08-22,180501.SZ,红土创新深圳安居REIT,B,2.656,3566696,0.09534972512,0.03589974590361446,2.5564,2.8938,1.0335745903614457,0.6961745903614456,1328000000.0,phase2_correction
2023-08-23,180501.SZ,红土创新深圳安居REIT,B,2.648,3845510,0.09534972512,0.036008204350453175,2.5535,2.8834,1.0473204350453176,0.7174204350453177,1324000000.0,phase2_correction
2023-08-24,180501.SZ,红土创新深圳安居REIT,B,2.667,3566778,0.09534972512,0.035751677960254975,2.5543,2.8812,1.0208677960254975,0.6939677960254973,1333500000.0,phase2_correction
2023-08-25,180501.SZ,红土创新深圳安居REIT,B,2.675,4126987,0.09534972512,0.03564475705420561,2.5702,2.8877,0.9942757054205611,0.6767757054205608,1337500000.0,phase2_correction
2023-08-28,180501.SZ,红土创新深圳安居REIT,B,2.686,3935070,0.09534972512,0.03549878075949368,2.5837,2.8955,0.9661780759493679,0.6543780759493676,1343000000.0,phase2_correction
2023-08-29,180501.SZ,红土创新深圳安居REIT,B,2.68,3116550,0.09534972512,0.03557825564179105,2.57,2.9006,0.9878255641791047,0.6572255641791047,1340000000.0,phase2_correction
2023-08-30,180501.SZ,红土创新深圳安居REIT,B,2.683,3398353,0.09534972512,0.035538473768169966,2.56,2.9026,0.9938473768169964,0.6512473768169964,1341500000.0,phase2_correction
2023-08-31,180501.SZ,红土创新深圳安居REIT,B,2.662,3444946,0.09534972512,0.03581882987227649,2.5575,2.9027,1.024382987227649,0.6791829872276494,1331000000.0,phase2_correction
2023-09-01,180501.SZ,红土创新深圳安居REIT,B,2.646,2453060,0.09534972512,0.03603542143613001,2.585,2.928,1.018542143613001,0.6755421436130011,1323000000.0,phase2_correction
2023-09-04,180501.SZ,红土创新深圳安居REIT,B,2.621,3643661,0.09534972512,0.03637913968714231,2.6124,2.9611,1.0255139687142312,0.6768139687142312,1310500000.0,phase2_correction
2023-09-05,180501.SZ,红土创新深圳安居REIT,B,2.633,2825308,0.09534972512,0.03621334034181542,2.615,2.9666,1.0063340341815419,0.654734034181542,1316500000.0,phase2_correction
2023-09-06,180501.SZ,红土创新深圳安居REIT,B,2.647,1950538,0.09534972512,0.03602180775217228,2.6375,2.9869,0.9646807752172277,0.615280775217228,1323500000.0,phase2_correction
2023-09-07,180501.SZ,红土创新深圳安居REIT,B,2.664,2090378,0.09534972512,0.03579193885885886,2.635,2.9834,0.9441938858858863,0.595793885885886,1332000000.0,phase2_correction
2023-09-08,180501.SZ,红土创新深圳安居REIT,B,2.675,3907715,0.09534972512,0.03564475705420561,2.6375,2.9849,0.9269757054205607,0.5795757054205608,1337500000.0,phase2_correction
2023-09-11,180501.SZ,红土创新深圳安居REIT,B,2.693,2588262,0.09534972512,0.03540650765688823,2.63,2.983,0.910650765688823,0.5576507656888228,1346500000.0,phase2_correction
2023-09-12,180501.SZ,红土创新深圳安居REIT,B,2.709,2729535,0.09534972512,0.03519738837947582,2.623,2.9824,0.896738837947582,0.5373388379475821,1354500000.0,phase2_correction
2023-09-13,180501.SZ,红土创新深圳安居REIT,B,2.691,3481889,0.09534972512,0.03543282241545894,2.615,2.9732,0.9282822415458938,0.5700822415458942,1345500000.0,phase2_correction
2023-09-14,180501.SZ,红土创新深圳安居REIT,B,2.692,4070895,0.09534972512,0.03541966014858841,2.6075,2.9545,0.9344660148588413,0.5874660148588413,1346000000.0,phase2_correction
2023-09-15,180501.SZ,红土创新深圳安居REIT,B,2.679,4566083,0.09534972512,0.03559153606569616,2.64,2.984,0.9191536065696155,0.5751536065696157,1339500000.0,phase2_correction
2023-09-18,180501.SZ,红土创新深圳安居REIT,B,2.668,4528002,0.09534972512,0.03573827778110945,2.65,2.9841,0.9238277781109447,0.5897277781109445,1334000000.0,phase2_correction
2023-09-19,180501.SZ,红土创新深圳安居REIT,B,2.674,4678825,0.09534972512,0.0356580871802543,2.6625,2.9895,0.9033087180254302,0.5763087180254303,1337000000.0,phase2_correction
2023-09-20,180501.SZ,红土创新深圳安居REIT,B,2.69,2444068,0.09534972512,0.03544599446840149,2.665,2.9919,0.8795994468401491,0.5526994468401494,1345000000.0,phase2_correction
2023-09-21,180501.SZ,红土创新深圳安居REIT,B,2.687,3830318,0.09534972512,0.03548556945292148,2.6576,2.984,0.8909569452921482,0.5645569452921482,1343500000.0,phase2_correction
2023-09-22,180501.SZ,红土创新深圳安居REIT,B,2.635,2076090,0.09534972512,0.036185853935483875,2.6776,2.9971,0.9409853935483876,0.6214853935483875,1317500000.0,phase2_correction
2023-09-25,180501.SZ,红土创新深圳安居REIT,B,2.641,1987086,0.09534972512,0.0361036444982961,2.6976,3.0119,0.9127644498296101,0.5984644498296103,1320500000.0,phase2_correction
2023-09-26,180501.SZ,红土创新深圳安居REIT,B,2.639,2447638,0.09534972512,0.036131006108374386,2.6951,3.0068,0.9180006108374386,0.6063006108374385,1319500000.0,phase2_correction
2023-09-27,180501.SZ,红土创新深圳安居REIT,B,2.639,1484192,0.09534972512,0.036131006108374386,2.6877,3.007,0.9254006108374386,0.6061006108374385,1319500000.0,phase2_correction
2023-09-28,180501.SZ,红土创新深圳安居REIT,B,2.631,3725020,0.09534972512,0.03624086853667807,2.6751,3.0022,0.9489868536678072,0.621886853667807,1315500000.0,phase2_correction
2023-10-09,180501.SZ,红土创新深圳安居REIT,B,2.619,1457088,0.09534972512,0.036406920626193204,2.6702,2.999,0.9704920626193205,0.6416920626193203,1309500000.0000002,phase2_correction
2023-10-10,180501.SZ,红土创新深圳安居REIT,B,2.61,1515852,0.09534972512,0.03653246173180077,2.6811,3.0019,0.9721461731800769,0.6513461731800767,1305000000.0,phase2_correction
2023-10-11,180501.SZ,红土创新深圳安居REIT,B,2.603,2125889,0.09534972512,0.03663070500192086,2.6976,3.0153,0.9654705001920858,0.6477705001920859,1301500000.0000002,phase2_correction
2023-10-12,180501.SZ,红土创新深圳安居REIT,B,2.61,2452323,0.09534972512,0.03653246173180077,2.6911,3.0139,0.9621461731800767,0.6393461731800767,1305000000.0,phase2_correction
2023-10-13,180501.SZ,红土创新深圳安居REIT,B,2.604,1596102,0.09534972512,0.0366166379109063,2.6702,2.9952,0.9914637910906303,0.6664637910906301,1302000000.0,phase2_correction
2023-10-16,180501.SZ,红土创新深圳安居REIT,B,2.603,1369875,0.09534972512,0.03663070500192086,2.6777,2.9997,0.9853705001920856,0.663370500192086,1301500000.0000002,phase2_correction
2023-10-17,180501.SZ,红土创新深圳安居REIT,B,2.567,4182894,0.09534972512,0.037144419602649005,2.6882,3.0021,1.0262419602649002,0.7123419602649004,1283500000.0000002,phase2_correction
2023-10-18,180501.SZ,红土创新深圳安居REIT,B,2.533,1590521,0.09534972512,0.037643002416107386,2.7052,3.0021,1.0591002416107385,0.7622002416107385,1266500000.0,phase2_correction
2023-10-19,180501.SZ,红土创新深圳安居REIT,B,2.522,2410549,0.09534972512,0.03780718680412372,2.7177,3.0077,1.0630186804123722,0.7730186804123722,1260999999.9999998,phase2_correction
2023-10-20,180501.SZ,红土创新深圳安居REIT,B,2.496,2490591,0.09534972512,0.038201011666666666,2.7052,2.9962,1.1149011666666664,0.8239011666666665,1248000000.0,phase2_correction
2023-10-23,180501.SZ,红土创新深圳安居REIT,B,2.472,1718414,0.09534972512,0.03857189527508091,2.7047,2.9903,1.152489527508091,0.866889527508091,1236000000.0,phase2_correction
2023-10-24,180501.SZ,红土创新深圳安居REIT,B,2.53,2414278,0.09534972512,0.037687638387351785,2.7177,2.9978,1.0510638387351787,0.7709638387351787,1264999999.9999998,phase2_correction
2023-10-25,180501.SZ,红土创新深圳安居REIT,B,2.551,3839278,0.09534972512,0.03737739126617013,2.7052,3.0004,1.0325391266170132,0.7373391266170133,1275500000.0000002,phase2_correction
2023-10-26,180501.SZ,红土创新深圳安居REIT,B,2.533,1243503,0.09534972512,0.037643002416107386,2.7152,3.0054,1.0491002416107387,0.7589002416107387,1266500000.0,phase2_correction
2023-10-27,180501.SZ,红土创新深圳安居REIT,B,2.522,2344228,0.09534972512,0.03780718680412372,2.7133,3.0104,1.0674186804123722,0.7703186804123718,1260999999.9999998,phase2_correction
2023-10-30,180501.SZ,红土创新深圳安居REIT,B,2.512,1722940,0.09534972512,0.03795769312101911,2.7141,3.0106,1.0816693121019112,0.7851693121019112,1256000000.0,phase2_correction
2023-10-31,180501.SZ,红土创新深圳安居REIT,B,2.5,1590047,0.09534972512,0.038139890048,2.6938,2.9956,1.1201890048000003,0.8183890048000002,1250000000.0,phase2_correction
2023-11-01,180501.SZ,红土创新深圳安居REIT,B,2.494,1458443,0.09534972512,0.03823164599839615,2.6853,2.9911,1.1378645998396153,0.8320645998396152,1247000000.0000002,phase2_correction
2023-11-02,180501.SZ,红土创新深圳安居REIT,B,2.482,1316867,0.09534972512,0.03841648876712329,2.6553,2.9666,1.1863488767123287,0.8750488767123286,1241000000.0000002,phase2_correction
2023-11-03,180501.SZ,红土创新深圳安居REIT,B,2.489,2477509,0.09534972512,0.0383084472157493,2.6613,2.9727,1.1695447215749302,0.8581447215749303,1244500000.0,phase2_correction
2023-11-06,180501.SZ,红土创新深圳安居REIT,B,2.498,2347246,0.09534972512,0.038170426389111285,2.6554,2.9683,1.1616426389111285,0.8487426389111286,1249000000.0000002,phase2_correction
2023-11-07,180501.SZ,红土创新深圳安居REIT,B,2.491,1918446,0.09534972512,0.03827768973103172,2.6632,2.9718,1.1645689731031719,0.8559689731031717,1245500000.0,phase2_correction
2023-11-08,180501.SZ,红土创新深圳安居REIT,B,2.503,1586714,0.09534972512,0.038094177035557335,2.6464,2.9583,1.1630177035557336,0.8511177035557336,1251500000.0,phase2_correction
2023-11-09,180501.SZ,红土创新深圳安居REIT,B,2.523,2600075,0.09534972512,0.037792201791518036,2.6494,2.9584,1.1298201791518037,0.8208201791518035,1261500000.0,phase2_correction
2023-11-10,180501.SZ,红土创新深圳安居REIT,B,2.528,2408121,0.09534972512,0.03771745455696203,2.6444,2.9459,1.127345455696203,0.8258454556962032,1264000000.0,phase2_correction
2023-11-13,180501.SZ,红土创新深圳安居REIT,B,2.519,1882884,0.09534972512,0.03785221322747122,2.6454,2.9385,1.139821322747122,0.846721322747122,1259500000.0,phase2_correction
2023-11-14,180501.SZ,红土创新深圳安居REIT,B,2.52,1721556,0.09534972512,0.03783719250793651,2.6573,2.9439,1.126419250793651,0.839819250793651,1260000000.0,phase2_correction
2023-11-15,180501.SZ,红土创新深圳安居REIT,B,2.51,1050912,0.09534972512,0.03798793829482072,2.6633,2.9485,1.1354938294820722,0.8502938294820721,1254999999.9999998,phase2_correction
2023-11-16,180501.SZ,红土创新深圳安居REIT,B,2.51,1039936,0.09534972512,0.03798793829482072,2.6558,2.944,1.142993829482072,0.8547938294820723,1254999999.9999998,phase2_correction
2023-11-17,180501.SZ,红土创新深圳安居REIT,B,2.52,1310856,0.09534972512,0.03783719250793651,2.6524,2.9336,1.1313192507936511,0.850119250793651,1260000000.0,phase2_correction
2023-11-20,180501.SZ,红土创新深圳安居REIT,B,2.523,1546494,0.09534972512,0.037792201791518036,2.6584,2.9321,1.1208201791518038,0.8471201791518035,1261500000.0,phase2_correction
2023-11-21,180501.SZ,红土创新深圳安居REIT,B,2.525,1334083,0.09534972512,0.03776226737425743,2.6684,2.9388,1.1078267374257433,0.8374267374257434,1262500000.0,phase2_correction
2023-11-22,180501.SZ,红土创新深圳安居REIT,B,2.525,885629,0.09534972512,0.03776226737425743,2.6823,2.9538,1.0939267374257433,0.8224267374257432,1262500000.0,phase2_correction
2023-11-23,180501.SZ,红土创新深圳安居REIT,B,2.528,1397493,0.09534972512,0.03771745455696203,2.7023,2.9704,1.069445455696203,0.801345455696203,1264000000.0,phase2_correction
2023-11-24,180501.SZ,红土创新深圳安居REIT,B,2.53,952604,0.09534972512,0.037687638387351785,2.7053,2.9684,1.0634638387351787,0.8003638387351786,1264999999.9999998,phase2_correction
2023-11-27,180501.SZ,红土创新深圳安居REIT,B,2.481,3370375,0.09534972512,0.03843197304312777,2.7108,2.9745,1.1323973043127773,0.8686973043127773,1240500000.0,phase2_correction
2023-11-28,180501.SZ,红土创新深圳安居REIT,B,2.479,2177909,0.09534972512,0.038462979072206534,2.6898,2.954,1.1564979072206536,0.8922979072206534,1239500000.0,phase2_correction
2023-11-29,180501.SZ,红土创新深圳安居REIT,B,2.477,2052694,0.09534972512,0.038494035171578525,2.6826,2.9525,1.1668035171578528,0.8969035171578525,1238500000.0,phase2_correction
2023-11-30,180501.SZ,红土创新深圳安居REIT,B,2.544,2877610,0.09534972512,0.03748023786163522,2.668,2.9405,1.080023786163522,0.807523786163522,1272000000.0,phase2_correction
2023-12-01,180501.SZ,红土创新深圳安居REIT,B,2.545,2622271,0.09534972512,0.03746551085265226,2.6625,2.9445,1.084051085265226,0.8020510852652261,1272500000.0,phase2_correction
2023-12-04,180501.SZ,红土创新深圳安居REIT,B,2.536,1896109,0.09534972512,0.03759847205047319,2.6725,2.9537,1.087347205047319,0.8061472050473188,1268000000.0,phase2_correction
2023-12-05,180501.SZ,红土创新深圳安居REIT,B,2.515,3043572,0.09534972512,0.037912415554671966,2.665,2.9487,1.1262415554671965,0.8425415554671964,1257500000.0,phase2_correction
2023-12-06,180501.SZ,红土创新深圳安居REIT,B,2.491,2462850,0.09534972512,0.03827768973103172,2.6725,2.9517,1.1552689731031718,0.8760689731031714,1245500000.0,phase2_correction
2023-12-07,180501.SZ,红土创新深圳安居REIT,B,2.469,1743359,0.09534972512,0.03861876270554881,2.664,2.9457,1.1978762705548807,0.9161762705548808,1234500000.0,phase2_correction
2023-12-08,180501.SZ,红土创新深圳安居REIT,B,2.432,3038086,0.09534972512,0.039206301447368426,2.6636,2.9428,1.2570301447368424,0.9778301447368425,1216000000.0,phase2_correction
2023-12-11,180501.SZ,红土创新深圳安居REIT,B,2.407,1879303,0.09534972512,0.039613512721229746,2.644,2.9288,1.3173512721229743,1.0325512721229746,1203500000.0,phase2_correction
2023-12-12,180501.SZ,红土创新深圳安居REIT,B,2.405,1225182,0.09534972512,0.039646455351351355,2.6375,2.9293,1.3271455351351351,1.0353455351351353,1202499999.9999998,phase2_correction
2023-12-13,180501.SZ,红土创新深圳安居REIT,B,2.394,1252147,0.09534972512,0.03982862369256475,2.6226,2.9148,1.3602623692564753,1.068062369256475,1197000000.0,phase2_correction
2023-12-14,180501.SZ,红土创新深圳安居REIT,B,2.38,1709493,0.09534972512,0.04006290971428572,2.6376,2.9219,1.3686909714285722,1.0843909714285722,1190000000.0,phase2_correction
2023-12-15,180501.SZ,红土创新深圳安居REIT,B,2.4,2601021,0.09534972512,0.03972905213333334,2.6227,2.9039,1.350205213333334,1.0690052133333339,1200000000.0,phase2_correction
2023-12-18,180501.SZ,红土创新深圳安居REIT,B,2.43,3511119,0.09534972512,0.03923857000823045,2.6126,2.8869,1.311257000823045,1.0369570008230453,1215000000.0000002,phase2_correction
2023-12-19,180501.SZ,红土创新深圳安居REIT,B,2.388,3756839,0.09534972512,0.039928695611390286,2.6191,2.892,1.3737695611390284,1.1008695611390285,1194000000.0,phase2_correction
2023-12-20,180501.SZ,红土创新深圳安居REIT,B,2.395,4410371,0.09534972512,0.03981199378705637,2.6222,2.8849,1.358999378705637,1.0962993787056368,1197500000.0,phase2_correction
2023-12-21,180501.SZ,红土创新深圳安居REIT,B,2.419,5145977,0.09534972512,0.03941700087639521,2.5901,2.8492,1.3516000876395204,1.0925000876395203,1209500000.0,phase2_correction
2023-12-22,180501.SZ,红土创新深圳安居REIT,B,2.453,5680182,0.09534972512,0.03887065842641664,2.5877,2.8341,1.2993658426416643,1.0529658426416644,1226499999.9999998,phase2_correction
2023-12-25,180501.SZ,红土创新深圳安居REIT,B,2.466,4382122,0.09534972512,0.03866574416869424,2.5678,2.8077,1.2987744168694242,1.0588744168694242,1233000000.0000002,phase2_correction
2023-12-26,180501.SZ,红土创新深圳安居REIT,B,2.453,4501781,0.09534972512,0.03887065842641664,2.5804,2.8267,1.3066658426416642,1.060365842641664,1226499999.9999998,phase2_correction
2023-12-27,180501.SZ,红土创新深圳安居REIT,B,2.435,7288397,0.09534972512,0.03915799799589323,2.5577,2.8167,1.358099799589323,1.099099799589323,1217500000.0,phase2_correction
2023-12-28,180501.SZ,红土创新深圳安居REIT,B,2.456,3592667,0.09534972512,0.03882317798045603,2.5694,2.8288,1.312917798045603,1.0535177980456027,1228000000.0,phase2_correction
2023-12-29,180501.SZ,红土创新深圳安居REIT,B,2.49,4288975,0.09534972512,0.038293062297188755,2.5553,2.8269,1.2740062297188754,1.0024062297188752,1245000000.0000002,phase2_correction
2024-01-02,180501.SZ,红土创新深圳安居REIT,B,2.468,3477233,0.09534972512,0.03863441050243112,2.5601,2.8422,1.303341050243112,1.0212410502431117,1234000000.0,phase2_correction
2024-01-03,180501.SZ,红土创新深圳安居REIT,B,2.468,5041577,0.09534972512,0.03863441050243112,2.5531,2.8402,1.3103410502431116,1.023241050243112,1234000000.0,phase2_correction
2024-01-04,180501.SZ,红土创新深圳安居REIT,B,2.447,3133215,0.09534972512,0.038965968581937065,2.5368,2.817,1.3597968581937065,1.0795968581937063,1223500000.0,phase2_correction
2024-01-05,180501.SZ,红土创新深圳安居REIT,B,2.44,6464777,0.09534972512,0.03907775619672132,2.5175,2.8043,1.3902756196721318,1.1034756196721318,1220000000.0,phase2_correction
2024-01-08,180501.SZ,红土创新深圳安居REIT,B,2.397,3472376,0.09534972512,0.03977877560283689,2.5136,2.802,1.4642775602836888,1.1758775602836886,1198499999.9999998,phase2_correction
2024-01-09,180501.SZ,红土创新深圳安居REIT,B,2.34,4827244,0.09534972512,0.04074774577777778,2.4862,2.7693,1.588574577777778,1.3054745777777783,1170000000.0,phase2_correction
2024-01-10,180501.SZ,红土创新深圳安居REIT,B,2.254,4033583,0.09534972512,0.042302451251109145,2.4982,2.7758,1.7320451251109144,1.4544451251109147,1127000000.0,phase2_correction
2024-01-11,180501.SZ,红土创新深圳安居REIT,B,2.24,10134452,0.09534972512,0.04256684157142857,2.4992,2.7769,1.7574841571428568,1.479784157142857,1120000000.0000002,phase2_correction
2024-01-12,180501.SZ,红土创新深圳安居REIT,B,2.215,6948957,0.09534972512,0.04304727996388263,2.5172,2.793,1.7875279963882624,1.5117279963882622,1107500000.0,phase2_correction
2024-01-15,180501.SZ,红土创新深圳安居REIT,B,2.267,4441879,0.09534972512,0.04205986992501103,2.5212,2.7856,1.684786992501103,1.4203869925011028,1133500000.0,phase2_correction
2024-01-16,180501.SZ,红土创新深圳安居REIT,B,2.319,3393445,0.09534972512,0.041116742181974995,2.5252,2.7897,1.5864742181975,1.3219742181975,1159500000.0,phase2_correction
2024-01-17,180501.SZ,红土创新深圳安居REIT,B,2.396,5191241,0.09534972512,0.03979537776293823,2.5077,2.7747,1.4718377762938237,1.2048377762938234,1198000000.0,phase2_correction
2024-01-18,180501.SZ,红土创新深圳安居REIT,B,2.369,3763862,0.09534972512,0.04024893420008442,2.5092,2.7732,1.515693420008442,1.2516934200084417,1184500000.0000002,phase2_correction
2024-01-19,180501.SZ,红土创新深圳安居REIT,B,2.375,4113878,0.09534972512,0.04014725268210526,2.5027,2.7583,1.5120252682105262,1.256425268210526,1187500000.0,phase2_correction
2024-01-22,180501.SZ,红土创新深圳安居REIT,B,2.326,2855536,0.09534972512,0.04099300306104901,2.4922,2.7224,1.607100306104901,1.376900306104901,1163000000.0,phase2_correction
2024-01-23,180501.SZ,红土创新深圳安居REIT,B,2.334,1692350,0.09534972512,0.040852495766923735,2.5042,2.7327,1.5810495766923731,1.3525495766923732,1167000000.0,phase2_correction
2024-01-24,180501.SZ,红土创新深圳安居REIT,B,2.349,3755294,0.09534972512,0.04059162414644529,2.5042,2.738,1.5549624146445291,1.321162414644529,1174500000.0000002,phase2_correction
2024-01-25,180501.SZ,红土创新深圳安居REIT,B,2.355,4877342,0.09534972512,0.04048820599575372,2.4984,2.7321,1.5504205995753724,1.3167205995753726,1177500000.0,phase2_correction
2024-01-26,180501.SZ,红土创新深圳安居REIT,B,2.35,2259060,0.09534972512,0.04057435111489362,2.4994,2.7331,1.5580351114893616,1.3243351114893618,1175000000.0,phase2_correction
2024-01-29,180501.SZ,红土创新深圳安居REIT,B,2.35,2169504,0.09534972512,0.04057435111489362,2.494,2.7272,1.5634351114893614,1.3302351114893618,1175000000.0,phase2_correction
2024-01-30,180501.SZ,红土创新深圳安居REIT,B,2.342,2733008,0.09534972512,0.04071294838599488,2.4557,2.6831,1.6155948385994883,1.3881948385994884,1171000000.0,phase2_correction
2024-01-31,180501.SZ,红土创新深圳安居REIT,B,2.339,3182979,0.09534972512,0.04076516678922617,2.433,2.6482,1.6435166789226168,1.4283166789226165,1169500000.0,phase2_correction
2024-02-01,180501.SZ,红土创新深圳安居REIT,B,2.32,2604930,0.09534972512,0.04109901944827587,2.4354,2.6472,1.6745019448275866,1.4627019448275864,1159999999.9999998,phase3_rational
2024-02-02,180501.SZ,红土创新深圳安居REIT,B,2.316,3358286,0.09534972512,0.04117000221070812,2.4244,2.6353,1.6926002210708124,1.4817002210708123,1157999999.9999998,phase3_rational
2024-02-05,180501.SZ,红土创新深圳安居REIT,B,2.276,3682102,0.09534972512,0.0418935523374341,2.4002,2.5974,1.7891552337434105,1.5919552337434104,1137999999.9999998,phase3_rational
2024-02-06,180501.SZ,红土创新深圳安居REIT,B,2.301,3317473,0.09534972512,0.04143838553672317,2.4525,2.6579,1.6913385536723164,1.4859385536723164,1150500000.0000002,phase3_rational
2024-02-07,180501.SZ,红土创新深圳安居REIT,B,2.313,3351754,0.09534972512,0.04122340039775184,2.4153,2.6214,1.7070400397751837,1.5009400397751835,1156500000.0000002,phase3_rational
2024-02-08,180501.SZ,红土创新深圳安居REIT,B,2.33,3281573,0.09534972512,0.04092262880686695,2.4379,2.6505,1.654362880686695,1.441762880686695,1165000000.0,phase3_rational
2024-02-19,180501.SZ,红土创新深圳安居REIT,B,2.45,4577753,0.09534972512,0.03891825515102041,2.4344,2.627,1.4574255151020408,1.264825515102041,1225000000.0000002,phase3_rational
2024-02-20,180501.SZ,红土创新深圳安居REIT,B,2.465,8070733,0.09534972512,0.038681430068965524,2.4134,2.6004,1.4547430068965523,1.2677430068965525,1232500000.0,phase3_rational
2024-02-21,180501.SZ,红土创新深圳安居REIT,B,2.464,4741072,0.09534972512,0.038697128701298704,2.4119,2.601,1.45781287012987,1.2687128701298702,1232000000.0,phase3_rational
2024-02-22,180501.SZ,红土创新深圳安居REIT,B,2.485,3938696,0.09534972512,0.03837011071227365,2.4033,2.591,1.4337110712273646,1.2460110712273647,1242500000.0,phase3_rational
2024-02-23,180501.SZ,红土创新深圳安居REIT,B,2.528,6077064,0.09534972512,0.03771745455696203,2.4009,2.5809,1.370845455696203,1.190845455696203,1264000000.0,phase3_rational
2024-02-26,180501.SZ,红土创新深圳安居REIT,B,2.587,3679171,0.09534972512,0.036857257487437185,2.3789,2.54,1.306825748743719,1.1457257487437187,1293500000.0000002,phase3_rational
2024-02-27,180501.SZ,红土创新深圳安居REIT,B,2.551,5796960,0.09534972512,0.03737739126617013,2.3809,2.5224,1.3568391266170132,1.215339126617013,1275500000.0000002,phase3_rational
2024-02-28,180501.SZ,红土创新深圳安居REIT,B,2.525,5439122,0.09534972512,0.03776226737425743,2.3376,2.4868,1.4386267374257433,1.2894267374257433,1262500000.0,phase3_rational
2024-02-29,180501.SZ,红土创新深圳安居REIT,B,2.55,4277684,0.09534972512,0.03739204906666667,2.3375,2.4616,1.4017049066666671,1.2776049066666673,1274999999.9999998,phase3_rational
2024-03-01,180501.SZ,红土创新深圳安居REIT,B,2.599,5498198,0.09534972512,0.03668708161600616,2.3675,2.4915,1.301208161600616,1.1772081616006163,1299500000.0000002,phase3_rational
2024-03-04,180501.SZ,红土创新深圳安居REIT,B,2.66,4345533,0.09534972512,0.03584576132330827,2.3475,2.4738,1.2370761323308272,1.1107761323308272,1330000000.0,phase3_rational
2024-03-05,180501.SZ,红土创新深圳安居REIT,B,2.64,4818717,0.09534972512,0.036117320121212125,2.3169,2.4794,1.2948320121212125,1.1323320121212124,1320000000.0,phase3_rational
2024-03-06,180501.SZ,红土创新深圳安居REIT,B,2.585,3706663,0.09534972512,0.03688577374081238,2.265,2.4274,1.4235773740812379,1.261177374081238,1292500000.0,phase3_rational
2024-03-07,180501.SZ,红土创新深圳安居REIT,B,2.559,3627050,0.09534972512,0.03726054127393513,2.2776,2.431,1.448454127393513,1.295054127393513,1279500000.0000002,phase3_rational
2024-03-08,180501.SZ,红土创新深圳安居REIT,B,2.591,4284499,0.09534972512,0.036800357051331535,2.2825,2.4335,1.3975357051331532,1.2465357051331534,1295500000.0000002,phase3_rational
2024-03-11,180501.SZ,红土创新深圳安居REIT,B,2.6,3441188,0.09534972512,0.0366729712,2.305,2.4766,1.36229712,1.1906971200000003,1300000000.0,phase3_rational
2024-03-12,180501.SZ,红土创新深圳安居REIT,B,2.584,4083971,0.09534972512,0.036900048421052635,2.3476,2.5415,1.3424048421052635,1.1485048421052633,1292000000.0,phase3_rational
2024-03-13,180501.SZ,红土创新深圳安居REIT,B,2.576,3677625,0.09534972512,0.0370146448447205,2.3326,2.5313,1.3688644844720503,1.1701644844720502,1288000000.0,phase3_rational
2024-03-14,180501.SZ,红土创新深圳安居REIT,B,2.587,3131114,0.09534972512,0.036857257487437185,2.3425,2.5343,1.343225748743719,1.1514257487437187,1293500000.0000002,phase3_rational
2024-03-15,180501.SZ,红土创新深圳安居REIT,B,2.574,3153566,0.09534972512,0.03704340525252526,2.32,2.5094,1.3843405252525263,1.1949405252525263,1286999999.9999998,phase3_rational
2024-03-18,180501.SZ,红土创新深圳安居REIT,B,2.58,2577180,0.09534972512,0.03695725779844961,2.2926,2.4857,1.4031257798449612,1.2100257798449614,1290000000.0,phase3_rational
2024-03-19,180501.SZ,红土创新深圳安居REIT,B,2.59,2249996,0.09534972512,0.036814565683397686,2.2801,2.4485,1.4013565683397684,1.2329565683397683,1295000000.0,phase3_rational
2024-03-20,180501.SZ,红土创新深圳安居REIT,B,2.563,2510728,0.09534972512,0.0372023898244245,2.2951,2.466,1.42513898244245,1.25423898244245,1281500000.0000002,phase3_rational
2024-03-21,180501.SZ,红土创新深圳安居REIT,B,2.55,3005460,0.09534972512,0.03739204906666667,2.2851,2.4615,1.4541049066666671,1.277704906666667,1274999999.9999998,phase3_rational
2024-03-22,180501.SZ,红土创新深圳安居REIT,B,2.497,3969240,0.09534972512,0.03818571290348419,2.3051,2.4832,1.5134712903484187,1.3353712903484185,1248500000.0,phase3_rational
2024-03-25,180501.SZ,红土创新深圳安居REIT,B,2.458,2719606,0.09534972512,0.03879158873881204,2.3151,2.4962,1.564058873881204,1.3829588738812042,1229000000.0000002,phase3_rational
2024-03-26,180501.SZ,红土创新深圳安居REIT,B,2.47,3847262,0.09534972512,0.03860312757894737,2.3175,2.4982,1.5428127578947373,1.362112757894737,1235000000.0000002,phase3_rational
2024-03-27,180501.SZ,红土创新深圳安居REIT,B,2.534,3939240,0.09534972512,0.03762814724546173,2.2876,2.4636,1.475214724546173,1.299214724546173,1266999999.9999998,phase3_rational
2024-03-28,180501.SZ,红土创新深圳安居REIT,B,2.514,3175753,0.09534972512,0.03792749607000796,2.3026,2.4664,1.4901496070007965,1.3263496070007963,1256999999.9999998,phase3_rational
2024-03-29,180501.SZ,红土创新深圳安居REIT,B,2.509,2162187,0.09534972512,0.03800307896373058,2.2901,2.4594,1.5102078963730579,1.3409078963730576,1254500000.0,phase3_rational
2024-04-01,180501.SZ,红土创新深圳安居REIT,B,2.514,2137669,0.09534972512,0.03792749607000796,2.3082,2.4848,1.4845496070007966,1.3079496070007965,1256999999.9999998,phase3_rational
2024-04-02,180501.SZ,红土创新深圳安居REIT,B,2.514,3247840,0.09534972512,0.03792749607000796,2.2927,2.475,1.5000496070007965,1.3177496070007964,1256999999.9999998,phase3_rational
2024-04-03,180501.SZ,红土创新深圳安居REIT,B,2.525,3043314,0.09534972512,0.03776226737425743,2.2837,2.4635,1.4925267374257434,1.3127267374257436,1262500000.0,phase3_rational
2024-04-08,180501.SZ,红土创新深圳安居REIT,B,2.482,2614080,0.09534972512,0.03841648876712329,2.2822,2.4656,1.5594488767123287,1.376048876712329,1241000000.0000002,phase3_rational
2024-04-09,180501.SZ,红土创新深圳安居REIT,B,2.485,3495668,0.09534972512,0.03837011071227365,2.2802,2.4637,1.556811071227365,1.373311071227365,1242500000.0,phase3_rational
2024-04-10,180501.SZ,红土创新深圳安居REIT,B,2.485,2705843,0.09534972512,0.03837011071227365,2.2972,2.4891,1.5398110712273647,1.3479110712273648,1242500000.0,phase3_rational
2024-04-11,180501.SZ,红土创新深圳安居REIT,B,2.544,3485241,0.09534972512,0.03748023786163522,2.2928,2.4928,1.455223786163522,1.2552237861635223,1272000000.0,phase3_rational
2024-04-12,180501.SZ,红土创新深圳安居REIT,B,2.54,2751209,0.09534972512,0.03753926185826772,2.2837,2.487,1.4702261858267716,1.2669261858267715,1270000000.0,phase3_rational
2024-04-15,180501.SZ,红土创新深圳安居REIT,B,2.512,1768577,0.09534972512,0.03795769312101911,2.2798,2.4863,1.5159693121019115,1.3094693121019114,1256000000.0,phase3_rational
2024-04-16,180501.SZ,红土创新深圳安居REIT,B,2.502,1216304,0.09534972512,0.03810940252597922,2.2723,2.4717,1.5386402525979217,1.339240252597922,1250999999.9999998,phase3_rational
2024-04-17,180501.SZ,红土创新深圳安居REIT,B,2.523,825945,0.09534972512,0.037792201791518036,2.2608,2.4556,1.5184201791518035,1.3236201791518036,1261500000.0,phase3_rational
2024-04-18,180501.SZ,红土创新深圳安居REIT,B,2.516,600484,0.09534972512,0.03789734702702703,2.2537,2.4466,1.5360347027027035,1.3431347027027032,1258000000.0,phase3_rational
2024-04-19,180501.SZ,红土创新深圳安居REIT,B,2.511,1491302,0.09534972512,0.03797280968538431,2.254,2.4411,1.543280968538431,1.356180968538431,1255500000.0,phase3_rational
2024-04-22,180501.SZ,红土创新深圳安居REIT,B,2.52,979704,0.09534972512,0.03783719250793651,2.2435,2.4341,1.5402192507936512,1.3496192507936513,1260000000.0,phase3_rational
2024-04-23,180501.SZ,红土创新深圳安居REIT,B,2.551,3614337,0.09534972512,0.03737739126617013,2.226,2.4211,1.5117391266170133,1.3166391266170132,1275500000.0000002,phase3_rational
2024-04-24,180501.SZ,红土创新深圳安居REIT,B,2.57,2470617,0.09534972512,0.03710106035797666,2.2727,2.4791,1.437406035797666,1.231006035797666,1284999999.9999998,phase3_rational
2024-04-25,180501.SZ,红土创新深圳安居REIT,B,2.589,3523123,0.09534972512,0.036828785291618385,2.2612,2.4841,1.4216785291618383,1.1987785291618382,1294500000.0,phase3_rational
2024-04-26,180501.SZ,红土创新深圳安居REIT,B,2.597,3618759,0.09534972512,0.036715335048132465,2.3084,2.5257,1.3631335048132467,1.1458335048132464,1298500000.0,phase3_rational
2024-04-29,180501.SZ,红土创新深圳安居REIT,B,2.592,3472150,0.09534972512,0.03678615938271605,2.353,2.5833,1.3256159382716048,1.0953159382716051,1296000000.0,phase3_rational
2024-04-30,180501.SZ,红土创新深圳安居REIT,B,2.586,2220065,0.09534972512,0.036871510100541384,2.3028,2.5382,1.3843510100541385,1.1489510100541387,1292999999.9999998,phase3_rational
2024-05-06,180501.SZ,红土创新深圳安居REIT,B,2.577,2893118,0.09534972512,0.037000281381451304,2.3081,2.5587,1.3919281381451305,1.1413281381451306,1288500000.0,phase3_rational
2024-05-07,180501.SZ,红土创新深圳安居REIT,B,2.599,3092203,0.09534972512,0.03668708161600616,2.2896,2.5413,1.379108161600616,1.127408161600616,1299500000.0000002,phase3_rational
2024-05-08,180501.SZ,红土创新深圳安居REIT,B,2.601,3719515,0.09534972512,0.03665887163398693,2.2955,2.55,1.3703871633986928,1.115887163398693,1300500000.0,phase3_rational
2024-05-09,180501.SZ,红土创新深圳安居REIT,B,2.6,1876023,0.09534972512,0.0366729712,2.3186,2.5726,1.3486971200000002,1.0946971200000002,1300000000.0,phase3_rational
2024-05-10,180501.SZ,红土创新深圳安居REIT,B,2.6,3137657,0.09534972512,0.0366729712,2.3122,2.5826,1.3550971200000004,1.0846971200000004,1300000000.0,phase3_rational
2024-05-13,180501.SZ,红土创新深圳安居REIT,B,2.6,2548653,0.09534972512,0.0366729712,2.29,2.5661,1.3772971200000002,1.1011971200000001,1300000000.0,phase3_rational
2024-05-14,180501.SZ,红土创新深圳安居REIT,B,2.606,1036085,0.09534972512,0.03658853611665388,2.2938,2.5631,1.3650536116653877,1.0957536116653879,1303000000.0,phase3_rational
2024-05-15,180501.SZ,红土创新深圳安居REIT,B,2.596,868467,0.09534972512,0.03672947808936826,2.302,2.5681,1.3709478089368257,1.1048478089368259,1298000000.0,phase3_rational
2024-05-16,180501.SZ,红土创新深圳安居REIT,B,2.597,1995080,0.09534972512,0.036715335048132465,2.3147,2.5811,1.3568335048132463,1.0904335048132463,1298500000.0,phase3_rational
2024-05-17,180501.SZ,红土创新深圳安居REIT,B,2.635,3307659,0.09534972512,0.036185853935483875,2.3077,2.5867,1.3108853935483875,1.0318853935483876,1317500000.0,phase3_rational
2024-05-20,180501.SZ,红土创新深圳安居REIT,B,2.63,4059920,0.09534972512,0.036254648334600764,2.3105,2.5917,1.3149648334600763,1.0337648334600766,1315000000.0,phase3_rational
2024-05-21,180501.SZ,红土创新深圳安居REIT,B,2.598,1550193,0.09534972512,0.03670120289453426,2.3141,2.5927,1.3560202894534261,1.0774202894534262,1299000000.0,phase3_rational
2024-05-22,180501.SZ,红土创新深圳安居REIT,B,2.6,1309078,0.09534972512,0.0366729712,2.3123,2.57,1.3549971200000002,1.0972971200000003,1300000000.0,phase3_rational
2024-05-23,180501.SZ,红土创新深圳安居REIT,B,2.599,1726314,0.09534972512,0.03668708161600616,2.3063,2.5451,1.3624081616006163,1.123608161600616,1299500000.0000002,phase3_rational
2024-05-24,180501.SZ,红土创新深圳安居REIT,B,2.618,709999,0.09534972512,0.03642082701298702,2.3134,2.5515,1.3286827012987015,1.0905827012987017,1309000000.0,phase3_rational
2024-05-27,180501.SZ,红土创新深圳安居REIT,B,2.607,1472855,0.09534972512,0.036574501388569235,2.3084,2.5452,1.3490501388569238,1.1122501388569237,1303500000.0000002,phase3_rational
2024-05-28,180501.SZ,红土创新深圳安居REIT,B,2.6,677912,0.09534972512,0.0366729712,2.2994,2.5302,1.3678971200000003,1.1370971200000004,1300000000.0,phase3_rational
2024-05-29,180501.SZ,红土创新深圳安居REIT,B,2.607,421394,0.09534972512,0.036574501388569235,2.2776,2.5242,1.3798501388569235,1.1332501388569236,1303500000.0000002,phase3_rational
2024-05-30,180501.SZ,红土创新深圳安居REIT,B,2.61,1230953,0.09534972512,0.03653246173180077,2.2826,2.5327,1.3706461731800768,1.1205461731800765,1305000000.0,phase3_rational
2024-05-31,180501.SZ,红土创新深圳安居REIT,B,2.61,1356998,0.09534972512,0.03653246173180077,2.2926,2.5552,1.3606461731800765,1.0980461731800766,1305000000.0,phase3_rational
2024-06-03,180501.SZ,红土创新深圳安居REIT,B,2.66,1663803,0.09534972512,0.03584576132330827,2.2853,2.5473,1.2992761323308275,1.0372761323308275,1330000000.0,phase3_rational
2024-06-04,180501.SZ,红土创新深圳安居REIT,B,2.66,2061960,0.09534972512,0.03584576132330827,2.2854,2.5453,1.2991761323308273,1.0392761323308273,1330000000.0,phase3_rational
2024-06-05,180501.SZ,红土创新深圳安居REIT,B,2.673,1966824,0.09534972512,0.03567142728020951,2.2808,2.5378,1.2863427280209505,1.0293427280209508,1336500000.0,phase3_rational
2024-06-06,180501.SZ,红土创新深圳安居REIT,B,2.676,2351783,0.09534972512,0.03563143689088191,2.2828,2.5378,1.2803436890881912,1.0253436890881913,1338000000.0,phase3_rational
2024-06-07,180501.SZ,红土创新深圳安居REIT,B,2.675,1948458,0.09534972512,0.03564475705420561,2.2833,2.5303,1.2811757054205608,1.034175705420561,1337500000.0,phase3_rational
2024-06-11,180501.SZ,红土创新深圳安居REIT,B,2.67,1405130,0.09534972512,0.03571150753558053,2.2791,2.5195,1.2920507535580525,1.0516507535580528,1335000000.0,phase3_rational
2024-06-12,180501.SZ,红土创新深圳安居REIT,B,2.67,2398038,0.09534972512,0.03571150753558053,2.276,2.5235,1.2951507535580529,1.0476507535580528,1335000000.0,phase3_rational
2024-06-13,180501.SZ,红土创新深圳安居REIT,B,2.734,1585299,0.09534972512,0.03487553954645209,2.2678,2.5175,1.219753954645209,0.9700539546452087,1367000000.0,phase3_rational
2024-06-14,180501.SZ,红土创新深圳安居REIT,B,2.758,2375906,0.09534972512,0.03457205406816534,2.2558,2.499,1.201405406816534,0.9582054068165338,1379000000.0,phase3_rational
2024-06-17,180501.SZ,红土创新深圳安居REIT,B,2.76,1168904,0.09534972512,0.03454700185507247,2.2609,2.5057,1.1938001855072473,0.9490001855072472,1380000000.0,phase3_rational
2024-06-18,180501.SZ,红土创新深圳安居REIT,B,2.763,1487578,0.09534972512,0.03450949153818314,2.2537,2.4887,1.1972491538183143,0.962249153818314,1381500000.0,phase3_rational
2024-06-19,180501.SZ,红土创新深圳安居REIT,B,2.758,3078370,0.09534972512,0.03457205406816534,2.2429,2.4797,1.2143054068165338,0.9775054068165341,1379000000.0,phase3_rational
2024-06-20,180501.SZ,红土创新深圳安居REIT,B,2.75,904044,0.09534972512,0.03467262731636364,2.2445,2.4708,1.2227627316363643,0.9964627316363641,1375000000.0,phase3_rational
2024-06-21,180501.SZ,红土创新深圳安居REIT,B,2.75,1783491,0.09534972512,0.03467262731636364,2.2571,2.4797,1.2101627316363643,0.9875627316363644,1375000000.0,phase3_rational
2024-06-24,180501.SZ,红土创新深圳安居REIT,B,2.752,1361043,0.09534972512,0.03464742918604652,2.2451,2.4607,1.2196429186046522,1.004042918604652,1376000000.0,phase3_rational
2024-06-25,180501.SZ,红土创新深圳安居REIT,B,2.756,1131100,0.09534972512,0.03459714264150944,2.235,2.4477,1.2247142641509443,1.012014264150944,1378000000.0,phase3_rational
2024-06-26,180501.SZ,红土创新深圳安居REIT,B,2.762,1017812,0.09534972512,0.03452198592324403,2.2225,2.4442,1.2296985923244028,1.007998592324403,1381000000.0,phase3_rational
2024-06-27,180501.SZ,红土创新深圳安居REIT,B,2.818,3774710,0.09534972512,0.033835956394606105,2.2081,2.4282,1.1754956394606104,0.9553956394606105,1409000000.0,phase3_rational
2024-06-28,180501.SZ,红土创新深圳安居REIT,B,2.818,4781413,0.09534972512,0.033835956394606105,2.2058,2.4282,1.1777956394606104,0.9553956394606105,1409000000.0,phase3_rational
2024-07-01,180501.SZ,红土创新深圳安居REIT,B,2.817,3424839,0.09534972512,0.03384796773872915,2.2486,2.4782,1.1361967738729146,0.9065967738729146,1408500000.0,phase3_rational
2024-07-02,180501.SZ,红土创新深圳安居REIT,B,2.857,4302120,0.09534972512,0.03337407249562478,2.2369,2.4692,1.1005072495624781,0.8682072495624782,1428500000.0,phase3_rational
2024-07-03,180501.SZ,红土创新深圳安居REIT,B,2.886,1609842,0.09534972512,0.033038712792792795,2.2426,2.4738,1.0612712792792793,0.830071279279279,1443000000.0,phase3_rational
2024-07-04,180501.SZ,红土创新深圳安居REIT,B,2.866,2033436,0.09534972512,0.03326926905792045,2.2502,2.4798,1.0767269057920452,0.8471269057920452,1433000000.0,phase3_rational
2024-07-05,180501.SZ,红土创新深圳安居REIT,B,2.872,1876288,0.09534972512,0.03319976501392758,2.2754,2.513,1.0445765013927581,0.8069765013927581,1436000000.0,phase3_rational
2024-07-08,180501.SZ,红土创新深圳安居REIT,B,2.851,1568737,0.09534972512,0.033444309056471416,2.2904,2.5205,1.0540309056471417,0.8239309056471416,1425500000.0,phase3_rational
2024-07-09,180501.SZ,红土创新深圳安居REIT,B,2.82,7151336,0.09534972512,0.03381195926241135,2.2698,2.5017,1.1113959262411353,0.8794959262411353,1410000000.0,phase3_rational
2024-07-10,180501.SZ,红土创新深圳安居REIT,B,2.82,2236214,0.09534972512,0.03381195926241135,2.2707,2.5068,1.1104959262411351,0.8743959262411352,1410000000.0,phase3_rational
2024-07-11,180501.SZ,红土创新深圳安居REIT,B,2.81,2356462,0.09534972512,0.03393228651957295,2.2648,2.5025,1.1284286519572952,0.8907286519572954,1405000000.0,phase3_rational
2024-07-12,180501.SZ,红土创新深圳安居REIT,B,2.824,1723637,0.09534972512,0.03376406696883853,2.2604,2.4921,1.116006696883853,0.8843066968838529,1412000000.0,phase3_rational
2024-07-15,180501.SZ,红土创新深圳安居REIT,B,2.905,3540801,0.09534972512,0.03282262482616179,2.2541,2.4772,1.028162482616179,0.8050624826161794,1452500000.0,phase3_rational
2024-07-16,180501.SZ,红土创新深圳安居REIT,B,2.921,4002047,0.09534972512,0.03264283639849367,2.2613,2.4801,1.0029836398493672,0.7841836398493669,1460500000.0,phase3_rational
2024-07-17,180501.SZ,红土创新深圳安居REIT,B,2.92,2209180,0.09534972512,0.0326540154520548,2.2598,2.4812,1.0056015452054798,0.7842015452054798,1460000000.0,phase3_rational
2024-07-18,180501.SZ,红土创新深圳安居REIT,B,2.933,1896589,0.09534972512,0.03250928234572111,2.2673,2.4901,0.983628234572111,0.7608282345721111,1466500000.0,phase3_rational
2024-07-19,180501.SZ,红土创新深圳安居REIT,B,2.932,3314052,0.09534972512,0.03252037009549796,2.2614,2.4842,0.9906370095497956,0.7678370095497957,1466000000.0,phase3_rational
2024-07-22,180501.SZ,红土创新深圳安居REIT,B,2.917,3501825,0.09534972512,0.032687598601302714,2.2461,2.4712,1.022659860130271,0.7975598601302711,1458500000.0,phase3_rational
2024-07-23,180501.SZ,红土创新深圳安居REIT,B,2.938,2331789,0.09534972512,0.032453956814159295,2.2322,2.4691,1.013195681415929,0.7762956814159292,1469000000.0,phase3_rational
2024-07-24,180501.SZ,红土创新深圳安居REIT,B,2.97,1793161,0.09534972512,0.032104284552188556,2.2381,2.4676,0.9723284552188556,0.7428284552188558,1485000000.0,phase3_rational
2024-07-25,180501.SZ,红土创新深圳安居REIT,B,2.998,2050678,0.09534972512,0.03180444466977985,2.2168,2.4357,0.9636444669779851,0.744744466977985,1499000000.0,phase3_rational
2024-07-26,180501.SZ,红土创新深圳安居REIT,B,3.049,4151450,0.09534972512,0.031272458222367995,2.1944,2.4226,0.9328458222367995,0.7046458222367993,1524500000.0,phase3_rational
2024-07-29,180501.SZ,红土创新深圳安居REIT,B,2.999,4412405,0.09534972512,0.03179383965321774,2.1574,2.39,1.0219839653217742,0.789383965321774,1499500000.0,phase3_rational
2024-07-30,180501.SZ,红土创新深圳安居REIT,B,2.999,6935861,0.09534972512,0.03179383965321774,2.148,2.3765,1.031383965321774,0.8028839653217741,1499500000.0,phase3_rational
2024-07-31,180501.SZ,红土创新深圳安居REIT,B,2.996,5489315,0.09534972512,0.03182567594125501,2.1494,2.3825,1.033167594125501,0.8000675941255011,1498000000.0,phase3_rational
2024-08-01,180501.SZ,红土创新深圳安居REIT,B,2.973,4424660,0.09534972512,0.03207188870501178,2.1297,2.3651,1.0774888705011776,0.8420888705011778,1486500000.0,phase3_rational
2024-08-02,180501.SZ,红土创新深圳安居REIT,B,3.041,3883092,0.09534972512,0.03135472710292667,2.1277,2.3465,1.0077727102926675,0.7889727102926676,1520500000.0,phase3_rational
2024-08-05,180501.SZ,红土创新深圳安居REIT,B,3.098,3219506,0.09534972512,0.030777832511297613,2.1376,2.3375,0.9401832511297612,0.7402832511297612,1549000000.0,phase3_rational
2024-08-06,180501.SZ,红土创新深圳安居REIT,B,3.08,4212593,0.09534972512,0.030957702961038964,2.1491,2.355,0.9466702961038966,0.7407702961038964,1540000000.0,phase3_rational
2024-08-07,180501.SZ,红土创新深圳安居REIT,B,3.161,3327862,0.09534972512,0.03016441794368871,2.1414,2.335,0.8750417943688711,0.6814417943688711,1580500000.0,phase3_rational
2024-08-08,180501.SZ,红土创新深圳安居REIT,B,3.115,5035206,0.09534972512,0.030609863601926163,2.181,2.37,0.8799863601926163,0.6909863601926163,1557500000.0,phase3_rational
2024-08-09,180501.SZ,红土创新深圳安居REIT,B,3.084,5699505,0.09534972512,0.03091755029831388,2.1986,2.38,0.8931550298313882,0.7117550298313882,1542000000.0,phase3_rational
2024-08-12,180501.SZ,红土创新深圳安居REIT,B,3.013,5250605,0.09534972512,0.03164610856953203,2.2508,2.435,0.9138108569532033,0.7296108569532032,1506500000.0,phase3_rational
2024-08-13,180501.SZ,红土创新深圳安居REIT,B,3.027,3209561,0.09534972512,0.031499744010571526,2.2255,2.4075,0.9244744010571528,0.7424744010571525,1513500000.0,phase3_rational
2024-08-14,180501.SZ,红土创新深圳安居REIT,B,3.08,5189439,0.09534972512,0.030957702961038964,2.1966,2.3751,0.8991702961038963,0.7206702961038962,1540000000.0,phase3_rational
2024-08-15,180501.SZ,红土创新深圳安居REIT,B,3.04,4521847,0.09534972512,0.031365041157894735,2.205,2.39,0.9315041157894735,0.7465041157894734,1520000000.0,phase3_rational
2024-08-16,180501.SZ,红土创新深圳安居REIT,B,3.042,4761405,0.09534972512,0.03134441982905983,2.1978,2.39,0.9366419829059831,0.744441982905983,1521000000.0,phase3_rational
2024-08-19,180501.SZ,红土创新深圳安居REIT,B,3.017,2940303,0.09534972512,0.031604151514749754,2.1816,2.3675,0.9788151514749752,0.792915151474975,1508500000.0,phase3_rational
2024-08-20,180501.SZ,红土创新深圳安居REIT,B,2.969,2976163,0.09534972512,0.032115097716402835,2.171,2.36,1.0405097716402838,0.8515097716402837,1484500000.0,phase3_rational
2024-08-21,180501.SZ,红土创新深圳安居REIT,B,2.906,4529296,0.09534972512,0.032811330048176185,2.167,2.3551,1.1141330048176186,0.9260330048176182,1453000000.0,phase3_rational
2024-08-22,180501.SZ,红土创新深圳安居REIT,B,3.005,3804433,0.09534972512,0.031730357777038275,2.1582,2.3476,1.0148357777038277,0.8254357777038277,1502500000.0,phase3_rational
2024-08-23,180501.SZ,红土创新深圳安居REIT,B,3.028,5578358,0.09534972512,0.03148934118890357,2.1547,2.3401,0.9942341188903572,0.8088341188903572,1514000000.0,phase3_rational
2024-08-26,180501.SZ,红土创新深圳安居REIT,B,3.025,7289812,0.09534972512,0.03152057028760331,2.1628,2.3475,0.9892570287603308,0.8045570287603305,1512500000.0,phase3_rational
2024-08-27,180501.SZ,红土创新深圳安居REIT,B,3.003,6245384,0.09534972512,0.03175149021645022,2.1903,2.3825,0.9848490216450219,0.7926490216450222,1501500000.0,phase3_rational
2024-08-28,180501.SZ,红土创新深圳安居REIT,B,3.028,2893375,0.09534972512,0.03148934118890357,2.1673,2.355,0.9816341188903572,0.7939341188903573,1514000000.0,phase3_rational
2024-08-29,180501.SZ,红土创新深圳安居REIT,B,3.001,4442939,0.09534972512,0.03177265082305898,2.1703,2.365,1.0069650823058982,0.8122650823058981,1500500000.0,phase3_rational
2024-08-30,180501.SZ,红土创新深圳安居REIT,B,2.945,5093910,0.09534972512,0.032376816679117154,2.1704,2.3651,1.0672816679117156,0.8725816679117155,1472500000.0,phase3_rational
2024-09-02,180501.SZ,红土创新深圳安居REIT,B,2.967,4567944,0.09534972512,0.03213674591169532,2.1457,2.3425,1.0679745911695315,0.8711745911695319,1483500000.0,phase3_rational
2024-09-03,180501.SZ,红土创新深圳安居REIT,B,2.94,2336635,0.09534972512,0.03243187929251701,2.1432,2.339,1.0999879292517005,0.9041879292517008,1470000000.0,phase3_rational
2024-09-04,180501.SZ,红土创新深圳安居REIT,B,2.939,3525377,0.09534972512,0.03244291429738006,2.1336,2.3225,1.1106914297380062,0.9217914297380063,1469500000.0,phase3_rational
2024-09-05,180501.SZ,红土创新深圳安居REIT,B,2.951,4140827,0.09534972512,0.03231098784140969,2.1338,2.3125,1.0972987841409694,0.9185987841409693,1475500000.0,phase3_rational
2024-09-06,180501.SZ,红土创新深圳安居REIT,B,2.968,3240145,0.09534972512,0.03212591816711591,2.1388,2.309,1.0737918167115907,0.9035918167115904,1484000000.0,phase3_rational
2024-09-09,180501.SZ,红土创新深圳安居REIT,B,2.991,2456188,0.09534972512,0.031878878341691744,2.1267,2.29,1.0611878341691745,0.8978878341691745,1495500000.0,phase3_rational
2024-09-10,180501.SZ,红土创新深圳安居REIT,B,2.98,1880148,0.09534972512,0.03199655205369128,2.1143,2.267,1.0853552053691278,0.9326552053691279,1490000000.0,phase3_rational
2024-09-11,180501.SZ,红土创新深圳安居REIT,B,2.941,2482338,0.09534972512,0.03242085179190752,2.1044,2.263,1.1376851791907518,0.979085179190752,1470500000.0,phase3_rational
2024-09-12,180501.SZ,红土创新深圳安居REIT,B,2.935,2622124,0.09534972512,0.03248712951277683,2.0998,2.2471,1.148912951277683,1.001612951277683,1467500000.0,phase3_rational
2024-09-13,180501.SZ,红土创新深圳安居REIT,B,2.932,2663240,0.09534972512,0.03252037009549796,2.0724,2.2176,1.1796370095497957,1.0344370095497957,1466000000.0,phase3_rational
2024-09-18,180501.SZ,红土创新深圳安居REIT,B,2.913,2384300,0.09534972512,0.032732483734981124,2.0403,2.165,1.2329483734981128,1.1082483734981126,1456500000.0,phase3_rational
2024-09-19,180501.SZ,红土创新深圳安居REIT,B,2.909,1776734,0.09534972512,0.032777492306634584,2.045,2.17,1.2327492306634587,1.1077492306634587,1454500000.0,phase3_rational
2024-09-20,180501.SZ,红土创新深圳安居REIT,B,2.899,2022994,0.09534972512,0.032890557130044844,2.0431,2.15,1.2459557130044843,1.1390557130044843,1449500000.0,phase3_rational
2024-09-23,180501.SZ,红土创新深圳安居REIT,B,2.896,1203971,0.09534972512,0.03292462883977901,2.0381,2.14,1.2543628839779006,1.1524628839779005,1448000000.0,phase3_rational
2024-09-24,180501.SZ,红土创新深圳安居REIT,B,2.921,1430232,0.09534972512,0.03264283639849367,2.0728,2.19,1.1914836398493671,1.0742836398493671,1460500000.0,phase3_rational
2024-09-25,180501.SZ,红土创新深圳安居REIT,B,2.963,2085218,0.09534972512,0.032180129976375295,2.0437,2.155,1.1743129976375295,1.0630129976375295,1481500000.0,phase3_rational
2024-09-26,180501.SZ,红土创新深圳安居REIT,B,3.0,2699902,0.09534972512,0.031783241706666666,2.0787,2.22,1.0996241706666665,0.9583241706666663,1500000000.0,phase3_rational
2024-09-27,180501.SZ,红土创新深圳安居REIT,B,2.953,2829929,0.09534972512,0.03228910434134778,2.1714,2.3475,1.057510434134778,0.8814104341347782,1476500000.0,phase3_rational
2024-09-30,180501.SZ,红土创新深圳安居REIT,B,2.9,3341930,0.09534972512,0.032879215558620695,2.1518,2.355,1.1361215558620694,0.9329215558620696,1450000000.0,phase3_rational
2024-10-08,180501.SZ,红土创新深圳安居REIT,B,2.859,3137642,0.09534972512,0.033350725820216864,2.1928,2.38,1.1422725820216861,0.9550725820216863,1429500000.0,phase3_rational
2024-10-09,180501.SZ,红土创新深圳安居REIT,B,2.811,4132424,0.09534972512,0.0339202152685877,2.176,2.3576,1.2160215268587695,1.0344215268587695,1405500000.0,phase3_rational
2024-10-10,180501.SZ,红土创新深圳安居REIT,B,2.783,5791597,0.09534972512,0.03426148944304708,2.1441,2.29,1.2820489443047078,1.1361489443047077,1391500000.0,phase3_rational
2024-10-11,180501.SZ,红土创新深圳安居REIT,B,2.85,4768920,0.09534972512,0.033456043901754384,2.1392,2.3,1.2064043901754382,1.0456043901754386,1425000000.0,phase3_rational
2024-10-14,180501.SZ,红土创新深圳安居REIT,B,2.825,4811349,0.09534972512,0.03375211508672566,2.1368,2.3126,1.238411508672566,1.0626115086725658,1412500000.0,phase3_rational
2024-10-15,180501.SZ,红土创新深圳安居REIT,B,2.787,4614805,0.09534972512,0.03421231615357015,2.1254,2.3125,1.2958316153570149,1.1087316153570148,1393500000.0,phase3_rational
2024-10-16,180501.SZ,红土创新深圳安居REIT,B,2.771,4382654,0.09534972512,0.03440986110429448,2.1331,2.328,1.3078861104294481,1.1129861104294485,1385500000.0,phase3_rational
2024-10-17,180501.SZ,红土创新深圳安居REIT,B,2.836,6494634,0.09534972512,0.033621200677009876,2.1084,2.295,1.2537200677009874,1.0671200677009876,1418000000.0,phase3_rational
2024-10-18,180501.SZ,红土创新深圳安居REIT,B,2.846,2942928,0.09534972512,0.03350306574841883,2.1209,2.305,1.2294065748418834,1.045306574841883,1423000000.0,phase3_rational
2024-10-21,180501.SZ,红土创新深圳安居REIT,B,2.843,3947388,0.09534972512,0.03353841896588111,2.1211,2.3075,1.2327418965881112,1.0463418965881113,1421500000.0,phase3_rational
2024-10-22,180501.SZ,红土创新深圳安居REIT,B,2.826,2390159,0.09534972512,0.0337401716631281,2.1458,2.34,1.22821716631281,1.0340171663128102,1413000000.0,phase3_rational
2024-10-23,180501.SZ,红土创新深圳安居REIT,B,2.807,3417654,0.09534972512,0.03396855187744924,2.1559,2.355,1.240955187744924,1.041855187744924,1403500000.0,phase3_rational
2024-10-24,180501.SZ,红土创新深圳安居REIT,B,2.793,2600569,0.09534972512,0.03413882030791264,2.1661,2.355,1.2477820307912637,1.0588820307912639,1396500000.0,phase3_rational
2024-10-25,180501.SZ,红土创新深圳安居REIT,B,2.795,2673230,0.09534972512,0.03411439181395349,2.1539,2.36,1.257539181395349,1.0514391813953492,1397500000.0,phase3_rational
2024-10-28,180501.SZ,红土创新深圳安居REIT,B,2.819,5356077,0.09534972512,0.033823953572188724,2.1617,2.38,1.2206953572188723,1.0023953572188726,1409500000.0,phase3_rational
2024-10-29,180501.SZ,红土创新深圳安居REIT,B,2.82,3080153,0.09534972512,0.03381195926241135,2.1598,2.366,1.2213959262411351,1.0151959262411352,1410000000.0,phase3_rational
2024-10-30,180501.SZ,红土创新深圳安居REIT,B,2.801,4595715,0.09534972512,0.03404131564441271,2.1597,2.36,1.2444315644412716,1.0441315644412716,1400500000.0,phase3_rational
2024-10-31,180501.SZ,红土创新深圳安居REIT,B,2.783,3068997,0.09534972512,0.03426148944304708,2.1476,2.335,1.2785489443047076,1.0911489443047078,1391500000.0,phase3_rational
2024-11-01,180501.SZ,红土创新深圳安居REIT,B,2.741,2104216,0.09534972512,0.03478647395840934,2.1406,2.3175,1.3380473958409342,1.1611473958409344,1370500000.0,phase3_rational
2024-11-04,180501.SZ,红土创新深圳安居REIT,B,2.787,6348972,0.09534972512,0.03421231615357015,2.1275,2.305,1.2937316153570149,1.1162316153570147,1393500000.0,phase3_rational
2024-11-05,180501.SZ,红土创新深圳安居REIT,B,2.799,2129547,0.09534972512,0.03406563955698464,2.1106,2.2825,1.2959639556984643,1.124063955698464,1399500000.0,phase3_rational
2024-11-06,180501.SZ,红土创新深圳安居REIT,B,2.783,1598876,0.09534972512,0.03426148944304708,2.1234,2.29,1.3027489443047076,1.1361489443047077,1391500000.0,phase3_rational
2024-11-07,180501.SZ,红土创新深圳安居REIT,B,2.774,1174910,0.09534972512,0.03437264784426821,2.1115,2.28,1.3257647844268212,1.1572647844268213,1387000000.0,phase3_rational
2024-11-08,180501.SZ,红土创新深圳安居REIT,B,2.802,2794820,0.09534972512,0.03402916670949322,2.1067,2.2775,1.2962166709493221,1.1254166709493223,1401000000.0,phase3_rational
2024-11-11,180501.SZ,红土创新深圳安居REIT,B,2.863,2914965,0.09534972512,0.03330413032483409,2.092,2.2575,1.2384130324834088,1.072913032483409,1431500000.0,phase3_rational
2024-11-12,180501.SZ,红土创新深圳安居REIT,B,2.932,6024180,0.09534972512,0.03252037009549796,2.0729,2.236,1.1791370095497955,1.0160370095497955,1466000000.0,phase3_rational
2024-11-13,180501.SZ,红土创新深圳安居REIT,B,2.935,7650158,0.09534972512,0.03248712951277683,2.0876,2.26,1.161112951277683,0.9887129512776833,1467500000.0,phase3_rational
2024-11-14,180501.SZ,红土创新深圳安居REIT,B,2.9,5347396,0.09534972512,0.032879215558620695,2.0808,2.261,1.2071215558620696,1.0269215558620695,1450000000.0,phase3_rational
2024-11-15,180501.SZ,红土创新深圳安居REIT,B,2.866,6199493,0.09534972512,0.03326926905792045,2.0948,2.2825,1.232126905792045,1.044426905792045,1433000000.0,phase3_rational
2024-11-18,180501.SZ,红土创新深圳安居REIT,B,2.832,4154403,0.09534972512,0.033668688248587576,2.1117,2.3175,1.2551688248587576,1.0493688248587576,1416000000.0,phase3_rational
2024-11-19,180501.SZ,红土创新深圳安居REIT,B,2.821,2322461,0.09534972512,0.0337999734562212,2.0947,2.286,1.2852973456221197,1.0939973456221197,1410500000.0,phase3_rational
2024-11-20,180501.SZ,红土创新深圳安居REIT,B,2.83,1295218,0.09534972512,0.033692482374558304,2.1025,2.305,1.2667482374558303,1.0642482374558302,1415000000.0,phase3_rational
2024-11-21,180501.SZ,红土创新深圳安居REIT,B,2.826,1964047,0.09534972512,0.0337401716631281,2.0843,2.2751,1.2897171663128102,1.09891716631281,1413000000.0,phase3_rational
2024-11-22,180501.SZ,红土创新深圳安居REIT,B,2.825,1095995,0.09534972512,0.03375211508672566,2.0832,2.265,1.2920115086725659,1.110211508672566,1412500000.0,phase3_rational
2024-11-25,180501.SZ,红土创新深圳安居REIT,B,2.826,1235837,0.09534972512,0.0337401716631281,2.0682,2.241,1.30581716631281,1.13301716631281,1413000000.0,phase3_rational
2024-11-26,180501.SZ,红土创新深圳安居REIT,B,2.824,2361648,0.09534972512,0.03376406696883853,2.0657,2.245,1.310706696883853,1.131406696883853,1412000000.0,phase3_rational
2024-11-27,180501.SZ,红土创新深圳安居REIT,B,2.832,2203851,0.09534972512,0.033668688248587576,2.0553,2.25,1.3115688248587576,1.1168688248587575,1416000000.0,phase3_rational
2024-11-28,180501.SZ,红土创新深圳安居REIT,B,2.838,1909479,0.09534972512,0.03359750708949965,2.0304,2.218,1.3293507089499648,1.141750708949965,1419000000.0,phase3_rational
2024-11-29,180501.SZ,红土创新深圳安居REIT,B,2.859,1531348,0.09534972512,0.033350725820216864,2.0206,2.2025,1.3144725820216863,1.132572582021686,1429500000.0,phase3_rational
2024-12-02,180501.SZ,红土创新深圳安居REIT,B,2.871,1989416,0.09534972512,0.03321132884709161,1.981,2.17,1.340132884709161,1.151132884709161,1435500000.0,phase3_rational
2024-12-03,180501.SZ,红土创新深圳安居REIT,B,2.9,4014021,0.09534972512,0.032879215558620695,1.9886,2.1675,1.2993215558620697,1.1204215558620696,1450000000.0,phase3_rational
2024-12-04,180501.SZ,红土创新深圳安居REIT,B,2.898,3255254,0.09534972512,0.032901906528640446,1.9612,2.1375,1.3289906528640445,1.1526906528640444,1449000000.0,phase3_rational
2024-12-05,180501.SZ,红土创新深圳安居REIT,B,2.881,4347976,0.09534972512,0.03309605175980563,1.9462,2.1425,1.363405175980563,1.1671051759805628,1440500000.0,phase3_rational
2024-12-06,180501.SZ,红土创新深圳安居REIT,B,2.873,3960207,0.09534972512,0.03318820923076923,1.9539,2.1585,1.3649209230769235,1.1603209230769234,1436500000.0,phase3_rational
2024-12-09,180501.SZ,红土创新深圳安居REIT,B,2.918,5023983,0.09534972512,0.03267639654557916,1.9168,2.1151,1.3508396545579162,1.1525396545579163,1459000000.0,phase3_rational
2024-12-10,180501.SZ,红土创新深圳安居REIT,B,3.056,10746152,0.09534972512,0.031200826282722513,1.8468,2.0551,1.2732826282722511,1.0649826282722512,1528000000.0,phase3_rational
2024-12-11,180501.SZ,红土创新深圳安居REIT,B,3.129,9840989,0.09534972512,0.030472906717801215,1.8218,2.0401,1.2254906717801215,1.0071906717801218,1564500000.0,phase3_rational
2024-12-12,180501.SZ,红土创新深圳安居REIT,B,3.14,6157927,0.09534972512,0.030366154496815286,1.8172,2.043,1.2194154496815288,0.9936154496815286,1570000000.0,phase3_rational
2024-12-13,180501.SZ,红土创新深圳安居REIT,B,3.189,4570698,0.09534972512,0.029899568867983697,1.7771,2.005,1.2128568867983698,0.9849568867983698,1594500000.0,phase3_rational
2024-12-16,180501.SZ,红土创新深圳安居REIT,B,3.331,4624913,0.09534972512,0.028624955004503155,1.7215,1.9526,1.1409955004503154,0.9098955004503155,1665500000.0,phase3_rational
2024-12-17,180501.SZ,红土创新深圳安居REIT,B,3.275,5672689,0.09534972512,0.02911441988396947,1.7237,1.9591,1.187741988396947,0.9523419883969468,1637500000.0,phase3_rational
2024-12-18,180501.SZ,红土创新深圳安居REIT,B,3.199,18502165,0.09534972512,0.029806103507346048,1.7564,1.9961,1.224210350734605,0.9845103507346049,1599500000.0,phase3_rational
2024-12-19,180501.SZ,红土创新深圳安居REIT,B,3.211,7559224,0.09534972512,0.02969471352226721,1.7417,1.9926,1.227771352226721,0.9768713522267212,1605500000.0,phase3_rational
2024-12-20,180501.SZ,红土创新深圳安居REIT,B,3.27,3255243,0.09534972512,0.029158937345565752,1.7018,1.9526,1.2140937345565752,0.9632937345565753,1635000000.0,phase3_rational
2024-12-23,180501.SZ,红土创新深圳安居REIT,B,3.28,3202399,0.09534972512,0.029070038146341466,1.7019,1.9526,1.2051038146341468,0.9544038146341469,1640000000.0,phase3_rational
2024-12-24,180501.SZ,红土创新深圳安居REIT,B,3.261,2555954,0.09534972512,0.029239412793621588,1.7166,1.9926,1.207341279362159,0.9313412793621589,1630500000.0,phase3_rational
2024-12-25,180501.SZ,红土创新深圳安居REIT,B,3.252,4335009,0.09534972512,0.02932033367773678,1.7365,2.007,1.195533367773678,0.9250333677736777,1626000000.0,phase3_rational
2024-12-26,180501.SZ,红土创新深圳安居REIT,B,3.275,1727402,0.09534972512,0.02911441988396947,1.7122,1.9701,1.199241988396947,0.9413419883969469,1637500000.0,phase3_rational
2024-12-27,180501.SZ,红土创新深圳安居REIT,B,3.299,2667542,0.09534972512,0.028902614464989394,1.6929,1.9476,1.1973614464989393,0.9426614464989393,1649500000.0,phase3_rational
2024-12-30,180501.SZ,红土创新深圳安居REIT,B,3.36,4406787,0.09534972512,0.028377894380952385,1.7128,1.9476,1.1249894380952385,0.8901894380952386,1680000000.0,phase3_rational
2024-12-31,180501.SZ,红土创新深圳安居REIT,B,3.31,3381260,0.09534972512,0.028806563480362538,1.6752,1.9121,1.2054563480362537,0.9685563480362538,1655000000.0,phase3_rational
2025-01-02,180501.SZ,红土创新深圳安居REIT,B,3.412,3192745,0.09534972512,0.02794540595545135,1.6077,1.8397,1.186840595545135,0.9548405955451351,1706000000.0,phase3_rational
2025-01-03,180501.SZ,红土创新深圳安居REIT,B,3.464,5435527,0.09534972512,0.027525902170900694,1.6041,1.8501,1.1484902170900695,0.9024902170900695,1732000000.0,phase3_rational
2025-01-06,180501.SZ,红土创新深圳安居REIT,B,3.462,3904795,0.09534972512,0.027541803905257078,1.5966,1.8327,1.1575803905257076,0.9214803905257076,1731000000.0,phase3_rational
2025-01-07,180501.SZ,红土创新深圳安居REIT,B,3.399,2551936,0.09534972512,0.028052287472786114,1.6093,1.8602,1.1959287472786115,0.9450287472786114,1699500000.0,phase3_rational
2025-01-08,180501.SZ,红土创新深圳安居REIT,B,3.41,1880775,0.09534972512,0.0279617962228739,1.6069,1.8702,1.18927962228739,0.92597962228739,1705000000.0,phase3_rational
2025-01-09,180501.SZ,红土创新深圳安居REIT,B,3.483,3825035,0.09534972512,0.027375746517370084,1.6368,1.8932,1.1007746517370083,0.8443746517370083,1741500000.0,phase3_rational
2025-01-10,180501.SZ,红土创新深圳安居REIT,B,3.499,5580116,0.09534972512,0.027250564481280368,1.6338,1.8752,1.091256448128037,0.8498564481280368,1749500000.0,phase3_rational
2025-01-13,180501.SZ,红土创新深圳安居REIT,B,3.443,4975754,0.09534972512,0.02769379178623294,1.6592,1.9051,1.1101791786232937,0.8642791786232937,1721500000.0,phase3_rational
2025-01-14,180501.SZ,红土创新深圳安居REIT,B,3.42,5599900,0.09534972512,0.027880036584795324,1.6446,1.8652,1.1434036584795324,0.9228036584795325,1710000000.0,phase3_rational
2025-01-15,180501.SZ,红土创新深圳安居REIT,B,3.484,2439677,0.09534972512,0.027367888955223883,1.633,1.8602,1.1037888955223885,0.8765888955223884,1742000000.0,phase3_rational
2025-01-16,180501.SZ,红土创新深圳安居REIT,B,3.49,2896597,0.09534972512,0.027320838143266475,1.6394,1.8677,1.0926838143266477,0.8643838143266478,1745000000.0,phase3_rational
2025-01-17,180501.SZ,红土创新深圳安居REIT,B,3.55,2359234,0.09534972512,0.026859077498591552,1.6593,1.915,1.026607749859155,0.770907749859155,1775000000.0,phase3_rational
2025-01-20,180501.SZ,红土创新深圳安居REIT,B,3.63,2154043,0.09534972512,0.02626714190633609,1.6747,1.9225,0.952014190633609,0.704214190633609,1815000000.0,phase3_rational
2025-01-21,180501.SZ,红土创新深圳安居REIT,B,3.61,2012042,0.09534972512,0.02641266623822715,1.6496,1.89,0.9916666238227152,0.7512666238227153,1805000000.0,phase3_rational
2025-01-22,180501.SZ,红土创新深圳安居REIT,B,3.68,3129660,0.09534972512,0.02591025139130435,1.6602,1.9,0.930825139130435,0.691025139130435,1840000000.0,phase3_rational
2025-01-23,180501.SZ,红土创新深圳安居REIT,B,3.669,2489838,0.09534972512,0.025987932711910605,1.6645,1.9,0.9342932711910603,0.6987932711910605,1834500000.0,phase3_rational
2025-01-24,180501.SZ,红土创新深圳安居REIT,B,3.626,4901357,0.09534972512,0.026296118345284062,1.6565,1.89,0.973111834528406,0.7396118345284062,1813000000.0,phase3_rational
2025-01-27,180501.SZ,红土创新深圳安居REIT,B,3.667,4409922,0.09534972512,0.026002106659394602,1.6299,1.8675,0.9703106659394602,0.7327106659394602,1833500000.0,phase3_rational
2025-02-05,180501.SZ,红土创新深圳安居REIT,B,3.689,1527016,0.09534972512,0.025847038525345624,1.6207,1.8375,0.9640038525345622,0.7472038525345623,1844500000.0,phase3_rational
2025-02-06,180501.SZ,红土创新深圳安居REIT,B,3.658,5639130,0.09534972512,0.02606608122471296,1.5958,1.805,1.0108081224712961,0.8016081224712963,1829000000.0,phase3_rational
2025-02-07,180501.SZ,红土创新深圳安居REIT,B,3.657,4229708,0.09534972512,0.0260732089472245,1.6032,1.8025,1.00412089472245,0.80482089472245,1828500000.0,phase3_rational
2025-02-10,180501.SZ,红土创新深圳安居REIT,B,3.591,5995144,0.09534972512,0.026552415795043163,1.6342,1.825,1.0210415795043162,0.8302415795043163,1795500000.0,phase3_rational
2025-02-11,180501.SZ,红土创新深圳安居REIT,B,3.61,3786962,0.09534972512,0.02641266623822715,1.6274,1.8075,1.0138666238227152,0.833766623822715,1805000000.0,phase3_rational
2025-02-12,180501.SZ,红土创新深圳安居REIT,B,3.615,5164657,0.09534972512,0.02637613419640387,1.6336,1.809,1.0040134196403874,0.8286134196403874,1807500000.0,phase3_rational
2025-02-13,180501.SZ,红土创新深圳安居REIT,B,3.542,3052092,0.09534972512,0.026919741705251275,1.6346,1.799,1.0573741705251274,0.8929741705251275,1771000000.0,phase3_rational
2025-02-14,180501.SZ,红土创新深圳安居REIT,B,3.555,2834759,0.09534972512,0.02682130101828411,1.6546,1.82,1.0275301018284109,0.8621301018284109,1777500000.0,phase3_rational
2025-02-17,180501.SZ,红土创新深圳安居REIT,B,3.553,2733541,0.09534972512,0.026836398851674645,1.6934,1.86,0.9902398851674645,0.8236398851674644,1776500000.0,phase3_rational
2025-02-18,180501.SZ,红土创新深圳安居REIT,B,3.552,648940,0.09534972512,0.026843954144144144,1.7006,1.86,0.9837954144144143,0.8243954144144141,1776000000.0,phase3_rational
2025-02-19,180501.SZ,红土创新深圳安居REIT,B,3.526,1842582,0.09534972512,0.027041895950085087,1.6626,1.84,1.0415895950085086,0.8641895950085086,1763000000.0,phase3_rational
2025-02-20,180501.SZ,红土创新深圳安居REIT,B,3.488,2071121,0.09534972512,0.02733650376146789,1.685,1.87,1.0486503761467891,0.8636503761467891,1744000000.0,phase3_rational
2025-02-21,180501.SZ,红土创新深圳安居REIT,B,3.454,1216926,0.09534972512,0.027605594997104806,1.72,1.905,1.0405594997104808,0.8555594997104807,1727000000.0,phase3_rational
2025-02-24,180501.SZ,红土创新深圳安居REIT,B,3.409,2191196,0.09534972512,0.027969998568495164,1.7625,1.945,1.0344998568495163,0.8519998568495162,1704500000.0,phase3_rational
2025-02-25,180501.SZ,红土创新深圳安居REIT,B,3.37,1728045,0.09534972512,0.02829368697922849,1.7275,1.915,1.101868697922849,0.9143686979228489,1685000000.0,phase3_rational
2025-02-26,180501.SZ,红土创新深圳安居REIT,B,3.428,4095154,0.09534972512,0.02781497232205368,1.7251,1.91,1.0563972322053676,0.8714972322053678,1714000000.0,phase3_rational
2025-02-27,180501.SZ,红土创新深圳安居REIT,B,3.423,4268028,0.09534972512,0.027855601846333625,1.7576,1.935,1.0279601846333626,0.8505601846333626,1711500000.0,phase3_rational
2025-02-28,180501.SZ,红土创新深圳安居REIT,B,3.438,4064463,0.09534972512,0.027734067806864455,1.7152,1.905,1.0582067806864452,0.8684067806864453,1719000000.0,phase3_rational
2025-03-03,180501.SZ,红土创新深圳安居REIT,B,3.54,4293459,0.09534972512,0.026934950598870057,1.6955,1.89,0.9979950598870055,0.8034950598870056,1770000000.0,phase3_rational
2025-03-04,180501.SZ,红土创新深圳安居REIT,B,3.541,4453855,0.09534972512,0.0269273440045185,1.7079,1.9,0.9848344004518501,0.7927344004518502,1770500000.0,phase3_rational
2025-03-05,180501.SZ,红土创新深圳安居REIT,B,3.54,3769857,0.09534972512,0.026934950598870057,1.7083,1.8925,0.9851950598870056,0.8009950598870055,1770000000.0,phase3_rational
2025-03-06,180501.SZ,红土创新深圳安居REIT,B,3.462,3973191,0.09534972512,0.027541803905257078,1.7455,1.9325,1.0086803905257076,0.8216803905257075,1731000000.0,phase3_rational
2025-03-07,180501.SZ,红土创新深圳安居REIT,B,3.437,3842056,0.09534972512,0.02774213707302881,1.8002,1.975,0.9740137073028807,0.7992137073028807,1718500000.0,phase3_rational
2025-03-10,180501.SZ,红土创新深圳安居REIT,B,3.418,2179254,0.09534972512,0.02789635023990638,1.8128,1.985,0.976835023990638,0.8046350239906379,1709000000.0,phase3_rational
2025-03-11,180501.SZ,红土创新深圳安居REIT,B,3.374,5056850,0.09534972512,0.028260143781861292,1.8853,2.035,0.9407143781861294,0.7910143781861292,1687000000.0,phase3_rational
2025-03-12,180501.SZ,红土创新深圳安居REIT,B,3.373,4219905,0.09534972512,0.028268522122739403,1.8334,2.0125,0.9934522122739404,0.8143522122739402,1686500000.0,phase3_rational
2025-03-13,180501.SZ,红土创新深圳安居REIT,B,3.375,2405096,0.09534972512,0.028251770405925927,1.8565,2.04,0.9686770405925929,0.7851770405925929,1687500000.0,phase3_rational
2025-03-14,180501.SZ,红土创新深圳安居REIT,B,3.366,6988690,0.09534972512,0.0283273098989899,1.8317,2.04,1.0010309898989895,0.7927309898989896,1683000000.0,phase3_rational
2025-03-17,180501.SZ,红土创新深圳安居REIT,B,3.327,6150082,0.09534972512,0.02865937033964533,1.8957,2.115,0.9702370339645332,0.7509370339645329,1663500000.0,phase3_rational
2025-03-18,180501.SZ,红土创新深圳安居REIT,B,3.341,6654876,0.09534972512,0.02853927719844358,1.8885,2.1151,0.9654277198443579,0.738827719844358,1670500000.0,phase3_rational
2025-03-19,180501.SZ,红土创新深圳安居REIT,B,3.37,3333993,0.09534972512,0.02829368697922849,1.8708,2.1051,0.9585686979228489,0.7242686979228488,1685000000.0,phase3_rational
2025-03-20,180501.SZ,红土创新深圳安居REIT,B,3.384,2639849,0.09534972512,0.028176632718676126,1.8309,2.0526,0.9867632718676125,0.7650632718676125,1692000000.0,phase3_rational
2025-03-21,180501.SZ,红土创新深圳安居REIT,B,3.37,2722806,0.09534972512,0.02829368697922849,1.8458,2.0676,0.9835686979228488,0.7617686979228488,1685000000.0,phase3_rational
2025-03-24,180501.SZ,红土创新深圳安居REIT,B,3.402,2244448,0.09534972512,0.028027550005878896,1.8413,2.0501,0.9614550005878897,0.7526550005878896,1701000000.0,phase3_rational
2025-03-25,180501.SZ,红土创新深圳安居REIT,B,3.435,8424218,0.09534972512,0.02775828970014556,1.8183,2.0276,0.957528970014556,0.7482289700145559,1717500000.0,phase3_rational
2025-03-26,180501.SZ,红土创新深圳安居REIT,B,3.448,2576566,0.09534972512,0.027653632575406036,1.7943,2.0001,0.9710632575406037,0.7652632575406035,1724000000.0,phase3_rational
2025-03-27,180501.SZ,红土创新深圳安居REIT,B,3.454,2308330,0.09534972512,0.027605594997104806,1.8062,2.0101,0.9543594997104807,0.7504594997104808,1727000000.0,phase3_rational
2025-03-28,180501.SZ,红土创新深圳安居REIT,B,3.509,2592598,0.09534972512,0.02717290542034768,1.8126,2.0251,0.904690542034768,0.6921905420347678,1754500000.0,phase3_rational
2025-03-31,180501.SZ,红土创新深圳安居REIT,B,3.488,1941111,0.09534972512,0.02733650376146789,1.8129,2.0226,0.9207503761467892,0.711050376146789,1744000000.0,phase3_rational
2025-04-01,180501.SZ,红土创新深圳安居REIT,B,3.482,3129828,0.09534972512,0.02738360859276278,1.8104,2.0201,0.9279608592762778,0.718260859276278,1741000000.0,phase3_rational
2025-04-02,180501.SZ,红土创新深圳安居REIT,B,3.482,5016952,0.09534972512,0.02738360859276278,1.7887,1.9801,0.9496608592762779,0.7582608592762778,1741000000.0,phase3_rational
2025-04-03,180501.SZ,红土创新深圳安居REIT,B,3.617,6896685,0.09534972512,0.026361549659939178,1.718,1.9052,0.9181549659939177,0.7309549659939176,1808500000.0,phase3_rational
2025-04-07,180501.SZ,红土创新深圳安居REIT,B,3.701,2898134,0.09534972512,0.025763232942447988,1.6318,1.8252,0.9445232942447988,0.7511232942447987,1850500000.0,phase3_rational
2025-04-08,180501.SZ,红土创新深圳安居REIT,B,3.63,2763131,0.09534972512,0.02626714190633609,1.6633,1.8551,0.9634141906336091,0.7716141906336091,1815000000.0,phase3_rational
2025-04-09,180501.SZ,红土创新深圳安居REIT,B,3.61,2829762,0.09534972512,0.02641266623822715,1.6508,1.8552,0.9904666238227151,0.7860666238227152,1805000000.0,phase3_rational
2025-04-10,180501.SZ,红土创新深圳安居REIT,B,3.666,3557981,0.09534972512,0.026009199432624117,1.6444,1.8602,0.9565199432624119,0.7407199432624119,1833000000.0,phase3_rational
2025-04-11,180501.SZ,红土创新深圳安居REIT,B,3.625,2818681,0.09534972512,0.026303372446896553,1.6568,1.8627,0.9735372446896551,0.7676372446896551,1812500000.0,phase3_rational
2025-04-14,180501.SZ,红土创新深圳安居REIT,B,3.628,2022929,0.09534972512,0.026281622138919516,1.6584,1.8602,0.9697622138919513,0.7679622138919513,1814000000.0,phase3_rational
2025-04-15,180501.SZ,红土创新深圳安居REIT,B,3.69,5268591,0.09534972512,0.02584003390785908,1.6583,1.8602,0.925703390785908,0.723803390785908,1845000000.0,phase3_rational
2025-04-16,180501.SZ,红土创新深圳安居REIT,B,3.687,4370982,0.09534972512,0.02586105915920803,1.643,1.8652,0.9431059159208031,0.7209059159208031,1843500000.0,phase3_rational
2025-04-17,180501.SZ,红土创新深圳安居REIT,B,3.704,2979242,0.09534972512,0.025742366393088554,1.6522,1.8982,0.9220366393088557,0.6760366393088555,1852000000.0,phase3_rational
2025-04-18,180501.SZ,红土创新深圳安居REIT,B,3.672,1939103,0.09534972512,0.025966700740740742,1.6493,1.9042,0.947370074074074,0.6924700740740741,1836000000.0,phase3_rational
2025-04-21,180501.SZ,红土创新深圳安居REIT,B,3.631,2134203,0.09534972512,0.026259907771963648,1.6664,1.9227,0.9595907771963648,0.7032907771963648,1815500000.0,phase3_rational
2025-04-22,180501.SZ,红土创新深圳安居REIT,B,3.644,1572971,0.09534972512,0.026166225334796928,1.6509,1.9052,0.9657225334796928,0.7114225334796929,1822000000.0,phase3_rational
2025-04-23,180501.SZ,红土创新深圳安居REIT,B,3.612,1212633,0.09534972512,0.026398041284606866,1.6611,1.9279,0.9787041284606868,0.7119041284606868,1806000000.0,phase3_rational
2025-04-24,180501.SZ,红土创新深圳安居REIT,B,3.602,1382399,0.09534972512,0.026471328461965576,1.664,1.9327,0.9831328461965578,0.7144328461965577,1801000000.0,phase3_rational
2025-04-25,180501.SZ,红土创新深圳安居REIT,B,3.617,1428187,0.09534972512,0.026361549659939178,1.6606,1.9276,0.9755549659939176,0.7085549659939177,1808500000.0,phase3_rational
2025-04-28,180501.SZ,红土创新深圳安居REIT,B,3.581,2393536,0.09534972512,0.026626563842502095,1.6483,1.9005,1.0143563842502095,0.7621563842502095,1790500000.0,phase3_rational
2025-04-29,180501.SZ,红土创新深圳安居REIT,B,3.604,2261000,0.09534972512,0.02645663849056604,1.6241,1.8225,1.021563849056604,0.823163849056604,1802000000.0,phase3_rational
2025-04-30,180501.SZ,红土创新深圳安居REIT,B,3.627,2324717,0.09534972512,0.0262888682437276,1.6243,1.824,1.0045868243727598,0.8048868243727598,1813500000.0,phase3_rational
2025-05-06,180501.SZ,红土创新深圳安居REIT,B,3.674,1331411,0.09534972512,0.02595256535655961,1.6298,1.827,0.965456535655961,0.768256535655961,1837000000.0,phase3_rational
2025-05-07,180501.SZ,红土创新深圳安居REIT,B,3.657,2984442,0.09534972512,0.0260732089472245,1.6418,1.8475,0.9655208947224501,0.7598208947224501,1828500000.0,phase3_rational
2025-05-08,180501.SZ,红土创新深圳安居REIT,B,3.667,4469680,0.09534972512,0.026002106659394602,1.6331,1.8375,0.9671106659394602,0.7627106659394602,1833500000.0,phase3_rational
2025-05-09,180501.SZ,红土创新深圳安居REIT,B,3.687,1053000,0.09534972512,0.02586105915920803,1.6351,1.8425,0.9510059159208031,0.743605915920803,1843500000.0,phase3_rational
2025-05-12,180501.SZ,红土创新深圳安居REIT,B,3.705,2266078,0.09534972512,0.025735418385964912,1.688,1.905,0.8855418385964915,0.6685418385964914,1852500000.0,phase3_rational
2025-05-13,180501.SZ,红土创新深圳安居REIT,B,3.69,2297124,0.09534972512,0.02584003390785908,1.6704,1.879,0.913603390785908,0.7050033907859081,1845000000.0,phase3_rational
2025-05-14,180501.SZ,红土创新深圳安居REIT,B,3.672,1429656,0.09534972512,0.025966700740740742,1.6736,1.8775,0.923070074074074,0.7191700740740741,1836000000.0,phase3_rational
2025-05-15,180501.SZ,红土创新深圳安居REIT,B,3.653,1438230,0.09534972512,0.026101758861209967,1.6798,1.8825,0.930375886120997,0.7276758861209969,1826500000.0,phase3_rational
2025-05-16,180501.SZ,红土创新深圳安居REIT,B,3.7,2262899,0.09534972512,0.025770195978378378,1.6793,1.878,0.8977195978378378,0.699019597837838,1850000000.0,phase3_rational
2025-05-19,180501.SZ,红土创新深圳安居REIT,B,3.713,2319632,0.09534972512,0.025679969060059253,1.6893,1.861,0.8786969060059253,0.7069969060059254,1856500000.0,phase3_rational
2025-05-20,180501.SZ,红土创新深圳安居REIT,B,3.795,1997866,0.09534972512,0.025125092258234522,1.7004,1.872,0.8121092258234521,0.6405092258234519,1897500000.0,phase3_rational
2025-05-21,180501.SZ,红土创新深圳安居REIT,B,3.78,3052870,0.09534972512,0.02522479500529101,1.71,1.885,0.812479500529101,0.637479500529101,1890000000.0,phase3_rational
2025-05-22,180501.SZ,红土创新深圳安居REIT,B,3.758,4420622,0.09534972512,0.025372465439063335,1.7186,1.887,0.8186465439063335,0.6502465439063334,1879000000.0,phase3_rational
2025-05-23,180501.SZ,红土创新深圳安居REIT,B,3.758,2559072,0.09534972512,0.025372465439063335,1.7208,1.889,0.8164465439063333,0.6482465439063334,1879000000.0,phase3_rational
2025-05-26,180501.SZ,红土创新深圳安居REIT,B,3.75,1090805,0.09534972512,0.025426593365333334,1.7201,1.8875,0.8225593365333332,0.6551593365333332,1875000000.0,phase3_rational
2025-05-27,180501.SZ,红土创新深圳安居REIT,B,3.754,1623259,0.09534972512,0.025399500564730955,1.7261,1.901,0.8138500564730957,0.6389500564730957,1877000000.0,phase3_rational
2025-05-28,180501.SZ,红土创新深圳安居REIT,B,3.741,2095919,0.09534972512,0.025487763998930768,1.6832,1.906,0.865576399893077,0.6427763998930771,1870500000.0,phase3_rational
2025-05-29,180501.SZ,红土创新深圳安居REIT,B,3.724,1818000,0.09534972512,0.02560411523093448,1.6877,1.916,0.8727115230934479,0.644411523093448,1862000000.0,phase3_rational
2025-05-30,180501.SZ,红土创新深圳安居REIT,B,3.733,589112,0.09534972512,0.025542385512992233,1.6712,1.896,0.8830385512992234,0.6582385512992235,1866500000.0,phase3_rational
2025-06-03,180501.SZ,红土创新深圳安居REIT,B,3.739,867251,0.09534972512,0.02550139746456272,1.6764,1.895,0.8737397464562722,0.655139746456272,1869500000.0,phase3_rational
2025-06-04,180501.SZ,红土创新深圳安居REIT,B,3.735,3099387,0.09534972512,0.02552870819812584,1.6704,1.891,0.8824708198125839,0.661870819812584,1867500000.0,phase3_rational
2025-06-05,180501.SZ,红土创新深圳安居REIT,B,3.75,1411983,0.09534972512,0.025426593365333334,1.6741,1.896,0.8685593365333333,0.6466593365333333,1875000000.0,phase3_rational
2025-06-06,180501.SZ,红土创新深圳安居REIT,B,3.75,1339663,0.09534972512,0.025426593365333334,1.6547,1.876,0.8879593365333331,0.6666593365333333,1875000000.0,phase3_rational
2025-06-09,180501.SZ,红土创新深圳安居REIT,B,3.768,2980406,0.09534972512,0.025305128747346074,1.6559,1.87,0.8746128747346074,0.6605128747346072,1884000000.0,phase3_rational
2025-06-10,180501.SZ,红土创新深圳安居REIT,B,3.805,2707295,0.09534972512,0.025059060478318004,1.6569,1.8695,0.8490060478318002,0.6364060478318003,1902500000.0,phase3_rational
2025-06-11,180501.SZ,红土创新深圳安居REIT,B,3.791,3801727,0.09534972512,0.025151602511210763,1.642,1.849,0.8731602511210763,0.6661602511210762,1895500000.0,phase3_rational
2025-06-12,180501.SZ,红土创新深圳安居REIT,B,3.788,2153386,0.09534972512,0.025171521942977827,1.6475,1.8485,0.8696521942977826,0.6686521942977826,1894000000.0,phase3_rational
2025-06-13,180501.SZ,红土创新深圳安居REIT,B,3.881,1599289,0.09534972512,0.024568339376449373,1.644,1.8495,0.8128339376449374,0.6073339376449374,1940500000.0,phase3_rational
2025-06-16,180501.SZ,红土创新深圳安居REIT,B,3.894,2809677,0.09534972512,0.024486318726245508,1.6432,1.851,0.8054318726245506,0.5976318726245506,1947000000.0,phase3_rational
2025-06-17,180501.SZ,红土创新深圳安居REIT,B,3.976,1546210,0.09534972512,0.023981319195171026,1.6364,1.8425,0.7617319195171026,0.5556319195171027,1988000000.0,phase3_rational
2025-06-18,180501.SZ,红土创新深圳安居REIT,B,4.099,1391015,0.09534972512,0.023261704103439865,1.6384,1.8455,0.6877704103439866,0.4806704103439867,2049500000.0,phase3_rational
2025-06-19,180501.SZ,红土创新深圳安居REIT,B,4.09,1241632,0.09534972512,0.023312891227383864,1.6425,1.8431,0.6887891227383864,0.48818912273838655,2045000000.0,phase3_rational
2025-06-20,180501.SZ,红土创新深圳安居REIT,B,4.159,1380165,0.09534972512,0.022926118086078386,1.6396,1.8376,0.6530118086078385,0.4550118086078385,2079500000.0,phase3_rational
2025-06-23,180501.SZ,红土创新深圳安居REIT,B,4.101,1714603,0.09534972512,0.023250359697634726,1.6418,1.8381,0.6832359697634729,0.48693596976347275,2050500000.0,phase3_rational
2025-06-24,180501.SZ,红土创新深圳安居REIT,B,4.108,4384206,0.09534972512,0.023210741265822787,1.648,1.8506,0.6730741265822788,0.4704741265822787,2053999999.9999998,phase3_rational
2025-06-25,180501.SZ,红土创新深圳安居REIT,B,4.103,1602003,0.09534972512,0.02323902635145016,1.6544,1.8621,0.669502635145016,0.46180263514501596,2051500000.0,phase3_rational
2025-06-26,180501.SZ,红土创新深圳安居REIT,B,4.091,1677259,0.09534972512,0.023307192647274506,1.6462,1.8491,0.6845192647274503,0.4816192647274504,2045500000.0,phase3_rational
2025-06-27,180501.SZ,红土创新深圳安居REIT,B,3.97,2754914,0.09534972512,0.024017563002518894,1.6462,1.8496,0.7555563002518892,0.5521563002518894,1985000000.0,phase3_rational
2025-06-30,180501.SZ,红土创新深圳安居REIT,B,3.948,1851377,0.09534972512,0.024151399473150963,1.6469,1.8611,0.7682399473150965,0.5540399473150965,1974000000.0,phase3_rational
2025-07-01,180501.SZ,红土创新深圳安居REIT,B,3.93,3215304,0.09534972512,0.024262016569974554,1.6433,1.8516,0.7829016569974554,0.5746016569974555,1965000000.0,phase3_rational
2025-07-02,180501.SZ,红土创新深圳安居REIT,B,3.995,3336143,0.09534972512,0.02386726536170213,1.6396,1.8451,0.7471265361702131,0.5416265361702131,1997500000.0,phase3_rational
2025-07-03,180501.SZ,红土创新深圳安居REIT,B,3.986,1737489,0.09534972512,0.023921155323632714,1.6407,1.8486,0.7514155323632712,0.5435155323632712,1993000000.0,phase3_rational
2025-07-04,180501.SZ,红土创新深圳安居REIT,B,3.985,1602145,0.09534972512,0.023927158122961107,1.6433,1.8516,0.7494158122961108,0.5411158122961108,1992500000.0,phase3_rational
2025-07-07,180501.SZ,红土创新深圳安居REIT,B,3.958,1473887,0.09534972512,0.024090380272865083,1.6406,1.8536,0.7684380272865083,0.5554380272865085,1979000000.0,phase3_rational
2025-07-08,180501.SZ,红土创新深圳安居REIT,B,3.899,3723275,0.09534972512,0.024454917958450888,1.6444,1.8596,0.8010917958450885,0.5858917958450887,1949500000.0,phase3_rational
2025-07-09,180501.SZ,红土创新深圳安居REIT,B,3.869,2426234,0.09534972512,0.02464453996381494,1.6446,1.8566,0.8198539963814939,0.607853996381494,1934500000.0,phase3_rational
2025-07-10,180501.SZ,红土创新深圳安居REIT,B,3.85,1628558,0.09534972512,0.02476616236883117,1.6616,1.8746,0.8150162368831166,0.6020162368831166,1925000000.0,phase3_rational
2025-07-11,180501.SZ,红土创新深圳安居REIT,B,3.835,1786910,0.09534972512,0.0248630313220339,1.6653,1.8741,0.8210031322033899,0.6122031322033898,1917500000.0,phase3_rational
2025-07-14,180501.SZ,红土创新深圳安居REIT,B,3.837,916519,0.09534972512,0.024850071701850406,1.6726,1.8821,0.8124071701850406,0.6029071701850406,1918500000.0,phase3_rational
2025-07-15,180501.SZ,红土创新深圳安居REIT,B,3.88,3948604,0.09534972512,0.024574671422680414,1.6557,1.8601,0.8017671422680417,0.5973671422680416,1940000000.0,phase3_rational
2025-07-16,180501.SZ,红土创新深圳安居REIT,B,3.875,3015677,0.09534972512,0.024606380676129035,1.6617,1.8661,0.7989380676129036,0.5945380676129035,1937500000.0,phase3_rational
2025-07-17,180501.SZ,红土创新深圳安居REIT,B,3.915,2061770,0.09534972512,0.02435497448786718,1.663,1.883,0.7724974487867178,0.5524974487867178,1957500000.0,phase3_rational
2025-07-18,180501.SZ,红土创新深圳安居REIT,B,3.892,2062660,0.09534972512,0.024498901623843786,1.6652,1.8885,0.7846901623843787,0.5613901623843787,1946000000.0,phase3_rational
2025-07-21,180501.SZ,红土创新深圳安居REIT,B,3.86,1780155,0.09534972512,0.024702001326424874,1.6774,1.9115,0.7928001326424874,0.5587001326424874,1930000000.0,phase3_rational
2025-07-22,180501.SZ,红土创新深圳安居REIT,B,3.837,2294200,0.09534972512,0.024850071701850406,1.6907,1.9335,0.7943071701850406,0.5515071701850407,1918500000.0,phase3_rational
2025-07-23,180501.SZ,红土创新深圳安居REIT,B,3.791,4089157,0.09534972512,0.025151602511210763,1.7041,1.938,0.8110602511210763,0.5771602511210763,1895500000.0,phase3_rational
2025-07-24,180501.SZ,红土创新深圳安居REIT,B,3.778,2349884,0.09534972512,0.02523814852302806,1.7376,1.979,0.7862148523028059,0.5448148523028058,1889000000.0,phase3_rational
2025-07-25,180501.SZ,红土创新深圳安居REIT,B,3.763,967152,0.09534972512,0.02533875235716184,1.7324,1.9725,0.8014752357161841,0.5613752357161841,1881500000.0,phase3_rational
2025-07-28,180501.SZ,红土创新深圳安居REIT,B,3.82,1937181,0.09534972512,0.024960661026178013,1.7146,1.9525,0.7814661026178014,0.5435661026178014,1910000000.0,phase3_rational
2025-07-29,180501.SZ,红土创新深圳安居REIT,B,3.813,2276923,0.09534972512,0.0250064844269604,1.7466,1.998,0.7540484426960399,0.5026484426960398,1906500000.0,phase3_rational
2025-07-30,180501.SZ,红土创新深圳安居REIT,B,3.843,1254978,0.09534972512,0.02481127377569607,1.718,1.96,0.763127377569607,0.521127377569607,1921500000.0,phase3_rational
2025-07-31,180501.SZ,红土创新深圳安居REIT,B,3.939,3406969,0.09534972512,0.024206581650165017,1.7044,1.945,0.7162581650165019,0.4756581650165017,1969500000.0,phase3_rational
2025-08-01,180501.SZ,红土创新深圳安居REIT,B,3.915,1389091,0.09534972512,0.02435497448786718,1.7059,1.949,0.7295974487867178,0.48649744878671775,1957500000.0,phase3_rational
2025-08-04,180501.SZ,红土创新深圳安居REIT,B,3.875,1000347,0.09534972512,0.024606380676129035,1.7083,1.95,0.7523380676129037,0.5106380676129036,1937500000.0,phase3_rational
2025-08-05,180501.SZ,红土创新深圳安居REIT,B,3.874,562801,0.09534972512,0.02461273234899329,1.7061,1.9585,0.7551732348993292,0.5027732348993292,1937000000.0,phase3_rational
2025-08-06,180501.SZ,红土创新深圳安居REIT,B,3.871,1255266,0.09534972512,0.024631807057607855,1.6999,1.958,0.7632807057607853,0.5051807057607853,1935500000.0,phase3_rational
2025-08-07,180501.SZ,红土创新深圳安居REIT,B,3.886,1193586,0.09534972512,0.02453672802882141,1.6894,1.951,0.7642728028821413,0.5026728028821412,1943000000.0,phase3_rational
2025-08-08,180501.SZ,红土创新深圳安居REIT,B,3.87,748189,0.09534972512,0.024638171865633076,1.6891,1.96,0.7747171865633076,0.5038171865633077,1935000000.0,phase3_rational
2025-08-11,180501.SZ,红土创新深圳安居REIT,B,3.872,1258151,0.09534972512,0.024625445537190083,1.7203,1.995,0.7422445537190083,0.46754455371900816,1936000000.0,phase3_rational
2025-08-12,180501.SZ,红土创新深圳安居REIT,B,3.853,643767,0.09534972512,0.02474687908642616,1.7271,2.017,0.747587908642616,0.4576879086426162,1926500000.0,phase3_rational
2025-08-13,180501.SZ,红土创新深圳安居REIT,B,3.82,779936,0.09534972512,0.024960661026178013,1.7262,2.02,0.7698661026178013,0.47606610261780125,1910000000.0,phase3_rational
2025-08-14,180501.SZ,红土创新深圳安居REIT,B,3.809,551647,0.09534972512,0.025032744846416384,1.7341,2.0275,0.7691744846416386,0.47577448464163874,1904500000.0,phase3_rational
2025-08-15,180501.SZ,红土创新深圳安居REIT,B,3.761,1560089,0.09534972512,0.02535222683328902,1.7465,2.0475,0.788722683328902,0.4877226833289021,1880500000.0,phase3_rational
2025-08-18,180501.SZ,红土创新深圳安居REIT,B,3.656,3500447,0.09534972512,0.02608034056892779,1.7872,2.1145,0.820834056892779,0.49353405689277885,1828000000.0,phase3_rational
2025-08-19,180501.SZ,红土创新深圳安居REIT,B,3.614,2626875,0.09534972512,0.026383432517985615,1.7725,2.0975,0.8658432517985615,0.5408432517985613,1807000000.0,phase3_rational
2025-08-20,180501.SZ,红土创新深圳安居REIT,B,3.589,1667563,0.09534972512,0.02656721234884369,1.782,2.105,0.8747212348843689,0.551721234884369,1794500000.0,phase3_rational
2025-08-21,180501.SZ,红土创新深圳安居REIT,B,3.576,3009630,0.09534972512,0.026663793378076065,1.7667,2.075,0.8996793378076064,0.5913793378076062,1788000000.0,phase3_rational
2025-08-22,180501.SZ,红土创新深圳安居REIT,B,3.584,2919368,0.09534972512,0.026604275982142857,1.7818,2.0775,0.8786275982142855,0.5829275982142854,1792000000.0,phase3_rational
2025-08-25,180501.SZ,红土创新深圳安居REIT,B,3.56,3059316,0.09534972512,0.026783630651685396,1.7643,2.05,0.9140630651685395,0.6283630651685397,1780000000.0,phase3_rational
2025-08-26,180501.SZ,红土创新深圳安居REIT,B,3.609,5815487,0.09534972512,0.02641998479357163,1.7598,2.035,0.8821984793571629,0.6069984793571628,1804500000.0,phase3_rational
2025-08-27,180501.SZ,红土创新深圳安居REIT,B,3.658,3023478,0.09534972512,0.02606608122471296,1.7988,2.07,0.8078081224712963,0.5366081224712964,1829000000.0,phase3_rational
2025-08-28,180501.SZ,红土创新深圳安居REIT,B,3.628,3491783,0.09534972512,0.026281622138919516,1.8478,2.1108,0.7803622138919513,0.5173622138919516,1814000000.0,phase3_rational
2025-08-29,180501.SZ,红土创新深圳安居REIT,B,3.6,6025519,0.09534972512,0.026486034755555558,1.8379,2.1375,0.8107034755555558,0.5111034755555557,1800000000.0,phase3_rational
2025-09-01,180501.SZ,红土创新深圳安居REIT,B,3.537,5288757,0.09534972512,0.026957796188860617,1.8257,2.1165,0.8700796188860618,0.579279618886062,1768500000.0,phase3_rational
2025-09-02,180501.SZ,红土创新深圳安居REIT,B,3.554,3498201,0.09534972512,0.02682884781091728,1.8167,2.1,0.8661847810917283,0.5828847810917281,1777000000.0,phase3_rational
2025-09-03,180501.SZ,红土创新深圳安居REIT,B,3.529,1892252,0.09534972512,0.027018907656559933,1.7984,2.075,0.9034907656559934,0.6268907656559932,1764500000.0,phase3_rational
2025-09-04,180501.SZ,红土创新深圳安居REIT,B,3.628,2692346,0.09534972512,0.026281622138919516,1.806,2.085,0.8221622138919513,0.5431622138919514,1814000000.0,phase3_rational
2025-09-05,180501.SZ,红土创新深圳安居REIT,B,3.579,2671923,0.09534972512,0.02664144317407097,1.826,2.1125,0.8381443174070968,0.5516443174070971,1789500000.0,phase3_rational
2025-09-08,180501.SZ,红土创新深圳安居REIT,B,3.54,2153482,0.09534972512,0.026934950598870057,1.8514,2.1475,0.8420950598870056,0.5459950598870056,1770000000.0,phase3_rational
2025-09-09,180501.SZ,红土创新深圳安居REIT,B,3.557,1062238,0.09534972512,0.02680622016305876,1.8641,2.171,0.8165220163058757,0.509622016305876,1778500000.0,phase3_rational
2025-09-10,180501.SZ,红土创新深圳安居REIT,B,3.531,2422117,0.09534972512,0.027003603828943644,1.8992,2.204,0.8011603828943645,0.49636038289436435,1765500000.0,phase3_rational
2025-09-11,180501.SZ,红土创新深圳安居REIT,B,3.531,844724,0.09534972512,0.027003603828943644,1.8743,2.208,0.8260603828943645,0.49236038289436435,1765500000.0,phase3_rational
2025-09-12,180501.SZ,红土创新深圳安居REIT,B,3.544,1078372,0.09534972512,0.02690454997742664,1.867,2.184,0.823454997742664,0.5064549977426638,1772000000.0,phase3_rational
2025-09-15,180501.SZ,红土创新深圳安居REIT,B,3.534,2121790,0.09534972512,0.02698068056593096,1.8724,2.1875,0.8256680565930956,0.5105680565930957,1767000000.0,phase3_rational
2025-09-16,180501.SZ,红土创新深圳安居REIT,B,3.524,2374032,0.09534972512,0.027057243223609535,1.8527,2.1675,0.8530243223609535,0.5382243223609535,1762000000.0,phase3_rational
2025-09-17,180501.SZ,红土创新深圳安居REIT,B,3.524,2625730,0.09534972512,0.027057243223609535,1.8349,2.15,0.8708243223609535,0.5557243223609536,1762000000.0,phase3_rational
2025-09-18,180501.SZ,红土创新深圳安居REIT,B,3.562,4264782,0.09534972512,0.026768592116788323,1.8546,2.1701,0.8222592116788321,0.506759211678832,1781000000.0,phase3_rational
2025-09-19,180501.SZ,红土创新深圳安居REIT,B,3.559,1773184,0.09534972512,0.02679115625737567,1.8789,2.1996,0.800215625737567,0.4795156257375668,1779500000.0,phase3_rational
2025-09-22,180501.SZ,红土创新深圳安居REIT,B,3.539,596936,0.09534972512,0.02694256149194688,1.8647,2.189,0.8295561491946879,0.5052561491946879,1769500000.0,phase3_rational
2025-09-23,180501.SZ,红土创新深圳安居REIT,B,3.54,675852,0.09534972512,0.026934950598870057,1.877,2.215,0.8164950598870055,0.4784950598870057,1770000000.0,phase3_rational
2025-09-24,180501.SZ,红土创新深圳安居REIT,B,3.52,619730,0.09534972512,0.027087990090909092,1.9022,2.2501,0.8065990090909094,0.4586990090909091,1760000000.0,phase3_rational
2025-09-25,180501.SZ,红土创新深圳安居REIT,B,3.52,1762723,0.09534972512,0.027087990090909092,1.884,2.23,0.8247990090909094,0.47879900909090933,1760000000.0,phase3_rational
2025-09-26,180501.SZ,红土创新深圳安居REIT,B,3.521,1491185,0.09534972512,0.027080296824765693,1.8768,2.217,0.8312296824765693,0.4910296824765692,1760500000.0,phase3_rational
2025-09-29,180501.SZ,红土创新深圳安居REIT,B,3.521,3295668,0.09534972512,0.027080296824765693,1.887,2.242,0.8210296824765693,0.4660296824765693,1760500000.0,phase3_rational
2025-09-30,180501.SZ,红土创新深圳安居REIT,B,3.52,1590320,0.09534972512,0.027087990090909092,1.8605,2.2461,0.8482990090909093,0.4626990090909091,1760000000.0,phase3_rational
2025-10-09,180501.SZ,红土创新深圳安居REIT,B,3.5,578175,0.09534972512,0.027242778605714286,1.8466,2.2629,0.8776778605714286,0.4613778605714285,1750000000.0,phase3_rational
2025-10-10,180501.SZ,红土创新深圳安居REIT,B,3.458,1578912,0.09534972512,0.027573662556390977,1.846,2.2829,0.9113662556390976,0.4744662556390975,1729000000.0,phase3_rational
2025-10-13,180501.SZ,红土创新深圳安居REIT,B,3.453,3133617,0.09534972512,0.027613589666956272,1.8383,2.2729,0.923058966695627,0.48845896669562716,1726500000.0,phase3_rational
2025-10-14,180501.SZ,红土创新深圳安居REIT,B,3.435,2582460,0.09534972512,0.02775828970014556,1.8368,2.2678,0.939028970014556,0.5080289700145562,1717500000.0,phase3_rational
2025-10-15,180501.SZ,红土创新深圳安居REIT,B,3.419,2078913,0.09534972512,0.02788819102661597,1.8449,2.2603,0.9439191026615972,0.5285191026615972,1709500000.0,phase3_rational
2025-10-16,180501.SZ,红土创新深圳安居REIT,B,3.404,1868617,0.09534972512,0.028011082585193893,1.8407,2.2414,0.9604082585193892,0.5597082585193891,1702000000.0,phase3_rational
2025-10-17,180501.SZ,红土创新深圳安居REIT,B,3.351,2949669,0.09534972512,0.02845411074903014,1.8246,2.2002,1.020811074903014,0.6452110749030138,1675500000.0,phase3_rational
2025-10-20,180501.SZ,红土创新深圳安居REIT,B,3.281,4433447,0.09534972512,0.029061178031088084,1.8498,2.2162,1.0563178031088083,0.6899178031088082,1640500000.0,phase3_rational
2025-10-21,180501.SZ,红土创新深圳安居REIT,B,3.284,5140872,0.09534972512,0.029034630060901342,1.8357,2.1871,1.067763006090134,0.716363006090134,1642000000.0,phase3_rational
2025-10-22,180501.SZ,红土创新深圳安居REIT,B,3.315,4549294,0.09534972512,0.02876311466666667,1.8293,2.1821,1.047011466666667,0.6942114666666668,1657500000.0,phase3_rational
2025-10-23,180501.SZ,红土创新深圳安居REIT,B,3.328,2777107,0.09534972512,0.02865075875,1.8391,2.1946,1.025975875,0.6704758750000002,1664000000.0,phase3_rational
2025-10-24,180501.SZ,红土创新深圳安居REIT,B,3.424,2837872,0.09534972512,0.027847466448598132,1.8486,2.2126,0.9361466448598132,0.5721466448598131,1712000000.0,phase3_rational
2025-10-27,180501.SZ,红土创新深圳安居REIT,B,3.394,1901152,0.09534972512,0.028093613765468473,1.8423,2.2031,0.9670613765468474,0.6062613765468474,1697000000.0,phase3_rational
2025-10-28,180501.SZ,红土创新深圳安居REIT,B,3.48,2053954,0.09534972512,0.027399346298850578,1.8179,2.17,0.9220346298850577,0.5699346298850578,1740000000.0,phase3_rational
2025-10-29,180501.SZ,红土创新深圳安居REIT,B,3.52,5296499,0.09534972512,0.027087990090909092,1.8208,2.177,0.8879990090909093,0.5317990090909093,1760000000.0,phase3_rational
2025-10-30,180501.SZ,红土创新深圳安居REIT,B,3.529,2685674,0.09534972512,0.027018907656559933,1.8098,2.1625,0.8920907656559933,0.5393907656559933,1764500000.0,phase3_rational
2025-10-31,180501.SZ,红土创新深圳安居REIT,B,3.547,2315490,0.09534972512,0.02688179450803496,1.7954,2.1431,0.8927794508034956,0.5450794508034957,1773500000.0,phase3_rational
2025-11-03,180501.SZ,红土创新深圳安居REIT,B,3.536,2516395,0.09534972512,0.02696542,1.7944,2.1376,0.902142,0.558942,1768000000.0,phase3_rational
2025-11-04,180501.SZ,红土创新深圳安居REIT,B,3.483,2929860,0.09534972512,0.027375746517370084,1.7984,2.1421,0.9391746517370083,0.5954746517370082,1741500000.0,phase3_rational
2025-11-05,180501.SZ,红土创新深圳安居REIT,B,3.53,2451512,0.09534972512,0.027011253575070823,1.7964,2.1391,0.9047253575070824,0.5620253575070824,1765000000.0,phase3_rational
2025-11-06,180501.SZ,红土创新深圳安居REIT,B,3.513,1422011,0.09534972512,0.027141965590663255,1.81,2.1596,0.9041965590663255,0.5545965590663253,1756500000.0,phase3_rational
2025-11-07,180501.SZ,红土创新深圳安居REIT,B,3.541,1806397,0.09534972512,0.0269273440045185,1.8142,2.1581,0.87853440045185,0.53463440045185,1770500000.0,phase3_rational
2025-11-10,180501.SZ,红土创新深圳安居REIT,B,3.594,2497772,0.09534972512,0.026530251841958823,1.8139,2.1476,0.8391251841958824,0.5054251841958823,1797000000.0,phase3_rational
2025-11-11,180501.SZ,红土创新深圳安居REIT,B,3.597,1110528,0.09534972512,0.026508124859605228,1.8119,2.1537,0.8389124859605226,0.4971124859605225,1798500000.0,phase3_rational
2025-11-12,180501.SZ,红土创新深圳安居REIT,B,3.577,1428965,0.09534972512,0.026656339144534528,1.8071,2.1431,0.8585339144534527,0.5225339144534527,1788500000.0,phase3_rational
2025-11-13,180501.SZ,红土创新深圳安居REIT,B,3.583,492892,0.09534972512,0.026611701121964836,1.8126,2.1491,0.8485701121964835,0.5120701121964837,1791500000.0,phase3_rational
2025-11-14,180501.SZ,红土创新深圳安居REIT,B,3.582,724868,0.09534972512,0.026619130407593526,1.814,2.1481,0.8479130407593525,0.5138130407593526,1791000000.0,phase3_rational
2025-11-17,180501.SZ,红土创新深圳安居REIT,B,3.577,437918,0.09534972512,0.026656339144534528,1.8109,2.1391,0.8547339144534527,0.5265339144534527,1788500000.0,phase3_rational
2025-11-18,180501.SZ,红土创新深圳安居REIT,B,3.56,2769815,0.09534972512,0.026783630651685396,1.8121,2.1381,0.8662630651685395,0.5402630651685394,1780000000.0,phase3_rational
2025-11-19,180501.SZ,红土创新深圳安居REIT,B,3.533,650944,0.09534972512,0.026988317328049818,1.8179,2.1506,0.8809317328049817,0.5482317328049819,1766500000.0,phase3_rational
2025-11-20,180501.SZ,红土创新深圳安居REIT,B,3.543,857987,0.09534972512,0.026912143697431556,1.8135,2.1531,0.8777143697431558,0.5381143697431559,1771500000.0,phase3_rational
2025-11-21,180501.SZ,红土创新深圳安居REIT,B,3.512,1231581,0.09534972512,0.02714969394077449,1.8166,2.1576,0.8983693940774489,0.5573693940774489,1756000000.0,phase3_rational
2025-11-24,180501.SZ,红土创新深圳安居REIT,B,3.49,843538,0.09534972512,0.027320838143266475,1.821,2.1586,0.9110838143266478,0.5734838143266479,1745000000.0,phase3_rational
2025-11-25,180501.SZ,红土创新深圳安居REIT,B,3.523,1103336,0.09534972512,0.027064923394833948,1.8301,2.1751,0.8763923394833946,0.5313923394833946,1761500000.0,phase3_rational
2025-11-26,180501.SZ,红土创新深圳安居REIT,B,3.537,896987,0.09534972512,0.026957796188860617,1.8462,2.1926,0.8495796188860618,0.5031796188860618,1768500000.0,phase3_rational
2025-11-27,180501.SZ,红土创新深圳安居REIT,B,3.532,344703,0.09534972512,0.02699595841449604,1.8537,2.2001,0.8458958414496038,0.4994958414496038,1766000000.0,phase3_rational
2025-11-28,180501.SZ,红土创新深圳安居REIT,B,3.521,526336,0.09534972512,0.027080296824765693,1.8412,2.1851,0.8668296824765693,0.5229296824765695,1760500000.0,phase3_rational
2025-12-01,180501.SZ,红土创新深圳安居REIT,B,3.505,499639,0.09534972512,0.027203915868758918,1.8366,2.1901,0.8837915868758917,0.5302915868758915,1752500000.0,phase3_rational
2025-12-02,180501.SZ,红土创新深圳安居REIT,B,3.484,108195,0.09534972512,0.027367888955223883,1.8442,2.2051,0.8925888955223884,0.5316888955223886,1742000000.0,phase3_rational
2025-12-03,180501.SZ,红土创新深圳安居REIT,B,3.503,454462,0.09534972512,0.027219447650585215,1.8519,2.2351,0.8700447650585215,0.4868447650585215,1751500000.0,phase3_rational
2025-12-04,180501.SZ,红土创新深圳安居REIT,B,3.5,535820,0.09534972512,0.027242778605714286,1.8718,2.2761,0.8524778605714287,0.4481778605714286,1750000000.0,phase3_rational
2025-12-05,180501.SZ,红土创新深圳安居REIT,B,3.474,420900,0.09534972512,0.02744666814047208,1.848,2.2571,0.8966668140472078,0.48756681404720803,1737000000.0,phase3_rational
2025-12-08,180501.SZ,红土创新深圳安居REIT,B,3.477,779781,0.09534972512,0.027422986804716713,1.8499,2.2577,0.8923986804716713,0.48459868047167154,1738500000.0,phase3_rational
2025-12-09,180501.SZ,红土创新深圳安居REIT,B,3.479,852829,0.09534972512,0.027407221937338317,1.8425,2.2527,0.8982221937338315,0.4880221937338316,1739500000.0,phase3_rational
2025-12-10,180501.SZ,红土创新深圳安居REIT,B,3.499,2360634,0.09534972512,0.027250564481280368,1.8447,2.2412,0.8803564481280368,0.48385644812803674,1749500000.0,phase3_rational
2025-12-11,180501.SZ,红土创新深圳安居REIT,B,3.505,1555940,0.09534972512,0.027203915868758918,1.8404,2.2252,0.8799915868758916,0.4951915868758916,1752500000.0,phase3_rational
2025-12-12,180501.SZ,红土创新深圳安居REIT,B,3.528,822878,0.09534972512,0.027026566077097507,1.8396,2.2487,0.8630566077097508,0.45395660770975077,1764000000.0,phase3_rational
2025-12-15,180501.SZ,红土创新深圳安居REIT,B,3.481,1941557,0.09534972512,0.027391475185291586,1.8488,2.2792,0.8903475185291587,0.4599475185291588,1740500000.0,phase3_rational
2025-12-16,180501.SZ,红土创新深圳安居REIT,B,3.457,1027075,0.09534972512,0.02758163873879086,1.8458,2.2802,0.912363873879086,0.47796387387908634,1728500000.0,phase3_rational
2025-12-17,180501.SZ,红土创新深圳安居REIT,B,3.429,519199,0.09534972512,0.02780686063575387,1.834,2.2422,0.9466860635753869,0.538486063575387,1714500000.0,phase3_rational
2025-12-18,180501.SZ,红土创新深圳安居REIT,B,3.433,476493,0.09534972512,0.027774461147684244,1.8356,2.2512,0.9418461147684245,0.5262461147684245,1716500000.0,phase3_rational
2025-12-19,180501.SZ,红土创新深圳安居REIT,B,3.405,832187,0.09534972512,0.028002856129221737,1.8308,2.2252,0.9694856129221736,0.5750856129221735,1702500000.0,phase3_rational
2025-12-22,180501.SZ,红土创新深圳安居REIT,B,3.393,171539,0.09534972512,0.028101893639846748,1.8415,2.2412,0.9686893639846748,0.5689893639846746,1696500000.0,phase3_rational
2025-12-23,180501.SZ,红土创新深圳安居REIT,B,3.359,377446,0.09534972512,0.02838634269723132,1.8352,2.2232,1.0034342697231322,0.6154342697231323,1679500000.0,phase3_rational
2025-12-24,180501.SZ,红土创新深圳安居REIT,B,3.491,1822106,0.09534972512,0.0273130120653108,1.8356,2.2202,0.8957012065310801,0.5111012065310798,1745500000.0,phase3_rational
2025-12-25,180501.SZ,红土创新深圳安居REIT,B,3.566,1369077,0.09534972512,0.02673856565339316,1.8386,2.2252,0.835256565339316,0.44865656533931597,1783000000.0,phase3_rational
2025-12-26,180501.SZ,红土创新深圳安居REIT,B,3.562,2292527,0.09534972512,0.026768592116788323,1.8376,2.2233,0.8392592116788322,0.45355921167883206,1781000000.0,phase3_rational
2025-12-29,180501.SZ,红土创新深圳安居REIT,B,3.507,1016266,0.09534972512,0.027188401802110067,1.8584,2.2583,0.8604401802110067,0.4605401802110065,1753500000.0,phase3_rational
2025-12-30,180501.SZ,红土创新深圳安居REIT,B,3.533,1572228,0.09534972512,0.026988317328049818,1.8582,2.2628,0.8406317328049817,0.43603173280498186,1766500000.0,phase3_rational
2025-12-31,180501.SZ,红土创新深圳安居REIT,B,3.529,419840,0.09534972512,0.027018907656559933,1.8473,2.2674,0.8545907656559935,0.43449076565599354,1764500000.0,phase3_rational
2026-01-05,180501.SZ,红土创新深圳安居REIT,B,3.519,1321521,0.09534972512,0.0270956877294686,1.8584,2.2822,0.8511687729468598,0.4273687729468598,1759500000.0,phase3_rational
2026-01-06,180501.SZ,红土创新深圳安居REIT,B,3.534,2138520,0.09534972512,0.02698068056593096,1.8829,2.3104,0.8151680565930957,0.38766805659309567,1767000000.0,phase3_rational
2026-01-07,180501.SZ,红土创新深圳安居REIT,B,3.537,1497261,0.09534972512,0.026957796188860617,1.9019,2.3345,0.793879618886062,0.3612796188860621,1768500000.0,phase3_rational
2026-01-08,180501.SZ,红土创新深圳安居REIT,B,3.54,1088806,0.09534972512,0.026934950598870057,1.8905,2.319,0.8029950598870055,0.3744950598870056,1770000000.0,phase3_rational
2026-01-09,180501.SZ,红土创新深圳安居REIT,B,3.49,1817154,0.09534972512,0.027320838143266475,1.8782,2.3024,0.8538838143266476,0.4296838143266477,1745000000.0,phase3_rational
2026-01-12,180501.SZ,红土创新深圳安居REIT,B,3.474,1688755,0.09534972512,0.02744666814047208,1.8585,2.292,0.8861668140472079,0.4526668140472081,1737000000.0,phase3_rational
2026-01-13,180501.SZ,红土创新深圳安居REIT,B,3.42,1987283,0.09534972512,0.027880036584795324,1.8519,2.2926,0.9361036584795324,0.49540365847953227,1710000000.0,phase3_rational
2026-01-14,180501.SZ,红土创新深圳安居REIT,B,3.395,1218206,0.09534972512,0.028085338768777616,1.8494,2.3028,0.9591338768777617,0.5057338768777617,1697500000.0,phase3_rational
2026-01-15,180501.SZ,红土创新深圳安居REIT,B,3.377,5380574,0.09534972512,0.02823503853124075,1.8544,2.3058,0.969103853124075,0.517703853124075,1688500000.0,phase3_rational
2026-01-16,180501.SZ,红土创新深圳安居REIT,B,3.394,3526937,0.09534972512,0.028093613765468473,1.8424,2.3036,0.9669613765468474,0.5057613765468476,1697000000.0,phase3_rational
2026-01-19,180501.SZ,红土创新深圳安居REIT,B,3.382,3010440,0.09534972512,0.028193295422826732,1.8393,2.3417,0.9800295422826732,0.4776295422826733,1691000000.0,phase3_rational
2026-01-20,180501.SZ,红土创新深圳安居REIT,B,3.464,4026162,0.09534972512,0.027525902170900694,1.8326,2.3351,0.9199902170900696,0.4174902170900694,1732000000.0,phase3_rational
2026-01-21,180501.SZ,红土创新深圳安居REIT,B,3.505,2398222,0.09534972512,0.027203915868758918,1.8312,2.3026,0.8891915868758917,0.4177915868758917,1752500000.0,phase3_rational
2026-01-22,180501.SZ,红土创新深圳安居REIT,B,3.53,1328488,0.09534972512,0.027011253575070823,1.8425,2.3101,0.8586253575070824,0.39102535750708256,1765000000.0,phase3_rational
2026-01-23,180501.SZ,红土创新深圳安居REIT,B,3.567,2883324,0.09534972512,0.026731069559854218,1.8298,2.2871,0.8433069559854216,0.38600695598542156,1783500000.0,phase3_rational
2026-01-26,180501.SZ,红土创新深圳安居REIT,B,3.565,1991974,0.09534972512,0.026746065952314168,1.8242,2.27,0.8504065952314168,0.40460659523141684,1782500000.0,phase3_rational
2026-01-27,180501.SZ,红土创新深圳安居REIT,B,3.547,1633634,0.09534972512,0.02688179450803496,1.8311,2.285,0.8570794508034958,0.4031794508034956,1773500000.0,phase3_rational
2026-01-28,180501.SZ,红土创新深圳安居REIT,B,3.545,1171931,0.09534972512,0.026896960541607902,1.8164,2.277,0.8732960541607901,0.41269605416079,1772500000.0,phase3_rational
2026-01-29,180501.SZ,红土创新深圳安居REIT,B,3.559,2139171,0.09534972512,0.02679115625737567,1.8174,2.28,0.8617156257375671,0.3991156257375672,1779500000.0,phase3_rational
2026-01-30,180501.SZ,红土创新深圳安居REIT,B,3.559,1899764,0.09534972512,0.02679115625737567,1.8112,2.289,0.8679156257375671,0.39011562573756686,1779500000.0,phase3_rational
2026-02-02,180501.SZ,红土创新深圳安居REIT,B,3.535,1642771,0.09534972512,0.02697304812446959,1.82,2.281,0.8773048124469589,0.4163048124469588,1767500000.0,phase3_rational
2026-02-03,180501.SZ,红土创新深圳安居REIT,B,3.541,1443074,0.09534972512,0.0269273440045185,1.8172,2.28,0.8755344004518502,0.4127344004518503,1770500000.0,phase3_rational
2026-02-04,180501.SZ,红土创新深圳安居REIT,B,3.54,1190390,0.09534972512,0.026934950598870057,1.8193,2.283,0.8741950598870056,0.41049505988700563,1770000000.0,phase3_rational
2026-02-05,180501.SZ,红土创新深圳安居REIT,B,3.545,650644,0.09534972512,0.026896960541607902,1.8169,2.271,0.8727960541607902,0.41869605416079025,1772500000.0,phase3_rational
2026-02-06,180501.SZ,红土创新深圳安居REIT,B,3.547,2410634,0.09534972512,0.02688179450803496,1.8102,2.251,0.8779794508034957,0.43717945080349585,1773500000.0,phase3_rational
2026-02-09,180501.SZ,红土创新深圳安居REIT,B,3.53,1760581,0.09534972512,0.027011253575070823,1.8114,2.248,0.8897253575070825,0.45312535750708216,1765000000.0,phase3_rational
2026-02-10,180501.SZ,红土创新深圳安居REIT,B,3.525,2286246,0.09534972512,0.02704956740992908,1.8094,2.247,0.8955567409929082,0.4579567409929082,1762500000.0,phase3_rational
2026-02-11,180501.SZ,红土创新深圳安居REIT,B,3.546,1942013,0.09534972512,0.02688937538635082,1.7994,2.2455,0.8895375386350819,0.4434375386350822,1773000000.0,phase3_rational
2026-02-12,180501.SZ,红土创新深圳安居REIT,B,3.545,1154409,0.09534972512,0.026896960541607902,1.7893,2.246,0.9003960541607903,0.44369605416079017,1772500000.0,phase3_rational
2026-02-13,180501.SZ,红土创新深圳安居REIT,B,3.572,533118,0.09534972512,0.02669365204927212,1.7928,2.244,0.8765652049272121,0.42536520492721186,1786000000.0,phase3_rational
2026-02-24,180501.SZ,红土创新深圳安居REIT,B,3.561,1569311,0.09534972512,0.026776109272676218,1.8023,2.2426,0.8753109272676218,0.4350109272676219,1780500000.0,phase3_rational
2026-02-25,180501.SZ,红土创新深圳安居REIT,B,3.54,1185087,0.09534972512,0.026934950598870057,1.8158,2.255,0.8776950598870055,0.43849505988700566,1770000000.0,phase3_rational
2026-02-26,180501.SZ,红土创新深圳安居REIT,B,3.51,1933011,0.09534972512,0.027165163851851856,1.8288,2.2951,0.8877163851851855,0.4214163851851853,1755000000.0,phase3_rational
2026-02-27,180501.SZ,红土创新深圳安居REIT,B,3.468,5032780,0.09534972512,0.0274941537254902,1.7877,2.2896,0.96171537254902,0.45981537254901994,1734000000.0,phase3_rational
2026-03-02,180501.SZ,红土创新深圳安居REIT,B,3.406,7462720,0.09534972512,0.027994634503816795,1.7761,2.2696,1.0233634503816793,0.5298634503816793,1703000000.0,phase3_rational
2026-03-03,180501.SZ,红土创新深圳安居REIT,B,3.414,2979503,0.09534972512,0.02792903489162273,1.7807,2.2827,1.0122034891622729,0.5102034891622726,1707000000.0,phase3_rational
2026-03-04,180501.SZ,红土创新深圳安居REIT,B,3.4,1700296,0.09534972512,0.0280440368,1.7768,2.2752,1.0276036800000001,0.5292036800000002,1700000000.0,phase3_rational
2026-03-05,180501.SZ,红土创新深圳安居REIT,B,3.39,1456343,0.09534972512,0.028126762572271386,1.7779,2.2717,1.0347762572271384,0.5409762572271384,1695000000.0,phase3_rational
2026-03-06,180501.SZ,红土创新深圳安居REIT,B,3.37,1533634,0.09534972512,0.02829368697922849,1.781,2.2812,1.048368697922849,0.5481686979228488,1685000000.0,phase3_rational
2026-03-09,180501.SZ,红土创新深圳安居REIT,B,3.362,1771685,0.09534972512,0.02836101282569899,1.8054,2.3292,1.030701282569899,0.5069012825698986,1681000000.0,phase3_rational
2026-03-10,180501.SZ,红土创新深圳安居REIT,B,3.385,3187895,0.09534972512,0.02816830875036928,1.8055,2.3328,1.011330875036928,0.484030875036928,1692500000.0,phase3_rational
2026-03-11,180501.SZ,红土创新深圳安居REIT,B,3.391,1266136,0.09534972512,0.02811846803892657,1.8075,2.3503,1.0043468038926568,0.4615468038926571,1695500000.0,phase3_rational
2026-03-12,180501.SZ,红土创新深圳安居REIT,B,3.397,1290212,0.09534972512,0.028068803391227557,1.8052,2.3404,1.0016803391227558,0.4664803391227559,1698500000.0,phase3_rational
2026-03-13,180501.SZ,红土创新深圳安居REIT,B,3.383,2803001,0.09534972512,0.028184961608040203,1.8143,2.3665,1.0041961608040204,0.4519961608040206,1691500000.0,phase3_rational
2026-03-16,180501.SZ,红土创新深圳安居REIT,B,3.318,1795728,0.09534972512,0.02873710823387583,1.8312,2.3917,1.042510823387583,0.48201082338758283,1659000000.0,phase3_rational
2026-03-17,180501.SZ,红土创新深圳安居REIT,B,3.326,1665835,0.09534972512,0.0286679871076368,1.8314,2.3806,1.0353987107636802,0.48619871076368026,1663000000.0,phase3_rational
2026-03-18,180501.SZ,红土创新深圳安居REIT,B,3.4,2602023,0.09534972512,0.0280440368,1.8175,2.3607,0.9869036800000002,0.44370368000000004,1700000000.0,phase3_rational
2026-03-19,180501.SZ,红土创新深圳安居REIT,B,3.443,1665727,0.09534972512,0.02769379178623294,1.8252,2.391,0.9441791786232938,0.37837917862329373,1721500000.0,phase3_rational
2026-03-20,180501.SZ,红土创新深圳安居REIT,B,3.427,2066006,0.09534972512,0.02782308874234024,1.8299,2.3881,0.9524088742340242,0.3942088742340242,1713500000.0,phase3_rational
2026-03-23,180501.SZ,红土创新深圳安居REIT,B,3.38,1194684,0.09534972512,0.02820997784615385,1.8316,2.373,0.989397784615385,0.44799778461538464,1690000000.0,phase3_rational
2026-03-24,180501.SZ,红土创新深圳安居REIT,B,3.38,941348,0.09534972512,0.02820997784615385,1.8272,2.3457,0.9937977846153849,0.47529778461538497,1690000000.0,phase3_rational
2026-03-25,180501.SZ,红土创新深圳安居REIT,B,3.372,1272479,0.09534972512,0.028276905432977464,1.8233,2.3457,1.0043905432977465,0.4819905432977465,1686000000.0,phase3_rational
2026-03-26,180501.SZ,红土创新深圳安居REIT,B,3.364,952474,0.09534972512,0.02834415134363853,1.8194,2.3498,1.015015134363853,0.48461513436385273,1682000000.0,phase3_rational
2026-03-27,180501.SZ,红土创新深圳安居REIT,B,3.376,914058,0.09534972512,0.02824340199052133,1.8172,2.3497,1.007140199052133,0.47464019905213295,1688000000.0,phase3_rational
2026-03-30,180501.SZ,红土创新深圳安居REIT,B,3.375,835875,0.09534972512,0.028251770405925927,1.8063,2.3286,1.0188770405925929,0.4965770405925931,1687500000.0,phase3_rational
2026-03-31,180501.SZ,红土创新深圳安居REIT,B,3.37,1442124,0.09534972512,0.02829368697922849,1.8171,2.3521,1.012268697922849,0.4772686979228489,1685000000.0,phase3_rational
2026-04-01,180501.SZ,红土创新深圳安居REIT,B,3.372,364524,0.09534972512,0.028276905432977464,1.8244,2.3667,1.0032905432977464,0.4609905432977466,1686000000.0,phase3_rational
2026-04-02,180501.SZ,红土创新深圳安居REIT,B,3.369,681363,0.09534972512,0.028302085224102106,1.8209,2.3733,1.0093085224102105,0.4569085224102105,1684500000.0,phase3_rational
2026-04-03,180501.SZ,红土创新深圳安居REIT,B,3.407,765765,0.09534972512,0.027986417704725566,1.8199,2.3725,0.9787417704725563,0.4261417704725563,1703500000.0,phase3_rational
2026-04-07,180501.SZ,红土创新深圳安居REIT,B,3.408,619795,0.09534972512,0.02797820572769953,1.8171,2.3597,0.9807205727699531,0.43812057276995287,1704000000.0,phase3_rational
2026-04-08,180501.SZ,红土创新深圳安居REIT,B,3.438,1822601,0.09534972512,0.027734067806864455,1.8136,2.3377,0.9598067806864452,0.4357067806864454,1719000000.0,phase3_rational
2026-04-09,180501.SZ,红土创新深圳安居REIT,B,3.453,1370844,0.09534972512,0.027613589666956272,1.8192,2.3393,0.9421589666956272,0.4220589666956269,1726500000.0,phase3_rational
2026-04-10,180501.SZ,红土创新深圳安居REIT,B,3.435,1958327,0.09534972512,0.02775828970014556,1.8128,2.3055,0.963028970014556,0.4703289700145561,1717500000.0,phase3_rational
2026-04-13,180501.SZ,红土创新深圳安居REIT,B,3.391,1581247,0.09534972512,0.02811846803892657,1.7933,2.2816,1.018546803892657,0.5302468038926569,1695500000.0,phase3_rational
2026-04-14,180501.SZ,红土创新深圳安居REIT,B,3.43,2501264,0.09534972512,0.027798753679300292,1.7829,2.2805,0.9969753679300293,0.49937536793002923,1715000000.0,phase3_rational
2026-04-15,180501.SZ,红土创新深圳安居REIT,B,3.456,727202,0.09534972512,0.02758961953703704,1.7809,2.2784,0.9780619537037039,0.4805619537037038,1728000000.0,phase3_rational
2026-04-16,180501.SZ,红土创新深圳安居REIT,B,3.461,700200,0.09534972512,0.027549761664258886,1.7812,2.281,0.9737761664258888,0.4739761664258886,1730500000.0,phase3_rational
2026-04-17,180501.SZ,红土创新深圳安居REIT,B,3.445,884674,0.09534972512,0.02767771411320755,1.7623,2.25,1.005471411320755,0.517771411320755,1722500000.0,phase3_rational
2026-04-20,180501.SZ,红土创新深圳安居REIT,B,3.444,203974,0.09534972512,0.0276857506155633,1.7627,2.2556,1.00587506155633,0.5129750615563302,1722000000.0,phase3_rational
2026-04-21,180501.SZ,红土创新深圳安居REIT,B,3.448,1261195,0.09534972512,0.027653632575406036,1.751,2.2375,1.0143632575406039,0.5278632575406039,1724000000.0,phase3_rational
2026-04-22,180501.SZ,红土创新深圳安居REIT,B,3.503,952711,0.09534972512,0.027219447650585215,1.7389,2.2137,0.9830447650585217,0.5082447650585218,1751500000.0,phase3_rational
2026-04-23,180501.SZ,红土创新深圳安居REIT,B,3.473,572808,0.09534972512,0.027454571010653617,1.7548,2.2353,0.990657101065362,0.5101571010653618,1736500000.0,phase3_rational
2026-04-24,180501.SZ,红土创新深圳安居REIT,B,3.441,313565,0.09534972512,0.02770988814879396,1.7601,2.2472,1.010888814879396,0.5237888148793961,1720500000.0,phase3_rational
2026-04-27,180501.SZ,红土创新深圳安居REIT,B,3.399,629100,0.09534972512,0.028052287472786114,1.7697,2.2557,1.0355287472786114,0.5495287472786115,1699500000.0,phase3_rational
2026-04-28,180501.SZ,红土创新深圳安居REIT,B,3.4,2112692,0.09534972512,0.0280440368,1.7654,2.242,1.03900368,0.5624036800000001,1700000000.0,phase3_rational
2026-04-29,180501.SZ,红土创新深圳安居REIT,B,3.4,1279599,0.09534972512,0.0280440368,1.7444,2.219,1.0600036800000001,0.5854036800000002,1700000000.0,phase3_rational
2026-04-30,180501.SZ,红土创新深圳安居REIT,B,3.37,2612116,0.09534972512,0.02829368697922849,1.7473,2.218,1.0820686979228489,0.611368697922849,1685000000.0,phase3_rational
2026-05-06,180501.SZ,红土创新深圳安居REIT,B,3.35,581022,0.09534972512,0.028462604513432837,1.7654,2.239,1.0808604513432836,0.6072604513432838,1675000000.0,phase3_rational
2026-05-07,180501.SZ,红土创新深圳安居REIT,B,3.367,1254075,0.09534972512,0.02831889667953668,1.7631,2.238,1.068789667953668,0.5938896679536678,1683500000.0,phase3_rational
2026-05-08,180501.SZ,红土创新深圳安居REIT,B,3.408,1031643,0.09534972512,0.02797820572769953,1.7648,2.2455,1.033020572769953,0.5523205727699532,1704000000.0,phase3_rational
2026-05-11,180501.SZ,红土创新深圳安居REIT,B,3.404,1482044,0.09534972512,0.028011082585193893,1.7622,2.2361,1.0389082585193892,0.5650082585193892,1702000000.0,phase3_rational
2026-05-12,180501.SZ,红土创新深圳安居REIT,B,3.396,1272591,0.09534972512,0.028077068645465254,1.7592,2.232,1.0485068645465254,0.5757068645465253,1698000000.0,phase3_rational
2026-05-13,180501.SZ,红土创新深圳安居REIT,B,3.373,1063110,0.09534972512,0.028268522122739403,1.7514,2.234,1.0754522122739403,0.5928522122739404,1686500000.0,phase3_rational
2026-05-14,180501.SZ,红土创新深圳安居REIT,B,3.347,800423,0.09534972512,0.028488116259336723,1.7588,2.241,1.0900116259336725,0.6078116259336723,1673500000.0,phase3_rational
2026-05-15,180501.SZ,红土创新深圳安居REIT,B,3.347,280376,0.09534972512,0.028488116259336723,1.7658,2.253,1.0830116259336724,0.5958116259336723,1673500000.0,phase3_rational
2026-05-18,180501.SZ,红土创新深圳安居REIT,B,3.337,1843241,0.09534972512,0.028573486700629307,1.7585,2.244,1.0988486700629305,0.6133486700629303,1668500000.0,phase3_rational
2026-05-19,180501.SZ,红土创新深圳安居REIT,B,3.384,6030303,0.09534972512,0.028176632718676126,1.7345,2.221,1.0831632718676125,0.5966632718676124,1692000000.0,phase3_rational
2026-05-20,180501.SZ,红土创新深圳安居REIT,B,3.367,1542474,0.09534972512,0.02831889667953668,1.7382,2.2311,1.0936896679536678,0.6007896679536677,1683500000.0,phase3_rational
2026-05-21,180501.SZ,红土创新深圳安居REIT,B,3.367,774852,0.09534972512,0.02831889667953668,1.7448,2.231,1.087089667953668,0.6008896679536679,1683500000.0,phase3_rational
2026-05-22,180501.SZ,红土创新深圳安居REIT,B,3.4,177951,0.09534972512,0.0280440368,1.7519,2.2345,1.05250368,0.5699036799999999,1700000000.0,phase3_rational
2026-05-25,180501.SZ,红土创新深圳安居REIT,B,3.376,232947,0.09534972512,0.02824340199052133,1.7484,2.226,1.075940199052133,0.5983401990521329,1688000000.0,phase3_rational
2026-05-26,180501.SZ,红土创新深圳安居REIT,B,3.362,1142059,0.09534972512,0.02836101282569899,1.7405,2.2205,1.0956012825698989,0.6156012825698989,1681000000.0,phase3_rational
2026-05-27,180501.SZ,红土创新深圳安居REIT,B,3.342,282651,0.09534972512,0.0285307376181927,1.7216,2.208,1.13147376181927,0.6450737618192699,1671000000.0,phase3_rational
2026-05-28,180501.SZ,红土创新深圳安居REIT,B,3.373,425979,0.09534972512,0.028268522122739403,1.7193,2.2095,1.1075522122739403,0.6173522122739405,1686500000.0,phase3_rational
2026-05-29,180501.SZ,红土创新深圳安居REIT,B,3.42,347017,0.09534972512,0.027880036584795324,1.709,2.205,1.0790036584795324,0.5830036584795324,1710000000.0,phase3_rational
2026-06-01,180501.SZ,红土创新深圳安居REIT,B,3.442,488614,0.09534972512,0.0277018376292853,1.7009,2.191,1.06928376292853,0.5791837629285301,1721000000.0,phase3_rational
2026-06-02,180501.SZ,红土创新深圳安居REIT,B,3.43,1032291,0.09534972512,0.027798753679300292,1.7036,2.191,1.0762753679300292,0.5888753679300294,1715000000.0,phase3_rational
2026-06-03,180501.SZ,红土创新深圳安居REIT,B,3.416,1146747,0.09534972512,0.027912682997658082,1.7128,2.205,1.0784682997658082,0.5862682997658082,1708000000.0,phase3_rational
2026-06-04,180501.SZ,红土创新深圳安居REIT,B,3.443,653204,0.09534972512,0.02769379178623294,1.7081,2.191,1.0612791786232938,0.5783791786232939,1721500000.0,phase3_rational
2026-06-05,180501.SZ,红土创新深圳安居REIT,B,3.45,570930,0.09534972512,0.027637601484057972,1.7207,2.204,1.0430601484057975,0.5597601484057972,1725000000.0,phase3_rational
2026-06-08,180501.SZ,红土创新深圳安居REIT,B,3.426,598807,0.09534972512,0.027831209900758904,1.7275,2.213,1.0556209900758904,0.5701209900758903,1713000000.0,phase3_rational
2026-06-09,180501.SZ,红土创新深圳安居REIT,B,3.413,386168,0.09534972512,0.027937218025197778,1.7376,2.22,1.0561218025197778,0.5737218025197777,1706500000.0,phase3_rational
2026-06-10,180501.SZ,红土创新深圳安居REIT,B,3.412,968247,0.09534972512,0.02794540595545135,1.7476,2.235,1.046940595545135,0.5595405955451351,1706000000.0,phase3_rational
2026-06-11,180501.SZ,红土创新深圳安居REIT,B,3.399,917939,0.09534972512,0.028052287472786114,1.7475,2.238,1.0577287472786114,0.5672287472786115,1699500000.0,phase3_rational
2026-06-12,180501.SZ,红土创新深圳安居REIT,B,3.403,765202,0.09534972512,0.028019313875991773,1.7427,2.2215,1.0592313875991775,0.5804313875991776,1701500000.0,phase3_rational
2026-06-15,180501.SZ,红土创新深圳安居REIT,B,3.395,950887,0.09534972512,0.028085338768777616,1.7446,2.2215,1.0639338768777618,0.5870338768777619,1697500000.0,phase3_rational
2026-06-16,180501.SZ,红土创新深圳安居REIT,B,3.372,430351,0.09534972512,0.028276905432977464,1.7324,2.2175,1.0952905432977464,0.6101905432977466,1686000000.0,phase3_rational
2026-06-17,180501.SZ,红土创新深圳安居REIT,B,3.373,531775,0.09534972512,0.028268522122739403,1.727,2.2181,1.0998522122739403,0.6087522122739402,1686500000.0,phase3_rational
2026-06-18,180501.SZ,红土创新深圳安居REIT,B,3.348,2442254,0.09534972512,0.028479607264038236,1.7299,2.2201,1.1180607264038238,0.6278607264038238,1674000000.0,phase3_rational
2026-06-22,180501.SZ,红土创新深圳安居REIT,B,3.34,907576,0.09534972512,0.028547821892215573,1.7375,2.2216,1.1172821892215572,0.6331821892215572,1670000000.0,phase3_rational
2026-06-23,180501.SZ,红土创新深圳安居REIT,B,3.365,1005403,0.09534972512,0.028335728118870727,1.7437,2.2291,1.0898728118870729,0.604472811887073,1682500000.0,phase3_rational
2026-06-24,180501.SZ,红土创新深圳安居REIT,B,3.316,2598491,0.09534972512,0.028754440627261766,1.7454,2.2311,1.1300440627261765,0.6443440627261765,1658000000.0,phase3_rational
2026-06-25,180501.SZ,红土创新深圳安居REIT,B,3.35,1778051,0.09534972512,0.028462604513432837,1.7351,2.2201,1.1111604513432836,0.6261604513432837,1675000000.0,phase3_rational
2026-06-26,180501.SZ,红土创新深圳安居REIT,B,3.308,620599,0.09534972512,0.02882397978234583,1.7314,2.2176,1.1509979782345832,0.6647979782345832,1654000000.0,phase3_rational
2026-06-29,180501.SZ,红土创新深圳安居REIT,B,3.344,828692,0.09534972512,0.028513673779904308,1.717,2.209,1.1343673779904306,0.6423673779904306,1672000000.0,phase3_rational
2026-06-30,180501.SZ,红土创新深圳安居REIT,B,3.39,997801,0.09534972512,0.028126762572271386,1.733,2.236,1.0796762572271383,0.5766762572271382,1695000000.0,phase3_rational
2026-07-01,180501.SZ,红土创新深圳安居REIT,B,3.373,770952,0.09534972512,0.028268522122739403,1.7448,2.2525,1.0820522122739404,0.5743522122739404,1686500000.0,phase3_rational
2026-07-02,180501.SZ,红土创新深圳安居REIT,B,3.361,275295,0.09534972512,0.028369451091936924,1.741,2.258,1.0959451091936923,0.5789451091936924,1680500000.0,phase3_rational
2026-07-03,180501.SZ,红土创新深圳安居REIT,B,3.354,844840,0.09534972512,0.028428659844961242,1.7463,2.2685,1.0965659844961244,0.5743659844961244,1677000000.0,phase3_rational
2026-07-06,180501.SZ,红土创新深圳安居REIT,B,3.368,1698712,0.09534972512,0.02831048845605701,1.7379,2.255,1.093148845605701,0.5760488456057011,1684000000.0,phase3_rational
2026-07-07,180501.SZ,红土创新深圳安居REIT,B,3.325,1068300,0.09534972512,0.028676609058646618,1.7406,2.2605,1.127060905864662,0.6071609058646619,1662500000.0,phase3_rational
2026-07-08,180501.SZ,红土创新深圳安居REIT,B,3.301,410541,0.09534972512,0.028885103035443806,1.7385,2.2545,1.1500103035443805,0.6340103035443803,1650500000.0,phase3_rational
2026-07-09,180501.SZ,红土创新深圳安居REIT,B,3.318,1704390,0.09534972512,0.02873710823387583,1.7376,2.2515,1.136110823387583,0.6222108233875829,1659000000.0,phase3_rational
2026-07-10,180501.SZ,红土创新深圳安居REIT,B,3.348,1773991,0.09534972512,0.028479607264038236,1.7398,2.253,1.1081607264038238,0.5949607264038237,1674000000.0,phase3_rational
2026-07-13,180501.SZ,红土创新深圳安居REIT,B,3.341,261887,0.09534972512,0.02853927719844358,1.7442,2.263,1.109727719844358,0.5909277198443581,1670500000.0,phase3_rational
2026-07-14,180501.SZ,红土创新深圳安居REIT,B,3.35,498901,0.09534972512,0.028462604513432837,1.7402,2.2555,1.1060604513432837,0.5907604513432836,1675000000.0,phase3_rational
2026-07-15,180501.SZ,红土创新深圳安居REIT,B,3.351,406677,0.09534972512,0.02845411074903014,1.7406,2.247,1.104811074903014,0.598411074903014,1675500000.0,phase3_rational
2026-07-16,180501.SZ,红土创新深圳安居REIT,B,3.362,280503,0.09534972512,0.02836101282569899,1.7437,2.2515,1.0924012825698988,0.5846012825698987,1681000000.0,phase3_rational
2026-07-17,180501.SZ,红土创新深圳安居REIT,B,3.327,287718,0.09534972512,0.02865937033964533,1.7404,2.2425,1.1255370339645332,0.623437033964533,1663500000.0,phase3_rational
2026-07-20,180501.SZ,红土创新深圳安居REIT,B,3.339,1402308,0.09534972512,0.028556371704103026,1.7453,2.2495,1.1103371704103024,0.6061371704103027,1669500000.0,phase3_rational
2026-07-21,180501.SZ,红土创新深圳安居REIT,B,3.325,614932,0.09534972512,0.028676609058646618,1.745,2.2475,1.1226609058646617,0.6201609058646618,1662500000.0,phase3_rational
2026-07-22,180501.SZ,红土创新深圳安居REIT,B,3.3,753136,0.09534972512,0.028893856096969702,1.7297,2.212,1.15968560969697,0.6773856096969699,1650000000.0,phase3_rational
2026-07-23,180501.SZ,红土创新深圳安居REIT,B,3.322,2741136,0.09534972512,0.028702506056592414,1.7325,2.2045,1.1377506056592415,0.6657506056592415,1661000000.0,phase3_rational
2026-07-24,180501.SZ,红土创新深圳安居REIT,B,3.305,506452,0.09534972512,0.028850143757942513,1.7282,2.187,1.1568143757942513,0.6980143757942514,1652500000.0,phase3_rational
2026-07-27,180501.SZ,红土创新深圳安居REIT,B,3.299,497172,0.09534972512,0.028902614464989394,1.7337,2.193,1.1565614464989393,0.6972614464989393,1649500000.0,phase3_rational
2026-07-28,180501.SZ,红土创新深圳安居REIT,B,3.302,1072616,0.09534972512,0.028876355275590553,1.7351,2.194,1.1525355275590554,0.6936355275590556,1651000000.0,phase3_rational
2026-07-29,180501.SZ,红土创新深圳安居REIT,B,3.292,799405,0.09534972512,0.028964072029161608,1.7329,2.206,1.1635072029161606,0.6904072029161608,1646000000.0,phase3_rational
2026-07-30,180501.SZ,红土创新深圳安居REIT,B,3.288,1148419,0.09534972512,0.028999308126520684,1.7196,2.1851,1.1803308126520686,0.7148308126520688,1644000000.0,phase3_rational
2026-07-31,180501.SZ,红土创新深圳安居REIT,B,3.288,2895715,0.09534972512,0.028999308126520684,1.7141,2.1876,1.1858308126520687,0.7123308126520684,1644000000.0,phase3_rational
2026-08-03,180501.SZ,红土创新深圳安居REIT,B,3.27,692216,0.09534972512,0.029158937345565752,1.7169,2.1891,1.198993734556575,0.7267937345565754,1635000000.0,phase3_rational
2026-08-04,180501.SZ,红土创新深圳安居REIT,B,3.258,319294,0.09534972512,0.02926633674647023,1.7126,2.1841,1.214033674647023,0.742533674647023,1629000000.0,phase3_rational
2026-08-05,180501.SZ,红土创新深圳安居REIT,B,3.248,1704552,0.09534972512,0.02935644246305419,1.7137,2.1871,1.2219442463054186,0.7485442463054186,1624000000.0,phase3_rational
2026-08-06,180501.SZ,红土创新深圳安居REIT,B,3.255,1569940,0.09534972512,0.02929331032872504,1.7143,2.1886,1.2150310328725042,0.7407310328725041,1627500000.0,phase3_rational
2026-08-07,180501.SZ,红土创新深圳安居REIT,B,3.252,1067142,0.09534972512,0.02932033367773678,1.7114,2.1781,1.2206333677736778,0.7539333677736777,1626000000.0,phase3_rational
2026-08-10,180501.SZ,红土创新深圳安居REIT,B,3.225,884544,0.09534972512,0.029565806238759693,1.7074,2.1581,1.2491806238759693,0.7984806238759692,1612500000.0,phase3_rational
2024-10-23,180502.SZ,招商基金蛇口租赁住房REIT,A,2.922,16617761,0.11344392918,0.038824068850102665,2.1559,2.355,1.7265068850102665,1.5274068850102664,1461000000.0,phase3_rational
2024-10-24,180502.SZ,招商基金蛇口租赁住房REIT,A,2.905,6581276,0.11344392918,0.03905126649913942,2.1661,2.355,1.7390266499139417,1.550126649913942,1452500000.0,phase3_rational
2024-10-25,180502.SZ,招商基金蛇口租赁住房REIT,A,2.907,2984904,0.11344392918,0.039024399442724456,2.1539,2.36,1.7485399442724452,1.5424399442724455,1453500000.0,phase3_rational
2024-10-28,180502.SZ,招商基金蛇口租赁住房REIT,A,2.884,11475585,0.11344392918,0.0393356203814147,2.1617,2.38,1.77186203814147,1.5535620381414703,1442000000.0,phase3_rational
2024-10-29,180502.SZ,招商基金蛇口租赁住房REIT,A,2.882,5141278,0.11344392918,0.03936291782789729,2.1598,2.366,1.7764917827897286,1.5702917827897287,1441000000.0,phase3_rational
2024-10-30,180502.SZ,招商基金蛇口租赁住房REIT,A,2.882,4687666,0.11344392918,0.03936291782789729,2.1597,2.36,1.7765917827897288,1.576291782789729,1441000000.0,phase3_rational
2024-10-31,180502.SZ,招商基金蛇口租赁住房REIT,A,2.9,2577597,0.11344392918,0.039118596268965515,2.1476,2.335,1.7642596268965511,1.5768596268965513,1450000000.0,phase3_rational
2024-11-01,180502.SZ,招商基金蛇口租赁住房REIT,A,2.894,1640306,0.11344392918,0.039199699094678644,2.1406,2.3175,1.7793699094678646,1.6024699094678647,1447000000.0,phase3_rational
2024-11-04,180502.SZ,招商基金蛇口租赁住房REIT,A,2.897,2486186,0.11344392918,0.03915910568864343,2.1275,2.305,1.7884105688643426,1.6109105688643424,1448500000.0,phase3_rational
2024-11-05,180502.SZ,招商基金蛇口租赁住房REIT,A,2.898,3128702,0.11344392918,0.03914559322981366,2.1106,2.2825,1.8039593229813664,1.632059322981366,1449000000.0,phase3_rational
2024-11-06,180502.SZ,招商基金蛇口租赁住房REIT,A,2.887,2000283,0.11344392918,0.03929474512642882,2.1234,2.29,1.8060745126428817,1.6394745126428818,1443500000.0,phase3_rational
2024-11-07,180502.SZ,招商基金蛇口租赁住房REIT,A,2.887,2884218,0.11344392918,0.03929474512642882,2.1115,2.28,1.817974512642882,1.649474512642882,1443500000.0,phase3_rational
2024-11-08,180502.SZ,招商基金蛇口租赁住房REIT,A,2.925,4843519,0.11344392918,0.03878424929230769,2.1067,2.2775,1.771724929230769,1.6009249292307692,1462500000.0,phase3_rational
2024-11-11,180502.SZ,招商基金蛇口租赁住房REIT,A,2.985,3724710,0.11344392918,0.0380046663919598,2.092,2.2575,1.7084666391959797,1.54296663919598,1492500000.0,phase3_rational
2024-11-12,180502.SZ,招商基金蛇口租赁住房REIT,A,3.026,2230747,0.11344392918,0.03748973204890945,2.0729,2.236,1.6760732048909448,1.5129732048909448,1513000000.0,phase3_rational
2024-11-13,180502.SZ,招商基金蛇口租赁住房REIT,A,3.02,4607910,0.11344392918,0.0375642149602649,2.0876,2.26,1.66882149602649,1.4964214960264903,1510000000.0,phase3_rational
2024-11-14,180502.SZ,招商基金蛇口租赁住房REIT,A,3.015,1407047,0.11344392918,0.037626510507462685,2.0808,2.261,1.6818510507462685,1.5016510507462684,1507500000.0,phase3_rational
2024-11-15,180502.SZ,招商基金蛇口租赁住房REIT,A,3.02,2610478,0.11344392918,0.0375642149602649,2.0948,2.2825,1.66162149602649,1.47392149602649,1510000000.0,phase3_rational
2024-11-18,180502.SZ,招商基金蛇口租赁住房REIT,A,3.03,1882464,0.11344392918,0.03744024065346535,2.1117,2.3175,1.632324065346535,1.426524065346535,1515000000.0,phase3_rational
2024-11-19,180502.SZ,招商基金蛇口租赁住房REIT,A,3.032,946424,0.11344392918,0.03741554392480211,2.0947,2.286,1.6468543924802113,1.4555543924802112,1516000000.0,phase3_rational
2024-11-20,180502.SZ,招商基金蛇口租赁住房REIT,A,3.022,164269,0.11344392918,0.03753935446062211,2.1025,2.305,1.6514354460622105,1.4489354460622104,1511000000.0,phase3_rational
2024-11-21,180502.SZ,招商基金蛇口租赁住房REIT,A,3.03,112020,0.11344392918,0.03744024065346535,2.0843,2.2751,1.659724065346535,1.4689240653465347,1515000000.0,phase3_rational
2024-11-22,180502.SZ,招商基金蛇口租赁住房REIT,A,3.059,1090728,0.11344392918,0.037085298849297156,2.0832,2.265,1.6253298849297155,1.4435298849297156,1529500000.0,phase3_rational
2024-11-25,180502.SZ,招商基金蛇口租赁住房REIT,A,3.044,706544,0.11344392918,0.03726804506570302,2.0682,2.241,1.6586045065703017,1.4858045065703016,1522000000.0,phase3_rational
2024-11-26,180502.SZ,招商基金蛇口租赁住房REIT,A,3.062,385284,0.11344392918,0.037048964461136515,2.0657,2.245,1.6391964461136515,1.4598964461136514,1531000000.0,phase3_rational
2024-11-27,180502.SZ,招商基金蛇口租赁住房REIT,A,3.06,71300,0.11344392918,0.03707317947058823,2.0553,2.25,1.6520179470588232,1.4573179470588231,1530000000.0,phase3_rational
2024-11-28,180502.SZ,招商基金蛇口租赁住房REIT,A,3.063,203750,0.11344392918,0.037036868814887366,2.0304,2.218,1.6732868814887363,1.4856868814887365,1531500000.0,phase3_rational
2024-11-29,180502.SZ,招商基金蛇口租赁住房REIT,A,3.08,851686,0.11344392918,0.03683244453896104,2.0206,2.2025,1.662644453896104,1.4807444538961039,1540000000.0,phase3_rational
2024-12-02,180502.SZ,招商基金蛇口租赁住房REIT,A,3.09,601619,0.11344392918,0.03671324568932039,1.981,2.17,1.690324568932039,1.5013245689320391,1545000000.0,phase3_rational
2024-12-03,180502.SZ,招商基金蛇口租赁住房REIT,A,3.085,735288,0.11344392918,0.03677274851863858,1.9886,2.1675,1.688674851863858,1.5097748518638578,1542500000.0,phase3_rational
2024-12-04,180502.SZ,招商基金蛇口租赁住房REIT,A,3.089,2521651,0.11344392918,0.03672513084493364,1.9612,2.1375,1.7113130844933637,1.5350130844933636,1544500000.0,phase3_rational
2024-12-05,180502.SZ,招商基金蛇口租赁住房REIT,A,3.09,154306,0.11344392918,0.03671324568932039,1.9462,2.1425,1.7251245689320391,1.528824568932039,1545000000.0,phase3_rational
2024-12-06,180502.SZ,招商基金蛇口租赁住房REIT,A,3.087,1121919,0.11344392918,0.03674892425655976,1.9539,2.1585,1.720992425655976,1.516392425655976,1543500000.0,phase3_rational
2024-12-09,180502.SZ,招商基金蛇口租赁住房REIT,A,3.09,1569215,0.11344392918,0.03671324568932039,1.9168,2.1151,1.754524568932039,1.556224568932039,1545000000.0,phase3_rational
2024-12-10,180502.SZ,招商基金蛇口租赁住房REIT,A,3.186,4763255,0.11344392918,0.035607008531073445,1.8468,2.0551,1.7139008531073445,1.5056008531073446,1593000000.0,phase3_rational
2024-12-11,180502.SZ,招商基金蛇口租赁住房REIT,A,3.234,2455714,0.11344392918,0.03507851860853432,1.8218,2.0401,1.686051860853432,1.4677518608534323,1617000000.0,phase3_rational
2024-12-12,180502.SZ,招商基金蛇口租赁住房REIT,A,3.225,2142113,0.11344392918,0.03517641214883721,1.8172,2.043,1.700441214883721,1.4746412148837207,1612500000.0,phase3_rational
2024-12-13,180502.SZ,招商基金蛇口租赁住房REIT,A,3.24,1304420,0.11344392918,0.03501355838888889,1.7771,2.005,1.724255838888889,1.496355838888889,1620000000.0,phase3_rational
2024-12-16,180502.SZ,招商基金蛇口租赁住房REIT,A,3.315,3822818,0.11344392918,0.034221396434389144,1.7215,1.9526,1.7006396434389142,1.4695396434389143,1657500000.0,phase3_rational
2024-12-17,180502.SZ,招商基金蛇口租赁住房REIT,A,3.26,6483894,0.11344392918,0.03479875128220859,1.7237,1.9591,1.756175128220859,1.520775128220859,1630000000.0,phase3_rational
2024-12-18,180502.SZ,招商基金蛇口租赁住房REIT,A,3.201,2889131,0.11344392918,0.035440152820993436,1.7564,1.9961,1.7876152820993434,1.5479152820993434,1600500000.0,phase3_rational
2024-12-19,180502.SZ,招商基金蛇口租赁住房REIT,A,3.194,1273531,0.11344392918,0.035517823788353164,1.7417,1.9926,1.8100823788353162,1.5591823788353163,1597000000.0,phase3_rational
2024-12-20,180502.SZ,招商基金蛇口租赁住房REIT,A,3.24,1625050,0.11344392918,0.03501355838888889,1.7018,1.9526,1.7995558388888888,1.548755838888889,1620000000.0,phase3_rational
2024-12-23,180502.SZ,招商基金蛇口租赁住房REIT,A,3.25,1046125,0.11344392918,0.034905824363076925,1.7019,1.9526,1.7886824363076925,1.5379824363076926,1625000000.0,phase3_rational
2024-12-24,180502.SZ,招商基金蛇口租赁住房REIT,A,3.198,4159282,0.11344392918,0.03547339874296435,1.7166,1.9926,1.8307398742964354,1.5547398742964353,1599000000.0,phase3_rational
2024-12-25,180502.SZ,招商基金蛇口租赁住房REIT,A,3.176,4167941,0.11344392918,0.03571912127833753,1.7365,2.007,1.8354121278337532,1.564912127833753,1588000000.0,phase3_rational
2024-12-26,180502.SZ,招商基金蛇口租赁住房REIT,A,3.179,1074844,0.11344392918,0.03568541339414911,1.7122,1.9701,1.856341339414911,1.598441339414911,1589500000.0,phase3_rational
2024-12-27,180502.SZ,招商基金蛇口租赁住房REIT,A,3.198,1673837,0.11344392918,0.03547339874296435,1.6929,1.9476,1.8544398742964352,1.5997398742964353,1599000000.0,phase3_rational
2024-12-30,180502.SZ,招商基金蛇口租赁住房REIT,A,3.195,2074327,0.11344392918,0.03550670709859155,1.7128,1.9476,1.8378707098591547,1.6030707098591548,1597500000.0,phase3_rational
2024-12-31,180502.SZ,招商基金蛇口租赁住房REIT,A,3.195,829564,0.11344392918,0.03550670709859155,1.6752,1.9121,1.8754707098591548,1.6385707098591549,1597500000.0,phase3_rational
2025-01-02,180502.SZ,招商基金蛇口租赁住房REIT,A,3.246,3983075,0.11344392918,0.03494883831792976,1.6077,1.8397,1.887183831792976,1.6551838317929761,1623000000.0,phase3_rational
2025-01-03,180502.SZ,招商基金蛇口租赁住房REIT,A,3.341,4464808,0.11344392918,0.03395508206524992,1.6041,1.8501,1.791408206524992,1.5454082065249921,1670500000.0,phase3_rational
2025-01-06,180502.SZ,招商基金蛇口租赁住房REIT,A,3.331,1532557,0.11344392918,0.034057018667066945,1.5966,1.8327,1.8091018667066945,1.5730018667066945,1665500000.0,phase3_rational
2025-01-07,180502.SZ,招商基金蛇口租赁住房REIT,A,3.26,2525537,0.11344392918,0.03479875128220859,1.6093,1.8602,1.8705751282208591,1.619675128220859,1630000000.0,phase3_rational
2025-01-08,180502.SZ,招商基金蛇口租赁住房REIT,A,3.298,1219500,0.11344392918,0.034397795385081864,1.6069,1.8702,1.8328795385081862,1.569579538508186,1649000000.0,phase3_rational
2025-01-09,180502.SZ,招商基金蛇口租赁住房REIT,A,3.32,3139519,0.11344392918,0.03416985818674699,1.6368,1.8932,1.780185818674699,1.523785818674699,1660000000.0,phase3_rational
2025-01-10,180502.SZ,招商基金蛇口租赁住房REIT,A,3.33,3664237,0.11344392918,0.034067246,1.6338,1.8752,1.7729246000000005,1.5315246000000005,1665000000.0,phase3_rational
2025-01-13,180502.SZ,招商基金蛇口租赁住房REIT,A,3.319,3336353,0.11344392918,0.03418015341367882,1.6592,1.9051,1.758815341367882,1.512915341367882,1659500000.0,phase3_rational
2025-01-14,180502.SZ,招商基金蛇口租赁住房REIT,A,3.312,514421,0.11344392918,0.03425239407608696,1.6446,1.8652,1.780639407608696,1.560039407608696,1656000000.0,phase3_rational
2025-01-15,180502.SZ,招商基金蛇口租赁住房REIT,A,3.368,2978094,0.11344392918,0.033682876834916865,1.633,1.8602,1.7352876834916864,1.5080876834916863,1684000000.0,phase3_rational
2025-01-16,180502.SZ,招商基金蛇口租赁住房REIT,A,3.435,1355271,0.11344392918,0.033025889135371175,1.6394,1.8677,1.6631889135371176,1.4348889135371177,1717500000.0,phase3_rational
2025-01-17,180502.SZ,招商基金蛇口租赁住房REIT,A,3.472,740200,0.11344392918,0.03267394273617512,1.6593,1.915,1.6080942736175117,1.3523942736175116,1736000000.0,phase3_rational
2025-01-20,180502.SZ,招商基金蛇口租赁住房REIT,A,3.5,2116620,0.11344392918,0.03241255119428572,1.6747,1.9225,1.5665551194285716,1.3187551194285716,1750000000.0,phase3_rational
2025-01-21,180502.SZ,招商基金蛇口租赁住房REIT,A,3.48,1394467,0.11344392918,0.03259883022413793,1.6496,1.89,1.6102830224137934,1.3698830224137934,1740000000.0,phase3_rational
2025-01-22,180502.SZ,招商基金蛇口租赁住房REIT,A,3.553,1579457,0.11344392918,0.03192905408950183,1.6602,1.9,1.5327054089501828,1.2929054089501828,1776500000.0,phase3_rational
2025-01-23,180502.SZ,招商基金蛇口租赁住房REIT,A,3.62,1324100,0.11344392918,0.03133810198342541,1.6645,1.9,1.469310198342541,1.2338101983425411,1810000000.0,phase3_rational
2025-01-24,180502.SZ,招商基金蛇口租赁住房REIT,A,3.693,551355,0.11344392918,0.030718637741673434,1.6565,1.89,1.4153637741673435,1.1818637741673437,1846500000.0,phase3_rational
2025-01-27,180502.SZ,招商基金蛇口租赁住房REIT,A,3.795,614352,0.11344392918,0.029892998466403163,1.6299,1.8675,1.3593998466403165,1.1217998466403165,1897500000.0,phase3_rational
2025-02-05,180502.SZ,招商基金蛇口租赁住房REIT,A,3.852,1120508,0.11344392918,0.029450656588785047,1.6207,1.8375,1.3243656588785047,1.1075656588785048,1926000000.0,phase3_rational
2025-02-06,180502.SZ,招商基金蛇口租赁住房REIT,A,3.852,1498293,0.11344392918,0.029450656588785047,1.5958,1.805,1.3492656588785046,1.1400656588785048,1926000000.0,phase3_rational
2025-02-07,180502.SZ,招商基金蛇口租赁住房REIT,A,3.826,1266438,0.11344392918,0.029650791735493988,1.6032,1.8025,1.3618791735493987,1.1625791735493987,1913000000.0,phase3_rational
2025-02-10,180502.SZ,招商基金蛇口租赁住房REIT,A,3.798,2194720,0.11344392918,0.029869386303317536,1.6342,1.825,1.3527386303317532,1.1619386303317534,1899000000.0,phase3_rational
2025-02-11,180502.SZ,招商基金蛇口租赁住房REIT,A,3.816,1913306,0.11344392918,0.029728492971698113,1.6274,1.8075,1.3454492971698115,1.1653492971698114,1908000000.0,phase3_rational
2025-02-12,180502.SZ,招商基金蛇口租赁住房REIT,A,3.766,972906,0.11344392918,0.03012318884227297,1.6336,1.809,1.3787188842272968,1.2033188842272968,1883000000.0,phase3_rational
2025-02-13,180502.SZ,招商基金蛇口租赁住房REIT,A,3.689,1221574,0.11344392918,0.030751946104635403,1.6346,1.799,1.4405946104635403,1.2761946104635404,1844500000.0,phase3_rational
2025-02-14,180502.SZ,招商基金蛇口租赁住房REIT,A,3.728,1231028,0.11344392918,0.030430238513948497,1.6546,1.82,1.3884238513948495,1.2230238513948495,1864000000.0,phase3_rational
2025-02-17,180502.SZ,招商基金蛇口租赁住房REIT,A,3.693,1848700,0.11344392918,0.030718637741673434,1.6934,1.86,1.3784637741673436,1.2118637741673435,1846500000.0,phase3_rational
2025-02-18,180502.SZ,招商基金蛇口租赁住房REIT,A,3.675,1624673,0.11344392918,0.030869096375510205,1.7006,1.86,1.3863096375510204,1.2269096375510202,1837500000.0,phase3_rational
2025-02-19,180502.SZ,招商基金蛇口租赁住房REIT,A,3.68,1050609,0.11344392918,0.030827154668478258,1.6626,1.84,1.4201154668478255,1.2427154668478255,1840000000.0,phase3_rational
2025-02-20,180502.SZ,招商基金蛇口租赁住房REIT,A,3.71,1247806,0.11344392918,0.0305778784851752,1.685,1.87,1.37278784851752,1.18778784851752,1855000000.0,phase3_rational
2025-02-21,180502.SZ,招商基金蛇口租赁住房REIT,A,3.673,3874647,0.11344392918,0.030885905031309557,1.72,1.905,1.3685905031309555,1.1835905031309555,1836500000.0,phase3_rational
2025-02-24,180502.SZ,招商基金蛇口租赁住房REIT,A,3.622,1500341,0.11344392918,0.03132079767531751,1.7625,1.945,1.3695797675317507,1.1870797675317506,1811000000.0,phase3_rational
2025-02-25,180502.SZ,招商基金蛇口租赁住房REIT,A,3.57,3534619,0.11344392918,0.03177701097478992,1.7275,1.915,1.4502010974789918,1.2627010974789918,1785000000.0,phase3_rational
2025-02-26,180502.SZ,招商基金蛇口租赁住房REIT,A,3.603,3601630,0.11344392918,0.03148596424646128,1.7251,1.91,1.423496424646128,1.238596424646128,1801500000.0,phase3_rational
2025-02-27,180502.SZ,招商基金蛇口租赁住房REIT,A,3.588,4391669,0.11344392918,0.031617594531772576,1.7576,1.935,1.4041594531772574,1.2267594531772574,1794000000.0,phase3_rational
2025-02-28,180502.SZ,招商基金蛇口租赁住房REIT,A,3.585,3062300,0.11344392918,0.031644052769874476,1.7152,1.905,1.4492052769874475,1.2594052769874475,1792500000.0,phase3_rational
2025-03-03,180502.SZ,招商基金蛇口租赁住房REIT,A,3.625,4203361,0.11344392918,0.03129487701517241,1.6955,1.89,1.4339877015172409,1.239487701517241,1812500000.0,phase3_rational
2025-03-04,180502.SZ,招商基金蛇口租赁住房REIT,A,3.65,3065877,0.11344392918,0.031080528542465753,1.7079,1.9,1.400152854246575,1.2080528542465752,1825000000.0,phase3_rational
2025-03-05,180502.SZ,招商基金蛇口租赁住房REIT,A,3.598,3542677,0.11344392918,0.03152971906058922,1.7083,1.8925,1.4446719060589222,1.260471906058922,1799000000.0,phase3_rational
2025-03-06,180502.SZ,招商基金蛇口租赁住房REIT,A,3.51,3969000,0.11344392918,0.03232020774358975,1.7455,1.9325,1.486520774358975,1.299520774358975,1755000000.0,phase3_rational
2025-03-07,180502.SZ,招商基金蛇口租赁住房REIT,A,3.511,2297190,0.11344392918,0.032311002329820565,1.8002,1.975,1.4309002329820564,1.2561002329820563,1755500000.0,phase3_rational
2025-03-10,180502.SZ,招商基金蛇口租赁住房REIT,A,3.516,2726882,0.11344392918,0.03226505380546075,1.8128,1.985,1.413705380546075,1.241505380546075,1758000000.0,phase3_rational
2025-03-11,180502.SZ,招商基金蛇口租赁住房REIT,A,3.466,3374800,0.11344392918,0.03273050466820542,1.8853,2.035,1.3877504668205423,1.238050466820542,1733000000.0,phase3_rational
2025-03-12,180502.SZ,招商基金蛇口租赁住房REIT,A,3.477,4056413,0.11344392918,0.03262695691113029,1.8334,2.0125,1.429295691113029,1.2501956911130288,1738500000.0,phase3_rational
2025-03-13,180502.SZ,招商基金蛇口租赁住房REIT,A,3.478,4379300,0.11344392918,0.032617575957446805,1.8565,2.04,1.4052575957446805,1.2217575957446805,1739000000.0,phase3_rational
2025-03-14,180502.SZ,招商基金蛇口租赁住房REIT,A,3.479,2379300,0.11344392918,0.03260820039666571,1.8317,2.04,1.429120039666571,1.2208200396665712,1739500000.0,phase3_rational
2025-03-17,180502.SZ,招商基金蛇口租赁住房REIT,A,3.481,3768287,0.11344392918,0.03258946543521977,1.8957,2.115,1.3632465435219767,1.1439465435219764,1740500000.0,phase3_rational
2025-03-18,180502.SZ,招商基金蛇口租赁住房REIT,A,3.54,4063681,0.11344392918,0.0320463076779661,1.8885,2.1151,1.31613076779661,1.0895307677966102,1770000000.0,phase3_rational
2025-03-19,180502.SZ,招商基金蛇口租赁住房REIT,A,3.613,2035149,0.11344392918,0.031398817929698314,1.8708,2.1051,1.2690817929698315,1.0347817929698313,1806500000.0,phase3_rational
2025-03-20,180502.SZ,招商基金蛇口租赁住房REIT,A,3.679,3657442,0.11344392918,0.030835533889643926,1.8309,2.0526,1.2526533889643925,1.0309533889643925,1839500000.0,phase3_rational
2025-03-21,180502.SZ,招商基金蛇口租赁住房REIT,A,3.652,1702200,0.11344392918,0.03106350744249726,1.8458,2.0676,1.2605507442497261,1.0387507442497261,1826000000.0,phase3_rational
2025-03-24,180502.SZ,招商基金蛇口租赁住房REIT,A,3.66,1713200,0.11344392918,0.03099560906557377,1.8413,2.0501,1.258260906557377,1.049460906557377,1830000000.0,phase3_rational
2025-03-25,180502.SZ,招商基金蛇口租赁住房REIT,A,3.66,1693200,0.11344392918,0.03099560906557377,1.8183,2.0276,1.281260906557377,1.071960906557377,1830000000.0,phase3_rational
2025-03-26,180502.SZ,招商基金蛇口租赁住房REIT,A,3.679,1067400,0.11344392918,0.030835533889643926,1.7943,2.0001,1.2892533889643925,1.0834533889643922,1839500000.0,phase3_rational
2025-03-27,180502.SZ,招商基金蛇口租赁住房REIT,A,3.714,2043400,0.11344392918,0.03054494592891761,1.8062,2.0101,1.248294592891761,1.044394592891761,1857000000.0,phase3_rational
2025-03-28,180502.SZ,招商基金蛇口租赁住房REIT,A,3.722,1748612,0.11344392918,0.03047929317033853,1.8126,2.0251,1.2353293170338528,1.0228293170338527,1861000000.0,phase3_rational
2025-03-31,180502.SZ,招商基金蛇口租赁住房REIT,A,3.632,1480596,0.11344392918,0.031234561998898677,1.8129,2.0226,1.3105561998898678,1.1008561998898676,1816000000.0,phase3_rational
2025-04-01,180502.SZ,招商基金蛇口租赁住房REIT,A,3.604,2648013,0.11344392918,0.031477227852386234,1.8104,2.0201,1.3373227852386234,1.1276227852386236,1802000000.0,phase3_rational
2025-04-02,180502.SZ,招商基金蛇口租赁住房REIT,A,3.687,1922755,0.11344392918,0.030768627388120424,1.7887,1.9801,1.2881627388120425,1.0967627388120424,1843500000.0,phase3_rational
2025-04-03,180502.SZ,招商基金蛇口租赁住房REIT,A,3.739,3033272,0.11344392918,0.030340713875367745,1.718,1.9052,1.3160713875367747,1.1288713875367746,1869500000.0,phase3_rational
2025-04-07,180502.SZ,招商基金蛇口租赁住房REIT,A,3.773,2300698,0.11344392918,0.03006730166445799,1.6318,1.8252,1.3749301664457991,1.1815301664457991,1886500000.0,phase3_rational
2025-04-08,180502.SZ,招商基金蛇口租赁住房REIT,A,3.76,1226900,0.11344392918,0.0301712577606383,1.6633,1.8551,1.3538257760638297,1.1620257760638297,1880000000.0,phase3_rational
2025-04-09,180502.SZ,招商基金蛇口租赁住房REIT,A,3.723,1310700,0.11344392918,0.030471106414182113,1.6508,1.8552,1.3963106414182114,1.1919106414182115,1861500000.0,phase3_rational
2025-04-10,180502.SZ,招商基金蛇口租赁住房REIT,A,3.728,717415,0.11344392918,0.030430238513948497,1.6444,1.8602,1.3986238513948495,1.1828238513948495,1864000000.0,phase3_rational
2025-04-11,180502.SZ,招商基金蛇口租赁住房REIT,A,3.74,1448394,0.11344392918,0.030332601385026737,1.6568,1.8627,1.3764601385026736,1.1705601385026736,1870000000.0,phase3_rational
2025-04-14,180502.SZ,招商基金蛇口租赁住房REIT,A,3.759,442441,0.11344392918,0.0301792841660016,1.6584,1.8602,1.3595284166001596,1.1577284166001596,1879500000.0,phase3_rational
2025-04-15,180502.SZ,招商基金蛇口租赁住房REIT,A,3.795,1265454,0.11344392918,0.029892998466403163,1.6583,1.8602,1.3309998466403163,1.1290998466403164,1897500000.0,phase3_rational
2025-04-16,180502.SZ,招商基金蛇口租赁住房REIT,A,3.817,594838,0.11344392918,0.029720704527115536,1.643,1.8652,1.3290704527115536,1.1068704527115536,1908500000.0,phase3_rational
2025-04-17,180502.SZ,招商基金蛇口租赁住房REIT,A,3.84,1103719,0.11344392918,0.029542689890625,1.6522,1.8982,1.3020689890625003,1.0560689890625001,1920000000.0,phase3_rational
2025-04-18,180502.SZ,招商基金蛇口租赁住房REIT,A,3.827,1085800,0.11344392918,0.029643043945649334,1.6493,1.9042,1.3150043945649335,1.0601043945649335,1913500000.0,phase3_rational
2025-04-21,180502.SZ,招商基金蛇口租赁住房REIT,A,3.823,1480750,0.11344392918,0.029674059424535704,1.6664,1.9227,1.3010059424535705,1.0447059424535705,1911500000.0,phase3_rational
2025-04-22,180502.SZ,招商基金蛇口租赁住房REIT,A,3.84,869507,0.11344392918,0.029542689890625,1.6509,1.9052,1.3033689890625002,1.0490689890625002,1920000000.0,phase3_rational
2025-04-23,180502.SZ,招商基金蛇口租赁住房REIT,A,3.8,1086019,0.11344392918,0.029853665573684213,1.6611,1.9279,1.3242665573684211,1.0574665573684212,1900000000.0,phase3_rational
2025-04-24,180502.SZ,招商基金蛇口租赁住房REIT,A,3.81,618800,0.11344392918,0.029775309496062993,1.664,1.9327,1.3135309496062992,1.044830949606299,1905000000.0,phase3_rational
2025-04-25,180502.SZ,招商基金蛇口租赁住房REIT,A,3.767,774600,0.11344392918,0.03011519224316432,1.6606,1.9276,1.3509192243164319,1.083919224316432,1883500000.0,phase3_rational
2025-04-28,180502.SZ,招商基金蛇口租赁住房REIT,A,3.706,1164988,0.11344392918,0.030610882131678358,1.6483,1.9005,1.4127882131678355,1.1605882131678356,1853000000.0,phase3_rational
2025-04-29,180502.SZ,招商基金蛇口租赁住房REIT,A,3.74,709400,0.11344392918,0.030332601385026737,1.6241,1.8225,1.4091601385026735,1.2107601385026736,1870000000.0,phase3_rational
2025-04-30,180502.SZ,招商基金蛇口租赁住房REIT,A,3.83,412919,0.11344392918,0.029619824851174936,1.6243,1.824,1.3376824851174935,1.1379824851174936,1915000000.0,phase3_rational
2025-05-06,180502.SZ,招商基金蛇口租赁住房REIT,A,3.826,950139,0.11344392918,0.029650791735493988,1.6298,1.827,1.3352791735493987,1.1380791735493987,1913000000.0,phase3_rational
2025-05-07,180502.SZ,招商基金蛇口租赁住房REIT,A,3.867,992437,0.11344392918,0.02933641820015516,1.6418,1.8475,1.2918418200155162,1.0861418200155162,1933500000.0,phase3_rational
2025-05-08,180502.SZ,招商基金蛇口租赁住房REIT,A,3.867,2449756,0.11344392918,0.02933641820015516,1.6331,1.8375,1.300541820015516,1.0961418200155162,1933500000.0,phase3_rational
2025-05-09,180502.SZ,招商基金蛇口租赁住房REIT,A,3.849,348900,0.11344392918,0.029473611114575214,1.6351,1.8425,1.3122611114575213,1.1048611114575213,1924500000.0,phase3_rational
2025-05-12,180502.SZ,招商基金蛇口租赁住房REIT,A,3.858,1061787,0.11344392918,0.02940485463452566,1.688,1.905,1.252485463452566,1.0354854634525659,1929000000.0,phase3_rational
2025-05-13,180502.SZ,招商基金蛇口租赁住房REIT,A,3.857,2010038,0.11344392918,0.029412478397718433,1.6704,1.879,1.2708478397718432,1.0622478397718433,1928500000.0,phase3_rational
2025-05-14,180502.SZ,招商基金蛇口租赁住房REIT,A,3.875,773713,0.11344392918,0.029275852691612904,1.6736,1.8775,1.2539852691612903,1.0500852691612903,1937500000.0,phase3_rational
2025-05-15,180502.SZ,招商基金蛇口租赁住房REIT,A,3.828,499031,0.11344392918,0.029635300203761757,1.6798,1.8825,1.283730020376176,1.0810300203761758,1914000000.0,phase3_rational
2025-05-16,180502.SZ,招商基金蛇口租赁住房REIT,A,3.833,1269177,0.11344392918,0.029596642102791546,1.6793,1.878,1.2803642102791546,1.0816642102791547,1916500000.0,phase3_rational
2025-05-19,180502.SZ,招商基金蛇口租赁住房REIT,A,3.862,869200,0.11344392918,0.029374399062661833,1.6893,1.861,1.2481399062661833,1.0764399062661834,1931000000.0,phase3_rational
2025-05-20,180502.SZ,招商基金蛇口租赁住房REIT,A,3.905,844806,0.11344392918,0.029050942171574907,1.7004,1.872,1.2046942171574908,1.0330942171574906,1952500000.0,phase3_rational
2025-05-21,180502.SZ,招商基金蛇口租赁住房REIT,A,3.939,957300,0.11344392918,0.028800185118050266,1.71,1.885,1.1700185118050266,0.9950185118050265,1969500000.0,phase3_rational
2025-05-22,180502.SZ,招商基金蛇口租赁住房REIT,A,3.894,3053862,0.11344392918,0.02913300697996918,1.7186,1.887,1.1947006979969181,1.026300697996918,1947000000.0,phase3_rational
2025-05-23,180502.SZ,招商基金蛇口租赁住房REIT,A,3.932,1252169,0.11344392918,0.028851457065106816,1.7208,1.889,1.1643457065106815,0.9961457065106816,1966000000.0,phase3_rational
2025-05-26,180502.SZ,招商基金蛇口租赁住房REIT,A,3.898,850400,0.11344392918,0.029103111641867623,1.7201,1.8875,1.190211164186762,1.022811164186762,1949000000.0,phase3_rational
2025-05-27,180502.SZ,招商基金蛇口租赁住房REIT,A,3.894,744900,0.11344392918,0.02913300697996918,1.7261,1.901,1.187200697996918,1.012300697996918,1947000000.0,phase3_rational
2025-05-28,180502.SZ,招商基金蛇口租赁住房REIT,A,3.876,214700,0.11344392918,0.029268299582043345,1.6832,1.906,1.2436299582043346,1.0208299582043348,1938000000.0,phase3_rational
2025-05-29,180502.SZ,招商基金蛇口租赁住房REIT,A,3.858,269607,0.11344392918,0.02940485463452566,1.6877,1.916,1.252785463452566,1.024485463452566,1929000000.0,phase3_rational
2025-05-30,180502.SZ,招商基金蛇口租赁住房REIT,A,3.91,785600,0.11344392918,0.02901379262915601,1.6712,1.896,1.2301792629156008,1.0053792629156009,1955000000.0,phase3_rational
2025-06-03,180502.SZ,招商基金蛇口租赁住房REIT,A,3.899,336400,0.11344392918,0.029095647391638883,1.6764,1.895,1.2331647391638885,1.0145647391638883,1949500000.0,phase3_rational
2025-06-04,180502.SZ,招商基金蛇口租赁住房REIT,A,3.914,858100,0.11344392918,0.02898414133367399,1.6704,1.891,1.2280141333673986,1.0074141333673987,1957000000.0,phase3_rational
2025-06-05,180502.SZ,招商基金蛇口租赁住房REIT,A,3.932,997300,0.11344392918,0.028851457065106816,1.6741,1.896,1.2110457065106817,0.9891457065106817,1966000000.0,phase3_rational
2025-06-06,180502.SZ,招商基金蛇口租赁住房REIT,A,3.978,687000,0.11344392918,0.02851783036199095,1.6547,1.876,1.197083036199095,0.9757830361990951,1989000000.0,phase3_rational
2025-06-09,180502.SZ,招商基金蛇口租赁住房REIT,A,3.959,624200,0.11344392918,0.02865469289719626,1.6559,1.87,1.2095692897196262,0.995469289719626,1979500000.0,phase3_rational
2025-06-10,180502.SZ,招商基金蛇口租赁住房REIT,A,3.981,347800,0.11344392918,0.02849633990957046,1.6569,1.8695,1.192733990957046,0.9801339909570461,1990500000.0,phase3_rational
2025-06-11,180502.SZ,招商基金蛇口租赁住房REIT,A,3.997,371700,0.11344392918,0.02838226899674756,1.642,1.849,1.1962268996747563,0.9892268996747562,1998500000.0,phase3_rational
2025-06-12,180502.SZ,招商基金蛇口租赁住房REIT,A,3.982,672200,0.11344392918,0.02848918362129583,1.6475,1.8485,1.201418362129583,1.000418362129583,1991000000.0,phase3_rational
2025-06-13,180502.SZ,招商基金蛇口租赁住房REIT,A,3.987,644300,0.11344392918,0.028453456027088035,1.644,1.8495,1.2013456027088034,0.9958456027088034,1993500000.0,phase3_rational
2025-06-16,180502.SZ,招商基金蛇口租赁住房REIT,A,4.037,1694331,0.11344392918,0.028101047604656922,1.6432,1.851,1.1669047604656921,0.9591047604656922,2018500000.0,phase3_rational
2025-06-17,180502.SZ,招商基金蛇口租赁住房REIT,A,4.076,402500,0.11344392918,0.0278321710451423,1.6364,1.8425,1.1468171045142297,0.9407171045142297,2037999999.9999998,phase3_rational
2025-06-18,180502.SZ,招商基金蛇口租赁住房REIT,A,4.128,1702492,0.11344392918,0.02748157199127907,1.6384,1.8455,1.109757199127907,0.9026571991279071,2064000000.0,phase3_rational
2025-06-19,180502.SZ,招商基金蛇口租赁住房REIT,A,4.149,1582500,0.11344392918,0.027342475097613884,1.6425,1.8431,1.0917475097613885,0.8911475097613886,2074500000.0,phase3_rational
2025-06-20,180502.SZ,招商基金蛇口租赁住房REIT,A,4.168,1299939,0.11344392918,0.027217833296545105,1.6396,1.8376,1.0821833296545107,0.8841833296545107,2084000000.0,phase3_rational
2025-06-23,180502.SZ,招商基金蛇口租赁住房REIT,A,4.166,306800,0.11344392918,0.027230899947191547,1.6418,1.8381,1.0812899947191545,0.8849899947191544,2083000000.0000002,phase3_rational
2025-06-24,180502.SZ,招商基金蛇口租赁住房REIT,A,4.121,2548700,0.11344392918,0.027528252652268864,1.648,1.8506,1.1048252652268864,0.9022252652268863,2060500000.0000002,phase3_rational
2025-06-25,180502.SZ,招商基金蛇口租赁住房REIT,A,4.106,661450,0.11344392918,0.027628818602045788,1.6544,1.8621,1.1084818602045787,0.9007818602045787,2053000000.0,phase3_rational
2025-06-26,180502.SZ,招商基金蛇口租赁住房REIT,A,4.09,153400,0.11344392918,0.027736902,1.6462,1.8491,1.1274901999999998,0.9245901999999999,2045000000.0,phase3_rational
2025-06-27,180502.SZ,招商基金蛇口租赁住房REIT,A,4.08,1187045,0.11344392918,0.027804884602941175,1.6462,1.8496,1.1342884602941175,0.9308884602941176,2040000000.0,phase3_rational
2025-06-30,180502.SZ,招商基金蛇口租赁住房REIT,A,4.1,905355,0.11344392918,0.027669251019512196,1.6469,1.8611,1.1200251019512195,0.9058251019512196,2049999999.9999998,phase3_rational
2025-07-01,180502.SZ,招商基金蛇口租赁住房REIT,A,4.065,629100,0.11344392918,0.02790748565313653,1.6433,1.8516,1.147448565313653,0.9391485653136531,2032500000.0000002,phase3_rational
2025-07-02,180502.SZ,招商基金蛇口租赁住房REIT,A,4.153,1930377,0.11344392918,0.02731613994221045,1.6396,1.8451,1.0920139942210454,0.8865139942210454,2076499999.9999998,phase3_rational
2025-07-03,180502.SZ,招商基金蛇口租赁住房REIT,A,4.181,2015925,0.11344392918,0.02713320477876106,1.6407,1.8486,1.0726204778761061,0.8647204778761062,2090500000.0,phase3_rational
2025-07-04,180502.SZ,招商基金蛇口租赁住房REIT,A,4.196,511713,0.11344392918,0.02703620809818875,1.6433,1.8516,1.060320809818875,0.8520208098188751,2098000000.0,phase3_rational
2025-07-07,180502.SZ,招商基金蛇口租赁住房REIT,A,4.181,1085477,0.11344392918,0.02713320477876106,1.6406,1.8536,1.0727204778761061,0.8597204778761063,2090500000.0,phase3_rational
2025-07-08,180502.SZ,招商基金蛇口租赁住房REIT,A,4.137,696200,0.11344392918,0.027421786120377087,1.6444,1.8596,1.0977786120377084,0.8825786120377086,2068499999.9999998,phase3_rational
2025-07-09,180502.SZ,招商基金蛇口租赁住房REIT,A,4.097,673000,0.11344392918,0.027689511637783742,1.6446,1.8566,1.1243511637783743,0.9123511637783743,2048500000.0000002,phase3_rational
2025-07-10,180502.SZ,招商基金蛇口租赁住房REIT,A,4.063,1539631,0.11344392918,0.027921223032242187,1.6616,1.8746,1.1305223032242186,0.9175223032242186,2031500000.0,phase3_rational
2025-07-11,180502.SZ,招商基金蛇口租赁住房REIT,A,4.081,1380100,0.11344392918,0.02779807135015927,1.6653,1.8741,1.1145071350159272,0.9057071350159271,2040500000.0000002,phase3_rational
2025-07-14,180502.SZ,招商基金蛇口租赁住房REIT,A,4.058,603500,0.11344392918,0.027955625722030558,1.6726,1.8821,1.1229625722030558,0.9134625722030558,2029000000.0,phase3_rational
2025-07-15,180502.SZ,招商基金蛇口租赁住房REIT,A,4.09,1392000,0.11344392918,0.027736902,1.6557,1.8601,1.1179902,0.9135901999999998,2045000000.0,phase3_rational
2025-07-16,180502.SZ,招商基金蛇口租赁住房REIT,A,4.1,1078900,0.11344392918,0.027669251019512196,1.6617,1.8661,1.1052251019512196,0.9008251019512195,2049999999.9999998,phase3_rational
2025-07-17,180502.SZ,招商基金蛇口租赁住房REIT,A,4.074,936100,0.11344392918,0.02784583435935199,1.663,1.883,1.121583435935199,0.9015834359351991,2037000000.0,phase3_rational
2025-07-18,180502.SZ,招商基金蛇口租赁住房REIT,A,4.034,1355200,0.11344392918,0.028121945756073376,1.6652,1.8885,1.1469945756073376,0.9236945756073376,2017000000.0,phase3_rational
2025-07-21,180502.SZ,招商基金蛇口租赁住房REIT,A,4.029,1438843,0.11344392918,0.02815684516753537,1.6774,1.9115,1.138284516753537,0.904184516753537,2014500000.0,phase3_rational
2025-07-22,180502.SZ,招商基金蛇口租赁住房REIT,A,4.019,832705,0.11344392918,0.028226904498631498,1.6907,1.9335,1.13199044986315,0.88919044986315,2009500000.0,phase3_rational
2025-07-23,180502.SZ,招商基金蛇口租赁住房REIT,A,3.986,1253769,0.11344392918,0.028460594375313595,1.7041,1.938,1.1419594375313595,0.9080594375313595,1993000000.0,phase3_rational
2025-07-24,180502.SZ,招商基金蛇口租赁住房REIT,A,4.0,373500,0.11344392918,0.028360982295,1.7376,1.979,1.0984982295,0.8570982295,2000000000.0,phase3_rational
2025-07-25,180502.SZ,招商基金蛇口租赁住房REIT,A,3.969,1110250,0.11344392918,0.028582496643990932,1.7324,1.9725,1.1258496643990934,0.8857496643990934,1984500000.0,phase3_rational
2025-07-28,180502.SZ,招商基金蛇口租赁住房REIT,A,3.98,1478522,0.11344392918,0.02850349979396985,1.7146,1.9525,1.135749979396985,0.897849979396985,1990000000.0,phase3_rational
2025-07-29,180502.SZ,招商基金蛇口租赁住房REIT,A,3.935,1588203,0.11344392918,0.028829461036848792,1.7466,1.998,1.1363461036848794,0.8849461036848794,1967500000.0,phase3_rational
2025-07-30,180502.SZ,招商基金蛇口租赁住房REIT,A,3.948,679601,0.11344392918,0.028734531200607902,1.718,1.96,1.1554531200607903,0.9134531200607903,1974000000.0,phase3_rational
2025-07-31,180502.SZ,招商基金蛇口租赁住房REIT,A,4.05,1540347,0.11344392918,0.028010846711111113,1.7044,1.945,1.0966846711111116,0.8560846711111114,2025000000.0,phase3_rational
2025-08-01,180502.SZ,招商基金蛇口租赁住房REIT,A,4.058,2097631,0.11344392918,0.027955625722030558,1.7059,1.949,1.089662572203056,0.8465625722030559,2029000000.0,phase3_rational
2025-08-04,180502.SZ,招商基金蛇口租赁住房REIT,A,4.034,1364700,0.11344392918,0.028121945756073376,1.7083,1.95,1.1038945756073377,0.8621945756073377,2017000000.0,phase3_rational
2025-08-05,180502.SZ,招商基金蛇口租赁住房REIT,A,4.013,1676000,0.11344392918,0.028269107694991278,1.7061,1.9585,1.1208107694991278,0.8684107694991279,2006500000.0,phase3_rational
2025-08-06,180502.SZ,招商基金蛇口租赁住房REIT,A,4.004,1182696,0.11344392918,0.02833264964535465,1.6999,1.958,1.133364964535465,0.8752649645354651,2001999999.9999998,phase3_rational
2025-08-07,180502.SZ,招商基金蛇口租赁住房REIT,A,4.048,777000,0.11344392918,0.028024686062252963,1.6894,1.951,1.1130686062252964,0.8514686062252963,2024000000.0,phase3_rational
2025-08-08,180502.SZ,招商基金蛇口租赁住房REIT,A,4.02,1065300,0.11344392918,0.028219882880597017,1.6891,1.96,1.1328882880597015,0.8619882880597016,2009999999.9999998,phase3_rational
2025-08-11,180502.SZ,招商基金蛇口租赁住房REIT,A,4.0,515900,0.11344392918,0.028360982295,1.7203,1.995,1.1157982295000002,0.8410982295,2000000000.0,phase3_rational
2025-08-12,180502.SZ,招商基金蛇口租赁住房REIT,A,3.99,410500,0.11344392918,0.028432062451127817,1.7271,2.017,1.1161062451127814,0.8262062451127816,1995000000.0,phase3_rational
2025-08-13,180502.SZ,招商基金蛇口租赁住房REIT,A,3.948,1263400,0.11344392918,0.028734531200607902,1.7262,2.02,1.1472531200607903,0.8534531200607902,1974000000.0,phase3_rational
2025-08-14,180502.SZ,招商基金蛇口租赁住房REIT,A,3.943,802715,0.11344392918,0.028770968597514584,1.7341,2.0275,1.1429968597514584,0.8495968597514585,1971500000.0,phase3_rational
2025-08-15,180502.SZ,招商基金蛇口租赁住房REIT,A,3.908,1048050,0.11344392918,0.029028641038894576,1.7465,2.0475,1.1563641038894577,0.8553641038894577,1954000000.0,phase3_rational
2025-08-18,180502.SZ,招商基金蛇口租赁住房REIT,A,3.717,1222129,0.11344392918,0.030520293026634383,1.7872,2.1145,1.2648293026634385,0.9375293026634384,1858500000.0,phase3_rational
2025-08-19,180502.SZ,招商基金蛇口租赁住房REIT,A,3.658,3419269,0.11344392918,0.03101255581738655,1.7725,2.0975,1.3287555817386552,1.003755581738655,1829000000.0,phase3_rational
2025-08-20,180502.SZ,招商基金蛇口租赁住房REIT,A,3.657,1604232,0.11344392918,0.03102103614438064,1.782,2.105,1.320103614438064,0.9971036144380641,1828500000.0,phase3_rational
2025-08-21,180502.SZ,招商基金蛇口租赁住房REIT,A,3.661,1338448,0.11344392918,0.03098714263316034,1.7667,2.075,1.3320142633160341,1.0237142633160339,1830500000.0,phase3_rational
2025-08-22,180502.SZ,招商基金蛇口租赁住房REIT,A,3.725,1087506,0.11344392918,0.030454746088590605,1.7818,2.0775,1.2636746088590605,0.9679746088590604,1862500000.0,phase3_rational
2025-08-25,180502.SZ,招商基金蛇口租赁住房REIT,A,3.727,1189538,0.11344392918,0.030438403321706466,1.7643,2.05,1.2795403321706464,0.9938403321706466,1863500000.0,phase3_rational
2025-08-26,180502.SZ,招商基金蛇口租赁住房REIT,A,3.761,1791300,0.11344392918,0.030163235623504387,1.7598,2.035,1.2565235623504385,0.9813235623504384,1880500000.0,phase3_rational
2025-08-27,180502.SZ,招商基金蛇口租赁住房REIT,A,3.769,1293300,0.11344392918,0.030099211775006633,1.7988,2.07,1.2111211775006634,0.9399211775006635,1884500000.0,phase3_rational
2025-08-28,180502.SZ,招商基金蛇口租赁住房REIT,A,3.758,94600,0.11344392918,0.030187314843001595,1.8478,2.1108,1.1709314843001593,0.9079314843001596,1879000000.0,phase3_rational
2025-08-29,180502.SZ,招商基金蛇口租赁住房REIT,A,3.757,320063,0.11344392918,0.03019534979504924,1.8379,2.1375,1.181634979504924,0.8820349795049238,1878500000.0,phase3_rational
2025-09-01,180502.SZ,招商基金蛇口租赁住房REIT,A,3.764,644300,0.11344392918,0.03013919478746015,1.8257,2.1165,1.1882194787460147,0.897419478746015,1882000000.0,phase3_rational
2025-09-02,180502.SZ,招商基金蛇口租赁住房REIT,A,3.764,691700,0.11344392918,0.03013919478746015,1.8167,2.1,1.1972194787460149,0.9139194787460148,1882000000.0,phase3_rational
2025-09-03,180502.SZ,招商基金蛇口租赁住房REIT,A,3.77,474600,0.11344392918,0.030091227899204244,1.7984,2.075,1.2107227899204243,0.9341227899204241,1885000000.0,phase3_rational
2025-09-04,180502.SZ,招商基金蛇口租赁住房REIT,A,3.887,2213650,0.11344392918,0.02918547187548238,1.806,2.085,1.112547187548238,0.8335471875482381,1943500000.0,phase3_rational
2025-09-05,180502.SZ,招商基金蛇口租赁住房REIT,A,3.8,1385225,0.11344392918,0.029853665573684213,1.826,2.1125,1.159366557368421,0.8728665573684213,1900000000.0,phase3_rational
2025-09-08,180502.SZ,招商基金蛇口租赁住房REIT,A,3.778,903863,0.11344392918,0.030027509047114875,1.8514,2.1475,1.1513509047114878,0.8552509047114878,1889000000.0,phase3_rational
2025-09-09,180502.SZ,招商基金蛇口租赁住房REIT,A,3.781,191200,0.11344392918,0.030003683993652473,1.8641,2.171,1.1362683993652474,0.8293683993652476,1890500000.0,phase3_rational
2025-09-10,180502.SZ,招商基金蛇口租赁住房REIT,A,3.779,475000,0.11344392918,0.030019563159566023,1.8992,2.204,1.102756315956602,0.7979563159566019,1889500000.0,phase3_rational
2025-09-11,180502.SZ,招商基金蛇口租赁住房REIT,A,3.784,326200,0.11344392918,0.029979896717758987,1.8743,2.208,1.1236896717758984,0.7899896717758983,1892000000.0,phase3_rational
2025-09-12,180502.SZ,招商基金蛇口租赁住房REIT,A,3.789,548800,0.11344392918,0.029940334964370544,1.867,2.184,1.1270334964370545,0.8100334964370544,1894500000.0,phase3_rational
2025-09-15,180502.SZ,招商基金蛇口租赁住房REIT,A,3.8,1060000,0.11344392918,0.029853665573684213,1.8724,2.1875,1.112966557368421,0.7978665573684212,1900000000.0,phase3_rational
2025-09-16,180502.SZ,招商基金蛇口租赁住房REIT,A,3.75,826200,0.11344392918,0.030251714448,1.8527,2.1675,1.1724714448000002,0.8576714448000002,1875000000.0,phase3_rational
2025-09-17,180502.SZ,招商基金蛇口租赁住房REIT,A,3.724,1046200,0.11344392918,0.030462924054779805,1.8349,2.15,1.2113924054779803,0.8962924054779804,1862000000.0,phase3_rational
2025-09-18,180502.SZ,招商基金蛇口租赁住房REIT,A,3.729,2574400,0.11344392918,0.030422078085277554,1.8546,2.1701,1.1876078085277553,0.8721078085277552,1864500000.0,phase3_rational
2025-09-19,180502.SZ,招商基金蛇口租赁住房REIT,A,3.74,2249285,0.11344392918,0.030332601385026737,1.8789,2.1996,1.1543601385026736,0.8336601385026734,1870000000.0,phase3_rational
2025-09-22,180502.SZ,招商基金蛇口租赁住房REIT,A,3.763,976485,0.11344392918,0.03014720414031358,1.8647,2.189,1.1500204140313581,0.8257204140313581,1881500000.0,phase3_rational
2025-09-23,180502.SZ,招商基金蛇口租赁住房REIT,A,3.74,538482,0.11344392918,0.030332601385026737,1.877,2.215,1.1562601385026736,0.8182601385026738,1870000000.0,phase3_rational
2025-09-24,180502.SZ,招商基金蛇口租赁住房REIT,A,3.738,305000,0.11344392918,0.030348830706260033,1.9022,2.2501,1.1326830706260036,0.7847830706260033,1869000000.0,phase3_rational
2025-09-25,180502.SZ,招商基金蛇口租赁住房REIT,A,3.699,818706,0.11344392918,0.030668810267639905,1.884,2.23,1.1828810267639907,0.8368810267639906,1849500000.0,phase3_rational
2025-09-26,180502.SZ,招商基金蛇口租赁住房REIT,A,3.693,322987,0.11344392918,0.030718637741673434,1.8768,2.217,1.1950637741673436,0.8548637741673435,1846500000.0,phase3_rational
2025-09-29,180502.SZ,招商基金蛇口租赁住房REIT,A,3.701,205663,0.11344392918,0.03065223701161848,1.887,2.242,1.1782237011618477,0.8232237011618477,1850500000.0,phase3_rational
2025-09-30,180502.SZ,招商基金蛇口租赁住房REIT,A,3.708,1731700,0.11344392918,0.03059437140776699,1.8605,2.2461,1.1989371407766987,0.8133371407766985,1854000000.0,phase3_rational
2025-10-09,180502.SZ,招商基金蛇口租赁住房REIT,A,3.699,565212,0.11344392918,0.030668810267639905,1.8466,2.2629,1.2202810267639905,0.8039810267639904,1849500000.0,phase3_rational
2025-10-10,180502.SZ,招商基金蛇口租赁住房REIT,A,3.7,203400,0.11344392918,0.030660521399999998,1.846,2.2829,1.2200521399999995,0.7831521399999994,1850000000.0,phase3_rational
2025-10-13,180502.SZ,招商基金蛇口租赁住房REIT,A,3.705,951225,0.11344392918,0.03061914417813765,1.8383,2.2729,1.2236144178137651,0.7890144178137652,1852500000.0,phase3_rational
2025-10-14,180502.SZ,招商基金蛇口租赁住房REIT,A,3.75,1279700,0.11344392918,0.030251714448,1.8368,2.2678,1.1883714448000002,0.7573714448000004,1875000000.0,phase3_rational
2025-10-15,180502.SZ,招商基金蛇口租赁住房REIT,A,3.687,1012900,0.11344392918,0.030768627388120424,1.8449,2.2603,1.2319627388120424,0.8165627388120424,1843500000.0,phase3_rational
2025-10-16,180502.SZ,招商基金蛇口租赁住房REIT,A,3.64,1030200,0.11344392918,0.03116591460989011,1.8407,2.2414,1.275891460989011,0.875191460989011,1820000000.0,phase3_rational
2025-10-17,180502.SZ,招商基金蛇口租赁住房REIT,A,3.573,3048995,0.11344392918,0.03175033002518892,1.8246,2.2002,1.3504330025188922,0.974833002518892,1786500000.0,phase3_rational
2025-10-20,180502.SZ,招商基金蛇口租赁住房REIT,A,3.53,2178025,0.11344392918,0.03213709041926346,1.8498,2.2162,1.3639090419263455,0.9975090419263455,1765000000.0,phase3_rational
2025-10-21,180502.SZ,招商基金蛇口租赁住房REIT,A,3.529,770900,0.11344392918,0.03214619699064891,1.8357,2.1871,1.378919699064891,1.0275196990648912,1764500000.0,phase3_rational
2025-10-22,180502.SZ,招商基金蛇口租赁住房REIT,A,3.517,914400,0.11344392918,0.03225587977822007,1.8293,2.1821,1.3962879778220074,1.0434879778220072,1758500000.0,phase3_rational
2025-10-23,180502.SZ,招商基金蛇口租赁住房REIT,A,3.39,10391400,0.11344392918,0.03346428589380531,1.8391,2.1946,1.507328589380531,1.1518285893805311,1695000000.0,phase3_rational
2025-10-24,180502.SZ,招商基金蛇口租赁住房REIT,A,3.426,4846800,0.11344392918,0.033112647162872155,1.8486,2.2126,1.4626647162872157,1.0986647162872156,1713000000.0,phase3_rational
2025-10-27,180502.SZ,招商基金蛇口租赁住房REIT,A,3.402,2879600,0.11344392918,0.033346246084656084,1.8423,2.2031,1.4923246084656083,1.1315246084656083,1701000000.0,phase3_rational
2025-10-28,180502.SZ,招商基金蛇口租赁住房REIT,A,3.45,6441100,0.11344392918,0.03288229831304348,1.8179,2.17,1.4703298313043478,1.118229831304348,1725000000.0,phase3_rational
2025-10-29,180502.SZ,招商基金蛇口租赁住房REIT,A,3.505,8201147,0.11344392918,0.03236631360342368,1.8208,2.177,1.415831360342368,1.059631360342368,1752500000.0,phase3_rational
2025-10-30,180502.SZ,招商基金蛇口租赁住房REIT,A,3.555,5291400,0.11344392918,0.03191109118987342,1.8098,2.1625,1.3813091189873417,1.0286091189873416,1777500000.0,phase3_rational
2025-10-31,180502.SZ,招商基金蛇口租赁住房REIT,A,3.508,7614900,0.11344392918,0.032338634315849484,1.7954,2.1431,1.438463431584948,1.0907634315849482,1754000000.0,phase3_rational
2025-11-03,180502.SZ,招商基金蛇口租赁住房REIT,A,3.487,6616000,0.11344392918,0.03253338949813593,1.7944,2.1376,1.458938949813593,1.115738949813593,1743500000.0,phase3_rational
2025-11-04,180502.SZ,招商基金蛇口租赁住房REIT,A,3.464,5928000,0.11344392918,0.032749402188221706,1.7984,2.1421,1.4765402188221706,1.1328402188221705,1732000000.0,phase3_rational
2025-11-05,180502.SZ,招商基金蛇口租赁住房REIT,A,3.494,7140400,0.11344392918,0.03246821098454493,1.7964,2.1391,1.4504210984544927,1.1077210984544927,1747000000.0,phase3_rational
2025-11-06,180502.SZ,招商基金蛇口租赁住房REIT,A,3.492,3563400,0.11344392918,0.03248680675257732,1.81,2.1596,1.4386806752577321,1.089080675257732,1746000000.0,phase3_rational
2025-11-07,180502.SZ,招商基金蛇口租赁住房REIT,A,3.485,1728000,0.11344392918,0.03255206002295553,1.8142,2.1581,1.4410060022955529,1.0971060022955528,1742500000.0,phase3_rational
2025-11-10,180502.SZ,招商基金蛇口租赁住房REIT,A,3.55,4059900,0.11344392918,0.031956036388732394,1.8139,2.1476,1.3817036388732393,1.0480036388732392,1775000000.0,phase3_rational
2025-11-11,180502.SZ,招商基金蛇口租赁住房REIT,A,3.61,5200600,0.11344392918,0.031424911130193904,1.8119,2.1537,1.3305911130193904,0.9887911130193903,1805000000.0,phase3_rational
2025-11-12,180502.SZ,招商基金蛇口租赁住房REIT,A,3.592,1606400,0.11344392918,0.031582385629175945,1.8071,2.1431,1.3511385629175947,1.0151385629175946,1796000000.0,phase3_rational
2025-11-13,180502.SZ,招商基金蛇口租赁住房REIT,A,3.614,3664300,0.11344392918,0.0313901298229109,1.8126,2.1491,1.3264129822910904,0.9899129822910906,1807000000.0,phase3_rational
2025-11-14,180502.SZ,招商基金蛇口租赁住房REIT,A,3.628,4924100,0.11344392918,0.031268999222712236,1.814,2.1481,1.3128999222712237,0.9787999222712238,1814000000.0,phase3_rational
2025-11-17,180502.SZ,招商基金蛇口租赁住房REIT,A,3.66,2787300,0.11344392918,0.03099560906557377,1.8109,2.1391,1.288660906557377,0.960460906557377,1830000000.0,phase3_rational
2025-11-18,180502.SZ,招商基金蛇口租赁住房REIT,A,3.645,4394800,0.11344392918,0.03112316301234568,1.8121,2.1381,1.3002163012345678,0.9742163012345677,1822500000.0,phase3_rational
2025-11-19,180502.SZ,招商基金蛇口租赁住房REIT,A,3.638,4074400,0.11344392918,0.031183048152831228,1.8179,2.1506,1.300404815283123,0.9677048152831231,1819000000.0,phase3_rational
2025-11-20,180502.SZ,招商基金蛇口租赁住房REIT,A,3.605,1827187,0.11344392918,0.03146849630513176,1.8135,2.1531,1.333349630513176,0.9937496305131761,1802500000.0,phase3_rational
2025-11-21,180502.SZ,招商基金蛇口租赁住房REIT,A,3.61,3670000,0.11344392918,0.031424911130193904,1.8166,2.1576,1.3258911130193904,0.9848911130193905,1805000000.0,phase3_rational
2025-11-24,180502.SZ,招商基金蛇口租赁住房REIT,A,3.594,3531100,0.11344392918,0.03156481056761269,1.821,2.1586,1.3354810567612694,0.9978810567612695,1797000000.0,phase3_rational
2025-11-25,180502.SZ,招商基金蛇口租赁住房REIT,A,3.592,4123000,0.11344392918,0.031582385629175945,1.8301,2.1751,1.3281385629175946,0.9831385629175946,1796000000.0,phase3_rational
2025-11-26,180502.SZ,招商基金蛇口租赁住房REIT,A,3.599,6370474,0.11344392918,0.031520958371769936,1.8462,2.1926,1.3058958371769935,0.9594958371769935,1799500000.0,phase3_rational
2025-11-27,180502.SZ,招商基金蛇口租赁住房REIT,A,3.59,3549306,0.11344392918,0.031599980272980506,1.8537,2.2001,1.306298027298051,0.9598980272980508,1795000000.0,phase3_rational
2025-11-28,180502.SZ,招商基金蛇口租赁住房REIT,A,3.615,4077500,0.11344392918,0.03138144652282158,1.8412,2.1851,1.2969446522821577,0.9530446522821578,1807500000.0,phase3_rational
2025-12-01,180502.SZ,招商基金蛇口租赁住房REIT,A,3.572,470700,0.11344392918,0.031759218695408736,1.8366,2.1901,1.3393218695408737,0.9858218695408736,1786000000.0,phase3_rational
2025-12-02,180502.SZ,招商基金蛇口租赁住房REIT,A,3.55,2087700,0.11344392918,0.031956036388732394,1.8442,2.2051,1.3514036388732393,0.9905036388732396,1775000000.0,phase3_rational
2025-12-03,180502.SZ,招商基金蛇口租赁住房REIT,A,3.532,794800,0.11344392918,0.032118892746319364,1.8519,2.2351,1.3599892746319364,0.9767892746319364,1766000000.0,phase3_rational
2025-12-04,180502.SZ,招商基金蛇口租赁住房REIT,A,3.522,828800,0.11344392918,0.032210087785349235,1.8718,2.2761,1.3492087785349236,0.9449087785349235,1761000000.0,phase3_rational
2025-12-05,180502.SZ,招商基金蛇口租赁住房REIT,A,3.513,102700,0.11344392918,0.032292607224594365,1.848,2.2571,1.3812607224594362,0.9721607224594364,1756500000.0,phase3_rational
2025-12-08,180502.SZ,招商基金蛇口租赁住房REIT,A,3.48,2012869,0.11344392918,0.03259883022413793,1.8499,2.2577,1.4099830224137933,1.0021830224137935,1740000000.0,phase3_rational
2025-12-09,180502.SZ,招商基金蛇口租赁住房REIT,A,3.47,1477487,0.11344392918,0.03269277497982709,1.8425,2.2527,1.426777497982709,1.0165774979827091,1735000000.0,phase3_rational
2025-12-10,180502.SZ,招商基金蛇口租赁住房REIT,A,3.55,2058300,0.11344392918,0.031956036388732394,1.8447,2.2412,1.3509036388732394,0.9544036388732393,1775000000.0,phase3_rational
2025-12-11,180502.SZ,招商基金蛇口租赁住房REIT,A,3.536,768700,0.11344392918,0.03208255915723982,1.8404,2.2252,1.3678559157239822,0.9830559157239822,1768000000.0,phase3_rational
2025-12-12,180502.SZ,招商基金蛇口租赁住房REIT,A,3.539,428700,0.11344392918,0.03205536286521616,1.8396,2.2487,1.3659362865216162,0.9568362865216162,1769500000.0,phase3_rational
2025-12-15,180502.SZ,招商基金蛇口租赁住房REIT,A,3.511,1092606,0.11344392918,0.032311002329820565,1.8488,2.2792,1.3823002329820564,0.9519002329820565,1755500000.0,phase3_rational
2025-12-16,180502.SZ,招商基金蛇口租赁住房REIT,A,3.508,1583600,0.11344392918,0.032338634315849484,1.8458,2.2802,1.388063431584948,0.9536634315849484,1754000000.0,phase3_rational
2025-12-17,180502.SZ,招商基金蛇口租赁住房REIT,A,3.499,1681000,0.11344392918,0.032421814569877104,1.834,2.2422,1.4081814569877102,0.9999814569877103,1749500000.0,phase3_rational
2025-12-18,180502.SZ,招商基金蛇口租赁住房REIT,A,3.48,1090700,0.11344392918,0.03259883022413793,1.8356,2.2512,1.4242830224137935,1.0086830224137935,1740000000.0,phase3_rational
2025-12-19,180502.SZ,招商基金蛇口租赁住房REIT,A,3.438,2039032,0.11344392918,0.032997070732984295,1.8308,2.2252,1.4689070732984293,1.0745070732984292,1719000000.0,phase3_rational
2025-12-22,180502.SZ,招商基金蛇口租赁住房REIT,A,3.445,1471500,0.11344392918,0.032930022984034836,1.8415,2.2412,1.4515022984034838,1.0518022984034836,1722500000.0,phase3_rational
2025-12-23,180502.SZ,招商基金蛇口租赁住房REIT,A,3.425,1108613,0.11344392918,0.0331223150890511,1.8352,2.2232,1.4770315089051098,1.08903150890511,1712500000.0,phase3_rational
2025-12-24,180502.SZ,招商基金蛇口租赁住房REIT,A,3.535,1594300,0.11344392918,0.03209163484582744,1.8356,2.2202,1.3735634845827436,0.9889634845827433,1767500000.0,phase3_rational
2025-12-25,180502.SZ,招商基金蛇口租赁住房REIT,A,3.6,1030750,0.11344392918,0.03151220255,1.8386,2.2252,1.3126202550000001,0.9260202550000001,1800000000.0,phase3_rational
2025-12-26,180502.SZ,招商基金蛇口租赁住房REIT,A,3.566,909214,0.11344392918,0.03181265540661806,1.8376,2.2233,1.3436655406618063,0.9579655406618062,1783000000.0,phase3_rational
2025-12-29,180502.SZ,招商基金蛇口租赁住房REIT,A,3.558,1553800,0.11344392918,0.03188418470489039,1.8584,2.2583,1.3300184704890392,0.9301184704890391,1779000000.0,phase3_rational
2025-12-30,180502.SZ,招商基金蛇口租赁住房REIT,A,3.558,2072594,0.11344392918,0.03188418470489039,1.8582,2.2628,1.3302184704890392,0.9256184704890393,1779000000.0,phase3_rational
2025-12-31,180502.SZ,招商基金蛇口租赁住房REIT,A,3.55,713100,0.11344392918,0.031956036388732394,1.8473,2.2674,1.3483036388732395,0.9282036388732395,1775000000.0,phase3_rational
2026-01-05,180502.SZ,招商基金蛇口租赁住房REIT,A,3.586,2930300,0.11344392918,0.031635228438371445,1.8584,2.2822,1.3051228438371445,0.8813228438371445,1793000000.0,phase3_rational
2026-01-06,180502.SZ,招商基金蛇口租赁住房REIT,A,3.6,1783200,0.11344392918,0.03151220255,1.8829,2.3104,1.2683202550000001,0.8408202550000001,1800000000.0,phase3_rational
2026-01-07,180502.SZ,招商基金蛇口租赁住房REIT,A,3.603,1773500,0.11344392918,0.03148596424646128,1.9019,2.3345,1.246696424646128,0.8140964246461282,1801500000.0,phase3_rational
2026-01-08,180502.SZ,招商基金蛇口租赁住房REIT,A,3.608,2150300,0.11344392918,0.03144233070399113,1.8905,2.319,1.2537330703991125,0.8252330703991126,1804000000.0,phase3_rational
2026-01-09,180502.SZ,招商基金蛇口租赁住房REIT,A,3.582,1671006,0.11344392918,0.03167055532663317,1.8782,2.3024,1.2888555326633169,0.864655532663317,1791000000.0,phase3_rational
2026-01-12,180502.SZ,招商基金蛇口租赁住房REIT,A,3.59,1882650,0.11344392918,0.031599980272980506,1.8585,2.292,1.3014980272980508,0.867998027298051,1795000000.0,phase3_rational
2026-01-13,180502.SZ,招商基金蛇口租赁住房REIT,A,3.595,1990200,0.11344392918,0.03155603036995827,1.8519,2.2926,1.303703036995827,0.8630030369958268,1797500000.0,phase3_rational
2026-01-14,180502.SZ,招商基金蛇口租赁住房REIT,A,3.592,1510900,0.11344392918,0.031582385629175945,1.8494,2.3028,1.3088385629175947,0.8554385629175947,1796000000.0,phase3_rational
2026-01-15,180502.SZ,招商基金蛇口租赁住房REIT,A,3.587,1548500,0.11344392918,0.03162640902704209,1.8544,2.3058,1.3082409027042092,0.8568409027042092,1793500000.0,phase3_rational
2026-01-16,180502.SZ,招商基金蛇口租赁住房REIT,A,3.6,864500,0.11344392918,0.03151220255,1.8424,2.3036,1.308820255,0.8476202550000003,1800000000.0,phase3_rational
2026-01-19,180502.SZ,招商基金蛇口租赁住房REIT,A,3.596,1948281,0.11344392918,0.031547255055617354,1.8393,2.3417,1.3154255055617357,0.8130255055617357,1798000000.0,phase3_rational
2026-01-20,180502.SZ,招商基金蛇口租赁住房REIT,A,3.642,2404339,0.11344392918,0.031148799884678748,1.8326,2.3351,1.2822799884678748,0.7797799884678747,1821000000.0,phase3_rational
2026-01-21,180502.SZ,招商基金蛇口租赁住房REIT,A,3.698,3506269,0.11344392918,0.030677103618171987,1.8312,2.3026,1.2365103618171989,0.7651103618171988,1849000000.0,phase3_rational
2026-01-22,180502.SZ,招商基金蛇口租赁住房REIT,A,3.747,2029600,0.11344392918,0.030275935196156928,1.8425,2.3101,1.1850935196156926,0.7174935196156929,1873500000.0,phase3_rational
2026-01-23,180502.SZ,招商基金蛇口租赁住房REIT,A,3.772,2578400,0.11344392918,0.030075272847295866,1.8298,2.2871,1.1777272847295865,0.7204272847295865,1886000000.0,phase3_rational
2026-01-26,180502.SZ,招商基金蛇口租赁住房REIT,A,3.747,861500,0.11344392918,0.030275935196156928,1.8242,2.27,1.2033935196156926,0.7575935196156927,1873500000.0,phase3_rational
2026-01-27,180502.SZ,招商基金蛇口租赁住房REIT,A,3.749,2070900,0.11344392918,0.03025978372365964,1.8311,2.285,1.1948783723659642,0.740978372365964,1874500000.0,phase3_rational
2026-01-28,180502.SZ,招商基金蛇口租赁住房REIT,A,3.766,1668000,0.11344392918,0.03012318884227297,1.8164,2.277,1.1959188842272968,0.7353188842272966,1883000000.0,phase3_rational
2026-01-29,180502.SZ,招商基金蛇口租赁住房REIT,A,3.799,1158300,0.11344392918,0.029861523869439327,1.8174,2.28,1.1687523869439327,0.7061523869439328,1899500000.0,phase3_rational
2026-01-30,180502.SZ,招商基金蛇口租赁住房REIT,A,3.799,1863600,0.11344392918,0.029861523869439327,1.8112,2.289,1.1749523869439327,0.6971523869439324,1899500000.0,phase3_rational
2026-02-02,180502.SZ,招商基金蛇口租赁住房REIT,A,3.776,1264070,0.11344392918,0.03004341344809322,1.82,2.281,1.184341344809322,0.723341344809322,1888000000.0,phase3_rational
2026-02-03,180502.SZ,招商基金蛇口租赁住房REIT,A,3.78,1157222,0.11344392918,0.030011621476190478,1.8172,2.28,1.183962147619048,0.7211621476190482,1890000000.0,phase3_rational
2026-02-04,180502.SZ,招商基金蛇口租赁住房REIT,A,3.784,1677300,0.11344392918,0.029979896717758987,1.8193,2.283,1.1786896717758986,0.7149896717758986,1892000000.0,phase3_rational
2026-02-05,180502.SZ,招商基金蛇口租赁住房REIT,A,3.77,618100,0.11344392918,0.030091227899204244,1.8169,2.271,1.1922227899204243,0.7381227899204243,1885000000.0,phase3_rational
2026-02-06,180502.SZ,招商基金蛇口租赁住房REIT,A,3.742,498987,0.11344392918,0.030316389412079103,1.8102,2.251,1.2214389412079103,0.7806389412079104,1871000000.0,phase3_rational
2026-02-09,180502.SZ,招商基金蛇口租赁住房REIT,A,3.708,311700,0.11344392918,0.03059437140776699,1.8114,2.248,1.2480371407766988,0.8114371407766985,1854000000.0,phase3_rational
2026-02-10,180502.SZ,招商基金蛇口租赁住房REIT,A,3.719,1615700,0.11344392918,0.03050387985479968,1.8094,2.247,1.2409879854799681,0.8033879854799681,1859500000.0,phase3_rational
2026-02-11,180502.SZ,招商基金蛇口租赁住房REIT,A,3.751,1488500,0.11344392918,0.03024364947480672,1.7994,2.2455,1.2249649474806719,0.7788649474806721,1875500000.0,phase3_rational
2026-02-12,180502.SZ,招商基金蛇口租赁住房REIT,A,3.756,255600,0.11344392918,0.030203389025559108,1.7893,2.246,1.2310389025559108,0.7743389025559106,1878000000.0,phase3_rational
2026-02-13,180502.SZ,招商基金蛇口租赁住房REIT,A,3.759,425006,0.11344392918,0.0301792841660016,1.7928,2.244,1.2251284166001597,0.7739284166001594,1879500000.0,phase3_rational
2026-02-24,180502.SZ,招商基金蛇口租赁住房REIT,A,3.708,498900,0.11344392918,0.03059437140776699,1.8023,2.2426,1.2571371407766987,0.8168371407766988,1854000000.0,phase3_rational
2026-02-25,180502.SZ,招商基金蛇口租赁住房REIT,A,3.679,1081725,0.11344392918,0.030835533889643926,1.8158,2.255,1.2677533889643924,0.8285533889643926,1839500000.0,phase3_rational
2026-02-26,180502.SZ,招商基金蛇口租赁住房REIT,A,3.661,1330300,0.11344392918,0.03098714263316034,1.8288,2.2951,1.269914263316034,0.8036142633160339,1830500000.0,phase3_rational
2026-02-27,180502.SZ,招商基金蛇口租赁住房REIT,A,3.637,2670700,0.11344392918,0.031191621990651636,1.7877,2.2896,1.3314621990651636,0.8295621990651636,1818500000.0,phase3_rational
2026-03-02,180502.SZ,招商基金蛇口租赁住房REIT,A,3.66,1673500,0.11344392918,0.03099560906557377,1.7761,2.2696,1.323460906557377,0.829960906557377,1830000000.0,phase3_rational
2026-03-03,180502.SZ,招商基金蛇口租赁住房REIT,A,3.672,2306400,0.11344392918,0.030894316225490194,1.7807,2.2827,1.3087316225490193,0.8067316225490191,1836000000.0,phase3_rational
2026-03-04,180502.SZ,招商基金蛇口租赁住房REIT,A,3.684,592319,0.11344392918,0.030793683273615632,1.7768,2.2752,1.3025683273615634,0.8041683273615634,1842000000.0,phase3_rational
2026-03-05,180502.SZ,招商基金蛇口租赁住房REIT,A,3.658,445000,0.11344392918,0.03101255581738655,1.7779,2.2717,1.323355581738655,0.8295555817386551,1829000000.0,phase3_rational
2026-03-06,180502.SZ,招商基金蛇口租赁住房REIT,A,3.599,205913,0.11344392918,0.031520958371769936,1.781,2.2812,1.3710958371769937,0.8708958371769935,1799500000.0,phase3_rational
2026-03-09,180502.SZ,招商基金蛇口租赁住房REIT,A,3.551,1328500,0.11344392918,0.031947037223317376,1.8054,2.3292,1.3893037223317377,0.8655037223317374,1775500000.0,phase3_rational
2026-03-10,180502.SZ,招商基金蛇口租赁住房REIT,A,3.618,2121800,0.11344392918,0.03135542542288557,1.8055,2.3328,1.3300425422885571,0.802742542288557,1809000000.0,phase3_rational
2026-03-11,180502.SZ,招商基金蛇口租赁住房REIT,A,3.585,920300,0.11344392918,0.031644052769874476,1.8075,2.3503,1.3569052769874475,0.8141052769874477,1792500000.0,phase3_rational
2026-03-12,180502.SZ,招商基金蛇口租赁住房REIT,A,3.57,393300,0.11344392918,0.03177701097478992,1.8052,2.3404,1.372501097478992,0.8373010974789921,1785000000.0,phase3_rational
2026-03-13,180502.SZ,招商基金蛇口租赁住房REIT,A,3.62,1717300,0.11344392918,0.03133810198342541,1.8143,2.3665,1.319510198342541,0.7673101983425412,1810000000.0,phase3_rational
2026-03-16,180502.SZ,招商基金蛇口租赁住房REIT,A,3.6,309500,0.11344392918,0.03151220255,1.8312,2.3917,1.3200202550000002,0.759520255,1800000000.0,phase3_rational
2026-03-17,180502.SZ,招商基金蛇口租赁住房REIT,A,3.595,137932,0.11344392918,0.03155603036995827,1.8314,2.3806,1.324203036995827,0.7750030369958272,1797500000.0,phase3_rational
2026-03-18,180502.SZ,招商基金蛇口租赁住房REIT,A,3.615,585600,0.11344392918,0.03138144652282158,1.8175,2.3607,1.3206446522821578,0.7774446522821576,1807500000.0,phase3_rational
2026-03-19,180502.SZ,招商基金蛇口租赁住房REIT,A,3.61,518900,0.11344392918,0.031424911130193904,1.8252,2.391,1.3172911130193905,0.7514911130193904,1805000000.0,phase3_rational
2026-03-20,180502.SZ,招商基金蛇口租赁住房REIT,A,3.611,1879163,0.11344392918,0.0314162085793409,1.8299,2.3881,1.31172085793409,0.75352085793409,1805500000.0,phase3_rational
2026-03-23,180502.SZ,招商基金蛇口租赁住房REIT,A,3.589,578313,0.11344392918,0.03160878494845361,1.8316,2.373,1.329278494845361,0.7878784948453608,1794500000.0,phase3_rational
2026-03-24,180502.SZ,招商基金蛇口租赁住房REIT,A,3.586,1141000,0.11344392918,0.031635228438371445,1.8272,2.3457,1.3363228438371446,0.8178228438371447,1793000000.0,phase3_rational
2026-03-25,180502.SZ,招商基金蛇口租赁住房REIT,A,3.58,41500,0.11344392918,0.031688248374301675,1.8233,2.3457,1.3455248374301678,0.8231248374301678,1790000000.0,phase3_rational
2026-03-26,180502.SZ,招商基金蛇口租赁住房REIT,A,3.579,1110001,0.11344392918,0.03169710231349539,1.8194,2.3498,1.350310231349539,0.8199102313495388,1789500000.0,phase3_rational
2026-03-27,180502.SZ,招商基金蛇口租赁住房REIT,A,3.579,1098470,0.11344392918,0.03169710231349539,1.8172,2.3497,1.352510231349539,0.820010231349539,1789500000.0,phase3_rational
2026-03-30,180502.SZ,招商基金蛇口租赁住房REIT,A,3.585,1377419,0.11344392918,0.031644052769874476,1.8063,2.3286,1.3581052769874475,0.8358052769874478,1792500000.0,phase3_rational
2026-03-31,180502.SZ,招商基金蛇口租赁住房REIT,A,3.558,542900,0.11344392918,0.03188418470489039,1.8171,2.3521,1.3713184704890393,0.8363184704890392,1779000000.0,phase3_rational
2026-04-01,180502.SZ,招商基金蛇口租赁住房REIT,A,3.538,417700,0.11344392918,0.03206442317128321,1.8244,2.3667,1.382042317128321,0.8397423171283211,1769000000.0,phase3_rational
2026-04-02,180502.SZ,招商基金蛇口租赁住房REIT,A,3.524,355600,0.11344392918,0.0321918073723042,1.8209,2.3733,1.3982807372304196,0.8458807372304196,1762000000.0,phase3_rational
2026-04-03,180502.SZ,招商基金蛇口租赁住房REIT,A,3.532,1185192,0.11344392918,0.032118892746319364,1.8199,2.3725,1.3919892746319364,0.8393892746319365,1766000000.0,phase3_rational
2026-04-07,180502.SZ,招商基金蛇口租赁住房REIT,A,3.542,718900,0.11344392918,0.03202821264257482,1.8171,2.3597,1.3857212642574819,0.8431212642574817,1771000000.0,phase3_rational
2026-04-08,180502.SZ,招商基金蛇口租赁住房REIT,A,3.574,1543818,0.11344392918,0.03174144632904309,1.8136,2.3377,1.360544632904309,0.8364446329043091,1787000000.0,phase3_rational
2026-04-09,180502.SZ,招商基金蛇口租赁住房REIT,A,3.554,499800,0.11344392918,0.03192007011254924,1.8192,2.3393,1.3728070112549244,0.8527070112549242,1777000000.0,phase3_rational
2026-04-10,180502.SZ,招商基金蛇口租赁住房REIT,A,3.55,118400,0.11344392918,0.031956036388732394,1.8128,2.3055,1.3828036388732394,0.8901036388732395,1775000000.0,phase3_rational
2026-04-13,180502.SZ,招商基金蛇口租赁住房REIT,A,3.553,1904400,0.11344392918,0.03192905408950183,1.7933,2.2816,1.3996054089501828,0.9113054089501826,1776500000.0,phase3_rational
2026-04-14,180502.SZ,招商基金蛇口租赁住房REIT,A,3.64,2072400,0.11344392918,0.03116591460989011,1.7829,2.2805,1.3336914609890111,0.8360914609890111,1820000000.0,phase3_rational
2026-04-15,180502.SZ,招商基金蛇口租赁住房REIT,A,3.665,2980600,0.11344392918,0.03095332310504775,1.7809,2.2784,1.3144323105047748,0.8169323105047748,1832500000.0,phase3_rational
2026-04-16,180502.SZ,招商基金蛇口租赁住房REIT,A,3.715,5018937,0.11344392918,0.03053672387079408,1.7812,2.281,1.2724723870794084,0.7726723870794081,1857500000.0,phase3_rational
2026-04-17,180502.SZ,招商基金蛇口租赁住房REIT,A,3.7,1479100,0.11344392918,0.030660521399999998,1.7623,2.25,1.3037521399999996,0.8160521399999996,1850000000.0,phase3_rational
2026-04-20,180502.SZ,招商基金蛇口租赁住房REIT,A,3.727,4278774,0.11344392918,0.030438403321706466,1.7627,2.2556,1.2811403321706465,0.7882403321706466,1863500000.0,phase3_rational
2026-04-21,180502.SZ,招商基金蛇口租赁住房REIT,A,3.693,1103800,0.11344392918,0.030718637741673434,1.751,2.2375,1.3208637741673437,0.8343637741673438,1846500000.0,phase3_rational
2026-04-22,180502.SZ,招商基金蛇口租赁住房REIT,A,3.712,821100,0.11344392918,0.030561403335129307,1.7389,2.2137,1.3172403335129308,0.8424403335129309,1856000000.0,phase3_rational
2026-04-23,180502.SZ,招商基金蛇口租赁住房REIT,A,3.716,78800,0.11344392918,0.030528506237890204,1.7548,2.2353,1.2980506237890204,0.8175506237890202,1858000000.0,phase3_rational
2026-04-24,180502.SZ,招商基金蛇口租赁住房REIT,A,3.658,628900,0.11344392918,0.03101255581738655,1.7601,2.2472,1.3411555817386551,0.8540555817386553,1829000000.0,phase3_rational
2026-04-27,180502.SZ,招商基金蛇口租赁住房REIT,A,3.619,1134400,0.11344392918,0.03134676130975407,1.7697,2.2557,1.3649761309754072,0.8789761309754072,1809500000.0,phase3_rational
2026-04-28,180502.SZ,招商基金蛇口租赁住房REIT,A,3.624,356100,0.11344392918,0.031303512466887416,1.7654,2.242,1.3649512466887415,0.8883512466887415,1812000000.0,phase3_rational
2026-04-29,180502.SZ,招商基金蛇口租赁住房REIT,A,3.6,453927,0.11344392918,0.03151220255,1.7444,2.219,1.4068202550000002,0.9322202550000003,1800000000.0,phase3_rational
2026-04-30,180502.SZ,招商基金蛇口租赁住房REIT,A,3.599,658300,0.11344392918,0.031520958371769936,1.7473,2.218,1.4047958371769935,0.9340958371769936,1799500000.0,phase3_rational
2026-05-06,180502.SZ,招商基金蛇口租赁住房REIT,A,3.561,1010800,0.11344392918,0.03185732355518113,1.7654,2.239,1.4203323555181129,0.9467323555181131,1780500000.0,phase3_rational
2026-05-07,180502.SZ,招商基金蛇口租赁住房REIT,A,3.573,821600,0.11344392918,0.03175033002518892,1.7631,2.238,1.4119330025188923,0.9370330025188922,1786500000.0,phase3_rational
2026-05-08,180502.SZ,招商基金蛇口租赁住房REIT,A,3.586,388500,0.11344392918,0.031635228438371445,1.7648,2.2455,1.3987228438371446,0.9180228438371447,1793000000.0,phase3_rational
2026-05-11,180502.SZ,招商基金蛇口租赁住房REIT,A,3.585,1459500,0.11344392918,0.031644052769874476,1.7622,2.2361,1.4022052769874476,0.9283052769874476,1792500000.0,phase3_rational
2026-05-12,180502.SZ,招商基金蛇口租赁住房REIT,A,3.602,725800,0.11344392918,0.031494705491393674,1.7592,2.232,1.3902705491393672,0.9174705491393671,1801000000.0,phase3_rational
2026-05-13,180502.SZ,招商基金蛇口租赁住房REIT,A,3.582,424988,0.11344392918,0.03167055532663317,1.7514,2.234,1.415655532663317,0.933055532663317,1791000000.0,phase3_rational
2026-05-14,180502.SZ,招商基金蛇口租赁住房REIT,A,3.548,1560200,0.11344392918,0.031974049937993236,1.7588,2.241,1.4386049937993235,0.9564049937993233,1774000000.0,phase3_rational
2026-05-15,180502.SZ,招商基金蛇口租赁住房REIT,A,3.492,926700,0.11344392918,0.03248680675257732,1.7658,2.253,1.4828806752577322,0.9956806752577321,1746000000.0,phase3_rational
2026-05-18,180502.SZ,招商基金蛇口租赁住房REIT,A,3.49,1340000,0.11344392918,0.03250542383381089,1.7585,2.244,1.492042383381089,1.0065423833810887,1745000000.0,phase3_rational
2026-05-19,180502.SZ,招商基金蛇口租赁住房REIT,A,3.556,1361419,0.11344392918,0.03190211731721035,1.7345,2.221,1.455711731721035,0.9692117317210349,1778000000.0,phase3_rational
2026-05-20,180502.SZ,招商基金蛇口租赁住房REIT,A,3.534,443600,0.11344392918,0.03210071567062819,1.7382,2.2311,1.4718715670628186,0.9789715670628185,1767000000.0,phase3_rational
2026-05-21,180502.SZ,招商基金蛇口租赁住房REIT,A,3.53,928900,0.11344392918,0.03213709041926346,1.7448,2.231,1.4689090419263457,0.9827090419263458,1765000000.0,phase3_rational
2026-05-22,180502.SZ,招商基金蛇口租赁住房REIT,A,3.531,179900,0.11344392918,0.03212798900594732,1.7519,2.2345,1.4608989005947324,0.9782989005947322,1765500000.0,phase3_rational
2026-05-25,180502.SZ,招商基金蛇口租赁住房REIT,A,3.503,193000,0.11344392918,0.03238479280045675,1.7484,2.226,1.4900792800456755,1.0124792800456754,1751500000.0,phase3_rational
2026-05-26,180502.SZ,招商基金蛇口租赁住房REIT,A,3.496,1019900,0.11344392918,0.03244963649313501,1.7405,2.2205,1.504463649313501,1.024463649313501,1748000000.0,phase3_rational
2026-05-27,180502.SZ,招商基金蛇口租赁住房REIT,A,3.45,455813,0.11344392918,0.03288229831304348,1.7216,2.208,1.5666298313043479,1.0802298313043477,1725000000.0,phase3_rational
2026-05-28,180502.SZ,招商基金蛇口租赁住房REIT,A,3.392,948600,0.11344392918,0.033444554593160376,1.7193,2.2095,1.6251554593160376,1.1349554593160378,1696000000.0,phase3_rational
2026-05-29,180502.SZ,招商基金蛇口租赁住房REIT,A,3.44,833000,0.11344392918,0.03297788638953488,1.709,2.205,1.588788638953488,1.092788638953488,1720000000.0,phase3_rational
2026-06-01,180502.SZ,招商基金蛇口租赁住房REIT,A,3.54,421213,0.11344392918,0.0320463076779661,1.7009,2.191,1.50373076779661,1.0136307677966103,1770000000.0,phase3_rational
2026-06-02,180502.SZ,招商基金蛇口租赁住房REIT,A,3.537,265000,0.11344392918,0.032073488600508904,1.7036,2.191,1.5037488600508906,1.0163488600508908,1768500000.0,phase3_rational
2026-06-03,180502.SZ,招商基金蛇口租赁住房REIT,A,3.519,1485400,0.11344392918,0.0322375473657289,1.7128,2.205,1.5109547365728897,1.0187547365728897,1759500000.0,phase3_rational
2026-06-04,180502.SZ,招商基金蛇口租赁住房REIT,A,3.52,129900,0.11344392918,0.03222838897159091,1.7081,2.191,1.514738897159091,1.031838897159091,1760000000.0,phase3_rational
2026-06-05,180502.SZ,招商基金蛇口租赁住房REIT,A,3.532,504700,0.11344392918,0.032118892746319364,1.7207,2.204,1.4911892746319366,1.0078892746319363,1766000000.0,phase3_rational
2026-06-08,180502.SZ,招商基金蛇口租赁住房REIT,A,3.52,1181500,0.11344392918,0.03222838897159091,1.7275,2.213,1.4953388971590909,1.0098388971590908,1760000000.0,phase3_rational
2026-06-09,180502.SZ,招商基金蛇口租赁住房REIT,A,3.483,1405400,0.11344392918,0.03257075198966408,1.7376,2.22,1.5194751989664081,1.037075198966408,1741500000.0,phase3_rational
2026-06-10,180502.SZ,招商基金蛇口租赁住房REIT,A,3.45,324500,0.11344392918,0.03288229831304348,1.7476,2.235,1.5406298313043478,1.053229831304348,1725000000.0,phase3_rational
2026-06-11,180502.SZ,招商基金蛇口租赁住房REIT,A,3.401,336900,0.11344392918,0.033356050920317556,1.7475,2.238,1.5881050920317556,1.0976050920317557,1700500000.0,phase3_rational
2026-06-12,180502.SZ,招商基金蛇口租赁住房REIT,A,3.418,3060300,0.11344392918,0.033190148970157984,1.7427,2.2215,1.5763148970157987,1.0975148970157989,1709000000.0,phase3_rational
2026-06-15,180502.SZ,招商基金蛇口租赁住房REIT,A,3.391,265600,0.11344392918,0.033454417334119725,1.7446,2.2215,1.6008417334119727,1.1239417334119728,1695500000.0,phase3_rational
2026-06-16,180502.SZ,招商基金蛇口租赁住房REIT,A,3.385,28400,0.11344392918,0.03351371615361891,1.7324,2.2175,1.6189716153618907,1.1338716153618908,1692500000.0,phase3_rational
2026-06-17,180502.SZ,招商基金蛇口租赁住房REIT,A,3.39,240000,0.11344392918,0.03346428589380531,1.727,2.2181,1.619428589380531,1.1283285893805308,1695000000.0,phase3_rational
2026-06-18,180502.SZ,招商基金蛇口租赁住房REIT,A,3.332,1438400,0.11344392918,0.0340467974729892,1.7299,2.2201,1.6747797472989199,1.18457974729892,1666000000.0,phase3_rational
2026-06-22,180502.SZ,招商基金蛇口租赁住房REIT,A,3.265,491900,0.11344392918,0.03474546069831547,1.7375,2.2216,1.7370460698315469,1.2529460698315469,1632500000.0,phase3_rational
2026-06-23,180502.SZ,招商基金蛇口租赁住房REIT,A,3.268,2217600,0.11344392918,0.03471356462056304,1.7437,2.2291,1.727656462056304,1.2422564620563041,1634000000.0,phase3_rational
2026-06-24,180502.SZ,招商基金蛇口租赁住房REIT,A,3.26,1757700,0.11344392918,0.03479875128220859,1.7454,2.2311,1.734475128220859,1.248775128220859,1630000000.0,phase3_rational
2026-06-25,180502.SZ,招商基金蛇口租赁住房REIT,A,3.323,3137204,0.11344392918,0.03413900968402046,1.7351,2.2201,1.6788009684020464,1.1938009684020465,1661500000.0,phase3_rational
2026-06-26,180502.SZ,招商基金蛇口租赁住房REIT,A,3.31,4678500,0.11344392918,0.03427309038670695,1.7314,2.2176,1.6959090386706952,1.2097090386706952,1655000000.0,phase3_rational
2026-06-29,180502.SZ,招商基金蛇口租赁住房REIT,A,3.411,2198403,0.11344392918,0.033258261266490764,1.717,2.209,1.6088261266490762,1.1168261266490762,1705500000.0,phase3_rational
2026-06-30,180502.SZ,招商基金蛇口租赁住房REIT,A,3.45,502800,0.11344392918,0.03288229831304348,1.733,2.236,1.5552298313043478,1.0522298313043477,1725000000.0,phase3_rational
2026-07-01,180502.SZ,招商基金蛇口租赁住房REIT,A,3.444,364800,0.11344392918,0.032939584547038325,1.7448,2.2525,1.5491584547038328,1.0414584547038328,1722000000.0,phase3_rational
2026-07-02,180502.SZ,招商基金蛇口租赁住房REIT,A,3.375,1453547,0.11344392918,0.03361301605333333,1.741,2.258,1.6203016053333332,1.1033016053333333,1687500000.0,phase3_rational
2026-07-03,180502.SZ,招商基金蛇口租赁住房REIT,A,3.436,3293800,0.11344392918,0.03301627740977881,1.7463,2.2685,1.5553277409778812,1.0331277409778812,1718000000.0,phase3_rational
2026-07-06,180502.SZ,招商基金蛇口租赁住房REIT,A,3.497,1547603,0.11344392918,0.03244035721475551,1.7379,2.255,1.5061357214755506,0.9890357214755507,1748500000.0,phase3_rational
2026-07-07,180502.SZ,招商基金蛇口租赁住房REIT,A,3.482,2015300,0.11344392918,0.03258010602527283,1.7406,2.2605,1.5174106025272829,0.9975106025272829,1741000000.0,phase3_rational
2026-07-08,180502.SZ,招商基金蛇口租赁住房REIT,A,3.441,554006,0.11344392918,0.03296830258064516,1.7385,2.2545,1.5583302580645164,1.0423302580645162,1720500000.0,phase3_rational
2026-07-09,180502.SZ,招商基金蛇口租赁住房REIT,A,3.465,1190600,0.11344392918,0.0327399507012987,1.7376,2.2515,1.53639507012987,1.02249507012987,1732500000.0,phase3_rational
2026-07-10,180502.SZ,招商基金蛇口租赁住房REIT,A,3.481,975899,0.11344392918,0.03258946543521977,1.7398,2.253,1.5191465435219766,1.0059465435219765,1740500000.0,phase3_rational
2026-07-13,180502.SZ,招商基金蛇口租赁住房REIT,A,3.457,1191500,0.11344392918,0.03281571570147527,1.7442,2.263,1.537371570147527,1.018571570147527,1728500000.0,phase3_rational
2026-07-14,180502.SZ,招商基金蛇口租赁住房REIT,A,3.461,1463100,0.11344392918,0.032777789419242996,1.7402,2.2555,1.5375789419242996,1.0222789419242995,1730500000.0,phase3_rational
2026-07-15,180502.SZ,招商基金蛇口租赁住房REIT,A,3.4,1771700,0.11344392918,0.03336586152352941,1.7406,2.247,1.595986152352941,1.089586152352941,1700000000.0,phase3_rational
2026-07-16,180502.SZ,招商基金蛇口租赁住房REIT,A,3.44,1669000,0.11344392918,0.03297788638953488,1.7437,2.2515,1.554088638953488,1.046288638953488,1720000000.0,phase3_rational
2026-07-17,180502.SZ,招商基金蛇口租赁住房REIT,A,3.399,254500,0.11344392918,0.03337567789938217,1.7404,2.2425,1.597167789938217,1.0950677899382169,1699500000.0,phase3_rational
2026-07-20,180502.SZ,招商基金蛇口租赁住房REIT,A,3.38,413800,0.11344392918,0.03356329265680474,1.7453,2.2495,1.6110292656804737,1.106829265680474,1690000000.0,phase3_rational
2026-07-21,180502.SZ,招商基金蛇口租赁住房REIT,A,3.394,2387400,0.11344392918,0.033424846546847374,1.745,2.2475,1.5974846546847372,1.0949846546847373,1697000000.0,phase3_rational
2026-07-22,180502.SZ,招商基金蛇口租赁住房REIT,A,3.34,3014587,0.11344392918,0.03396524825748503,1.7297,2.212,1.6668248257485028,1.1845248257485026,1670000000.0,phase3_rational
2026-07-23,180502.SZ,招商基金蛇口租赁住房REIT,A,3.3,2074431,0.11344392918,0.03437694823636364,1.7325,2.2045,1.705194823636364,1.2331948236363641,1650000000.0,phase3_rational
2026-07-24,180502.SZ,招商基金蛇口租赁住房REIT,A,3.305,2298300,0.11344392918,0.034324940750378216,1.7282,2.187,1.7042940750378215,1.2454940750378216,1652500000.0,phase3_rational
2026-07-27,180502.SZ,招商基金蛇口租赁住房REIT,A,3.297,3028644,0.11344392918,0.03440822844404003,1.7337,2.193,1.7071228444040034,1.2478228444040034,1648500000.0,phase3_rational
2026-07-28,180502.SZ,招商基金蛇口租赁住房REIT,A,3.322,1022100,0.11344392918,0.034149286327513545,1.7351,2.194,1.6798286327513545,1.2209286327513547,1661000000.0,phase3_rational
2026-07-29,180502.SZ,招商基金蛇口租赁住房REIT,A,3.34,629600,0.11344392918,0.03396524825748503,1.7329,2.206,1.6636248257485027,1.1905248257485028,1670000000.0,phase3_rational
2026-07-30,180502.SZ,招商基金蛇口租赁住房REIT,A,3.408,1273200,0.11344392918,0.03328753790492958,1.7196,2.1851,1.609153790492958,1.1436537904929582,1704000000.0,phase3_rational
2026-07-31,180502.SZ,招商基金蛇口租赁住房REIT,A,3.421,793200,0.11344392918,0.03316104331482023,1.7141,2.1876,1.6020043314820225,1.1285043314820222,1710500000.0,phase3_rational
2026-08-03,180502.SZ,招商基金蛇口租赁住房REIT,A,3.413,894829,0.11344392918,0.0332387721007911,1.7169,2.1891,1.6069772100791095,1.1347772100791098,1706500000.0,phase3_rational
2026-08-04,180502.SZ,招商基金蛇口租赁住房REIT,A,3.384,743000,0.11344392918,0.03352361973404255,1.7126,2.1841,1.6397619734042552,1.1682619734042552,1692000000.0,phase3_rational
2026-08-05,180502.SZ,招商基金蛇口租赁住房REIT,A,3.385,1806000,0.11344392918,0.03351371615361891,1.7137,2.1871,1.6376716153618907,1.1642716153618906,1692500000.0,phase3_rational
2026-08-06,180502.SZ,招商基金蛇口租赁住房REIT,A,3.356,2105300,0.11344392918,0.03380331620381406,1.7143,2.1886,1.6660316203814063,1.1917316203814061,1678000000.0,phase3_rational
2026-08-07,180502.SZ,招商基金蛇口租赁住房REIT,A,3.385,670994,0.11344392918,0.03351371615361891,1.7114,2.1781,1.6399716153618906,1.1732716153618905,1692500000.0,phase3_rational
2026-08-10,180502.SZ,招商基金蛇口租赁住房REIT,A,3.418,7009900,0.11344392918,0.033190148970157984,1.7074,2.1581,1.6116148970157986,1.1609148970157985,1709000000.0,phase3_rational
2026-04-29,180503.SZ,中航北京昌保租赁住房REIT,B,2.78,49346441,0.085803445225,0.03086454864208633,1.7444,2.219,1.342054864208633,0.867454864208633,1111999999.9999998,phase3_rational
2026-04-30,180503.SZ,中航北京昌保租赁住房REIT,B,2.769,7332274,0.085803445225,0.030987159705669915,1.7473,2.218,1.3514159705669915,0.8807159705669916,1107600000.0,phase3_rational
2026-05-06,180503.SZ,中航北京昌保租赁住房REIT,B,2.726,1954949,0.085803445225,0.031475952026779164,1.7654,2.239,1.382195202677916,0.9085952026779163,1090400000.0,phase3_rational
2026-05-07,180503.SZ,中航北京昌保租赁住房REIT,B,2.727,2687783,0.085803445225,0.03146440969013568,1.7631,2.238,1.3833409690135683,0.9084409690135682,1090800000.0,phase3_rational
2026-05-08,180503.SZ,中航北京昌保租赁住房REIT,B,2.727,3098728,0.085803445225,0.03146440969013568,1.7648,2.2455,1.3816409690135683,0.9009409690135683,1090800000.0,phase3_rational
2026-05-11,180503.SZ,中航北京昌保租赁住房REIT,B,2.712,1139911,0.085803445225,0.031638438504793504,1.7622,2.2361,1.4016438504793505,0.9277438504793505,1084800000.0000002,phase3_rational
2026-05-12,180503.SZ,中航北京昌保租赁住房REIT,B,2.704,1017214,0.085803445225,0.03173204335244083,1.7592,2.232,1.4140043352440828,0.9412043352440826,1081600000.0,phase3_rational
2026-05-13,180503.SZ,中航北京昌保租赁住房REIT,B,2.68,1658859,0.085803445225,0.032016210904850746,1.7514,2.234,1.4502210904850747,0.9676210904850748,1072000000.0,phase3_rational
2026-05-14,180503.SZ,中航北京昌保租赁住房REIT,B,2.694,2219725,0.085803445225,0.03184983118968077,1.7588,2.241,1.4261831189680776,0.9439831189680774,1077600000.0,phase3_rational
2026-05-15,180503.SZ,中航北京昌保租赁住房REIT,B,2.685,656772,0.085803445225,0.03195659040037244,1.7658,2.253,1.4298590400372437,0.9426590400372437,1074000000.0,phase3_rational
2026-05-18,180503.SZ,中航北京昌保租赁住房REIT,B,2.669,1313382,0.085803445225,0.032148162317347316,1.7585,2.244,1.4563162317347318,0.9708162317347315,1067600000.0,phase3_rational
2026-05-19,180503.SZ,中航北京昌保租赁住房REIT,B,2.69,4109048,0.085803445225,0.03189719153345725,1.7345,2.221,1.4552191533457248,0.9687191533457247,1076000000.0,phase3_rational
2026-05-20,180503.SZ,中航北京昌保租赁住房REIT,B,2.703,2720994,0.085803445225,0.031743782917129114,1.7382,2.2311,1.4361782917129116,0.9432782917129114,1081200000.0,phase3_rational
2026-05-21,180503.SZ,中航北京昌保租赁住房REIT,B,2.703,333198,0.085803445225,0.031743782917129114,1.7448,2.231,1.4295782917129116,0.9433782917129117,1081200000.0,phase3_rational
2026-05-22,180503.SZ,中航北京昌保租赁住房REIT,B,2.703,1210337,0.085803445225,0.031743782917129114,1.7519,2.2345,1.4224782917129115,0.9398782917129114,1081200000.0,phase3_rational
2026-05-25,180503.SZ,中航北京昌保租赁住房REIT,B,2.708,1604867,0.085803445225,0.0316851717965288,1.7484,2.226,1.4201171796528798,0.9425171796528797,1083200000.0000002,phase3_rational
2026-05-26,180503.SZ,中航北京昌保租赁住房REIT,B,2.702,3629015,0.085803445225,0.03175553117135455,1.7405,2.2205,1.4350531171354555,0.9550531171354555,1080800000.0,phase3_rational
2026-05-27,180503.SZ,中航北京昌保租赁住房REIT,B,2.693,2158149,0.085803445225,0.03186165808577794,1.7216,2.208,1.464565808577794,0.9781658085777938,1077200000.0,phase3_rational
2026-05-28,180503.SZ,中航北京昌保租赁住房REIT,B,2.686,1972215,0.085803445225,0.031944692935591955,1.7193,2.2095,1.4751692935591953,0.9849692935591956,1074400000.0,phase3_rational
2026-05-29,180503.SZ,中航北京昌保租赁住房REIT,B,2.701,1424389,0.085803445225,0.0317672881247686,1.709,2.205,1.4677288124768602,0.9717288124768602,1080400000.0,phase3_rational
2026-06-01,180503.SZ,中航北京昌保租赁住房REIT,B,2.719,2246487,0.085803445225,0.03155698610702464,1.7009,2.191,1.4547986107024642,0.9646986107024644,1087600000.0,phase3_rational
2026-06-02,180503.SZ,中航北京昌保租赁住房REIT,B,2.697,251798,0.085803445225,0.0318144031238413,1.7036,2.191,1.4778403123841304,0.9904403123841306,1078800000.0,phase3_rational
2026-06-03,180503.SZ,中航北京昌保租赁住房REIT,B,2.715,1305567,0.085803445225,0.031603478904235725,1.7128,2.205,1.4475478904235723,0.9553478904235724,1086000000.0,phase3_rational
2026-06-04,180503.SZ,中航北京昌保租赁住房REIT,B,2.719,166493,0.085803445225,0.03155698610702464,1.7081,2.191,1.4475986107024643,0.9646986107024644,1087600000.0,phase3_rational
2026-06-05,180503.SZ,中航北京昌保租赁住房REIT,B,2.757,2634109,0.085803445225,0.03112203308850199,1.7207,2.204,1.3915033088501993,0.9082033088501991,1102800000.0,phase3_rational
2026-06-08,180503.SZ,中航北京昌保租赁住房REIT,B,2.74,1115712,0.085803445225,0.031315125994525544,1.7275,2.213,1.4040125994525545,0.9185125994525545,1096000000.0000002,phase3_rational
2026-06-09,180503.SZ,中航北京昌保租赁住房REIT,B,2.713,1261321,0.085803445225,0.031626776713969774,1.7376,2.22,1.4250776713969775,0.9426776713969773,1085200000.0,phase3_rational
2026-06-10,180503.SZ,中航北京昌保租赁住房REIT,B,2.699,1187818,0.085803445225,0.031790828167839943,1.7476,2.235,1.4314828167839944,0.9440828167839945,1079600000.0,phase3_rational
2026-06-11,180503.SZ,中航北京昌保租赁住房REIT,B,2.676,557232,0.085803445225,0.03206406772234678,1.7475,2.238,1.4589067722346782,0.9684067722346783,1070400000.0,phase3_rational
2026-06-12,180503.SZ,中航北京昌保租赁住房REIT,B,2.704,1820440,0.085803445225,0.03173204335244083,1.7427,2.2215,1.430504335244083,0.951704335244083,1081600000.0,phase3_rational
2026-06-15,180503.SZ,中航北京昌保租赁住房REIT,B,2.716,370570,0.085803445225,0.031591842866347565,1.7446,2.2215,1.4145842866347567,0.9376842866347568,1086400000.0000002,phase3_rational
2026-06-16,180503.SZ,中航北京昌保租赁住房REIT,B,2.697,231105,0.085803445225,0.0318144031238413,1.7324,2.2175,1.4490403123841304,0.9639403123841306,1078800000.0,phase3_rational
2026-06-17,180503.SZ,中航北京昌保租赁住房REIT,B,2.693,153896,0.085803445225,0.03186165808577794,1.727,2.2181,1.4591658085777939,0.9680658085777938,1077200000.0,phase3_rational
2026-06-18,180503.SZ,中航北京昌保租赁住房REIT,B,2.637,1328388,0.085803445225,0.03253828032802427,1.7299,2.2201,1.523928032802427,1.033728032802427,1054800000.0,phase3_rational
2026-06-22,180503.SZ,中航北京昌保租赁住房REIT,B,2.54,1457073,0.085803445225,0.033780883946850394,1.7375,2.2216,1.6405883946850393,1.1564883946850393,1016000000.0,phase3_rational
2026-06-23,180503.SZ,中航北京昌保租赁住房REIT,B,2.54,2212057,0.085803445225,0.033780883946850394,1.7437,2.2291,1.6343883946850393,1.1489883946850394,1016000000.0,phase3_rational
2026-06-24,180503.SZ,中航北京昌保租赁住房REIT,B,2.545,4207371,0.085803445225,0.033714516787819254,1.7454,2.2311,1.6260516787819252,1.1403516787819252,1018000000.0,phase3_rational
2026-06-25,180503.SZ,中航北京昌保租赁住房REIT,B,2.618,2349234,0.085803445225,0.03277442521963331,1.7351,2.2201,1.5423425219633309,1.057342521963331,1047200000.0,phase3_rational
2026-06-26,180503.SZ,中航北京昌保租赁住房REIT,B,2.667,1438979,0.085803445225,0.0321722704255718,1.7314,2.2176,1.4858270425571802,0.9996270425571803,1066799999.9999999,phase3_rational
2026-06-29,180503.SZ,中航北京昌保租赁住房REIT,B,2.67,1097480,0.085803445225,0.03213612180711611,1.717,2.209,1.4966121807116104,1.0046121807116104,1068000000.0,phase3_rational
2026-06-30,180503.SZ,中航北京昌保租赁住房REIT,B,2.661,965619,0.085803445225,0.032244812185268694,1.733,2.236,1.4914812185268693,0.9884812185268692,1064400000.0,phase3_rational
2026-07-01,180503.SZ,中航北京昌保租赁住房REIT,B,2.662,285478,0.085803445225,0.032232699182945156,1.7448,2.2525,1.4784699182945158,0.9707699182945158,1064800000.0,phase3_rational
2026-07-02,180503.SZ,中航北京昌保租赁住房REIT,B,2.644,137609,0.085803445225,0.03245213510779122,1.741,2.258,1.5042135107791221,0.9872135107791222,1057600000.0,phase3_rational
2026-07-03,180503.SZ,中航北京昌保租赁住房REIT,B,2.661,2256100,0.085803445225,0.032244812185268694,1.7463,2.2685,1.4781812185268695,0.9559812185268695,1064400000.0,phase3_rational
2026-07-06,180503.SZ,中航北京昌保租赁住房REIT,B,2.688,685070,0.085803445225,0.03192092456287202,1.7379,2.255,1.4541924562872024,0.9370924562872025,1075200000.0,phase3_rational
2026-07-07,180503.SZ,中航北京昌保租赁住房REIT,B,2.674,1991451,0.085803445225,0.0320880498223635,1.7406,2.2605,1.4682049822363499,0.9483049822363498,1069600000.0,phase3_rational
2026-07-08,180503.SZ,中航北京昌保租赁住房REIT,B,2.65,2182277,0.085803445225,0.032378658575471696,1.7385,2.2545,1.4993658575471696,0.9833658575471693,1060000000.0,phase3_rational
2026-07-09,180503.SZ,中航北京昌保租赁住房REIT,B,2.655,3115185,0.085803445225,0.0323176818173258,1.7376,2.2515,1.4941681817325798,0.9802681817325798,1061999999.9999999,phase3_rational
2026-07-10,180503.SZ,中航北京昌保租赁住房REIT,B,2.665,3044005,0.085803445225,0.03219641471857411,1.7398,2.253,1.479841471857411,0.966641471857411,1066000000.0,phase3_rational
2026-07-13,180503.SZ,中航北京昌保租赁住房REIT,B,2.679,564736,0.085803445225,0.0320281617114595,1.7442,2.263,1.4586161711459502,0.9398161711459503,1071600000.0,phase3_rational
2026-07-14,180503.SZ,中航北京昌保租赁住房REIT,B,2.686,408470,0.085803445225,0.031944692935591955,1.7402,2.2555,1.4542692935591954,0.9389692935591953,1074400000.0,phase3_rational
2026-07-15,180503.SZ,中航北京昌保租赁住房REIT,B,2.679,1736327,0.085803445225,0.0320281617114595,1.7406,2.247,1.4622161711459503,0.9558161711459503,1071600000.0,phase3_rational
2026-07-16,180503.SZ,中航北京昌保租赁住房REIT,B,2.693,899653,0.085803445225,0.03186165808577794,1.7437,2.2515,1.442465808577794,0.9346658085777939,1077200000.0,phase3_rational
2026-07-17,180503.SZ,中航北京昌保租赁住房REIT,B,2.712,1765081,0.085803445225,0.031638438504793504,1.7404,2.2425,1.4234438504793505,0.9213438504793503,1084800000.0000002,phase3_rational
2026-07-20,180503.SZ,中航北京昌保租赁住房REIT,B,2.712,1792601,0.085803445225,0.031638438504793504,1.7453,2.2495,1.4185438504793504,0.9143438504793506,1084800000.0000002,phase3_rational
2026-07-21,180503.SZ,中航北京昌保租赁住房REIT,B,2.723,2021361,0.085803445225,0.031510629902680866,1.745,2.2475,1.4060629902680866,0.9035629902680866,1089200000.0,phase3_rational
2026-07-22,180503.SZ,中航北京昌保租赁住房REIT,B,2.731,1102321,0.085803445225,0.03141832487184182,1.7297,2.212,1.4121324871841818,0.9298324871841817,1092400000.0,phase3_rational
2026-07-23,180503.SZ,中航北京昌保租赁住房REIT,B,2.748,2066110,0.085803445225,0.031223961144468702,1.7325,2.2045,1.3898961144468704,0.9178961144468705,1099200000.0000002,phase3_rational
2026-07-24,180503.SZ,中航北京昌保租赁住房REIT,B,2.73,2086592,0.085803445225,0.03142983341575092,1.7282,2.187,1.414783341575092,0.955983341575092,1092000000.0,phase3_rational
2026-07-27,180503.SZ,中航北京昌保租赁住房REIT,B,2.752,1321609,0.085803445225,0.031178577480014538,1.7337,2.193,1.3841577480014535,0.9248577480014535,1100799999.9999998,phase3_rational
2026-07-28,180503.SZ,中航北京昌保租赁住房REIT,B,2.77,508063,0.085803445225,0.030975973005415162,1.7351,2.194,1.362497300541516,0.9035973005415161,1108000000.0,phase3_rational
2026-07-29,180503.SZ,中航北京昌保租赁住房REIT,B,2.781,973054,0.085803445225,0.030853450278676732,1.7329,2.206,1.3524450278676732,0.8793450278676733,1112400000.0,phase3_rational
2026-07-30,180503.SZ,中航北京昌保租赁住房REIT,B,2.844,902800,0.085803445225,0.030169987772503515,1.7196,2.1851,1.2973987772503512,0.8318987772503514,1137600000.0,phase3_rational
2026-07-31,180503.SZ,中航北京昌保租赁住房REIT,B,2.876,1094950,0.085803445225,0.029834299452364394,1.7141,2.1876,1.2693299452364395,0.7958299452364392,1150400000.0,phase3_rational
2026-08-03,180503.SZ,中航北京昌保租赁住房REIT,B,2.879,720738,0.085803445225,0.029803211262591178,1.7169,2.1891,1.2634211262591177,0.791221126259118,1151600000.0,phase3_rational
2026-08-04,180503.SZ,中航北京昌保租赁住房REIT,B,2.8,2027623,0.085803445225,0.030644087580357145,1.7126,2.1841,1.3518087580357145,0.8803087580357145,1120000000.0,phase3_rational
2026-08-05,180503.SZ,中航北京昌保租赁住房REIT,B,2.809,1230886,0.085803445225,0.03054590431648273,1.7137,2.1871,1.3408904316482733,0.8674904316482732,1123600000.0,phase3_rational
2026-08-06,180503.SZ,中航北京昌保租赁住房REIT,B,2.789,144632,0.085803445225,0.030764949883470775,1.7143,2.1886,1.3621949883470774,0.8878949883470773,1115600000.0,phase3_rational
2026-08-07,180503.SZ,中航北京昌保租赁住房REIT,B,2.795,212924,0.085803445225,0.03069890705724508,1.7114,2.1781,1.3584907057245081,0.891790705724508,1118000000.0,phase3_rational
2026-08-10,180503.SZ,中航北京昌保租赁住房REIT,B,2.829,359521,0.085803445225,0.03032995589430894,1.7074,2.1581,1.325595589430894,0.8748955894308938,1131600000.0,phase3_rational
2024-01-12,508031.SH,国泰海通城投宽庭保租房REIT,A,3.048,43889139,0.12796824374,0.041984331935695535,2.5172,2.793,1.681233193569554,1.4054331935695537,3048000000.0,phase2_correction
2024-01-15,508031.SH,国泰海通城投宽庭保租房REIT,A,2.822,2947497,0.12796824374,0.04534664909284195,2.5212,2.7856,2.013464909284195,1.7490649092841948,2822000000.0,phase2_correction
2024-01-16,508031.SH,国泰海通城投宽庭保租房REIT,A,2.861,3852042,0.12796824374,0.04472850183152743,2.5252,2.7897,1.947650183152743,1.6831501831527431,2861000000.0,phase2_correction
2024-01-17,508031.SH,国泰海通城投宽庭保租房REIT,A,2.849,1610801,0.12796824374,0.044916898469638464,2.5077,2.7747,1.9839898469638468,1.7169898469638465,2849000000.0,phase2_correction
2024-01-18,508031.SH,国泰海通城投宽庭保租房REIT,A,2.818,1192196,0.12796824374,0.04541101623136976,2.5092,2.7732,2.031901623136976,1.767901623136976,2818000000.0,phase2_correction
2024-01-19,508031.SH,国泰海通城投宽庭保租房REIT,A,2.823,1100046,0.12796824374,0.0453305858094226,2.5027,2.7583,2.03035858094226,1.77475858094226,2823000000.0,phase2_correction
2024-01-22,508031.SH,国泰海通城投宽庭保租房REIT,A,2.801,2662649,0.12796824374,0.04568662754016422,2.4922,2.7224,2.0764627540164216,1.8462627540164216,2801000000.0,phase2_correction
2024-01-23,508031.SH,国泰海通城投宽庭保租房REIT,A,2.793,1793283,0.12796824374,0.04581748791263873,2.5042,2.7327,2.0775487912638733,1.8490487912638733,2793000000.0,phase2_correction
2024-01-24,508031.SH,国泰海通城投宽庭保租房REIT,A,2.774,1352307,0.12796824374,0.04613130632299928,2.5042,2.738,2.108930632299928,1.875130632299928,2774000000.0,phase2_correction
2024-01-25,508031.SH,国泰海通城投宽庭保租房REIT,A,2.804,1538261,0.12796824374,0.04563774741084165,2.4984,2.7321,2.065374741084165,1.8316747410841652,2804000000.0,phase2_correction
2024-01-26,508031.SH,国泰海通城投宽庭保租房REIT,A,2.817,736375,0.12796824374,0.04542713657791977,2.4994,2.7331,2.0433136577919764,1.8096136577919766,2817000000.0,phase2_correction
2024-01-29,508031.SH,国泰海通城投宽庭保租房REIT,A,2.813,513738,0.12796824374,0.04549173257731958,2.494,2.7272,2.055173257731958,1.8219732577319583,2813000000.0,phase2_correction
2024-01-30,508031.SH,国泰海通城投宽庭保租房REIT,A,2.808,719128,0.12796824374,0.045572736374643874,2.4557,2.6831,2.101573637464387,1.8741736374643874,2808000000.0,phase2_correction
2024-01-31,508031.SH,国泰海通城投宽庭保租房REIT,A,2.804,758134,0.12796824374,0.04563774741084165,2.433,2.6482,2.1307747410841653,1.915574741084165,2804000000.0,phase2_correction
2024-02-01,508031.SH,国泰海通城投宽庭保租房REIT,A,2.8,231155,0.12796824374,0.04570294419285714,2.4354,2.6472,2.134894419285714,1.923094419285714,2800000000.0,phase3_rational
2024-02-02,508031.SH,国泰海通城投宽庭保租房REIT,A,2.799,1040689,0.12796824374,0.04571927250446588,2.4244,2.6353,2.1475272504465877,1.9366272504465876,2799000000.0,phase3_rational
2024-02-05,508031.SH,国泰海通城投宽庭保租房REIT,A,2.795,1207659,0.12796824374,0.04578470259033989,2.4002,2.5974,2.1782702590339893,1.9810702590339893,2795000000.0,phase3_rational
2024-02-06,508031.SH,国泰海通城投宽庭保租房REIT,A,2.798,889045,0.12796824374,0.045735612487491056,2.4525,2.6579,2.1210612487491054,1.9156612487491054,2798000000.0,phase3_rational
2024-02-07,508031.SH,国泰海通城投宽庭保租房REIT,A,2.796,663943,0.12796824374,0.045768327517882686,2.4153,2.6214,2.1615327517882688,1.9554327517882686,2796000000.0,phase3_rational
2024-02-08,508031.SH,国泰海通城投宽庭保租房REIT,A,2.801,387061,0.12796824374,0.04568662754016422,2.4379,2.6505,2.1307627540164216,1.9181627540164214,2801000000.0,phase3_rational
2024-02-19,508031.SH,国泰海通城投宽庭保租房REIT,A,2.885,2350346,0.12796824374,0.0443564103084922,2.4344,2.627,2.0012410308492203,1.8086410308492207,2885000000.0,phase3_rational
2024-02-20,508031.SH,国泰海通城投宽庭保租房REIT,A,2.849,3769411,0.12796824374,0.044916898469638464,2.4134,2.6004,2.0782898469638464,1.8912898469638466,2849000000.0,phase3_rational
2024-02-21,508031.SH,国泰海通城投宽庭保租房REIT,A,2.845,1052149,0.12796824374,0.04498005052372583,2.4119,2.601,2.0861050523725826,1.8970050523725828,2845000000.0,phase3_rational
2024-02-22,508031.SH,国泰海通城投宽庭保租房REIT,A,2.841,779756,0.12796824374,0.045043380408306924,2.4033,2.591,2.101038040830692,1.9133380408306921,2841000000.0,phase3_rational
2024-02-23,508031.SH,国泰海通城投宽庭保租房REIT,A,2.99,6174806,0.12796824374,0.0427987437257525,2.4009,2.5809,1.8789743725752501,1.69897437257525,2990000000.0,phase3_rational
2024-02-26,508031.SH,国泰海通城投宽庭保租房REIT,A,3.029,2630448,0.12796824374,0.04224768693958402,2.3789,2.54,1.8458686939584021,1.684768693958402,3029000000.0,phase3_rational
2024-02-27,508031.SH,国泰海通城投宽庭保租房REIT,A,2.998,4082400,0.12796824374,0.04268453760507004,2.3809,2.5224,1.887553760507004,1.746053760507004,2998000000.0,phase3_rational
2024-02-28,508031.SH,国泰海通城投宽庭保租房REIT,A,3.015,1975657,0.12796824374,0.04244386193698175,2.3376,2.4868,1.9067861936981751,1.7575861936981751,3015000000.0,phase3_rational
2024-02-29,508031.SH,国泰海通城投宽庭保租房REIT,A,3.007,2561313,0.12796824374,0.042556782088460254,2.3375,2.4616,1.9181782088460255,1.7940782088460256,3007000000.0,phase3_rational
2024-03-01,508031.SH,国泰海通城投宽庭保租房REIT,A,3.05,4372566,0.12796824374,0.04195680122622951,2.3675,2.4915,1.828180122622951,1.7041801226229514,3050000000.0,phase3_rational
2024-03-04,508031.SH,国泰海通城投宽庭保租房REIT,A,3.054,11848046,0.12796824374,0.041901847982973146,2.3475,2.4738,1.8426847982973147,1.7163847982973146,3054000000.0,phase3_rational
2024-03-05,508031.SH,国泰海通城投宽庭保租房REIT,A,3.058,7531276,0.12796824374,0.041847038502289075,2.3169,2.4794,1.8678038502289076,1.7053038502289075,3058000000.0,phase3_rational
2024-03-06,508031.SH,国泰海通城投宽庭保租房REIT,A,3.053,2309601,0.12796824374,0.041915572793973135,2.265,2.4274,1.9265572793973136,1.7641572793973137,3053000000.0,phase3_rational
2024-03-07,508031.SH,国泰海通城投宽庭保租房REIT,A,3.038,3879795,0.12796824374,0.04212252921000658,2.2776,2.431,1.9346529210006582,1.7812529210006582,3038000000.0,phase3_rational
2024-03-08,508031.SH,国泰海通城投宽庭保租房REIT,A,3.053,1725312,0.12796824374,0.041915572793973135,2.2825,2.4335,1.9090572793973135,1.7580572793973137,3053000000.0,phase3_rational
2024-03-11,508031.SH,国泰海通城投宽庭保租房REIT,A,3.054,2534626,0.12796824374,0.041901847982973146,2.305,2.4766,1.8851847982973147,1.713584798297315,3054000000.0,phase3_rational
2024-03-12,508031.SH,国泰海通城投宽庭保租房REIT,A,3.058,2019501,0.12796824374,0.041847038502289075,2.3476,2.5415,1.8371038502289077,1.6432038502289075,3058000000.0,phase3_rational
2024-03-13,508031.SH,国泰海通城投宽庭保租房REIT,A,3.051,1687057,0.12796824374,0.04194304940675188,2.3326,2.5313,1.8617049406751884,1.6630049406751883,3051000000.0,phase3_rational
2024-03-14,508031.SH,国泰海通城投宽庭保租房REIT,A,3.054,1843132,0.12796824374,0.041901847982973146,2.3425,2.5343,1.847684798297315,1.6558847982973148,3054000000.0,phase3_rational
2024-03-15,508031.SH,国泰海通城投宽庭保租房REIT,A,3.047,1443035,0.12796824374,0.04199811084345257,2.32,2.5094,1.8798110843452576,1.6904110843452576,3047000000.0,phase3_rational
2024-03-18,508031.SH,国泰海通城投宽庭保租房REIT,A,3.04,1903620,0.12796824374,0.04209481701973684,2.2926,2.4857,1.9168817019736837,1.7237817019736839,3040000000.0,phase3_rational
2024-03-19,508031.SH,国泰海通城投宽庭保租房REIT,A,3.035,1011224,0.12796824374,0.042164165976935744,2.2801,2.4485,1.9363165976935743,1.7679165976935742,3035000000.0,phase3_rational
2024-03-20,508031.SH,国泰海通城投宽庭保租房REIT,A,3.03,579060,0.12796824374,0.04223374380858086,2.2951,2.466,1.928274380858086,1.757374380858086,3030000000.0,phase3_rational
2024-03-21,508031.SH,国泰海通城投宽庭保租房REIT,A,2.98,547767,0.12796824374,0.04294236367114094,2.2851,2.4615,2.0091363671140936,1.8327363671140935,2980000000.0,phase3_rational
2024-03-22,508031.SH,国泰海通城投宽庭保租房REIT,A,2.985,339318,0.12796824374,0.042870433413735344,2.3051,2.4832,1.9819433413735346,1.8038433413735344,2985000000.0,phase3_rational
2024-03-25,508031.SH,国泰海通城投宽庭保租房REIT,A,2.976,270352,0.12796824374,0.04300008190188172,2.3151,2.4962,1.9849081901881718,1.803808190188172,2976000000.0,phase3_rational
2024-03-26,508031.SH,国泰海通城投宽庭保租房REIT,A,2.982,520072,0.12796824374,0.042913562622401064,2.3175,2.4982,1.9738562622401066,1.7931562622401063,2982000000.0,phase3_rational
2024-03-27,508031.SH,国泰海通城投宽庭保租房REIT,A,3.006,441433,0.12796824374,0.042570939367930806,2.2876,2.4636,1.9694939367930808,1.7934939367930807,3006000000.0,phase3_rational
2024-03-28,508031.SH,国泰海通城投宽庭保租房REIT,A,3.001,1433996,0.12796824374,0.04264186729090303,2.3026,2.4664,1.9615867290903033,1.7977867290903031,3001000000.0,phase3_rational
2024-03-29,508031.SH,国泰海通城投宽庭保租房REIT,A,3.0,94132,0.12796824374,0.042656081246666665,2.2901,2.4594,1.9755081246666668,1.8062081246666666,3000000000.0,phase3_rational
2024-04-01,508031.SH,国泰海通城投宽庭保租房REIT,A,3.009,1714083,0.12796824374,0.042528495759388496,2.3082,2.4848,1.94464957593885,1.76804957593885,3009000000.0,phase3_rational
2024-04-02,508031.SH,国泰海通城投宽庭保租房REIT,A,2.996,740335,0.12796824374,0.04271303195594125,2.2927,2.475,1.9786031955941246,1.7963031955941244,2996000000.0,phase3_rational
2024-04-03,508031.SH,国泰海通城投宽庭保租房REIT,A,2.996,1722811,0.12796824374,0.04271303195594125,2.2837,2.4635,1.9876031955941245,1.8078031955941247,2996000000.0,phase3_rational
2024-04-08,508031.SH,国泰海通城投宽庭保租房REIT,A,3.049,5037415,0.12796824374,0.04197056206625123,2.2822,2.4656,1.9148562066251231,1.7314562066251233,3049000000.0,phase3_rational
2024-04-09,508031.SH,国泰海通城投宽庭保租房REIT,A,3.043,1554798,0.12796824374,0.04205331703581991,2.2802,2.4637,1.9251317035819913,1.7416317035819913,3043000000.0,phase3_rational
2024-04-10,508031.SH,国泰海通城投宽庭保租房REIT,A,3.03,1726617,0.12796824374,0.04223374380858086,2.2972,2.4891,1.926174380858086,1.734274380858086,3030000000.0,phase3_rational
2024-04-11,508031.SH,国泰海通城投宽庭保租房REIT,A,3.021,2884773,0.12796824374,0.04235956429659053,2.2928,2.4928,1.9431564296590529,1.7431564296590532,3021000000.0,phase3_rational
2024-04-12,508031.SH,国泰海通城投宽庭保租房REIT,A,2.997,2812749,0.12796824374,0.042698780026693355,2.2837,2.487,1.9861780026693352,1.7828780026693352,2997000000.0,phase3_rational
2024-04-15,508031.SH,国泰海通城投宽庭保租房REIT,A,2.991,4195844,0.12796824374,0.042784434550317614,2.2798,2.4863,1.998643455031762,1.7921434550317619,2991000000.0,phase3_rational
2024-04-16,508031.SH,国泰海通城投宽庭保租房REIT,A,2.99,2660488,0.12796824374,0.0427987437257525,2.2723,2.4717,2.00757437257525,1.8081743725752504,2990000000.0,phase3_rational
2024-04-17,508031.SH,国泰海通城投宽庭保租房REIT,A,3.006,2219034,0.12796824374,0.042570939367930806,2.2608,2.4556,1.9962939367930805,1.8014939367930807,3006000000.0,phase3_rational
2024-04-18,508031.SH,国泰海通城投宽庭保租房REIT,A,3.009,416874,0.12796824374,0.042528495759388496,2.2537,2.4466,1.99914957593885,1.8062495759388497,3009000000.0,phase3_rational
2024-04-19,508031.SH,国泰海通城投宽庭保租房REIT,A,3.016,2349713,0.12796824374,0.042429789038461535,2.254,2.4411,1.9889789038461534,1.8018789038461533,3016000000.0,phase3_rational
2024-04-22,508031.SH,国泰海通城投宽庭保租房REIT,A,3.0,4625187,0.12796824374,0.042656081246666665,2.2435,2.4341,2.0221081246666666,1.8315081246666667,3000000000.0,phase3_rational
2024-04-23,508031.SH,国泰海通城投宽庭保租房REIT,A,3.004,3636994,0.12796824374,0.042599282203728356,2.226,2.4211,2.033928220372836,1.8388282203728359,3004000000.0,phase3_rational
2024-04-24,508031.SH,国泰海通城投宽庭保租房REIT,A,3.015,2135688,0.12796824374,0.04244386193698175,2.2727,2.4791,1.9716861936981753,1.7652861936981754,3015000000.0,phase3_rational
2024-04-25,508031.SH,国泰海通城投宽庭保租房REIT,A,3.046,2997725,0.12796824374,0.04201189879842416,2.2612,2.4841,1.939989879842416,1.717089879842416,3046000000.0,phase3_rational
2024-04-26,508031.SH,国泰海通城投宽庭保租房REIT,A,3.05,9056008,0.12796824374,0.04195680122622951,2.3084,2.5257,1.8872801226229514,1.6699801226229511,3050000000.0,phase3_rational
2024-04-29,508031.SH,国泰海通城投宽庭保租房REIT,A,3.05,2035544,0.12796824374,0.04195680122622951,2.353,2.5833,1.842680122622951,1.6123801226229513,3050000000.0,phase3_rational
2024-04-30,508031.SH,国泰海通城投宽庭保租房REIT,A,3.044,1507946,0.12796824374,0.04203950188567673,2.3028,2.5382,1.9011501885676734,1.6657501885676735,3044000000.0,phase3_rational
2024-05-06,508031.SH,国泰海通城投宽庭保租房REIT,A,3.052,1426716,0.12796824374,0.0419293065989515,2.3081,2.5587,1.8848306598951496,1.6342306598951497,3052000000.0,phase3_rational
2024-05-07,508031.SH,国泰海通城投宽庭保租房REIT,A,3.073,1661452,0.12796824374,0.04164277375203384,2.2896,2.5413,1.874677375203384,1.622977375203384,3073000000.0,phase3_rational
2024-05-08,508031.SH,国泰海通城投宽庭保租房REIT,A,3.097,2410993,0.12796824374,0.041320065786244746,2.2955,2.55,1.836506578624474,1.5820065786244744,3097000000.0,phase3_rational
2024-05-09,508031.SH,国泰海通城投宽庭保租房REIT,A,3.12,2912714,0.12796824374,0.04101546273717948,2.3186,2.5726,1.7829462737179478,1.5289462737179478,3120000000.0,phase3_rational
2024-05-10,508031.SH,国泰海通城投宽庭保租房REIT,A,3.098,4103540,0.12796824374,0.0413067281278244,2.3122,2.5826,1.8184728127824403,1.5480728127824404,3098000000.0,phase3_rational
2024-05-13,508031.SH,国泰海通城投宽庭保租房REIT,A,3.126,1371238,0.12796824374,0.040936738240563014,2.29,2.5661,1.8036738240563013,1.5275738240563013,3126000000.0,phase3_rational
2024-05-14,508031.SH,国泰海通城投宽庭保租房REIT,A,3.164,1781468,0.12796824374,0.04044508335651074,2.2938,2.5631,1.7507083356510735,1.4814083356510737,3164000000.0,phase3_rational
2024-05-15,508031.SH,国泰海通城投宽庭保租房REIT,A,3.163,536184,0.12796824374,0.04045787029402466,2.302,2.5681,1.743787029402466,1.4776870294024662,3163000000.0,phase3_rational
2024-05-16,508031.SH,国泰海通城投宽庭保租房REIT,A,3.173,822211,0.12796824374,0.040330363611723916,2.3147,2.5811,1.7183363611723914,1.4519363611723914,3173000000.0,phase3_rational
2024-05-17,508031.SH,国泰海通城投宽庭保租房REIT,A,3.165,623533,0.12796824374,0.040432304499210106,2.3077,2.5867,1.735530449921011,1.456530449921011,3165000000.0,phase3_rational
2024-05-20,508031.SH,国泰海通城投宽庭保租房REIT,A,3.176,719449,0.12796824374,0.04029226818010075,2.3105,2.5917,1.718726818010075,1.4375268180100753,3176000000.0,phase3_rational
2024-05-21,508031.SH,国泰海通城投宽庭保租房REIT,A,3.174,507687,0.12796824374,0.04031765713295526,2.3141,2.5927,1.717665713295526,1.439065713295526,3174000000.0,phase3_rational
2024-05-22,508031.SH,国泰海通城投宽庭保租房REIT,A,3.16,1449457,0.12796824374,0.040496279664556954,2.3123,2.57,1.737327966455695,1.4796279664556953,3160000000.0,phase3_rational
2024-05-23,508031.SH,国泰海通城投宽庭保租房REIT,A,3.13,2745668,0.12796824374,0.04088442292012779,2.3063,2.5451,1.7821422920127792,1.5433422920127788,3130000000.0,phase3_rational
2024-05-24,508031.SH,国泰海通城投宽庭保租房REIT,A,3.165,966345,0.12796824374,0.040432304499210106,2.3134,2.5515,1.7298304499210109,1.4917304499210111,3165000000.0,phase3_rational
2024-05-27,508031.SH,国泰海通城投宽庭保租房REIT,A,3.159,715366,0.12796824374,0.04050909899968344,2.3084,2.5452,1.7425098999683444,1.5057098999683443,3159000000.0,phase3_rational
2024-05-28,508031.SH,国泰海通城投宽庭保租房REIT,A,3.158,876134,0.12796824374,0.04052192645345155,2.2994,2.5302,1.752792645345155,1.521992645345155,3158000000.0,phase3_rational
2024-05-29,508031.SH,国泰海通城投宽庭保租房REIT,A,3.142,1584576,0.12796824374,0.0407282761744112,2.2776,2.5242,1.7952276174411197,1.5486276174411198,3142000000.0,phase3_rational
2024-05-30,508031.SH,国泰海通城投宽庭保租房REIT,A,3.129,1528270,0.12796824374,0.04089748921061041,2.2826,2.5327,1.807148921061041,1.5570489210610408,3129000000.0,phase3_rational
2024-05-31,508031.SH,国泰海通城投宽庭保租房REIT,A,3.154,309777,0.12796824374,0.04057331760938491,2.2926,2.5552,1.7647317609384903,1.5021317609384903,3154000000.0,phase3_rational
2024-06-03,508031.SH,国泰海通城投宽庭保租房REIT,A,3.142,1594820,0.12796824374,0.0407282761744112,2.2853,2.5473,1.7875276174411199,1.5255276174411199,3142000000.0,phase3_rational
2024-06-04,508031.SH,国泰海通城投宽庭保租房REIT,A,3.16,750140,0.12796824374,0.040496279664556954,2.2854,2.5453,1.764227966455695,1.504327966455695,3160000000.0,phase3_rational
2024-06-05,508031.SH,国泰海通城投宽庭保租房REIT,A,3.159,458240,0.12796824374,0.04050909899968344,2.2808,2.5378,1.770109899968344,1.5131098999683443,3159000000.0,phase3_rational
2024-06-06,508031.SH,国泰海通城投宽庭保租房REIT,A,3.158,576894,0.12796824374,0.04052192645345155,2.2828,2.5378,1.769392645345155,1.514392645345155,3158000000.0,phase3_rational
2024-06-07,508031.SH,国泰海通城投宽庭保租房REIT,A,3.16,2679955,0.12796824374,0.040496279664556954,2.2833,2.5303,1.766327966455695,1.5193279664556951,3160000000.0,phase3_rational
2024-06-11,508031.SH,国泰海通城投宽庭保租房REIT,A,3.167,374885,0.12796824374,0.04040677099463214,2.2791,2.5195,1.761577099463214,1.5211770994632143,3167000000.0,phase3_rational
2024-06-12,508031.SH,国泰海通城投宽庭保租房REIT,A,3.165,154265,0.12796824374,0.040432304499210106,2.276,2.5235,1.7672304499210112,1.5197304499210111,3165000000.0,phase3_rational
2024-06-13,508031.SH,国泰海通城投宽庭保租房REIT,A,3.16,1147508,0.12796824374,0.040496279664556954,2.2678,2.5175,1.7818279664556953,1.532127966455695,3160000000.0,phase3_rational
2024-06-14,508031.SH,国泰海通城投宽庭保租房REIT,A,3.179,635428,0.12796824374,0.04025424464926077,2.2558,2.499,1.7696244649260775,1.5264244649260772,3179000000.0,phase3_rational
2024-06-17,508031.SH,国泰海通城投宽庭保租房REIT,A,3.174,288145,0.12796824374,0.04031765713295526,2.2609,2.5057,1.770865713295526,1.5260657132955258,3174000000.0,phase3_rational
2024-06-18,508031.SH,国泰海通城投宽庭保租房REIT,A,3.199,315610,0.12796824374,0.04000257697405439,2.2537,2.4887,1.7465576974054389,1.5115576974054385,3199000000.0,phase3_rational
2024-06-19,508031.SH,国泰海通城投宽庭保租房REIT,A,3.196,673158,0.12796824374,0.040040126326658314,2.2429,2.4797,1.761112632665831,1.5243126326658314,3196000000.0,phase3_rational
2024-06-20,508031.SH,国泰海通城投宽庭保租房REIT,A,3.208,311482,0.12796824374,0.03989035029301745,2.2445,2.4708,1.744535029301745,1.5182350293017448,3208000000.0,phase3_rational
2024-06-21,508031.SH,国泰海通城投宽庭保租房REIT,A,3.234,1092491,0.12796824374,0.039569648651824364,2.2571,2.4797,1.6998648651824366,1.4772648651824367,3234000000.0,phase3_rational
2024-06-24,508031.SH,国泰海通城投宽庭保租房REIT,A,3.256,550704,0.12796824374,0.03930228616093366,2.2451,2.4607,1.6851286160933663,1.469528616093366,3256000000.0,phase3_rational
2024-06-25,508031.SH,国泰海通城投宽庭保租房REIT,A,3.274,650076,0.12796824374,0.039086207617593155,2.235,2.4477,1.6736207617593157,1.4609207617593154,3274000000.0,phase3_rational
2024-06-26,508031.SH,国泰海通城投宽庭保租房REIT,A,3.274,703067,0.12796824374,0.039086207617593155,2.2225,2.4442,1.6861207617593155,1.4644207617593157,3274000000.0,phase3_rational
2024-06-27,508031.SH,国泰海通城投宽庭保租房REIT,A,3.355,1928160,0.12796824374,0.03814254656929955,2.2081,2.4282,1.606154656929955,1.386054656929955,3355000000.0,phase3_rational
2024-06-28,508031.SH,国泰海通城投宽庭保租房REIT,A,3.322,2471107,0.12796824374,0.038521446038531,2.2058,2.4282,1.6463446038531,1.4239446038531,3322000000.0,phase3_rational
2024-07-01,508031.SH,国泰海通城投宽庭保租房REIT,A,3.329,995524,0.12796824374,0.03844044570141183,2.2486,2.4782,1.5954445701411828,1.3658445701411828,3329000000.0,phase3_rational
2024-07-02,508031.SH,国泰海通城投宽庭保租房REIT,A,3.353,1735864,0.12796824374,0.03816529786459886,2.2369,2.4692,1.5796297864598858,1.3473297864598859,3353000000.0,phase3_rational
2024-07-03,508031.SH,国泰海通城投宽庭保租房REIT,A,3.376,1422901,0.12796824374,0.037905285468009475,2.2426,2.4738,1.5479285468009478,1.3167285468009475,3376000000.0,phase3_rational
2024-07-04,508031.SH,国泰海通城投宽庭保租房REIT,A,3.376,733764,0.12796824374,0.037905285468009475,2.2502,2.4798,1.5403285468009478,1.3107285468009477,3376000000.0,phase3_rational
2024-07-05,508031.SH,国泰海通城投宽庭保租房REIT,A,3.387,611855,0.12796824374,0.037782180023619716,2.2754,2.513,1.502818002361972,1.265218002361972,3387000000.0,phase3_rational
2024-07-08,508031.SH,国泰海通城投宽庭保租房REIT,A,3.339,2272820,0.12796824374,0.03832532007786762,2.2904,2.5205,1.542132007786762,1.3120320077867618,3339000000.0,phase3_rational
2024-07-09,508031.SH,国泰海通城投宽庭保租房REIT,A,3.335,2107451,0.12796824374,0.038371287478260865,2.2698,2.5017,1.5673287478260867,1.3354287478260867,3335000000.0,phase3_rational
2024-07-10,508031.SH,国泰海通城投宽庭保租房REIT,A,3.38,1630232,0.12796824374,0.037860427142011835,2.2707,2.5068,1.5153427142011835,1.2792427142011835,3380000000.0,phase3_rational
2024-07-11,508031.SH,国泰海通城投宽庭保租房REIT,A,3.379,709311,0.12796824374,0.03787163176679491,2.2648,2.5025,1.5223631766794905,1.2846631766794907,3379000000.0,phase3_rational
2024-07-12,508031.SH,国泰海通城投宽庭保租房REIT,A,3.395,422728,0.12796824374,0.03769314984977908,2.2604,2.4921,1.508914984977908,1.277214984977908,3395000000.0,phase3_rational
2024-07-15,508031.SH,国泰海通城投宽庭保租房REIT,A,3.47,1296418,0.12796824374,0.036878456409221896,2.2541,2.4772,1.4337456409221896,1.21064564092219,3470000000.0,phase3_rational
2024-07-16,508031.SH,国泰海通城投宽庭保租房REIT,A,3.452,2339521,0.12796824374,0.03707075426998841,2.2613,2.4801,1.4457754269988414,1.226975426998841,3452000000.0,phase3_rational
2024-07-17,508031.SH,国泰海通城投宽庭保租房REIT,A,3.455,278843,0.12796824374,0.03703856548191027,2.2598,2.4812,1.4440565481910275,1.2226565481910274,3455000000.0,phase3_rational
2024-07-18,508031.SH,国泰海通城投宽庭保租房REIT,A,3.464,920509,0.12796824374,0.03694233364318707,2.2673,2.4901,1.4269333643187068,1.2041333643187069,3464000000.0,phase3_rational
2024-07-19,508031.SH,国泰海通城投宽庭保租房REIT,A,3.447,1514613,0.12796824374,0.03712452675950101,2.2614,2.4842,1.451052675950101,1.2282526759501011,3447000000.0,phase3_rational
2024-07-22,508031.SH,国泰海通城投宽庭保租房REIT,A,3.411,997141,0.12796824374,0.03751634234535327,2.2461,2.4712,1.5055342345353266,1.2804342345353268,3411000000.0,phase3_rational
2024-07-23,508031.SH,国泰海通城投宽庭保租房REIT,A,3.386,1167500,0.12796824374,0.037793338375664495,2.2322,2.4691,1.5471338375664492,1.3102338375664493,3386000000.0,phase3_rational
2024-07-24,508031.SH,国泰海通城投宽庭保租房REIT,A,3.379,928190,0.12796824374,0.03787163176679491,2.2381,2.4676,1.5490631766794905,1.3195631766794906,3379000000.0,phase3_rational
2024-07-25,508031.SH,国泰海通城投宽庭保租房REIT,A,3.396,266605,0.12796824374,0.037682050571260305,2.2168,2.4357,1.5514050571260305,1.3325050571260304,3396000000.0,phase3_rational
2024-07-26,508031.SH,国泰海通城投宽庭保租房REIT,A,3.439,1078875,0.12796824374,0.037210887973248036,2.1944,2.4226,1.5266887973248036,1.2984887973248034,3439000000.0,phase3_rational
2024-07-29,508031.SH,国泰海通城投宽庭保租房REIT,A,3.426,481822,0.12796824374,0.03735208515469935,2.1574,2.39,1.5778085154699353,1.3452085154699351,3426000000.0,phase3_rational
2024-07-30,508031.SH,国泰海通城投宽庭保租房REIT,A,3.444,535252,0.12796824374,0.03715686519744483,2.148,2.3765,1.5676865197444827,1.3391865197444828,3444000000.0,phase3_rational
2024-07-31,508031.SH,国泰海通城投宽庭保租房REIT,A,3.444,393300,0.12796824374,0.03715686519744483,2.1494,2.3825,1.5662865197444829,1.333186519744483,3444000000.0,phase3_rational
2024-08-01,508031.SH,国泰海通城投宽庭保租房REIT,A,3.431,359306,0.12796824374,0.03729765192072282,2.1297,2.3651,1.600065192072282,1.364665192072282,3431000000.0,phase3_rational
2024-08-02,508031.SH,国泰海通城投宽庭保租房REIT,A,3.442,407688,0.12796824374,0.037178455473561876,2.1277,2.3465,1.5901455473561876,1.3713455473561877,3442000000.0,phase3_rational
2024-08-05,508031.SH,国泰海通城投宽庭保租房REIT,A,3.47,605704,0.12796824374,0.036878456409221896,2.1376,2.3375,1.5502456409221899,1.35034564092219,3470000000.0,phase3_rational
2024-08-06,508031.SH,国泰海通城投宽庭保租房REIT,A,3.512,646036,0.12796824374,0.03643742703302961,2.1491,2.355,1.494642703302961,1.2887427033029608,3512000000.0,phase3_rational
2024-08-07,508031.SH,国泰海通城投宽庭保租房REIT,A,3.599,474865,0.12796824374,0.03555661120866907,2.1414,2.335,1.414261120866907,1.220661120866907,3599000000.0,phase3_rational
2024-08-08,508031.SH,国泰海通城投宽庭保租房REIT,A,3.592,1472604,0.12796824374,0.03562590304565701,2.181,2.37,1.3815903045657012,1.1925903045657011,3592000000.0,phase3_rational
2024-08-09,508031.SH,国泰海通城投宽庭保租房REIT,A,3.602,529946,0.12796824374,0.03552699715158245,2.1986,2.38,1.3540997151582452,1.1726997151582452,3602000000.0,phase3_rational
2024-08-12,508031.SH,国泰海通城投宽庭保租房REIT,A,3.605,549876,0.12796824374,0.03549743238280166,2.2508,2.435,1.2989432382801662,1.114743238280166,3605000000.0,phase3_rational
2024-08-13,508031.SH,国泰海通城投宽庭保租房REIT,A,3.578,284440,0.12796824374,0.035765300095025154,2.2255,2.4075,1.3510300095025154,1.169030009502515,3578000000.0,phase3_rational
2024-08-14,508031.SH,国泰海通城投宽庭保租房REIT,A,3.644,849613,0.12796824374,0.03511752023600439,2.1966,2.3751,1.3151520236004388,1.1366520236004387,3644000000.0,phase3_rational
2024-08-15,508031.SH,国泰海通城投宽庭保租房REIT,A,3.638,813739,0.12796824374,0.035175438081363385,2.205,2.39,1.3125438081363385,1.1275438081363385,3638000000.0,phase3_rational
2024-08-16,508031.SH,国泰海通城投宽庭保租房REIT,A,3.609,381477,0.12796824374,0.035458089149348844,2.1978,2.39,1.3480089149348844,1.1558089149348842,3609000000.0,phase3_rational
2024-08-19,508031.SH,国泰海通城投宽庭保租房REIT,A,3.548,817440,0.12796824374,0.03606771244081172,2.1816,2.3675,1.4251712440811724,1.2392712440811722,3548000000.0,phase3_rational
2024-08-20,508031.SH,国泰海通城投宽庭保租房REIT,A,3.542,274157,0.12796824374,0.03612880963862224,2.171,2.36,1.4418809638622245,1.2528809638622245,3542000000.0,phase3_rational
2024-08-21,508031.SH,国泰海通城投宽庭保租房REIT,A,3.501,464616,0.12796824374,0.03655191195087118,2.167,2.3551,1.488191195087118,1.3000911950871177,3501000000.0,phase3_rational
2024-08-22,508031.SH,国泰海通城投宽庭保租房REIT,A,3.504,1095851,0.12796824374,0.03652061750570776,2.1582,2.3476,1.493861750570776,1.304461750570776,3504000000.0,phase3_rational
2024-08-23,508031.SH,国泰海通城投宽庭保租房REIT,A,3.52,372930,0.12796824374,0.036354614698863634,2.1547,2.3401,1.4807614698863634,1.2953614698863634,3520000000.0,phase3_rational
2024-08-26,508031.SH,国泰海通城投宽庭保租房REIT,A,3.5,654619,0.12796824374,0.03656235535428571,2.1628,2.3475,1.493435535428571,1.3087355354285708,3500000000.0,phase3_rational
2024-08-27,508031.SH,国泰海通城投宽庭保租房REIT,A,3.499,247018,0.12796824374,0.036572804727064874,2.1903,2.3825,1.4669804727064872,1.2747804727064875,3499000000.0,phase3_rational
2024-08-28,508031.SH,国泰海通城投宽庭保租房REIT,A,3.49,518109,0.12796824374,0.03666711855014326,2.1673,2.355,1.4994118550143263,1.3117118550143263,3490000000.0,phase3_rational
2024-08-29,508031.SH,国泰海通城投宽庭保租房REIT,A,3.479,1333076,0.12796824374,0.036783053676343776,2.1703,2.365,1.5080053676343774,1.3133053676343773,3479000000.0,phase3_rational
2024-08-30,508031.SH,国泰海通城投宽庭保租房REIT,A,3.475,1515269,0.12796824374,0.03682539388201438,2.1704,2.3651,1.5121393882014385,1.3174393882014384,3475000000.0,phase3_rational
2024-09-02,508031.SH,国泰海通城投宽庭保租房REIT,A,3.5,855295,0.12796824374,0.03656235535428571,2.1457,2.3425,1.5105355354285708,1.3137355354285711,3500000000.0,phase3_rational
2024-09-03,508031.SH,国泰海通城投宽庭保租房REIT,A,3.478,862800,0.12796824374,0.036793629597469804,2.1432,2.339,1.5361629597469801,1.3403629597469804,3478000000.0,phase3_rational
2024-09-04,508031.SH,国泰海通城投宽庭保租房REIT,A,3.485,462600,0.12796824374,0.036719725606886654,2.1336,2.3225,1.5383725606886656,1.3494725606886657,3485000000.0,phase3_rational
2024-09-05,508031.SH,国泰海通城投宽庭保租房REIT,A,3.507,352300,0.12796824374,0.03648937660108354,2.1338,2.3125,1.5151376601083544,1.3364376601083543,3507000000.0,phase3_rational
2024-09-06,508031.SH,国泰海通城投宽庭保租房REIT,A,3.537,559170,0.12796824374,0.036179882312694374,2.1388,2.309,1.4791882312694375,1.3089882312694372,3537000000.0,phase3_rational
2024-09-09,508031.SH,国泰海通城投宽庭保租房REIT,A,3.529,348100,0.12796824374,0.0362618996146217,2.1267,2.29,1.49948996146217,1.33618996146217,3529000000.0,phase3_rational
2024-09-10,508031.SH,国泰海通城投宽庭保租房REIT,A,3.499,781013,0.12796824374,0.036572804727064874,2.1143,2.267,1.5429804727064873,1.3902804727064875,3499000000.0,phase3_rational
2024-09-11,508031.SH,国泰海通城投宽庭保租房REIT,A,3.477,847885,0.12796824374,0.036804211601955704,2.1044,2.263,1.5760211601955705,1.4174211601955706,3477000000.0,phase3_rational
2024-09-12,508031.SH,国泰海通城投宽庭保租房REIT,A,3.477,474416,0.12796824374,0.036804211601955704,2.0998,2.2471,1.5806211601955704,1.4333211601955704,3477000000.0,phase3_rational
2024-09-13,508031.SH,国泰海通城投宽庭保租房REIT,A,3.483,477397,0.12796824374,0.03674081072064312,2.0724,2.2176,1.601681072064312,1.456481072064312,3483000000.0,phase3_rational
2024-09-18,508031.SH,国泰海通城投宽庭保租房REIT,A,3.492,609121,0.12796824374,0.03664611790950744,2.0403,2.165,1.624311790950744,1.4996117909507438,3492000000.0,phase3_rational
2024-09-19,508031.SH,国泰海通城投宽庭保租房REIT,A,3.376,1190100,0.12796824374,0.037905285468009475,2.045,2.17,1.7455285468009478,1.6205285468009478,3376000000.0,phase3_rational
2024-09-20,508031.SH,国泰海通城投宽庭保租房REIT,A,3.3,1000469,0.12796824374,0.03877825567878788,2.0431,2.15,1.8347255678787877,1.7278255678787877,3300000000.0,phase3_rational
2024-09-23,508031.SH,国泰海通城投宽庭保租房REIT,A,3.328,843488,0.12796824374,0.03845199631610577,2.0381,2.14,1.8070996316105767,1.7051996316105766,3328000000.0,phase3_rational
2024-09-24,508031.SH,国泰海通城投宽庭保租房REIT,A,3.353,627650,0.12796824374,0.03816529786459886,2.0728,2.19,1.7437297864598857,1.6265297864598858,3353000000.0,phase3_rational
2024-09-25,508031.SH,国泰海通城投宽庭保租房REIT,A,3.378,659466,0.12796824374,0.03788284302545885,2.0437,2.155,1.744584302545885,1.633284302545885,3378000000.0,phase3_rational
2024-09-26,508031.SH,国泰海通城投宽庭保租房REIT,A,3.407,333040,0.12796824374,0.037560388535368354,2.0787,2.22,1.6773388535368352,1.536038853536835,3407000000.0,phase3_rational
2024-09-27,508031.SH,国泰海通城投宽庭保租房REIT,A,3.408,255719,0.12796824374,0.037549367294600934,2.1714,2.3475,1.5835367294600933,1.4074367294600933,3408000000.0,phase3_rational
2024-09-30,508031.SH,国泰海通城投宽庭保租房REIT,A,3.335,1529336,0.12796824374,0.038371287478260865,2.1518,2.355,1.6853287478260865,1.4821287478260867,3335000000.0,phase3_rational
2024-10-08,508031.SH,国泰海通城投宽庭保租房REIT,A,3.292,1254594,0.12796824374,0.03887249202308627,2.1928,2.38,1.6944492023086268,1.507249202308627,3292000000.0,phase3_rational
2024-10-09,508031.SH,国泰海通城投宽庭保租房REIT,A,3.249,616322,0.12796824374,0.03938696329332102,2.176,2.3576,1.7626963293321016,1.5810963293321016,3249000000.0,phase3_rational
2024-10-10,508031.SH,国泰海通城投宽庭保租房REIT,A,3.287,827032,0.12796824374,0.038931622677213264,2.1441,2.29,1.7490622677213263,1.6031622677213262,3287000000.0,phase3_rational
2024-10-11,508031.SH,国泰海通城投宽庭保租房REIT,A,3.297,1225354,0.12796824374,0.03881354071580224,2.1392,2.3,1.7421540715802237,1.5813540715802241,3297000000.0,phase3_rational
2024-10-14,508031.SH,国泰海通城投宽庭保租房REIT,A,3.26,1033288,0.12796824374,0.039254062496932515,2.1368,2.3126,1.7886062496932515,1.6128062496932514,3260000000.0,phase3_rational
2024-10-15,508031.SH,国泰海通城投宽庭保租房REIT,A,3.199,1675641,0.12796824374,0.04000257697405439,2.1254,2.3125,1.8748576974054387,1.6877576974054387,3199000000.0,phase3_rational
2024-10-16,508031.SH,国泰海通城投宽庭保租房REIT,A,3.176,2215889,0.12796824374,0.04029226818010075,2.1331,2.328,1.896126818010075,1.7012268180100754,3176000000.0,phase3_rational
2024-10-17,508031.SH,国泰海通城投宽庭保租房REIT,A,3.202,826933,0.12796824374,0.039965097982510925,2.1084,2.295,1.8881097982510924,1.7015097982510925,3202000000.0,phase3_rational
2024-10-18,508031.SH,国泰海通城投宽庭保租房REIT,A,3.24,1653665,0.12796824374,0.03949637152469135,2.1209,2.305,1.828737152469135,1.6446371524691346,3240000000.0,phase3_rational
2024-10-21,508031.SH,国泰海通城投宽庭保租房REIT,A,3.249,470152,0.12796824374,0.03938696329332102,2.1211,2.3075,1.8175963293321016,1.6311963293321017,3249000000.0,phase3_rational
2024-10-22,508031.SH,国泰海通城投宽庭保租房REIT,A,3.251,783400,0.12796824374,0.039362732617656104,2.1458,2.34,1.7904732617656105,1.5962732617656106,3251000000.0,phase3_rational
2024-10-23,508031.SH,国泰海通城投宽庭保租房REIT,A,3.242,118892,0.12796824374,0.03947200608883405,2.1559,2.355,1.7913006088834047,1.5922006088834046,3242000000.0,phase3_rational
2024-10-24,508031.SH,国泰海通城投宽庭保租房REIT,A,3.216,452700,0.12796824374,0.03979112056592039,2.1661,2.355,1.8130120565920391,1.6241120565920393,3216000000.0,phase3_rational
2024-10-25,508031.SH,国泰海通城投宽庭保租房REIT,A,3.244,655310,0.12796824374,0.03944767069667077,2.1539,2.36,1.7908670696670765,1.5847670696670768,3244000000.0,phase3_rational
2024-10-28,508031.SH,国泰海通城投宽庭保租房REIT,A,3.245,550948,0.12796824374,0.039435514249614785,2.1617,2.38,1.7818514249614785,1.5635514249614788,3245000000.0,phase3_rational
2024-10-29,508031.SH,国泰海通城投宽庭保租房REIT,A,3.248,1633676,0.12796824374,0.03939908982142856,2.1598,2.366,1.7801089821428562,1.5739089821428562,3248000000.0,phase3_rational
2024-10-30,508031.SH,国泰海通城投宽庭保租房REIT,A,3.221,727188,0.12796824374,0.03972935229431853,2.1597,2.36,1.8132352294318532,1.6129352294318533,3221000000.0,phase3_rational
2024-10-31,508031.SH,国泰海通城投宽庭保租房REIT,A,3.218,524500,0.12796824374,0.03976639022374145,2.1476,2.335,1.8290390223741446,1.6416390223741448,3218000000.0,phase3_rational
2024-11-01,508031.SH,国泰海通城投宽庭保租房REIT,A,3.225,1210157,0.12796824374,0.03968007557829457,2.1406,2.3175,1.8274075578294569,1.650507557829457,3225000000.0,phase3_rational
2024-11-04,508031.SH,国泰海通城投宽庭保租房REIT,A,3.246,872988,0.12796824374,0.03942336529266789,2.1275,2.305,1.8148365292667892,1.637336529266789,3246000000.0,phase3_rational
2024-11-05,508031.SH,国泰海通城投宽庭保租房REIT,A,3.296,1773621,0.12796824374,0.03882531666868932,2.1106,2.2825,1.771931666868932,1.6000316668689316,3296000000.0,phase3_rational
2024-11-06,508031.SH,国泰海通城投宽庭保租房REIT,A,3.33,1643981,0.12796824374,0.03842890202402402,2.1234,2.29,1.719490202402402,1.552890202402402,3330000000.0,phase3_rational
2024-11-07,508031.SH,国泰海通城投宽庭保租房REIT,A,3.335,1178487,0.12796824374,0.038371287478260865,2.1115,2.28,1.7256287478260868,1.557128747826087,3335000000.0,phase3_rational
2024-11-08,508031.SH,国泰海通城投宽庭保租房REIT,A,3.356,2533349,0.12796824374,0.038131181090584026,2.1067,2.2775,1.7064181090584025,1.5356181090584027,3356000000.0,phase3_rational
2024-11-11,508031.SH,国泰海通城投宽庭保租房REIT,A,3.415,2873820,0.12796824374,0.03747239933821376,2.092,2.2575,1.6552399338213757,1.489739933821376,3415000000.0,phase3_rational
2024-11-12,508031.SH,国泰海通城投宽庭保租房REIT,A,3.419,4417156,0.12796824374,0.03742855915179877,2.0729,2.236,1.6699559151798766,1.5068559151798766,3419000000.0,phase3_rational
2024-11-13,508031.SH,国泰海通城投宽庭保租房REIT,A,3.41,1414405,0.12796824374,0.03752734420527859,2.0876,2.26,1.6651344205278589,1.4927344205278592,3410000000.0,phase3_rational
2024-11-14,508031.SH,国泰海通城投宽庭保租房REIT,A,3.389,1686176,0.12796824374,0.03775988307465329,2.0808,2.261,1.6951883074653291,1.514988307465329,3389000000.0,phase3_rational
2024-11-15,508031.SH,国泰海通城投宽庭保租房REIT,A,3.377,1782988,0.12796824374,0.037894060923896945,2.0948,2.2825,1.6946060923896944,1.5069060923896944,3377000000.0,phase3_rational
2024-11-18,508031.SH,国泰海通城投宽庭保租房REIT,A,3.421,347638,0.12796824374,0.0374066775036539,2.1117,2.3175,1.6289677503653905,1.4231677503653906,3421000000.0,phase3_rational
2024-11-19,508031.SH,国泰海通城投宽庭保租房REIT,A,3.398,454176,0.12796824374,0.03765987161271336,2.0947,2.286,1.6712871612713358,1.4799871612713358,3398000000.0,phase3_rational
2024-11-20,508031.SH,国泰海通城投宽庭保租房REIT,A,3.402,903252,0.12796824374,0.03761559192827748,2.1025,2.305,1.659059192827748,1.456559192827748,3402000000.0,phase3_rational
2024-11-21,508031.SH,国泰海通城投宽庭保租房REIT,A,3.373,379945,0.12796824374,0.03793899903350133,2.0843,2.2751,1.7095999033501328,1.5187999033501325,3373000000.0,phase3_rational
2024-11-22,508031.SH,国泰海通城投宽庭保租房REIT,A,3.389,903754,0.12796824374,0.03775988307465329,2.0832,2.265,1.692788307465329,1.510988307465329,3389000000.0,phase3_rational
2024-11-25,508031.SH,国泰海通城投宽庭保租房REIT,A,3.382,1070242,0.12796824374,0.03783803777054996,2.0682,2.241,1.7156037770549961,1.542803777054996,3382000000.0,phase3_rational
2024-11-26,508031.SH,国泰海通城投宽庭保租房REIT,A,3.385,2255546,0.12796824374,0.03780450332053176,2.0657,2.245,1.7147503320531756,1.5354503320531756,3385000000.0,phase3_rational
2024-11-27,508031.SH,国泰海通城投宽庭保租房REIT,A,3.39,123576,0.12796824374,0.03774874446607669,2.0553,2.25,1.7195744466076692,1.5248744466076691,3390000000.0,phase3_rational
2024-11-28,508031.SH,国泰海通城投宽庭保租房REIT,A,3.38,75100,0.12796824374,0.037860427142011835,2.0304,2.218,1.7556427142011835,1.5680427142011837,3380000000.0,phase3_rational
2024-11-29,508031.SH,国泰海通城投宽庭保租房REIT,A,3.383,700768,0.12796824374,0.03782685301211942,2.0206,2.2025,1.762085301211942,1.5801853012119418,3383000000.0,phase3_rational
2024-12-02,508031.SH,国泰海通城投宽庭保租房REIT,A,3.377,943600,0.12796824374,0.037894060923896945,1.981,2.17,1.8084060923896945,1.6194060923896947,3377000000.0,phase3_rational
2024-12-03,508031.SH,国泰海通城投宽庭保租房REIT,A,3.395,2222928,0.12796824374,0.03769314984977908,1.9886,2.1675,1.7807149849779083,1.6018149849779082,3395000000.0,phase3_rational
2024-12-04,508031.SH,国泰海通城投宽庭保租房REIT,A,3.374,1379483,0.12796824374,0.03792775451689389,1.9612,2.1375,1.8315754516893887,1.6552754516893886,3374000000.0,phase3_rational
2024-12-05,508031.SH,国泰海通城投宽庭保租房REIT,A,3.372,722500,0.12796824374,0.03795025021945433,1.9462,2.1425,1.848825021945433,1.6525250219454328,3372000000.0,phase3_rational
2024-12-06,508031.SH,国泰海通城投宽庭保租房REIT,A,3.37,474825,0.12796824374,0.0379727726231454,1.9539,2.1585,1.8433772623145397,1.6387772623145396,3370000000.0,phase3_rational
2024-12-09,508031.SH,国泰海通城投宽庭保租房REIT,A,3.37,6426437,0.12796824374,0.0379727726231454,1.9168,2.1151,1.8804772623145396,1.6821772623145397,3370000000.0,phase3_rational
2024-12-10,508031.SH,国泰海通城投宽庭保租房REIT,A,3.457,14801540,0.12796824374,0.037017137327162275,1.8468,2.0551,1.8549137327162275,1.6466137327162276,3457000000.0,phase3_rational
2024-12-11,508031.SH,国泰海通城投宽庭保租房REIT,A,3.5,6095590,0.12796824374,0.03656235535428571,1.8218,2.0401,1.8344355354285709,1.6161355354285711,3500000000.0,phase3_rational
2024-12-12,508031.SH,国泰海通城投宽庭保租房REIT,A,3.48,8493462,0.12796824374,0.03677248383333333,1.8172,2.043,1.8600483833333328,1.6342483833333326,3480000000.0,phase3_rational
2024-12-13,508031.SH,国泰海通城投宽庭保租房REIT,A,3.5,1672688,0.12796824374,0.03656235535428571,1.7771,2.005,1.879135535428571,1.651235535428571,3500000000.0,phase3_rational
2024-12-16,508031.SH,国泰海通城投宽庭保租房REIT,A,3.666,6061652,0.12796824374,0.03490677679759956,1.7215,1.9526,1.769177679759956,1.5380776797599562,3666000000.0,phase3_rational
2024-12-17,508031.SH,国泰海通城投宽庭保租房REIT,A,3.677,3116886,0.12796824374,0.034802350758770736,1.7237,1.9591,1.7565350758770735,1.5211350758770734,3677000000.0,phase3_rational
2024-12-18,508031.SH,国泰海通城投宽庭保租房REIT,A,3.674,1786666,0.12796824374,0.034830768573761564,1.7564,1.9961,1.7266768573761564,1.4869768573761564,3674000000.0,phase3_rational
2024-12-19,508031.SH,国泰海通城投宽庭保租房REIT,A,3.656,1948864,0.12796824374,0.03500225485229759,1.7417,1.9926,1.758525485229759,1.507625485229759,3656000000.0,phase3_rational
2024-12-20,508031.SH,国泰海通城投宽庭保租房REIT,A,3.693,2223400,0.12796824374,0.03465156884375846,1.7018,1.9526,1.7633568843758458,1.512556884375846,3693000000.0,phase3_rational
2024-12-23,508031.SH,国泰海通城投宽庭保租房REIT,A,3.749,2621012,0.12796824374,0.034133967388636964,1.7019,1.9526,1.7114967388636966,1.4607967388636967,3749000000.0,phase3_rational
2024-12-24,508031.SH,国泰海通城投宽庭保租房REIT,A,3.708,2005277,0.12796824374,0.034511392594390504,1.7166,1.9926,1.7345392594390503,1.4585392594390503,3708000000.0,phase3_rational
2024-12-25,508031.SH,国泰海通城投宽庭保租房REIT,A,3.679,1346515,0.12796824374,0.03478343129654797,1.7365,2.007,1.741843129654797,1.4713431296547967,3679000000.0,phase3_rational
2024-12-26,508031.SH,国泰海通城投宽庭保租房REIT,A,3.68,246300,0.12796824374,0.034773979277173905,1.7122,1.9701,1.7651979277173908,1.5072979277173908,3680000000.0,phase3_rational
2024-12-27,508031.SH,国泰海通城投宽庭保租房REIT,A,3.7,1116993,0.12796824374,0.03458601182162162,1.6929,1.9476,1.7657011821621615,1.5110011821621616,3700000000.0,phase3_rational
2024-12-30,508031.SH,国泰海通城投宽庭保租房REIT,A,3.657,765988,0.12796824374,0.03499268354935739,1.7128,1.9476,1.7864683549357387,1.5516683549357388,3657000000.0,phase3_rational
2024-12-31,508031.SH,国泰海通城投宽庭保租房REIT,A,3.618,1020504,0.12796824374,0.035369884947484796,1.6752,1.9121,1.8617884947484795,1.6248884947484796,3618000000.0,phase3_rational
2025-01-02,508031.SH,国泰海通城投宽庭保租房REIT,A,3.759,1937125,0.12796824374,0.03404316140994945,1.6077,1.8397,1.7966161409949453,1.5646161409949453,3759000000.0,phase3_rational
2025-01-03,508031.SH,国泰海通城投宽庭保租房REIT,A,3.847,2383257,0.12796824374,0.03326442519885625,1.6041,1.8501,1.7223425198856253,1.4763425198856253,3847000000.0,phase3_rational
2025-01-06,508031.SH,国泰海通城投宽庭保租房REIT,A,3.868,2282300,0.12796824374,0.03308382723371251,1.5966,1.8327,1.7117827233712513,1.4756827233712513,3868000000.0,phase3_rational
2025-01-07,508031.SH,国泰海通城投宽庭保租房REIT,A,3.836,1681602,0.12796824374,0.033359813279457765,1.6093,1.8602,1.7266813279457767,1.4757813279457765,3836000000.0,phase3_rational
2025-01-08,508031.SH,国泰海通城投宽庭保租房REIT,A,3.879,3187205,0.12796824374,0.03299000869811807,1.6069,1.8702,1.692100869811807,1.4288008698118069,3879000000.0,phase3_rational
2025-01-09,508031.SH,国泰海通城投宽庭保租房REIT,A,3.901,1150126,0.12796824374,0.032803958918226093,1.6368,1.8932,1.6435958918226095,1.3871958918226095,3901000000.0,phase3_rational
2025-01-10,508031.SH,国泰海通城投宽庭保租房REIT,A,3.911,2176800,0.12796824374,0.03272008277678343,1.6338,1.8752,1.6382082776783427,1.3968082776783426,3911000000.0,phase3_rational
2025-01-13,508031.SH,国泰海通城投宽庭保租房REIT,A,3.884,4352053,0.12796824374,0.03294753958290422,1.6592,1.9051,1.6355539582904222,1.3896539582904222,3884000000.0,phase3_rational
2025-01-14,508031.SH,国泰海通城投宽庭保租房REIT,A,3.839,1093988,0.12796824374,0.03333374413649388,1.6446,1.8652,1.6887744136493876,1.4681744136493877,3839000000.0,phase3_rational
2025-01-15,508031.SH,国泰海通城投宽庭保租房REIT,A,3.821,3462500,0.12796824374,0.033490773028003136,1.633,1.8602,1.7160773028003136,1.4888773028003135,3821000000.0,phase3_rational
2025-01-16,508031.SH,国泰海通城投宽庭保租房REIT,A,3.813,2737100,0.12796824374,0.03356103953317597,1.6394,1.8677,1.716703953317597,1.488403953317597,3813000000.0,phase3_rational
2025-01-17,508031.SH,国泰海通城投宽庭保租房REIT,A,3.8,1024600,0.12796824374,0.033675853615789474,1.6593,1.915,1.7082853615789473,1.4525853615789472,3800000000.0,phase3_rational
2025-01-20,508031.SH,国泰海通城投宽庭保租房REIT,A,3.827,2905176,0.12796824374,0.033438265936765084,1.6747,1.9225,1.6691265936765083,1.4213265936765083,3827000000.0,phase3_rational
2025-01-21,508031.SH,国泰海通城投宽庭保租房REIT,A,3.832,5756903,0.12796824374,0.033394635631524006,1.6496,1.89,1.6898635631524006,1.4494635631524007,3832000000.0,phase3_rational
2025-01-22,508031.SH,国泰海通城投宽庭保租房REIT,A,3.835,3799064,0.12796824374,0.03336851205736636,1.6602,1.9,1.676651205736636,1.436851205736636,3835000000.0,phase3_rational
2025-01-23,508031.SH,国泰海通城投宽庭保租房REIT,A,3.868,1753782,0.12796824374,0.03308382723371251,1.6645,1.9,1.6438827233712512,1.4083827233712514,3868000000.0,phase3_rational
2025-01-24,508031.SH,国泰海通城投宽庭保租房REIT,A,3.868,2669576,0.12796824374,0.03308382723371251,1.6565,1.89,1.6518827233712512,1.4183827233712514,3868000000.0,phase3_rational
2025-01-27,508031.SH,国泰海通城投宽庭保租房REIT,A,3.92,737756,0.12796824374,0.0326449601377551,1.6299,1.8675,1.63459601377551,1.39699601377551,3920000000.0,phase3_rational
2025-02-05,508031.SH,国泰海通城投宽庭保租房REIT,A,3.92,1089457,0.12796824374,0.0326449601377551,1.6207,1.8375,1.6437960137755099,1.42699601377551,3920000000.0,phase3_rational
2025-02-06,508031.SH,国泰海通城投宽庭保租房REIT,A,4.015,1265884,0.12796824374,0.031872538914072227,1.5958,1.805,1.5914538914072227,1.3822538914072229,4014999999.9999995,phase3_rational
2025-02-07,508031.SH,国泰海通城投宽庭保租房REIT,A,4.0,1033044,0.12796824374,0.031992060935,1.6032,1.8025,1.5960060934999996,1.3967060934999995,4000000000.0,phase3_rational
2025-02-10,508031.SH,国泰海通城投宽庭保租房REIT,A,4.097,916137,0.12796824374,0.031234621366853788,1.6342,1.825,1.4892621366853784,1.2984621366853786,4097000000.0000005,phase3_rational
2025-02-11,508031.SH,国泰海通城投宽庭保租房REIT,A,4.1,2911013,0.12796824374,0.031211766765853657,1.6274,1.8075,1.4937766765853657,1.3136766765853656,4099999999.9999995,phase3_rational
2025-02-12,508031.SH,国泰海通城投宽庭保租房REIT,A,4.169,3406476,0.12796824374,0.030695189191652674,1.6336,1.809,1.4359189191652675,1.2605189191652675,4168999999.9999995,phase3_rational
2025-02-13,508031.SH,国泰海通城投宽庭保租房REIT,A,4.045,1474169,0.12796824374,0.031636154200247214,1.6346,1.799,1.5290154200247212,1.3646154200247214,4045000000.0,phase3_rational
2025-02-14,508031.SH,国泰海通城投宽庭保租房REIT,A,3.983,2884675,0.12796824374,0.03212860751694702,1.6546,1.82,1.5582607516947025,1.3928607516947025,3983000000.0,phase3_rational
2025-02-17,508031.SH,国泰海通城投宽庭保租房REIT,A,3.963,2838684,0.12796824374,0.03229075037597779,1.6934,1.86,1.535675037597779,1.369075037597779,3963000000.0,phase3_rational
2025-02-18,508031.SH,国泰海通城投宽庭保租房REIT,A,3.906,2769588,0.12796824374,0.03276196716333845,1.7006,1.86,1.575596716333845,1.4161967163338447,3906000000.0,phase3_rational
2025-02-19,508031.SH,国泰海通城投宽庭保租房REIT,A,3.952,4710088,0.12796824374,0.032380628476720644,1.6626,1.84,1.5754628476720642,1.3980628476720642,3952000000.0,phase3_rational
2025-02-20,508031.SH,国泰海通城投宽庭保租房REIT,A,3.997,4763735,0.12796824374,0.0320160729897423,1.685,1.87,1.5166072989742303,1.3316072989742302,3997000000.0,phase3_rational
2025-02-21,508031.SH,国泰海通城投宽庭保租房REIT,A,3.985,2589755,0.12796824374,0.03211248274529485,1.72,1.905,1.4912482745294853,1.3062482745294852,3985000000.0,phase3_rational
2025-02-24,508031.SH,国泰海通城投宽庭保租房REIT,A,3.97,7003472,0.12796824374,0.0322338145440806,1.7625,1.945,1.46088145440806,1.2783814544080598,3970000000.0,phase3_rational
2025-02-25,508031.SH,国泰海通城投宽庭保租房REIT,A,3.899,4168155,0.12796824374,0.03282078577583995,1.7275,1.915,1.554578577583995,1.367078577583995,3899000000.0,phase3_rational
2025-02-26,508031.SH,国泰海通城投宽庭保租房REIT,A,3.935,1888900,0.12796824374,0.03252051937484116,1.7251,1.91,1.5269519374841163,1.3420519374841164,3935000000.0,phase3_rational
2025-02-27,508031.SH,国泰海通城投宽庭保租房REIT,A,3.923,1111800,0.12796824374,0.032619995855212844,1.7576,1.935,1.5043995855212842,1.3269995855212842,3923000000.0,phase3_rational
2025-02-28,508031.SH,国泰海通城投宽庭保租房REIT,A,3.885,1070700,0.12796824374,0.03293905887773488,1.7152,1.905,1.5787058877734876,1.3889058877734877,3885000000.0,phase3_rational
2025-03-03,508031.SH,国泰海通城投宽庭保租房REIT,A,3.927,3967800,0.12796824374,0.032586769477973,1.6955,1.89,1.5631769477973,1.3686769477973002,3927000000.0,phase3_rational
2025-03-04,508031.SH,国泰海通城投宽庭保租房REIT,A,3.98,5198928,0.12796824374,0.0321528250603015,1.7079,1.9,1.5073825060301504,1.3152825060301505,3980000000.0,phase3_rational
2025-03-05,508031.SH,国泰海通城投宽庭保租房REIT,A,3.976,1004240,0.12796824374,0.032185171966800805,1.7083,1.8925,1.5102171966800806,1.3260171966800804,3976000000.0,phase3_rational
2025-03-06,508031.SH,国泰海通城投宽庭保租房REIT,A,3.939,2069564,0.12796824374,0.032487495237369886,1.7455,1.9325,1.5032495237369885,1.3162495237369884,3939000000.0,phase3_rational
2025-03-07,508031.SH,国泰海通城投宽庭保租房REIT,A,3.9,3050600,0.12796824374,0.03281237018974359,1.8002,1.975,1.481037018974359,1.3062370189743588,3900000000.0,phase3_rational
2025-03-10,508031.SH,国泰海通城投宽庭保租房REIT,A,3.907,1807800,0.12796824374,0.032753581709751727,1.8128,1.985,1.4625581709751725,1.2903581709751724,3907000000.0,phase3_rational
2025-03-11,508031.SH,国泰海通城投宽庭保租房REIT,A,3.912,2019488,0.12796824374,0.03271171874744376,1.8853,2.035,1.385871874744376,1.2361718747443757,3912000000.0,phase3_rational
2025-03-12,508031.SH,国泰海通城投宽庭保租房REIT,A,3.898,3695600,0.12796824374,0.032829205679835806,1.8334,2.0125,1.4495205679835805,1.2704205679835803,3898000000.0,phase3_rational
2025-03-13,508031.SH,国泰海通城投宽庭保租房REIT,A,3.917,1074764,0.12796824374,0.03266996266019913,1.8565,2.04,1.410496266019913,1.226996266019913,3917000000.0,phase3_rational
2025-03-14,508031.SH,国泰海通城投宽庭保租房REIT,A,3.897,2958788,0.12796824374,0.03283762990505517,1.8317,2.04,1.452062990505517,1.243762990505517,3897000000.0,phase3_rational
2025-03-17,508031.SH,国泰海通城投宽庭保租房REIT,A,3.872,694700,0.12796824374,0.033049649726239666,1.8957,2.115,1.4092649726239668,1.1899649726239665,3872000000.0,phase3_rational
2025-03-18,508031.SH,国泰海通城投宽庭保租房REIT,A,3.875,177300,0.12796824374,0.033024062900645156,1.8885,2.1151,1.4139062900645154,1.1873062900645155,3875000000.0,phase3_rational
2025-03-19,508031.SH,国泰海通城投宽庭保租房REIT,A,3.916,535436,0.12796824374,0.03267830534729315,1.8708,2.1051,1.397030534729315,1.1627305347293149,3916000000.0,phase3_rational
2025-03-20,508031.SH,国泰海通城投宽庭保租房REIT,A,3.94,754462,0.12796824374,0.03247924968020304,1.8309,2.0526,1.4170249680203042,1.1953249680203042,3940000000.0,phase3_rational
2025-03-21,508031.SH,国泰海通城投宽庭保租房REIT,A,3.933,735188,0.12796824374,0.03253705663361302,1.8458,2.0676,1.4079056633613019,1.1861056633613019,3933000000.0,phase3_rational
2025-03-24,508031.SH,国泰海通城投宽庭保租房REIT,A,3.92,1478081,0.12796824374,0.0326449601377551,1.8413,2.0501,1.42319601377551,1.2143960137755099,3920000000.0,phase3_rational
2025-03-25,508031.SH,国泰海通城投宽庭保租房REIT,A,3.934,1621288,0.12796824374,0.03252878590238942,1.8183,2.0276,1.4345785902389416,1.2252785902389416,3934000000.0,phase3_rational
2025-03-26,508031.SH,国泰海通城投宽庭保租房REIT,A,3.949,972600,0.12796824374,0.03240522758673082,1.7943,2.0001,1.446222758673082,1.2404227586730818,3949000000.0,phase3_rational
2025-03-27,508031.SH,国泰海通城投宽庭保租房REIT,A,3.99,532025,0.12796824374,0.032072241538847114,1.8062,2.0101,1.4010241538847112,1.1971241538847113,3990000000.0,phase3_rational
2025-03-28,508031.SH,国泰海通城投宽庭保租房REIT,A,4.043,1403693,0.12796824374,0.0316518040415533,1.8126,2.0251,1.35258040415533,1.1400804041553299,4043000000.0,phase3_rational
2025-03-31,508031.SH,国泰海通城投宽庭保租房REIT,A,3.984,1188888,0.12796824374,0.03212054310742971,1.8129,2.0226,1.3991543107429711,1.189454310742971,3984000000.0,phase3_rational
2025-04-01,508031.SH,国泰海通城投宽庭保租房REIT,A,3.968,1055000,0.12796824374,0.032250061426411285,1.8104,2.0201,1.4146061426411283,1.2049061426411285,3968000000.0,phase3_rational
2025-04-02,508031.SH,国泰海通城投宽庭保租房REIT,A,3.99,421157,0.12796824374,0.032072241538847114,1.7887,1.9801,1.4185241538847113,1.2271241538847113,3990000000.0,phase3_rational
2025-04-03,508031.SH,国泰海通城投宽庭保租房REIT,A,4.08,2749130,0.12796824374,0.031364765622549015,1.718,1.9052,1.4184765622549014,1.2312765622549013,4080000000.0,phase3_rational
2025-04-07,508031.SH,国泰海通城投宽庭保租房REIT,A,4.161,2108227,0.12796824374,0.030754204215332853,1.6318,1.8252,1.4436204215332855,1.2502204215332855,4160999999.9999995,phase3_rational
2025-04-08,508031.SH,国泰海通城投宽庭保租房REIT,A,4.162,1114152,0.12796824374,0.03074681493032196,1.6633,1.8551,1.411381493032196,1.219581493032196,4162000000.0,phase3_rational
2025-04-09,508031.SH,国泰海通城投宽庭保租房REIT,A,4.114,4198166,0.12796824374,0.031105552683519687,1.6508,1.8552,1.4597552683519688,1.2553552683519689,4114000000.0,phase3_rational
2025-04-10,508031.SH,国泰海通城投宽庭保租房REIT,A,4.058,4398600,0.12796824374,0.03153480624445539,1.6444,1.8602,1.5090806244455393,1.2932806244455393,4058000000.0,phase3_rational
2025-04-11,508031.SH,国泰海通城投宽庭保租房REIT,A,4.059,4223588,0.12796824374,0.03152703713722591,1.6568,1.8627,1.495903713722591,1.290003713722591,4059000000.0,phase3_rational
2025-04-14,508031.SH,国泰海通城投宽庭保租房REIT,A,4.094,2481864,0.12796824374,0.03125750946262823,1.6584,1.8602,1.4673509462628227,1.2655509462628227,4094000000.0000005,phase3_rational
2025-04-15,508031.SH,国泰海通城投宽庭保租房REIT,A,4.153,1755083,0.12796824374,0.030813446602456055,1.6583,1.8602,1.4230446602456053,1.2211446602456053,4152999999.9999995,phase3_rational
2025-04-16,508031.SH,国泰海通城投宽庭保租房REIT,A,4.158,1256400,0.12796824374,0.03077639339586339,1.643,1.8652,1.434639339586339,1.212439339586339,4158000000.0000005,phase3_rational
2025-04-17,508031.SH,国泰海通城投宽庭保租房REIT,A,4.224,2056800,0.12796824374,0.030295512249053025,1.6522,1.8982,1.3773512249053026,1.1313512249053024,4224000000.0,phase3_rational
2025-04-18,508031.SH,国泰海通城投宽庭保租房REIT,A,4.152,2369074,0.12796824374,0.03082086795279383,1.6493,1.9042,1.4327867952793831,1.1778867952793832,4152000000.0,phase3_rational
2025-04-21,508031.SH,国泰海通城投宽庭保租房REIT,A,4.129,1919720,0.12796824374,0.030992551160087187,1.6664,1.9227,1.4328551160087184,1.1765551160087184,4128999999.9999995,phase3_rational
2025-04-22,508031.SH,国泰海通城投宽庭保租房REIT,A,4.122,1248800,0.12796824374,0.031045182857836,1.6509,1.9052,1.4536182857836,1.1993182857836,4122000000.0,phase3_rational
2025-04-23,508031.SH,国泰海通城投宽庭保租房REIT,A,4.091,2399988,0.12796824374,0.03128043112686384,1.6611,1.9279,1.466943112686384,1.2001431126863842,4091000000.0,phase3_rational
2025-04-24,508031.SH,国泰海通城投宽庭保租房REIT,A,4.07,953188,0.12796824374,0.031441828928746925,1.664,1.9327,1.4801828928746927,1.2114828928746926,4070000000.0,phase3_rational
2025-04-25,508031.SH,国泰海通城投宽庭保租房REIT,A,3.989,570600,0.12796824374,0.032080281709701675,1.6606,1.9276,1.5474281709701674,1.2804281709701675,3989000000.0,phase3_rational
2025-04-28,508031.SH,国泰海通城投宽庭保租房REIT,A,3.986,1618764,0.12796824374,0.03210442642749623,1.6483,1.9005,1.5621426427496232,1.3099426427496232,3986000000.0,phase3_rational
2025-04-29,508031.SH,国泰海通城投宽庭保租房REIT,A,4.002,3181400,0.12796824374,0.03197607289855072,1.6241,1.8225,1.573507289855072,1.375107289855072,4002000000.0,phase3_rational
2025-04-30,508031.SH,国泰海通城投宽庭保租房REIT,A,4.002,2346264,0.12796824374,0.03197607289855072,1.6243,1.824,1.573307289855072,1.373607289855072,4002000000.0,phase3_rational
2025-05-06,508031.SH,国泰海通城投宽庭保租房REIT,A,4.019,543788,0.12796824374,0.031840817053993525,1.6298,1.827,1.5542817053993527,1.3570817053993527,4019000000.0,phase3_rational
2025-05-07,508031.SH,国泰海通城投宽庭保租房REIT,A,4.024,2213950,0.12796824374,0.03180125341451292,1.6418,1.8475,1.538325341451292,1.332625341451292,4024000000.0,phase3_rational
2025-05-08,508031.SH,国泰海通城投宽庭保租房REIT,A,4.024,1629488,0.12796824374,0.03180125341451292,1.6331,1.8375,1.547025341451292,1.342625341451292,4024000000.0,phase3_rational
2025-05-09,508031.SH,国泰海通城投宽庭保租房REIT,A,4.032,2283200,0.12796824374,0.03173815568948413,1.6351,1.8425,1.5387155689484127,1.3313155689484126,4032000000.0,phase3_rational
2025-05-12,508031.SH,国泰海通城投宽庭保租房REIT,A,4.051,1960028,0.12796824374,0.03158929739323623,1.688,1.905,1.470929739323623,1.2539297393236228,4051000000.0,phase3_rational
2025-05-13,508031.SH,国泰海通城投宽庭保租房REIT,A,4.058,2347088,0.12796824374,0.03153480624445539,1.6704,1.879,1.4830806244455392,1.2744806244455393,4058000000.0,phase3_rational
2025-05-14,508031.SH,国泰海通城投宽庭保租房REIT,A,4.058,2958100,0.12796824374,0.03153480624445539,1.6736,1.8775,1.4798806244455394,1.2759806244455394,4058000000.0,phase3_rational
2025-05-15,508031.SH,国泰海通城投宽庭保租房REIT,A,4.054,2336200,0.12796824374,0.031565921001480014,1.6798,1.8825,1.4767921001480013,1.2740921001480012,4054000000.0,phase3_rational
2025-05-16,508031.SH,国泰海通城投宽庭保租房REIT,A,4.071,2350700,0.12796824374,0.03143410556128715,1.6793,1.878,1.4641105561287153,1.2654105561287154,4071000000.0,phase3_rational
2025-05-19,508031.SH,国泰海通城投宽庭保租房REIT,A,4.15,3802904,0.12796824374,0.030835721383132526,1.6893,1.861,1.3942721383132526,1.2225721383132526,4150000000.0000005,phase3_rational
2025-05-20,508031.SH,国泰海通城投宽庭保租房REIT,A,4.203,4239288,0.12796824374,0.030446881689269564,1.7004,1.872,1.3442881689269564,1.1726881689269562,4203000000.0000005,phase3_rational
2025-05-21,508031.SH,国泰海通城投宽庭保租房REIT,A,4.253,1518500,0.12796824374,0.030088935748883137,1.71,1.885,1.298893574888314,1.1238935748883139,4253000000.0,phase3_rational
2025-05-22,508031.SH,国泰海通城投宽庭保租房REIT,A,4.29,1834000,0.12796824374,0.02982942744522144,1.7186,1.887,1.2643427445221445,1.0959427445221444,4290000000.0,phase3_rational
2025-05-23,508031.SH,国泰海通城投宽庭保租房REIT,A,4.259,5319060,0.12796824374,0.030046547015731388,1.7208,1.889,1.2838547015731385,1.1156547015731386,4259000000.0000005,phase3_rational
2025-05-26,508031.SH,国泰海通城投宽庭保租房REIT,A,4.294,991288,0.12796824374,0.029801640367955285,1.7201,1.8875,1.2600640367955287,1.0926640367955287,4293999999.9999995,phase3_rational
2025-05-27,508031.SH,国泰海通城投宽庭保租房REIT,A,4.291,1310464,0.12796824374,0.02982247581915637,1.7261,1.901,1.2561475819156367,1.0812475819156366,4291000000.0000005,phase3_rational
2025-05-28,508031.SH,国泰海通城投宽庭保租房REIT,A,4.29,1011536,0.12796824374,0.02982942744522144,1.6832,1.906,1.2997427445221443,1.0769427445221444,4290000000.0,phase3_rational
2025-05-29,508031.SH,国泰海通城投宽庭保租房REIT,A,4.289,1911800,0.12796824374,0.02983638231289345,1.6877,1.916,1.295938231289345,1.067638231289345,4288999999.9999995,phase3_rational
2025-05-30,508031.SH,国泰海通城投宽庭保租房REIT,A,4.298,915469,0.12796824374,0.029773905011633316,1.6712,1.896,1.3061905011633315,1.0813905011633316,4298000000.0,phase3_rational
2025-06-03,508031.SH,国泰海通城投宽庭保租房REIT,A,4.285,742525,0.12796824374,0.029864234245040835,1.6764,1.895,1.3100234245040834,1.0914234245040833,4285000000.0,phase3_rational
2025-06-04,508031.SH,国泰海通城投宽庭保租房REIT,A,4.292,759888,0.12796824374,0.02981552743243243,1.6704,1.891,1.311152743243243,1.0905527432432431,4292000000.0,phase3_rational
2025-06-05,508031.SH,国泰海通城投宽庭保租房REIT,A,4.327,1003676,0.12796824374,0.029574357231338107,1.6741,1.896,1.283335723133811,1.061435723133811,4327000000.0,phase3_rational
2025-06-06,508031.SH,国泰海通城投宽庭保租房REIT,A,4.269,2043900,0.12796824374,0.029976163911923162,1.6547,1.876,1.342916391192316,1.1216163911923163,4269000000.0,phase3_rational
2025-06-09,508031.SH,国泰海通城投宽庭保租房REIT,A,4.192,3485500,0.12796824374,0.030526775701335874,1.6559,1.87,1.3967775701335876,1.1826775701335874,4192000000.0,phase3_rational
2025-06-10,508031.SH,国泰海通城投宽庭保租房REIT,A,4.209,2412600,0.12796824374,0.03040347914944167,1.6569,1.8695,1.3834479149441672,1.1708479149441673,4208999999.9999995,phase3_rational
2025-06-11,508031.SH,国泰海通城投宽庭保租房REIT,A,4.216,3444437,0.12796824374,0.030352998989563562,1.642,1.849,1.3932998989563563,1.1862998989563562,4216000000.0,phase3_rational
2025-06-12,508031.SH,国泰海通城投宽庭保租房REIT,A,4.25,3702680,0.12796824374,0.030110174997647055,1.6475,1.8485,1.3635174997647055,1.1625174997647054,4250000000.0,phase3_rational
2025-06-13,508031.SH,国泰海通城投宽庭保租房REIT,A,4.258,11061800,0.12796824374,0.030053603508689523,1.644,1.8495,1.3613603508689522,1.1558603508689522,4258000000.0,phase3_rational
2025-06-16,508031.SH,国泰海通城投宽庭保租房REIT,A,4.254,2515900,0.12796824374,0.030081862656323462,1.6432,1.851,1.3649862656323462,1.1571862656323462,4253999999.9999995,phase3_rational
2025-06-17,508031.SH,国泰海通城投宽庭保租房REIT,A,4.257,3811600,0.12796824374,0.030060663316889828,1.6364,1.8425,1.3696663316889826,1.1635663316889826,4256999999.9999995,phase3_rational
2025-06-18,508031.SH,国泰海通城投宽庭保租房REIT,A,4.291,4028081,0.12796824374,0.02982247581915637,1.6384,1.8455,1.3438475819156366,1.1367475819156367,4291000000.0000005,phase3_rational
2025-06-19,508031.SH,国泰海通城投宽庭保租房REIT,A,4.28,2619000,0.12796824374,0.029899122369158874,1.6425,1.8431,1.3474122369158872,1.1468122369158873,4280000000.0,phase3_rational
2025-06-20,508031.SH,国泰海通城投宽庭保租房REIT,A,4.31,6274535,0.12796824374,0.029691007828306266,1.6396,1.8376,1.3295007828306267,1.1315007828306267,4309999999.999999,phase3_rational
2025-06-23,508031.SH,国泰海通城投宽庭保租房REIT,A,4.325,4480219,0.12796824374,0.029588033234682076,1.6418,1.8381,1.3170033234682075,1.1207033234682073,4325000000.0,phase3_rational
2025-06-24,508031.SH,国泰海通城投宽庭保租房REIT,A,4.335,4211820,0.12796824374,0.029519779409457898,1.648,1.8506,1.3039779409457897,1.1013779409457896,4335000000.0,phase3_rational
2025-06-25,508031.SH,国泰海通城投宽庭保租房REIT,A,4.345,1918364,0.12796824374,0.029451839756041424,1.6544,1.8621,1.2907839756041424,1.0830839756041424,4345000000.0,phase3_rational
2025-06-26,508031.SH,国泰海通城投宽庭保租房REIT,A,4.323,2913500,0.12796824374,0.02960172189220448,1.6462,1.8491,1.3139721892204481,1.1110721892204483,4323000000.000001,phase3_rational
2025-06-27,508031.SH,国泰海通城投宽庭保租房REIT,A,4.275,3452300,0.12796824374,0.02993409210292397,1.6462,1.8496,1.347209210292397,1.1438092102923971,4275000000.0000005,phase3_rational
2025-06-30,508031.SH,国泰海通城投宽庭保租房REIT,A,4.272,835606,0.12796824374,0.02995511323501872,1.6469,1.8611,1.348611323501872,1.134411323501872,4272000000.0,phase3_rational
2025-07-01,508031.SH,国泰海通城投宽庭保租房REIT,A,4.234,1048779,0.12796824374,0.03022395931506849,1.6433,1.8516,1.379095931506849,1.170795931506849,4234000000.0,phase3_rational
2025-07-02,508031.SH,国泰海通城投宽庭保租房REIT,A,4.284,3092988,0.12796824374,0.02987120535480859,1.6396,1.8451,1.3475205354808593,1.1420205354808592,4284000000.0,phase3_rational
2025-07-03,508031.SH,国泰海通城投宽庭保租房REIT,A,4.255,1209900,0.12796824374,0.030074792888366626,1.6407,1.8486,1.3667792888366626,1.1588792888366626,4255000000.0,phase3_rational
2025-07-04,508031.SH,国泰海通城投宽庭保租房REIT,A,4.238,1241200,0.12796824374,0.030195432689948083,1.6433,1.8516,1.3762432689948083,1.1679432689948084,4238000000.0000005,phase3_rational
2025-07-07,508031.SH,国泰海通城投宽庭保租房REIT,A,4.227,306400,0.12796824374,0.03027401082091317,1.6406,1.8536,1.386801082091317,1.1738010820913172,4227000000.0000005,phase3_rational
2025-07-08,508031.SH,国泰海通城投宽庭保租房REIT,A,4.186,986600,0.12796824374,0.03057053123268036,1.6444,1.8596,1.412653123268036,1.197453123268036,4186000000.0,phase3_rational
2025-07-09,508031.SH,国泰海通城投宽庭保租房REIT,A,4.188,1387800,0.12796824374,0.030555932125119388,1.6446,1.8566,1.4109932125119387,1.1989932125119387,4188000000.0,phase3_rational
2025-07-10,508031.SH,国泰海通城投宽庭保租房REIT,A,4.194,916076,0.12796824374,0.030512218345255124,1.6616,1.8746,1.3896218345255122,1.1766218345255122,4194000000.0,phase3_rational
2025-07-11,508031.SH,国泰海通城投宽庭保租房REIT,A,4.168,1238750,0.12796824374,0.03070255368042226,1.6653,1.8741,1.404955368042226,1.1961553680422259,4168000000.0,phase3_rational
2025-07-14,508031.SH,国泰海通城投宽庭保租房REIT,A,4.14,1447200,0.12796824374,0.030910203801932365,1.6726,1.8821,1.4184203801932362,1.2089203801932362,4139999999.9999995,phase3_rational
2025-07-15,508031.SH,国泰海通城投宽庭保租房REIT,A,4.207,1348716,0.12796824374,0.03041793290705966,1.6557,1.8601,1.3860932907059662,1.181693290705966,4207000000.0,phase3_rational
2025-07-16,508031.SH,国泰海通城投宽庭保租房REIT,A,4.214,2788788,0.12796824374,0.030367404779307064,1.6617,1.8661,1.3750404779307066,1.1706404779307065,4214000000.0000005,phase3_rational
2025-07-17,508031.SH,国泰海通城投宽庭保租房REIT,A,4.219,3681316,0.12796824374,0.030331415913723625,1.663,1.883,1.3701415913723622,1.1501415913723623,4219000000.0000005,phase3_rational
2025-07-18,508031.SH,国泰海通城投宽庭保租房REIT,A,4.192,1437309,0.12796824374,0.030526775701335874,1.6652,1.8885,1.3874775701335875,1.1641775701335875,4192000000.0,phase3_rational
2025-07-21,508031.SH,国泰海通城投宽庭保租房REIT,A,4.189,1758400,0.12796824374,0.030548637798997372,1.6774,1.9115,1.3774637798997373,1.1433637798997374,4189000000.0,phase3_rational
2025-07-22,508031.SH,国泰海通城投宽庭保租房REIT,A,4.124,3376288,0.12796824374,0.031030126998060136,1.6907,1.9335,1.4123126998060136,1.1695126998060137,4123999999.9999995,phase3_rational
2025-07-23,508031.SH,国泰海通城投宽庭保租房REIT,A,4.097,3893735,0.12796824374,0.031234621366853788,1.7041,1.938,1.4193621366853786,1.1854621366853786,4097000000.0000005,phase3_rational
2025-07-24,508031.SH,国泰海通城投宽庭保租房REIT,A,4.05,2474440,0.12796824374,0.03159709721975308,1.7376,1.979,1.4221097219753083,1.1807097219753082,4050000000.0,phase3_rational
2025-07-25,508031.SH,国泰海通城投宽庭保租房REIT,A,4.042,2927883,0.12796824374,0.03165963476991588,1.7324,1.9725,1.4335634769915881,1.1934634769915882,4042000000.0,phase3_rational
2025-07-28,508031.SH,国泰海通城投宽庭保租房REIT,A,4.05,2201488,0.12796824374,0.03159709721975308,1.7146,1.9525,1.4451097219753084,1.2072097219753084,4050000000.0,phase3_rational
2025-07-29,508031.SH,国泰海通城投宽庭保租房REIT,A,4.048,2393200,0.12796824374,0.03161270843379446,1.7466,1.998,1.4146708433794464,1.1632708433794463,4048000000.0,phase3_rational
2025-07-30,508031.SH,国泰海通城投宽庭保租房REIT,A,4.076,3875288,0.12796824374,0.03139554556918547,1.718,1.96,1.4215545569185473,1.1795545569185473,4075999999.9999995,phase3_rational
2025-07-31,508031.SH,国泰海通城投宽庭保租房REIT,A,4.203,8588588,0.12796824374,0.030446881689269564,1.7044,1.945,1.3402881689269563,1.0996881689269562,4203000000.0000005,phase3_rational
2025-08-01,508031.SH,国泰海通城投宽庭保租房REIT,A,4.203,2946100,0.12796824374,0.030446881689269564,1.7059,1.949,1.3387881689269563,1.0956881689269562,4203000000.0000005,phase3_rational
2025-08-04,508031.SH,国泰海通城投宽庭保租房REIT,A,4.18,1242700,0.12796824374,0.03061441237799043,1.7083,1.95,1.353141237799043,1.111441237799043,4180000000.0,phase3_rational
2025-08-05,508031.SH,国泰海通城投宽庭保租房REIT,A,4.155,1026681,0.12796824374,0.030798614618531884,1.7061,1.9585,1.3737614618531884,1.1213614618531884,4155000000.0,phase3_rational
2025-08-06,508031.SH,国泰海通城投宽庭保租房REIT,A,4.187,1924400,0.12796824374,0.030563229935514684,1.6999,1.958,1.3564229935514684,1.0983229935514685,4187000000.0,phase3_rational
2025-08-07,508031.SH,国泰海通城投宽庭保租房REIT,A,4.29,9745569,0.12796824374,0.02982942744522144,1.6894,1.951,1.2935427445221443,1.0319427445221443,4290000000.0,phase3_rational
2025-08-08,508031.SH,国泰海通城投宽庭保租房REIT,A,4.282,2693200,0.12796824374,0.02988515734236338,1.6891,1.96,1.299415734236338,1.028515734236338,4282000000.0,phase3_rational
2025-08-11,508031.SH,国泰海通城投宽庭保租房REIT,A,4.225,5125388,0.12796824374,0.030288341713609467,1.7203,1.995,1.3085341713609466,1.0338341713609465,4224999999.9999995,phase3_rational
2025-08-12,508031.SH,国泰海通城投宽庭保租房REIT,A,4.197,1302569,0.12796824374,0.03049040832499404,1.7271,2.017,1.3219408324994038,1.032040832499404,4197000000.0,phase3_rational
2025-08-13,508031.SH,国泰海通城投宽庭保租房REIT,A,4.182,741288,0.12796824374,0.03059977133907221,1.7262,2.02,1.3337771339072209,1.0399771339072208,4182000000.0000005,phase3_rational
2025-08-14,508031.SH,国泰海通城投宽庭保租房REIT,A,4.16,1130200,0.12796824374,0.03076159705288461,1.7341,2.0275,1.342059705288461,1.0486597052884612,4160000000.0,phase3_rational
2025-08-15,508031.SH,国泰海通城投宽庭保租房REIT,A,4.121,728588,0.12796824374,0.031052716267896137,1.7465,2.0475,1.3587716267896137,1.0577716267896138,4121000000.0000005,phase3_rational
2025-08-18,508031.SH,国泰海通城投宽庭保租房REIT,A,4.105,2392900,0.12796824374,0.031173749997563942,1.7872,2.1145,1.330174999756394,1.002874999756394,4105000000.0000005,phase3_rational
2025-08-19,508031.SH,国泰海通城投宽庭保租房REIT,A,4.054,1575707,0.12796824374,0.031565921001480014,1.7725,2.0975,1.3840921001480013,1.0590921001480011,4054000000.0,phase3_rational
2025-08-20,508031.SH,国泰海通城投宽庭保租房REIT,A,4.062,2793200,0.12796824374,0.031503752767109795,1.782,2.105,1.3683752767109794,1.0453752767109794,4062000000.0,phase3_rational
2025-08-21,508031.SH,国泰海通城投宽庭保租房REIT,A,4.062,4360400,0.12796824374,0.031503752767109795,1.7667,2.075,1.3836752767109795,1.0753752767109792,4062000000.0,phase3_rational
2025-08-22,508031.SH,国泰海通城投宽庭保租房REIT,A,4.052,2077471,0.12796824374,0.031581501416584404,1.7818,2.0775,1.3763501416584405,1.0806501416584404,4051999999.9999995,phase3_rational
2025-08-25,508031.SH,国泰海通城投宽庭保租房REIT,A,4.04,2447000,0.12796824374,0.03167530785643564,1.7643,2.05,1.4032307856435637,1.117530785643564,4040000000.0,phase3_rational
2025-08-26,508031.SH,国泰海通城投宽庭保租房REIT,A,4.09,4156700,0.12796824374,0.031288079154034226,1.7598,2.035,1.3690079154034225,1.0938079154034224,4090000000.0,phase3_rational
2025-08-27,508031.SH,国泰海通城投宽庭保租房REIT,A,4.079,3400000,0.12796824374,0.031372454949742584,1.7988,2.07,1.3384454949742586,1.0672454949742587,4079000000.0,phase3_rational
2025-08-28,508031.SH,国泰海通城投宽庭保租房REIT,A,4.079,2064776,0.12796824374,0.031372454949742584,1.8478,2.1108,1.2894454949742584,1.0264454949742587,4079000000.0,phase3_rational
2025-08-29,508031.SH,国泰海通城投宽庭保租房REIT,A,4.081,2787881,0.12796824374,0.031357080063709866,1.8379,2.1375,1.2978080063709865,0.9982080063709864,4081000000.0000005,phase3_rational
2025-09-01,508031.SH,国泰海通城投宽庭保租房REIT,A,4.082,1537200,0.12796824374,0.03134939827045566,1.8257,2.1165,1.3092398270455659,1.0184398270455661,4082000000.0,phase3_rational
2025-09-02,508031.SH,国泰海通城投宽庭保租房REIT,A,4.09,1522700,0.12796824374,0.031288079154034226,1.8167,2.1,1.3121079154034225,1.0288079154034224,4090000000.0,phase3_rational
2025-09-03,508031.SH,国泰海通城投宽庭保租房REIT,A,4.12,1511900,0.12796824374,0.03106025333495145,1.7984,2.075,1.307625333495145,1.031025333495145,4120000000.0,phase3_rational
2025-09-04,508031.SH,国泰海通城投宽庭保租房REIT,A,4.183,1426633,0.12796824374,0.030592456069806356,1.806,2.085,1.2532456069806357,0.9742456069806358,4183000000.0,phase3_rational
2025-09-05,508031.SH,国泰海通城投宽庭保租房REIT,A,4.146,1940525,0.12796824374,0.030865471234925227,1.826,2.1125,1.2605471234925227,0.974047123492523,4146000000.0,phase3_rational
2025-09-08,508031.SH,国泰海通城投宽庭保租房REIT,A,4.116,1498288,0.12796824374,0.03109043822643343,1.8514,2.1475,1.257643822643343,0.961543822643343,4115999999.9999995,phase3_rational
2025-09-09,508031.SH,国泰海通城投宽庭保租房REIT,A,4.11,2434576,0.12796824374,0.03113582572749391,1.8641,2.171,1.249482572749391,0.9425825727493913,4110000000.0000005,phase3_rational
2025-09-10,508031.SH,国泰海通城投宽庭保租房REIT,A,4.096,3115200,0.12796824374,0.031242247006835935,1.8992,2.204,1.2250247006835937,0.9202247006835935,4096000000.0,phase3_rational
2025-09-11,508031.SH,国泰海通城投宽庭保租房REIT,A,4.073,1342088,0.12796824374,0.03141867020378099,1.8743,2.208,1.2675670203780987,0.9338670203780985,4073000000.0000005,phase3_rational
2025-09-12,508031.SH,国泰海通城投宽庭保租房REIT,A,4.108,879388,0.12796824374,0.03115098435735151,1.867,2.184,1.2480984357351508,0.9310984357351506,4107999999.9999995,phase3_rational
2025-09-15,508031.SH,国泰海通城投宽庭保租房REIT,A,4.148,905772,0.12796824374,0.030850589136933462,1.8724,2.1875,1.2126589136933463,0.8975589136933464,4147999999.9999995,phase3_rational
2025-09-16,508031.SH,国泰海通城投宽庭保租房REIT,A,4.148,1843371,0.12796824374,0.030850589136933462,1.8527,2.1675,1.2323589136933464,0.9175589136933464,4147999999.9999995,phase3_rational
2025-09-17,508031.SH,国泰海通城投宽庭保租房REIT,A,4.133,654876,0.12796824374,0.030962555949673357,1.8349,2.15,1.2613555949673356,0.9462555949673357,4133000000.0,phase3_rational
2025-09-18,508031.SH,国泰海通城投宽庭保租房REIT,A,4.111,1511078,0.12796824374,0.03112825194356604,1.8546,2.1701,1.258225194356604,0.942725194356604,4111000000.0,phase3_rational
2025-09-19,508031.SH,国泰海通城投宽庭保租房REIT,A,4.126,1721800,0.12796824374,0.03101508573436742,1.8789,2.1996,1.222608573436742,0.9019085734367418,4126000000.0000005,phase3_rational
2025-09-22,508031.SH,国泰海通城投宽庭保租房REIT,A,4.1,3551000,0.12796824374,0.031211766765853657,1.8647,2.189,1.2564766765853657,0.9321766765853656,4099999999.9999995,phase3_rational
2025-09-23,508031.SH,国泰海通城投宽庭保租房REIT,A,4.02,1593600,0.12796824374,0.03183289645273632,1.877,2.215,1.3062896452736321,0.9682896452736323,4019999999.9999995,phase3_rational
2025-09-24,508031.SH,国泰海通城投宽庭保租房REIT,A,4.005,992700,0.12796824374,0.031952120784019974,1.9022,2.2501,1.2930120784019976,0.9451120784019973,4005000000.0,phase3_rational
2025-09-25,508031.SH,国泰海通城投宽庭保租房REIT,A,4.002,763400,0.12796824374,0.03197607289855072,1.884,2.23,1.3136072898550721,0.967607289855072,4002000000.0,phase3_rational
2025-09-26,508031.SH,国泰海通城投宽庭保租房REIT,A,4.002,750300,0.12796824374,0.03197607289855072,1.8768,2.217,1.320807289855072,0.980607289855072,4002000000.0,phase3_rational
2025-09-29,508031.SH,国泰海通城投宽庭保租房REIT,A,3.977,1429200,0.12796824374,0.03217707914005532,1.887,2.242,1.330707914005532,0.975707914005532,3977000000.0,phase3_rational
2025-09-30,508031.SH,国泰海通城投宽庭保租房REIT,A,3.97,753300,0.12796824374,0.0322338145440806,1.8605,2.2461,1.3628814544080599,0.9772814544080597,3970000000.0,phase3_rational
2025-10-09,508031.SH,国泰海通城投宽庭保租房REIT,A,3.962,374256,0.12796824374,0.032298900489651686,1.8466,2.2629,1.3832900489651685,0.9669900489651684,3962000000.0,phase3_rational
2025-10-10,508031.SH,国泰海通城投宽庭保租房REIT,A,3.976,2454669,0.12796824374,0.032185171966800805,1.846,2.2829,1.3725171966800804,0.9356171966800804,3976000000.0,phase3_rational
2025-10-13,508031.SH,国泰海通城投宽庭保租房REIT,A,3.97,1745600,0.12796824374,0.0322338145440806,1.8383,2.2729,1.3850814544080599,0.95048145440806,3970000000.0,phase3_rational
2025-10-14,508031.SH,国泰海通城投宽庭保租房REIT,A,3.949,3886400,0.12796824374,0.03240522758673082,1.8368,2.2678,1.403722758673082,0.9727227586730822,3949000000.0,phase3_rational
2025-10-15,508031.SH,国泰海通城投宽庭保租房REIT,A,3.936,1960200,0.12796824374,0.032512257047764226,1.8449,2.2603,1.4063257047764228,0.9909257047764228,3936000000.0,phase3_rational
2025-10-16,508031.SH,国泰海通城投宽庭保租房REIT,A,3.918,1333400,0.12796824374,0.03266162423175089,1.8407,2.2414,1.4254624231750888,1.0247624231750887,3918000000.0,phase3_rational
2025-10-17,508031.SH,国泰海通城投宽庭保租房REIT,A,3.9,1220400,0.12796824374,0.03281237018974359,1.8246,2.2002,1.456637018974359,1.0810370189743588,3900000000.0,phase3_rational
2025-10-20,508031.SH,国泰海通城投宽庭保租房REIT,A,3.864,605488,0.12796824374,0.03311807550207039,1.8498,2.2162,1.4620075502070389,1.0956075502070388,3864000000.0,phase3_rational
2025-10-21,508031.SH,国泰海通城投宽庭保租房REIT,A,3.845,1268776,0.12796824374,0.03328172789076723,1.8357,2.1871,1.4924727890767229,1.141072789076723,3845000000.0,phase3_rational
2025-10-22,508031.SH,国泰海通城投宽庭保租房REIT,A,3.848,2686500,0.12796824374,0.03325578059771309,1.8293,2.1821,1.4962780597713095,1.1434780597713092,3848000000.0,phase3_rational
2025-10-23,508031.SH,国泰海通城投宽庭保租房REIT,A,3.842,2401688,0.12796824374,0.033307715705361784,1.8391,2.1946,1.4916715705361787,1.1361715705361788,3842000000.0,phase3_rational
2025-10-24,508031.SH,国泰海通城投宽庭保租房REIT,A,3.86,3596313,0.12796824374,0.03315239475129533,1.8486,2.2126,1.466639475129533,1.102639475129533,3860000000.0,phase3_rational
2025-10-27,508031.SH,国泰海通城投宽庭保租房REIT,A,3.87,1301381,0.12796824374,0.033066729648578805,1.8423,2.2031,1.4643729648578805,1.1035729648578805,3870000000.0,phase3_rational
2025-10-28,508031.SH,国泰海通城投宽庭保租房REIT,A,3.941,4428088,0.12796824374,0.03247100830753616,1.8179,2.17,1.4292008307536157,1.0771008307536158,3941000000.0,phase3_rational
2025-10-29,508031.SH,国泰海通城投宽庭保租房REIT,A,3.938,6162840,0.12796824374,0.032495744982224475,1.8208,2.177,1.4287744982224477,1.0725744982224477,3938000000.0,phase3_rational
2025-10-30,508031.SH,国泰海通城投宽庭保租房REIT,A,3.94,3384788,0.12796824374,0.03247924968020304,1.8098,2.1625,1.438124968020304,1.085424968020304,3940000000.0,phase3_rational
2025-10-31,508031.SH,国泰海通城投宽庭保租房REIT,A,3.94,2060076,0.12796824374,0.03247924968020304,1.7954,2.1431,1.452524968020304,1.1048249680203042,3940000000.0,phase3_rational
2025-11-03,508031.SH,国泰海通城投宽庭保租房REIT,A,3.942,1673588,0.12796824374,0.032462771116184674,1.7944,2.1376,1.4518771116184674,1.1086771116184675,3942000000.0,phase3_rational
2025-11-04,508031.SH,国泰海通城投宽庭保租房REIT,A,3.925,1413300,0.12796824374,0.032603374201273884,1.7984,2.1421,1.4619374201273883,1.1182374201273881,3925000000.0,phase3_rational
2025-11-05,508031.SH,国泰海通城投宽庭保租房REIT,A,3.902,2526888,0.12796824374,0.032795551957970265,1.7964,2.1391,1.4831551957970264,1.1404551957970264,3902000000.0,phase3_rational
2025-11-06,508031.SH,国泰海通城投宽庭保租房REIT,A,3.916,1502500,0.12796824374,0.03267830534729315,1.81,2.1596,1.457830534729315,1.1082305347293149,3916000000.0,phase3_rational
2025-11-07,508031.SH,国泰海通城投宽庭保租房REIT,A,3.93,2099288,0.12796824374,0.03256189408142493,1.8142,2.1581,1.441989408142493,1.098089408142493,3930000000.0,phase3_rational
2025-11-10,508031.SH,国泰海通城投宽庭保租房REIT,A,3.95,3544200,0.12796824374,0.03239702373164557,1.8139,2.1476,1.4258023731645568,1.0921023731645567,3950000000.0,phase3_rational
2025-11-11,508031.SH,国泰海通城投宽庭保租房REIT,A,3.96,3113400,0.12796824374,0.032315213065656566,1.8119,2.1537,1.4196213065656567,1.0778213065656566,3960000000.0,phase3_rational
2025-11-12,508031.SH,国泰海通城投宽庭保租房REIT,A,3.94,1829400,0.12796824374,0.03247924968020304,1.8071,2.1431,1.4408249680203042,1.1048249680203042,3940000000.0,phase3_rational
2025-11-13,508031.SH,国泰海通城投宽庭保租房REIT,A,3.94,2094800,0.12796824374,0.03247924968020304,1.8126,2.1491,1.4353249680203042,1.0988249680203044,3940000000.0,phase3_rational
2025-11-14,508031.SH,国泰海通城投宽庭保租房REIT,A,3.96,4182370,0.12796824374,0.032315213065656566,1.814,2.1481,1.4175213065656567,1.0834213065656568,3960000000.0,phase3_rational
2025-11-17,508031.SH,国泰海通城投宽庭保租房REIT,A,3.96,948470,0.12796824374,0.032315213065656566,1.8109,2.1391,1.4206213065656568,1.0924213065656567,3960000000.0,phase3_rational
2025-11-18,508031.SH,国泰海通城投宽庭保租房REIT,A,3.969,2236957,0.12796824374,0.03224193593852356,1.8121,2.1381,1.4120935938523558,1.0860935938523557,3969000000.0,phase3_rational
2025-11-19,508031.SH,国泰海通城投宽庭保租房REIT,A,3.957,411200,0.12796824374,0.03233971284811726,1.8179,2.1506,1.4160712848117256,1.0833712848117258,3957000000.0,phase3_rational
2025-11-20,508031.SH,国泰海通城投宽庭保租房REIT,A,3.951,314788,0.12796824374,0.03238882402935965,1.8135,2.1531,1.425382402935965,1.085782402935965,3951000000.0,phase3_rational
2025-11-21,508031.SH,国泰海通城投宽庭保租房REIT,A,3.923,2441600,0.12796824374,0.032619995855212844,1.8166,2.1576,1.4453995855212842,1.1043995855212843,3923000000.0,phase3_rational
2025-11-24,508031.SH,国泰海通城投宽庭保租房REIT,A,3.885,2478988,0.12796824374,0.03293905887773488,1.821,2.1586,1.4729058877734877,1.1353058877734878,3885000000.0,phase3_rational
2025-11-25,508031.SH,国泰海通城投宽庭保租房REIT,A,3.877,4259876,0.12796824374,0.03300702701573381,1.8301,2.1751,1.470602701573381,1.125602701573381,3877000000.0,phase3_rational
2025-11-26,508031.SH,国泰海通城投宽庭保租房REIT,A,3.87,6405600,0.12796824374,0.033066729648578805,1.8462,2.1926,1.4604729648578805,1.1140729648578804,3870000000.0,phase3_rational
2025-11-27,508031.SH,国泰海通城投宽庭保租房REIT,A,3.86,3137043,0.12796824374,0.03315239475129533,1.8537,2.2001,1.4615394751295332,1.1151394751295332,3860000000.0,phase3_rational
2025-11-28,508031.SH,国泰海通城投宽庭保租房REIT,A,3.869,2643888,0.12796824374,0.033075276231584384,1.8412,2.1851,1.4663276231584386,1.1224276231584387,3869000000.0,phase3_rational
2025-12-01,508031.SH,国泰海通城投宽庭保租房REIT,A,3.848,3895888,0.12796824374,0.03325578059771309,1.8366,2.1901,1.4889780597713094,1.1354780597713092,3848000000.0,phase3_rational
2025-12-02,508031.SH,国泰海通城投宽庭保租房REIT,A,3.862,677273,0.12796824374,0.03313522624029,1.8442,2.2051,1.4693226240289998,1.108422624029,3862000000.0,phase3_rational
2025-12-03,508031.SH,国泰海通城投宽庭保租房REIT,A,3.885,1095900,0.12796824374,0.03293905887773488,1.8519,2.2351,1.4420058877734876,1.0588058877734876,3885000000.0,phase3_rational
2025-12-04,508031.SH,国泰海通城投宽庭保租房REIT,A,3.882,1464755,0.12796824374,0.03296451410097887,1.8718,2.2761,1.424651410097887,1.020351410097887,3882000000.0,phase3_rational
2025-12-05,508031.SH,国泰海通城投宽庭保租房REIT,A,3.9,2834700,0.12796824374,0.03281237018974359,1.848,2.2571,1.4332370189743588,1.024137018974359,3900000000.0,phase3_rational
2025-12-08,508031.SH,国泰海通城投宽庭保租房REIT,A,3.874,763600,0.12796824374,0.03303258743933918,1.8499,2.2577,1.4533587439339175,1.0455587439339178,3874000000.0,phase3_rational
2025-12-09,508031.SH,国泰海通城投宽庭保租房REIT,A,3.877,545800,0.12796824374,0.03300702701573381,1.8425,2.2527,1.458202701573381,1.048002701573381,3877000000.0,phase3_rational
2025-12-10,508031.SH,国泰海通城投宽庭保租房REIT,A,3.89,2351700,0.12796824374,0.03289672075578406,1.8447,2.2412,1.4449720755784057,1.0484720755784056,3890000000.0,phase3_rational
2025-12-11,508031.SH,国泰海通城投宽庭保租房REIT,A,3.895,583700,0.12796824374,0.03285449133247753,1.8404,2.2252,1.445049133247753,1.060249133247753,3895000000.0,phase3_rational
2025-12-12,508031.SH,国泰海通城投宽庭保租房REIT,A,3.899,489800,0.12796824374,0.03282078577583995,1.8396,2.2487,1.4424785775839952,1.0333785775839952,3899000000.0,phase3_rational
2025-12-15,508031.SH,国泰海通城投宽庭保租房REIT,A,3.86,878000,0.12796824374,0.03315239475129533,1.8488,2.2792,1.466439475129533,1.0360394751295332,3860000000.0,phase3_rational
2025-12-16,508031.SH,国泰海通城投宽庭保租房REIT,A,3.844,817400,0.12796824374,0.033290385988553585,1.8458,2.2802,1.4832385988553582,1.0488385988553586,3844000000.0,phase3_rational
2025-12-17,508031.SH,国泰海通城投宽庭保租房REIT,A,3.798,1043500,0.12796824374,0.033693587082675086,1.834,2.2422,1.5353587082675086,1.1271587082675087,3798000000.0,phase3_rational
2025-12-18,508031.SH,国泰海通城投宽庭保租房REIT,A,3.79,2331998,0.12796824374,0.033764708110817936,1.8356,2.2512,1.5408708110817937,1.1252708110817937,3790000000.0,phase3_rational
2025-12-19,508031.SH,国泰海通城投宽庭保租房REIT,A,3.784,3473400,0.12796824374,0.03381824623150106,1.8308,2.2252,1.5510246231501057,1.1566246231501056,3784000000.0,phase3_rational
2025-12-22,508031.SH,国泰海通城投宽庭保租房REIT,A,3.783,4282300,0.12796824374,0.03382718576262225,1.8415,2.2412,1.5412185762622252,1.141518576262225,3783000000.0,phase3_rational
2025-12-23,508031.SH,国泰海通城投宽庭保租房REIT,A,3.779,2484108,0.12796824374,0.03386299119872982,1.8352,2.2232,1.551099119872982,1.163099119872982,3779000000.0,phase3_rational
2025-12-24,508031.SH,国泰海通城投宽庭保租房REIT,A,3.855,2113014,0.12796824374,0.03319539396627756,1.8356,2.2202,1.4839393966277563,1.099339396627756,3855000000.0,phase3_rational
2025-12-25,508031.SH,国泰海通城投宽庭保租房REIT,A,3.899,2413540,0.12796824374,0.03282078577583995,1.8386,2.2252,1.4434785775839951,1.056878577583995,3899000000.0,phase3_rational
2025-12-26,508031.SH,国泰海通城投宽庭保租房REIT,A,3.883,730700,0.12796824374,0.03295602465619366,1.8376,2.2233,1.4580024656193664,1.0723024656193663,3883000000.0,phase3_rational
2025-12-29,508031.SH,国泰海通城投宽庭保租房REIT,A,3.885,873976,0.12796824374,0.03293905887773488,1.8584,2.2583,1.4355058877734876,1.0356058877734875,3885000000.0,phase3_rational
2025-12-30,508031.SH,国泰海通城投宽庭保租房REIT,A,3.88,471943,0.12796824374,0.0329815061185567,1.8582,2.2628,1.4399506118556697,1.03535061185567,3880000000.0,phase3_rational
2025-12-31,508031.SH,国泰海通城投宽庭保租房REIT,A,3.89,2230600,0.12796824374,0.03289672075578406,1.8473,2.2674,1.4423720755784057,1.0222720755784058,3890000000.0,phase3_rational
2026-01-05,508031.SH,国泰海通城投宽庭保租房REIT,A,3.9,3736209,0.12796824374,0.03281237018974359,1.8584,2.2822,1.4228370189743589,0.9990370189743589,3900000000.0,phase3_rational
2026-01-06,508031.SH,国泰海通城投宽庭保租房REIT,A,3.915,9495500,0.12796824374,0.03268665229629629,1.8829,2.3104,1.385765229629629,0.958265229629629,3915000000.0,phase3_rational
2026-01-07,508031.SH,国泰海通城投宽庭保租房REIT,A,3.918,5568500,0.12796824374,0.03266162423175089,1.9019,2.3345,1.3642624231750888,0.931662423175089,3918000000.0,phase3_rational
2026-01-08,508031.SH,国泰海通城投宽庭保租房REIT,A,3.887,4859235,0.12796824374,0.032922110558271156,1.8905,2.319,1.4017110558271153,0.9732110558271154,3887000000.0,phase3_rational
2026-01-09,508031.SH,国泰海通城投宽庭保租房REIT,A,3.872,2515600,0.12796824374,0.033049649726239666,1.8782,2.3024,1.4267649726239666,1.0025649726239667,3872000000.0,phase3_rational
2026-01-12,508031.SH,国泰海通城投宽庭保租房REIT,A,3.875,1774296,0.12796824374,0.033024062900645156,1.8585,2.292,1.4439062900645154,1.0104062900645157,3875000000.0,phase3_rational
2026-01-13,508031.SH,国泰海通城投宽庭保租房REIT,A,3.88,2431188,0.12796824374,0.0329815061185567,1.8519,2.2926,1.4462506118556697,1.0055506118556696,3880000000.0,phase3_rational
2026-01-14,508031.SH,国泰海通城投宽庭保租房REIT,A,3.88,1020688,0.12796824374,0.0329815061185567,1.8494,2.3028,1.44875061185567,0.9953506118556699,3880000000.0,phase3_rational
2026-01-15,508031.SH,国泰海通城投宽庭保租房REIT,A,3.877,1723200,0.12796824374,0.03300702701573381,1.8544,2.3058,1.446302701573381,0.9949027015733809,3877000000.0,phase3_rational
2026-01-16,508031.SH,国泰海通城投宽庭保租房REIT,A,3.874,1117700,0.12796824374,0.03303258743933918,1.8424,2.3036,1.4608587439339176,0.9996587439339177,3874000000.0,phase3_rational
2026-01-19,508031.SH,国泰海通城投宽庭保租房REIT,A,3.867,1684525,0.12796824374,0.03309238265839151,1.8393,2.3417,1.4699382658391513,0.9675382658391514,3867000000.0,phase3_rational
2026-01-20,508031.SH,国泰海通城投宽庭保租房REIT,A,3.888,2268973,0.12796824374,0.0329136429372428,1.8326,2.3351,1.4587642937242797,0.9562642937242796,3888000000.0,phase3_rational
2026-01-21,508031.SH,国泰海通城投宽庭保租房REIT,A,3.889,2093100,0.12796824374,0.03290517967086654,1.8312,2.3026,1.4593179670866543,0.9879179670866542,3889000000.0,phase3_rational
2026-01-22,508031.SH,国泰海通城投宽庭保租房REIT,A,3.92,1820322,0.12796824374,0.0326449601377551,1.8425,2.3101,1.4219960137755099,0.9543960137755101,3920000000.0,phase3_rational
2026-01-23,508031.SH,国泰海通城投宽庭保租房REIT,A,3.957,3954792,0.12796824374,0.03233971284811726,1.8298,2.2871,1.4041712848117256,0.9468712848117256,3957000000.0,phase3_rational
2026-01-26,508031.SH,国泰海通城投宽庭保租房REIT,A,3.94,2378769,0.12796824374,0.03247924968020304,1.8242,2.27,1.4237249680203041,0.9779249680203042,3940000000.0,phase3_rational
2026-01-27,508031.SH,国泰海通城投宽庭保租房REIT,A,3.949,2383322,0.12796824374,0.03240522758673082,1.8311,2.285,1.409422758673082,0.9555227586730819,3949000000.0,phase3_rational
2026-01-28,508031.SH,国泰海通城投宽庭保租房REIT,A,3.974,1976922,0.12796824374,0.03220136983895319,1.8164,2.277,1.403736983895319,0.943136983895319,3974000000.0,phase3_rational
2026-01-29,508031.SH,国泰海通城投宽庭保租房REIT,A,4.001,2067384,0.12796824374,0.0319840649187703,1.8174,2.28,1.3810064918770302,0.9184064918770303,4001000000.0000005,phase3_rational
2026-01-30,508031.SH,国泰海通城投宽庭保租房REIT,A,3.979,617200,0.12796824374,0.03216090568987182,1.8112,2.289,1.4048905689871822,0.927090568987182,3979000000.0,phase3_rational
2026-02-02,508031.SH,国泰海通城投宽庭保租房REIT,A,3.937,594839,0.12796824374,0.032503998917957834,1.82,2.281,1.4303998917957832,0.9693998917957831,3937000000.0,phase3_rational
2026-02-03,508031.SH,国泰海通城投宽庭保租房REIT,A,3.939,1031082,0.12796824374,0.032487495237369886,1.8172,2.28,1.4315495237369886,0.9687495237369887,3939000000.0,phase3_rational
2026-02-04,508031.SH,国泰海通城投宽庭保租房REIT,A,3.94,712952,0.12796824374,0.03247924968020304,1.8193,2.283,1.4286249680203043,0.9649249680203043,3940000000.0,phase3_rational
2026-02-05,508031.SH,国泰海通城投宽庭保租房REIT,A,3.917,675200,0.12796824374,0.03266996266019913,1.8169,2.271,1.450096266019913,0.9959962660199131,3917000000.0,phase3_rational
2026-02-06,508031.SH,国泰海通城投宽庭保租房REIT,A,3.903,529500,0.12796824374,0.03278714930566231,1.8102,2.251,1.468514930566231,1.0277149305662312,3903000000.0,phase3_rational
2026-02-09,508031.SH,国泰海通城投宽庭保租房REIT,A,3.9,264600,0.12796824374,0.03281237018974359,1.8114,2.248,1.469837018974359,1.0332370189743587,3900000000.0,phase3_rational
2026-02-10,508031.SH,国泰海通城投宽庭保租房REIT,A,3.923,483164,0.12796824374,0.032619995855212844,1.8094,2.247,1.4525995855212843,1.0149995855212843,3923000000.0,phase3_rational
2026-02-11,508031.SH,国泰海通城投宽庭保租房REIT,A,3.931,1363300,0.12796824374,0.032553610719918594,1.7994,2.2455,1.4559610719918592,1.0098610719918595,3931000000.0,phase3_rational
2026-02-12,508031.SH,国泰海通城投宽庭保租房REIT,A,3.91,1074000,0.12796824374,0.03272845108439897,1.7893,2.246,1.4835451084398974,1.0268451084398973,3910000000.0,phase3_rational
2026-02-13,508031.SH,国泰海通城投宽庭保租房REIT,A,3.93,412907,0.12796824374,0.03256189408142493,1.7928,2.244,1.4633894081424932,1.012189408142493,3930000000.0,phase3_rational
2026-02-24,508031.SH,国泰海通城投宽庭保租房REIT,A,3.913,472481,0.12796824374,0.032703358993099924,1.8023,2.2426,1.4680358993099925,1.0277358993099925,3913000000.0,phase3_rational
2026-02-25,508031.SH,国泰海通城投宽庭保租房REIT,A,3.911,414318,0.12796824374,0.03272008277678343,1.8158,2.255,1.4562082776783425,1.0170082776783427,3911000000.0,phase3_rational
2026-02-26,508031.SH,国泰海通城投宽庭保租房REIT,A,3.89,497088,0.12796824374,0.03289672075578406,1.8288,2.2951,1.4608720755784057,0.9945720755784055,3890000000.0,phase3_rational
2026-02-27,508031.SH,国泰海通城投宽庭保租房REIT,A,3.869,1370700,0.12796824374,0.033075276231584384,1.7877,2.2896,1.5198276231584384,1.0179276231584384,3869000000.0,phase3_rational
2026-03-02,508031.SH,国泰海通城投宽庭保租房REIT,A,3.837,2652795,0.12796824374,0.03335111903570497,1.7761,2.2696,1.559011903570497,1.065511903570497,3837000000.0,phase3_rational
2026-03-03,508031.SH,国泰海通城投宽庭保租房REIT,A,3.843,2642175,0.12796824374,0.03329904859224564,1.7807,2.2827,1.549204859224564,1.0472048592245637,3843000000.0,phase3_rational
2026-03-04,508031.SH,国泰海通城投宽庭保租房REIT,A,3.847,600700,0.12796824374,0.03326442519885625,1.7768,2.2752,1.5496425198856254,1.0512425198856254,3847000000.0,phase3_rational
2026-03-05,508031.SH,国泰海通城投宽庭保租房REIT,A,3.833,1247100,0.12796824374,0.03338592322984607,1.7779,2.2717,1.5606923229846072,1.0668923229846072,3833000000.0,phase3_rational
2026-03-06,508031.SH,国泰海通城投宽庭保租房REIT,A,3.815,1196388,0.12796824374,0.033543445279161206,1.781,2.2812,1.573344527916121,1.0731445279161207,3815000000.0,phase3_rational
2026-03-09,508031.SH,国泰海通城投宽庭保租房REIT,A,3.804,1122000,0.12796824374,0.03364044262355415,1.8054,2.3292,1.5586442623554155,1.0348442623554153,3804000000.0,phase3_rational
2026-03-10,508031.SH,国泰海通城投宽庭保租房REIT,A,3.82,1760276,0.12796824374,0.033499540246073295,1.8055,2.3328,1.5444540246073293,1.0171540246073292,3820000000.0,phase3_rational
2026-03-11,508031.SH,国泰海通城投宽庭保租房REIT,A,3.808,1499700,0.12796824374,0.03360510602415966,1.8075,2.3503,1.553010602415966,1.0102106024159663,3808000000.0,phase3_rational
2026-03-12,508031.SH,国泰海通城投宽庭保租房REIT,A,3.799,902200,0.12796824374,0.03368471801526717,1.8052,2.3404,1.563271801526717,1.0280718015267172,3799000000.0,phase3_rational
2026-03-13,508031.SH,国泰海通城投宽庭保租房REIT,A,3.774,2209300,0.12796824374,0.033907854727080015,1.8143,2.3665,1.5764854727080013,1.0242854727080015,3774000000.0,phase3_rational
2026-03-16,508031.SH,国泰海通城投宽庭保租房REIT,A,3.735,1255000,0.12796824374,0.03426191264792503,1.8312,2.3917,1.5949912647925033,1.034491264792503,3735000000.0,phase3_rational
2026-03-17,508031.SH,国泰海通城投宽庭保租房REIT,A,3.736,1436356,0.12796824374,0.03425274190042826,1.8314,2.3806,1.5938741900428264,1.0446741900428265,3736000000.0,phase3_rational
2026-03-18,508031.SH,国泰海通城投宽庭保租房REIT,A,3.771,1095700,0.12796824374,0.03393482994961548,1.8175,2.3607,1.5759829949615485,1.0327829949615484,3771000000.0,phase3_rational
2026-03-19,508031.SH,国泰海通城投宽庭保租房REIT,A,3.785,545510,0.12796824374,0.03380931142404227,1.8252,2.391,1.555731142404227,0.989931142404227,3785000000.0,phase3_rational
2026-03-20,508031.SH,国泰海通城投宽庭保租房REIT,A,3.786,811488,0.12796824374,0.0338003813365029,1.8299,2.3881,1.5501381336502897,0.9919381336502897,3786000000.0,phase3_rational
2026-03-23,508031.SH,国泰海通城投宽庭保租房REIT,A,3.755,2441169,0.12796824374,0.03407942576298269,1.8316,2.373,1.576342576298269,1.0349425762982687,3755000000.0,phase3_rational
2026-03-24,508031.SH,国泰海通城投宽庭保租房REIT,A,3.778,708891,0.12796824374,0.03387195440444679,1.8272,2.3457,1.5599954404446792,1.0414954404446792,3778000000.0,phase3_rational
2026-03-25,508031.SH,国泰海通城投宽庭保租房REIT,A,3.764,414100,0.12796824374,0.03399793935706695,1.8233,2.3457,1.5764939357066952,1.0540939357066952,3764000000.0,phase3_rational
2026-03-26,508031.SH,国泰海通城投宽庭保租房REIT,A,3.775,965300,0.12796824374,0.03389887251390728,1.8194,2.3498,1.5704872513907282,1.040087251390728,3775000000.0,phase3_rational
2026-03-27,508031.SH,国泰海通城投宽庭保租房REIT,A,3.779,774000,0.12796824374,0.03386299119872982,1.8172,2.3497,1.569099119872982,1.036599119872982,3779000000.0,phase3_rational
2026-03-30,508031.SH,国泰海通城投宽庭保租房REIT,A,3.773,980414,0.12796824374,0.03391684170156374,1.8063,2.3286,1.585384170156374,1.0630841701563742,3773000000.0,phase3_rational
2026-03-31,508031.SH,国泰海通城投宽庭保租房REIT,A,3.749,121100,0.12796824374,0.034133967388636964,1.8171,2.3521,1.5962967388636966,1.0612967388636965,3749000000.0,phase3_rational
2026-04-01,508031.SH,国泰海通城投宽庭保租房REIT,A,3.762,117664,0.12796824374,0.0340160137533227,1.8244,2.3667,1.57720137533227,1.0349013753322702,3762000000.0,phase3_rational
2026-04-02,508031.SH,国泰海通城投宽庭保租房REIT,A,3.767,44900,0.12796824374,0.03397086374834085,1.8209,2.3733,1.5761863748340854,1.0237863748340854,3767000000.0,phase3_rational
2026-04-03,508031.SH,国泰海通城投宽庭保租房REIT,A,3.816,1296076,0.12796824374,0.03353465506813417,1.8199,2.3725,1.5335655068134169,0.9809655068134169,3816000000.0,phase3_rational
2026-04-07,508031.SH,国泰海通城投宽庭保租房REIT,A,3.841,2176288,0.12796824374,0.033316387331424106,1.8171,2.3597,1.5145387331424107,0.9719387331424105,3841000000.0,phase3_rational
2026-04-08,508031.SH,国泰海通城投宽庭保租房REIT,A,3.86,799300,0.12796824374,0.03315239475129533,1.8136,2.3377,1.501639475129533,0.9775394751295332,3860000000.0,phase3_rational
2026-04-09,508031.SH,国泰海通城投宽庭保租房REIT,A,3.83,232888,0.12796824374,0.03341207408355091,1.8192,2.3393,1.522007408355091,1.0019074083550907,3830000000.0,phase3_rational
2026-04-10,508031.SH,国泰海通城投宽庭保租房REIT,A,3.823,626300,0.12796824374,0.03347325235155637,1.8128,2.3055,1.5345252351556369,1.041825235155637,3823000000.0,phase3_rational
2026-04-13,508031.SH,国泰海通城投宽庭保租房REIT,A,3.808,408100,0.12796824374,0.03360510602415966,1.7933,2.2816,1.5672106024159662,1.078910602415966,3808000000.0,phase3_rational
2026-04-14,508031.SH,国泰海通城投宽庭保租房REIT,A,3.848,2660071,0.12796824374,0.03325578059771309,1.7829,2.2805,1.5426780597713095,1.0450780597713094,3848000000.0,phase3_rational
2026-04-15,508031.SH,国泰海通城投宽庭保租房REIT,A,3.862,5128612,0.12796824374,0.03313522624029,1.7809,2.2784,1.532622624029,1.035122624029,3862000000.0,phase3_rational
2026-04-16,508031.SH,国泰海通城投宽庭保租房REIT,A,3.921,572969,0.12796824374,0.03263663446569753,1.7812,2.281,1.4824634465697526,0.9826634465697524,3921000000.0,phase3_rational
2026-04-17,508031.SH,国泰海通城投宽庭保租房REIT,A,3.935,408564,0.12796824374,0.03252051937484116,1.7623,2.25,1.4897519374841164,1.0020519374841164,3935000000.0,phase3_rational
2026-04-20,508031.SH,国泰海通城投宽庭保租房REIT,A,3.917,601600,0.12796824374,0.03266996266019913,1.7627,2.2556,1.504296266019913,1.0113962660199132,3917000000.0,phase3_rational
2026-04-21,508031.SH,国泰海通城投宽庭保租房REIT,A,3.9,963302,0.12796824374,0.03281237018974359,1.751,2.2375,1.530237018974359,1.043737018974359,3900000000.0,phase3_rational
2026-04-22,508031.SH,国泰海通城投宽庭保租房REIT,A,3.944,1019464,0.12796824374,0.03244630926470588,1.7389,2.2137,1.5057309264705883,1.0309309264705884,3944000000.0,phase3_rational
2026-04-23,508031.SH,国泰海通城投宽庭保租房REIT,A,3.92,472340,0.12796824374,0.0326449601377551,1.7548,2.2353,1.50969601377551,1.0291960137755098,3920000000.0,phase3_rational
2026-04-24,508031.SH,国泰海通城投宽庭保租房REIT,A,3.897,394000,0.12796824374,0.03283762990505517,1.7601,2.2472,1.523662990505517,1.0365629905055171,3897000000.0,phase3_rational
2026-04-27,508031.SH,国泰海通城投宽庭保租房REIT,A,3.78,1163500,0.12796824374,0.033854032735449735,1.7697,2.2557,1.6157032735449735,1.1297032735449735,3780000000.0,phase3_rational
2026-04-28,508031.SH,国泰海通城投宽庭保租房REIT,A,3.78,216493,0.12796824374,0.033854032735449735,1.7654,2.242,1.6200032735449734,1.1434032735449735,3780000000.0,phase3_rational
2026-04-29,508031.SH,国泰海通城投宽庭保租房REIT,A,3.763,419464,0.12796824374,0.03400697415360085,1.7444,2.219,1.6562974153600851,1.1816974153600852,3763000000.0,phase3_rational
2026-04-30,508031.SH,国泰海通城投宽庭保租房REIT,A,3.739,331900,0.12796824374,0.03422525909066595,1.7473,2.218,1.6752259090665946,1.2045259090665947,3739000000.0,phase3_rational
2026-05-06,508031.SH,国泰海通城投宽庭保租房REIT,A,3.73,967600,0.12796824374,0.03430784014477212,1.7654,2.239,1.6653840144772114,1.1917840144772116,3730000000.0,phase3_rational
2026-05-07,508031.SH,国泰海通城投宽庭保租房REIT,A,3.72,1343800,0.12796824374,0.034400065521505374,1.7631,2.238,1.6769065521505373,1.2020065521505372,3720000000.0,phase3_rational
2026-05-08,508031.SH,国泰海通城投宽庭保租房REIT,A,3.771,290988,0.12796824374,0.03393482994961548,1.7648,2.2455,1.6286829949615484,1.1479829949615485,3771000000.0,phase3_rational
2026-05-11,508031.SH,国泰海通城投宽庭保租房REIT,A,3.763,134776,0.12796824374,0.03400697415360085,1.7622,2.2361,1.638497415360085,1.164597415360085,3763000000.0,phase3_rational
2026-05-12,508031.SH,国泰海通城投宽庭保租房REIT,A,3.767,152200,0.12796824374,0.03397086374834085,1.7592,2.232,1.6378863748340853,1.1650863748340852,3767000000.0,phase3_rational
2026-05-13,508031.SH,国泰海通城投宽庭保租房REIT,A,3.733,714442,0.12796824374,0.03428026888293597,1.7514,2.234,1.6766268882935969,1.194026888293597,3733000000.0,phase3_rational
2026-05-14,508031.SH,国泰海通城投宽庭保租房REIT,A,3.718,754900,0.12796824374,0.03441857012910166,1.7588,2.241,1.6830570129101665,1.2008570129101663,3718000000.0,phase3_rational
2026-05-15,508031.SH,国泰海通城投宽庭保租房REIT,A,3.708,444942,0.12796824374,0.034511392594390504,1.7658,2.253,1.6853392594390502,1.19813925943905,3708000000.0,phase3_rational
2026-05-18,508031.SH,国泰海通城投宽庭保租房REIT,A,3.726,1184652,0.12796824374,0.03434467089103596,1.7585,2.244,1.6759670891035963,1.190467089103596,3726000000.0,phase3_rational
2026-05-19,508031.SH,国泰海通城投宽庭保租房REIT,A,3.841,4739709,0.12796824374,0.033316387331424106,1.7345,2.221,1.5971387331424107,1.1106387331424106,3841000000.0,phase3_rational
2026-05-20,508031.SH,国泰海通城投宽庭保租房REIT,A,3.845,2054000,0.12796824374,0.03328172789076723,1.7382,2.2311,1.589972789076723,1.097072789076723,3845000000.0,phase3_rational
2026-05-21,508031.SH,国泰海通城投宽庭保租房REIT,A,3.835,3629788,0.12796824374,0.03336851205736636,1.7448,2.231,1.592051205736636,1.105851205736636,3835000000.0,phase3_rational
2026-05-22,508031.SH,国泰海通城投宽庭保租房REIT,A,3.832,836000,0.12796824374,0.033394635631524006,1.7519,2.2345,1.5875635631524005,1.1049635631524004,3832000000.0,phase3_rational
2026-05-25,508031.SH,国泰海通城投宽庭保租房REIT,A,3.819,617300,0.12796824374,0.03350831205551191,1.7484,2.226,1.6024312055511916,1.1248312055511915,3819000000.0,phase3_rational
2026-05-26,508031.SH,国泰海通城投宽庭保租房REIT,A,3.799,483400,0.12796824374,0.03368471801526717,1.7405,2.2205,1.627971801526717,1.147971801526717,3799000000.0,phase3_rational
2026-05-27,508031.SH,国泰海通城投宽庭保租房REIT,A,3.764,1177000,0.12796824374,0.03399793935706695,1.7216,2.208,1.678193935706695,1.191793935706695,3764000000.0,phase3_rational
2026-05-28,508031.SH,国泰海通城投宽庭保租房REIT,A,3.744,821200,0.12796824374,0.0341795522809829,1.7193,2.2095,1.6986552280982896,1.2084552280982899,3744000000.0,phase3_rational
2026-05-29,508031.SH,国泰海通城投宽庭保租房REIT,A,3.781,416888,0.12796824374,0.03384507901084369,1.709,2.205,1.6755079010843685,1.1795079010843685,3781000000.0,phase3_rational
2026-06-01,508031.SH,国泰海通城投宽庭保租房REIT,A,3.814,598200,0.12796824374,0.03355224009963293,1.7009,2.191,1.654324009963293,1.1642240099632932,3814000000.0,phase3_rational
2026-06-02,508031.SH,国泰海通城投宽庭保租房REIT,A,3.797,645900,0.12796824374,0.033702460821701336,1.7036,2.191,1.6666460821701337,1.1792460821701338,3797000000.0,phase3_rational
2026-06-03,508031.SH,国泰海通城投宽庭保租房REIT,A,3.796,169300,0.12796824374,0.03371133923603793,1.7128,2.205,1.6583339236037933,1.1661339236037933,3796000000.0,phase3_rational
2026-06-04,508031.SH,国泰海通城投宽庭保租房REIT,A,3.799,690288,0.12796824374,0.03368471801526717,1.7081,2.191,1.660371801526717,1.1774718015267172,3799000000.0,phase3_rational
2026-06-05,508031.SH,国泰海通城投宽庭保租房REIT,A,3.809,473700,0.12796824374,0.03359628347072722,1.7207,2.204,1.638928347072722,1.1556283470727218,3809000000.0,phase3_rational
2026-06-08,508031.SH,国泰海通城投宽庭保租房REIT,A,3.82,6475100,0.12796824374,0.033499540246073295,1.7275,2.213,1.6224540246073293,1.1369540246073293,3820000000.0,phase3_rational
2026-06-09,508031.SH,国泰海通城投宽庭保租房REIT,A,3.8,309600,0.12796824374,0.033675853615789474,1.7376,2.22,1.6299853615789472,1.147585361578947,3800000000.0,phase3_rational
2026-06-10,508031.SH,国泰海通城投宽庭保租房REIT,A,3.754,185400,0.12796824374,0.03408850392647842,1.7476,2.235,1.661250392647842,1.173850392647842,3754000000.0,phase3_rational
2026-06-11,508031.SH,国泰海通城投宽庭保租房REIT,A,3.744,1423000,0.12796824374,0.0341795522809829,1.7475,2.238,1.6704552280982896,1.1799552280982897,3744000000.0,phase3_rational
2026-06-12,508031.SH,国泰海通城投宽庭保租房REIT,A,3.772,705100,0.12796824374,0.03392583344114528,1.7427,2.2215,1.6498833441145282,1.1710833441145283,3772000000.0,phase3_rational
2026-06-15,508031.SH,国泰海通城投宽庭保租房REIT,A,3.767,1276635,0.12796824374,0.03397086374834085,1.7446,2.2215,1.6524863748340854,1.1755863748340856,3767000000.0,phase3_rational
2026-06-16,508031.SH,国泰海通城投宽庭保租房REIT,A,3.757,261800,0.12796824374,0.03406128393398988,1.7324,2.2175,1.6737283933989884,1.1886283933989885,3757000000.0,phase3_rational
2026-06-17,508031.SH,国泰海通城投宽庭保租房REIT,A,3.763,270288,0.12796824374,0.03400697415360085,1.727,2.2181,1.673697415360085,1.182597415360085,3763000000.0,phase3_rational
2026-06-18,508031.SH,国泰海通城投宽庭保租房REIT,A,3.711,1469600,0.12796824374,0.03448349332794395,1.7299,2.2201,1.7184493327943946,1.2282493327943946,3711000000.0,phase3_rational
2026-06-22,508031.SH,国泰海通城投宽庭保租房REIT,A,3.625,1948000,0.12796824374,0.035301584479999995,1.7375,2.2216,1.7926584479999994,1.3085584479999994,3625000000.0,phase3_rational
2026-06-23,508031.SH,国泰海通城投宽庭保租房REIT,A,3.615,2182581,0.12796824374,0.03539923754910096,1.7437,2.2291,1.7962237549100961,1.3108237549100963,3615000000.0,phase3_rational
2026-06-24,508031.SH,国泰海通城投宽庭保租房REIT,A,3.582,2223500,0.12796824374,0.035725361178112786,1.7454,2.2311,1.8271361178112784,1.3414361178112784,3582000000.0,phase3_rational
2026-06-25,508031.SH,国泰海通城投宽庭保租房REIT,A,3.69,3708800,0.12796824374,0.03467974085094851,1.7351,2.2201,1.7328740850948505,1.2478740850948506,3690000000.0,phase3_rational
2026-06-26,508031.SH,国泰海通城投宽庭保租房REIT,A,3.679,4737700,0.12796824374,0.03478343129654797,1.7314,2.2176,1.7469431296547968,1.2607431296547968,3679000000.0,phase3_rational
2026-06-29,508031.SH,国泰海通城投宽庭保租房REIT,A,3.74,2456984,0.12796824374,0.034216107951871653,1.717,2.209,1.7046107951871652,1.2126107951871652,3740000000.0,phase3_rational
2026-06-30,508031.SH,国泰海通城投宽庭保租房REIT,A,3.802,1332152,0.12796824374,0.033658138805891635,1.733,2.236,1.6328138805891634,1.1298138805891633,3802000000.0,phase3_rational
2026-07-01,508031.SH,国泰海通城投宽庭保租房REIT,A,3.797,4496980,0.12796824374,0.033702460821701336,1.7448,2.2525,1.6254460821701338,1.1177460821701337,3797000000.0,phase3_rational
2026-07-02,508031.SH,国泰海通城投宽庭保租房REIT,A,3.764,2541000,0.12796824374,0.03399793935706695,1.741,2.258,1.658793935706695,1.141793935706695,3764000000.0,phase3_rational
2026-07-03,508031.SH,国泰海通城投宽庭保租房REIT,A,3.8,1390100,0.12796824374,0.033675853615789474,1.7463,2.2685,1.6212853615789473,1.0990853615789473,3800000000.0,phase3_rational
2026-07-06,508031.SH,国泰海通城投宽庭保租房REIT,A,3.8,1134900,0.12796824374,0.033675853615789474,1.7379,2.255,1.6296853615789473,1.1125853615789474,3800000000.0,phase3_rational
2026-07-07,508031.SH,国泰海通城投宽庭保租房REIT,A,3.799,965900,0.12796824374,0.03368471801526717,1.7406,2.2605,1.627871801526717,1.107971801526717,3799000000.0,phase3_rational
2026-07-08,508031.SH,国泰海通城投宽庭保租房REIT,A,3.768,582588,0.12796824374,0.033961848126326966,1.7385,2.2545,1.6576848126326966,1.1416848126326964,3768000000.0,phase3_rational
2026-07-09,508031.SH,国泰海通城投宽庭保租房REIT,A,3.79,1188739,0.12796824374,0.033764708110817936,1.7376,2.2515,1.6388708110817936,1.1249708110817935,3790000000.0,phase3_rational
2026-07-10,508031.SH,国泰海通城投宽庭保租房REIT,A,3.805,2264500,0.12796824374,0.03363160150854139,1.7398,2.253,1.6233601508541387,1.1101601508541385,3805000000.0,phase3_rational
2026-07-13,508031.SH,国泰海通城投宽庭保租房REIT,A,3.773,341000,0.12796824374,0.03391684170156374,1.7442,2.263,1.647484170156374,1.1286841701563741,3773000000.0,phase3_rational
2026-07-14,508031.SH,国泰海通城投宽庭保租房REIT,A,3.785,1619500,0.12796824374,0.03380931142404227,1.7402,2.2555,1.640731142404227,1.125431142404227,3785000000.0,phase3_rational
2026-07-15,508031.SH,国泰海通城投宽庭保租房REIT,A,3.78,274503,0.12796824374,0.033854032735449735,1.7406,2.247,1.6448032735449736,1.1384032735449736,3780000000.0,phase3_rational
2026-07-16,508031.SH,国泰海通城投宽庭保租房REIT,A,3.785,1031088,0.12796824374,0.03380931142404227,1.7437,2.2515,1.637231142404227,1.129431142404227,3785000000.0,phase3_rational
2026-07-17,508031.SH,国泰海通城投宽庭保租房REIT,A,3.755,3653052,0.12796824374,0.03407942576298269,1.7404,2.2425,1.667542576298269,1.1654425762982688,3755000000.0,phase3_rational
2026-07-20,508031.SH,国泰海通城投宽庭保租房REIT,A,3.74,607300,0.12796824374,0.034216107951871653,1.7453,2.2495,1.6763107951871652,1.1721107951871654,3740000000.0,phase3_rational
2026-07-21,508031.SH,国泰海通城投宽庭保租房REIT,A,3.745,1238800,0.12796824374,0.034170425564753,1.745,2.2475,1.6720425564752999,1.1695425564753,3745000000.0,phase3_rational
2026-07-22,508031.SH,国泰海通城投宽庭保租房REIT,A,3.75,2112200,0.12796824374,0.03412486499733333,1.7297,2.212,1.6827864997333333,1.200486499733333,3750000000.0,phase3_rational
2026-07-23,508031.SH,国泰海通城投宽庭保租房REIT,A,3.738,4439400,0.12796824374,0.03423441512573568,1.7325,2.2045,1.6909415125735685,1.2189415125735685,3738000000.0,phase3_rational
2026-07-24,508031.SH,国泰海通城投宽庭保租房REIT,A,3.704,3708784,0.12796824374,0.03454866191684665,1.7282,2.187,1.726666191684665,1.2678661916846652,3704000000.0,phase3_rational
2026-07-27,508031.SH,国泰海通城投宽庭保租房REIT,A,3.712,1299600,0.12796824374,0.034474203593749995,1.7337,2.193,1.7137203593749997,1.2544203593749996,3712000000.0,phase3_rational
2026-07-28,508031.SH,国泰海通城投宽庭保租房REIT,A,3.733,463888,0.12796824374,0.03428026888293597,1.7351,2.194,1.6929268882935968,1.234026888293597,3733000000.0,phase3_rational
2026-07-29,508031.SH,国泰海通城投宽庭保租房REIT,A,3.747,737400,0.12796824374,0.03415218674673071,1.7329,2.206,1.6823186746730714,1.2092186746730715,3747000000.0,phase3_rational
2026-07-30,508031.SH,国泰海通城投宽庭保租房REIT,A,3.769,799600,0.12796824374,0.03395283728840541,1.7196,2.1851,1.6756837288405408,1.210183728840541,3769000000.0,phase3_rational
2026-07-31,508031.SH,国泰海通城投宽庭保租房REIT,A,3.821,945900,0.12796824374,0.033490773028003136,1.7141,2.1876,1.6349773028003136,1.1614773028003134,3821000000.0,phase3_rational
2026-08-03,508031.SH,国泰海通城投宽庭保租房REIT,A,3.785,2551238,0.12796824374,0.03380931142404227,1.7169,2.1891,1.664031142404227,1.1918311424042272,3785000000.0,phase3_rational
2026-08-04,508031.SH,国泰海通城投宽庭保租房REIT,A,3.75,357388,0.12796824374,0.03412486499733333,1.7126,2.1841,1.6998864997333334,1.2283864997333334,3750000000.0,phase3_rational
2026-08-05,508031.SH,国泰海通城投宽庭保租房REIT,A,3.742,1278082,0.12796824374,0.0341978203474078,1.7137,2.1871,1.7060820347407801,1.23268203474078,3742000000.0,phase3_rational
2026-08-06,508031.SH,国泰海通城投宽庭保租房REIT,A,3.741,3298200,0.12796824374,0.03420696170542635,1.7143,2.1886,1.7063961705426351,1.232096170542635,3741000000.0,phase3_rational
2026-08-07,508031.SH,国泰海通城投宽庭保租房REIT,A,3.783,334788,0.12796824374,0.03382718576262225,1.7114,2.1781,1.6713185762622251,1.204618576262225,3783000000.0,phase3_rational
2026-08-10,508031.SH,国泰海通城投宽庭保租房REIT,A,3.763,822462,0.12796824374,0.03400697415360085,1.7074,2.1581,1.693297415360085,1.242597415360085,3763000000.0,phase3_rational
2025-03-31,508055.SH,汇添富上海地产租赁住房REIT,A,3.541,6785095,0.10199147798,0.028803015526687376,1.8129,2.0226,1.0674015526687377,0.8577015526687375,1770500000.0,phase3_rational
2025-04-01,508055.SH,汇添富上海地产租赁住房REIT,A,3.582,35381623,0.10199147798,0.028473332769402566,1.8104,2.0201,1.0369332769402568,0.8272332769402571,1791000000.0,phase3_rational
2025-04-02,508055.SH,汇添富上海地产租赁住房REIT,A,3.632,6861373,0.10199147798,0.02808135406938326,1.7887,1.9801,1.0194354069383258,0.8280354069383258,1816000000.0,phase3_rational
2025-04-03,508055.SH,汇添富上海地产租赁住房REIT,A,3.736,17280426,0.10199147798,0.027299646140256956,1.718,1.9052,1.0119646140256955,0.8247646140256955,1868000000.0,phase3_rational
2025-04-07,508055.SH,汇添富上海地产租赁住房REIT,A,3.818,10144938,0.10199147798,0.026713325819800942,1.6318,1.8252,1.0395325819800945,0.8461325819800944,1909000000.0,phase3_rational
2025-04-08,508055.SH,汇添富上海地产租赁住房REIT,A,3.782,3533391,0.10199147798,0.02696760390798519,1.6633,1.8551,1.0334603907985191,0.8416603907985192,1891000000.0,phase3_rational
2025-04-09,508055.SH,汇添富上海地产租赁住房REIT,A,3.719,2873411,0.10199147798,0.027424436133369184,1.6508,1.8552,1.0916436133369183,0.8872436133369184,1859500000.0,phase3_rational
2025-04-10,508055.SH,汇添富上海地产租赁住房REIT,A,3.74,3135245,0.10199147798,0.027270448657754007,1.6444,1.8602,1.0826448657754004,0.8668448657754004,1870000000.0,phase3_rational
2025-04-11,508055.SH,汇添富上海地产租赁住房REIT,A,3.733,3240579,0.10199147798,0.027321585314760245,1.6568,1.8627,1.0753585314760246,0.8694585314760246,1866500000.0,phase3_rational
2025-04-14,508055.SH,汇添富上海地产租赁住房REIT,A,3.751,2011608,0.10199147798,0.027190476667555318,1.6584,1.8602,1.0606476667555318,0.8588476667555318,1875500000.0,phase3_rational
2025-04-15,508055.SH,汇添富上海地产租赁住房REIT,A,3.761,2124682,0.10199147798,0.027118180797660194,1.6583,1.8602,1.053518079766019,0.8516180797660191,1880500000.0,phase3_rational
2025-04-16,508055.SH,汇添富上海地产租赁住房REIT,A,3.77,1909735,0.10199147798,0.027053442435013262,1.643,1.8652,1.0623442435013264,0.8401442435013264,1885000000.0,phase3_rational
2025-04-17,508055.SH,汇添富上海地产租赁住房REIT,A,3.812,1807272,0.10199147798,0.026755371977964324,1.6522,1.8982,1.0233371977964325,0.7773371977964323,1906000000.0,phase3_rational
2025-04-18,508055.SH,汇添富上海地产租赁住房REIT,A,3.807,2090963,0.10199147798,0.026790511683740477,1.6493,1.9042,1.029751168374048,0.774851168374048,1903500000.0,phase3_rational
2025-04-21,508055.SH,汇添富上海地产租赁住房REIT,A,3.804,1667770,0.10199147798,0.026811639847528917,1.6664,1.9227,1.0147639847528918,0.7584639847528918,1902000000.0,phase3_rational
2025-04-22,508055.SH,汇添富上海地产租赁住房REIT,A,3.824,1582920,0.10199147798,0.026671411605648534,1.6509,1.9052,1.0162411605648534,0.7619411605648534,1912000000.0,phase3_rational
2025-04-23,508055.SH,汇添富上海地产租赁住房REIT,A,3.82,1654642,0.10199147798,0.026699339785340313,1.6611,1.9279,1.0088339785340315,0.7420339785340315,1910000000.0,phase3_rational
2025-04-24,508055.SH,汇添富上海地产租赁住房REIT,A,3.832,1862220,0.10199147798,0.026615730161795408,1.664,1.9327,0.9975730161795406,0.7288730161795405,1916000000.0,phase3_rational
2025-04-25,508055.SH,汇添富上海地产租赁住房REIT,A,3.835,667361,0.10199147798,0.02659490951238592,1.6606,1.9276,0.9988909512385917,0.7318909512385918,1917500000.0,phase3_rational
2025-04-28,508055.SH,汇添富上海地产租赁住房REIT,A,3.78,874970,0.10199147798,0.02698187248148148,1.6483,1.9005,1.049887248148148,0.7976872481481481,1890000000.0,phase3_rational
2025-04-29,508055.SH,汇添富上海地产租赁住房REIT,A,3.796,728823,0.10199147798,0.026868144884088514,1.6241,1.8225,1.0627144884088515,0.8643144884088516,1898000000.0,phase3_rational
2025-04-30,508055.SH,汇添富上海地产租赁住房REIT,A,3.809,1681849,0.10199147798,0.026776444730900496,1.6243,1.824,1.0533444730900496,0.8536444730900496,1904500000.0,phase3_rational
2025-05-06,508055.SH,汇添富上海地产租赁住房REIT,A,3.831,2221307,0.10199147798,0.026622677624641086,1.6298,1.827,1.0324677624641088,0.8352677624641087,1915500000.0,phase3_rational
2025-05-07,508055.SH,汇添富上海地产租赁住房REIT,A,3.844,1833565,0.10199147798,0.026532642554630594,1.6418,1.8475,1.0114642554630593,0.8057642554630593,1922000000.0,phase3_rational
2025-05-08,508055.SH,汇添富上海地产租赁住房REIT,A,3.868,1979361,0.10199147798,0.026368013955532576,1.6331,1.8375,1.0037013955532574,0.7993013955532575,1934000000.0,phase3_rational
2025-05-09,508055.SH,汇添富上海地产租赁住房REIT,A,3.91,1626176,0.10199147798,0.026084776976982096,1.6351,1.8425,0.9733776976982096,0.7659776976982096,1955000000.0,phase3_rational
2025-05-12,508055.SH,汇添富上海地产租赁住房REIT,A,3.921,985613,0.10199147798,0.02601159856669217,1.688,1.905,0.913159856669217,0.6961598566692169,1960500000.0,phase3_rational
2025-05-13,508055.SH,汇添富上海地产租赁住房REIT,A,3.937,1719822,0.10199147798,0.025905887218694437,1.6704,1.879,0.9201887218694436,0.7115887218694437,1968500000.0,phase3_rational
2025-05-14,508055.SH,汇添富上海地产租赁住房REIT,A,3.971,1034393,0.10199147798,0.025684079068244773,1.6736,1.8775,0.8948079068244774,0.6909079068244774,1985500000.0,phase3_rational
2025-05-15,508055.SH,汇添富上海地产租赁住房REIT,A,4.011,1236117,0.10199147798,0.02542794265270506,1.6798,1.8825,0.8629942652705058,0.6602942652705057,2005500000.0,phase3_rational
2025-05-16,508055.SH,汇添富上海地产租赁住房REIT,A,4.043,1081291,0.10199147798,0.025226682656443233,1.6793,1.878,0.8433682656443233,0.6446682656443234,2021500000.0,phase3_rational
2025-05-19,508055.SH,汇添富上海地产租赁住房REIT,A,4.041,1238139,0.10199147798,0.02523916802276664,1.6893,1.861,0.834616802276664,0.662916802276664,2020500000.0000002,phase3_rational
2025-05-20,508055.SH,汇添富上海地产租赁住房REIT,A,4.048,1638366,0.10199147798,0.02519552321640316,1.7004,1.872,0.8191523216403163,0.6475523216403161,2024000000.0,phase3_rational
2025-05-21,508055.SH,汇添富上海地产租赁住房REIT,A,4.031,1306108,0.10199147798,0.02530178069461672,1.71,1.885,0.8201780694616723,0.6451780694616722,2015499999.9999998,phase3_rational
2025-05-22,508055.SH,汇添富上海地产租赁住房REIT,A,4.01,1709221,0.10199147798,0.02543428378553616,1.7186,1.887,0.8248283785536161,0.656428378553616,2005000000.0,phase3_rational
2025-05-23,508055.SH,汇添富上海地产租赁住房REIT,A,3.99,1538346,0.10199147798,0.025561773929824557,1.7208,1.889,0.8353773929824557,0.6671773929824558,1995000000.0,phase3_rational
2025-05-26,508055.SH,汇添富上海地产租赁住房REIT,A,4.043,1277308,0.10199147798,0.025226682656443233,1.7201,1.8875,0.8025682656443234,0.6351682656443234,2021500000.0,phase3_rational
2025-05-27,508055.SH,汇添富上海地产租赁住房REIT,A,4.025,1106224,0.10199147798,0.025339497634782604,1.7261,1.901,0.8078497634782604,0.6329497634782604,2012500000.0000002,phase3_rational
2025-05-28,508055.SH,汇添富上海地产租赁住房REIT,A,4.027,477466,0.10199147798,0.02532691283337472,1.6832,1.906,0.8494912833374719,0.626691283337472,2013500000.0,phase3_rational
2025-05-29,508055.SH,汇添富上海地产租赁住房REIT,A,4.03,612908,0.10199147798,0.02530805905210918,1.6877,1.916,0.8431059052109178,0.6148059052109178,2015000000.0,phase3_rational
2025-05-30,508055.SH,汇添富上海地产租赁住房REIT,A,4.037,786886,0.10199147798,0.025264175868218972,1.6712,1.896,0.8552175868218972,0.6304175868218973,2018500000.0,phase3_rational
2025-06-03,508055.SH,汇添富上海地产租赁住房REIT,A,4.039,337708,0.10199147798,0.02525166575389948,1.6764,1.895,0.8487665753899483,0.6301665753899481,2019499999.9999998,phase3_rational
2025-06-04,508055.SH,汇添富上海地产租赁住房REIT,A,4.031,266267,0.10199147798,0.02530178069461672,1.6704,1.891,0.8597780694616721,0.6391780694616722,2015499999.9999998,phase3_rational
2025-06-05,508055.SH,汇添富上海地产租赁住房REIT,A,4.028,476325,0.10199147798,0.02532062511916584,1.6741,1.896,0.8579625119165841,0.6360625119165841,2013999999.9999998,phase3_rational
2025-06-06,508055.SH,汇添富上海地产租赁住房REIT,A,4.026,497713,0.10199147798,0.025333203671137606,1.6547,1.876,0.8786203671137605,0.6573203671137606,2013000000.0,phase3_rational
2025-06-09,508055.SH,汇添富上海地产租赁住房REIT,A,3.99,857696,0.10199147798,0.025561773929824557,1.6559,1.87,0.9002773929824559,0.6861773929824557,1995000000.0,phase3_rational
2025-06-10,508055.SH,汇添富上海地产租赁住房REIT,A,3.988,972346,0.10199147798,0.025574593274824472,1.6569,1.8695,0.900559327482447,0.6879593274824471,1994000000.0,phase3_rational
2025-06-11,508055.SH,汇添富上海地产租赁住房REIT,A,3.991,1608354,0.10199147798,0.025555369075419693,1.642,1.849,0.9135369075419693,0.7065369075419692,1995500000.0,phase3_rational
2025-06-12,508055.SH,汇添富上海地产租赁住房REIT,A,3.991,361859,0.10199147798,0.025555369075419693,1.6475,1.8485,0.9080369075419692,0.7070369075419691,1995500000.0,phase3_rational
2025-06-13,508055.SH,汇添富上海地产租赁住房REIT,A,4.012,1877020,0.10199147798,0.02542160468095713,1.644,1.8495,0.8981604680957134,0.6926604680957134,2005999999.9999998,phase3_rational
2025-06-16,508055.SH,汇添富上海地产租赁住房REIT,A,4.011,1100550,0.10199147798,0.02542794265270506,1.6432,1.851,0.8995942652705058,0.6917942652705058,2005500000.0,phase3_rational
2025-06-17,508055.SH,汇添富上海地产租赁住房REIT,A,4.06,1796665,0.10199147798,0.025121053689655174,1.6364,1.8425,0.8757053689655172,0.6696053689655173,2029999999.9999998,phase3_rational
2025-06-18,508055.SH,汇添富上海地产租赁住房REIT,A,4.154,1230892,0.10199147798,0.02455259460279249,1.6384,1.8455,0.8168594602792487,0.6097594602792489,2077000000.0,phase3_rational
2025-06-19,508055.SH,汇添富上海地产租赁住房REIT,A,4.144,1371025,0.10199147798,0.02461184314189189,1.6425,1.8431,0.8186843141891886,0.6180843141891887,2072000000.0,phase3_rational
2025-06-20,508055.SH,汇添富上海地产租赁住房REIT,A,4.18,1548891,0.10199147798,0.024399875114832537,1.6396,1.8376,0.8003875114832539,0.602387511483254,2090000000.0,phase3_rational
2025-06-23,508055.SH,汇添富上海地产租赁住房REIT,A,4.269,1369598,0.10199147798,0.023891187158585146,1.6418,1.8381,0.7473187158585146,0.5510187158585145,2134500000.0,phase3_rational
2025-06-24,508055.SH,汇添富上海地产租赁住房REIT,A,4.223,2001979,0.10199147798,0.024151427416528534,1.648,1.8506,0.7671427416528533,0.5645427416528532,2111500000.0,phase3_rational
2025-06-25,508055.SH,汇添富上海地产租赁住房REIT,A,4.189,999812,0.10199147798,0.02434745237049415,1.6544,1.8621,0.780345237049415,0.5726452370494151,2094500000.0,phase3_rational
2025-06-26,508055.SH,汇添富上海地产租赁住房REIT,A,4.139,739521,0.10199147798,0.02464157477168398,1.6462,1.8491,0.8179574771683977,0.6150574771683979,2069500000.0,phase3_rational
2025-06-27,508055.SH,汇添富上海地产租赁住房REIT,A,4.13,5467170,0.10199147798,0.024695273118644067,1.6462,1.8496,0.8233273118644064,0.6199273118644066,2065000000.0,phase3_rational
2025-06-30,508055.SH,汇添富上海地产租赁住房REIT,A,4.116,2159774,0.10199147798,0.024779270646258504,1.6469,1.8611,0.8310270646258502,0.6168270646258502,2057999999.9999998,phase3_rational
2025-07-01,508055.SH,汇添富上海地产租赁住房REIT,A,4.094,634031,0.10199147798,0.02491242744992672,1.6433,1.8516,0.8479427449926717,0.6396427449926718,2047000000.0000002,phase3_rational
2025-07-02,508055.SH,汇添富上海地产租赁住房REIT,A,4.18,1678561,0.10199147798,0.024399875114832537,1.6396,1.8451,0.8003875114832539,0.5948875114832539,2090000000.0,phase3_rational
2025-07-03,508055.SH,汇添富上海地产租赁住房REIT,A,4.178,797655,0.10199147798,0.024411555284825276,1.6407,1.8486,0.8004555284825277,0.5925555284825277,2089000000.0,phase3_rational
2025-07-04,508055.SH,汇添富上海地产租赁住房REIT,A,4.168,659781,0.10199147798,0.02447012427543186,1.6433,1.8516,0.8037124275431862,0.5954124275431862,2084000000.0,phase3_rational
2025-07-07,508055.SH,汇添富上海地产租赁住房REIT,A,4.155,377959,0.10199147798,0.024546685434416363,1.6406,1.8536,0.8140685434416364,0.6010685434416365,2077500000.0,phase3_rational
2025-07-08,508055.SH,汇添富上海地产租赁住房REIT,A,4.105,600597,0.10199147798,0.02484567064068209,1.6444,1.8596,0.8401670640682091,0.6249670640682092,2052500000.0000002,phase3_rational
2025-07-09,508055.SH,汇添富上海地产租赁住房REIT,A,4.075,1115904,0.10199147798,0.025028583553374232,1.6446,1.8566,0.8582583553374232,0.6462583553374233,2037500000.0,phase3_rational
2025-07-10,508055.SH,汇添富上海地产租赁住房REIT,A,4.083,608896,0.10199147798,0.02497954395787411,1.6616,1.8746,0.8363543957874109,0.6233543957874108,2041500000.0,phase3_rational
2025-07-11,508055.SH,汇添富上海地产租赁住房REIT,A,4.063,1074784,0.10199147798,0.025102505040610387,1.6653,1.8741,0.8449505040610388,0.6361505040610387,2031500000.0,phase3_rational
2025-07-14,508055.SH,汇添富上海地产租赁住房REIT,A,4.061,344139,0.10199147798,0.025114867761635063,1.6726,1.8821,0.8388867761635064,0.6293867761635064,2030500000.0,phase3_rational
2025-07-15,508055.SH,汇添富上海地产租赁住房REIT,A,4.118,841280,0.10199147798,0.024767236032054392,1.6557,1.8601,0.8210236032054392,0.6166236032054391,2059000000.0000002,phase3_rational
2025-07-16,508055.SH,汇添富上海地产租赁住房REIT,A,4.127,1051660,0.10199147798,0.024713224613520716,1.6617,1.8661,0.8096224613520715,0.6052224613520714,2063500000.0,phase3_rational
2025-07-17,508055.SH,汇添富上海地产租赁住房REIT,A,4.133,843803,0.10199147798,0.024677347684490685,1.663,1.883,0.8047347684490684,0.5847347684490685,2066500000.0,phase3_rational
2025-07-18,508055.SH,汇添富上海地产租赁住房REIT,A,4.116,965606,0.10199147798,0.024779270646258504,1.6652,1.8885,0.8127270646258502,0.5894270646258502,2057999999.9999998,phase3_rational
2025-07-21,508055.SH,汇添富上海地产租赁住房REIT,A,4.061,857114,0.10199147798,0.025114867761635063,1.6774,1.9115,0.8340867761635065,0.5999867761635065,2030500000.0,phase3_rational
2025-07-22,508055.SH,汇添富上海地产租赁住房REIT,A,3.981,1703664,0.10199147798,0.02561956241647827,1.6907,1.9335,0.8712562416478269,0.628456241647827,1990500000.0,phase3_rational
2025-07-23,508055.SH,汇添富上海地产租赁住房REIT,A,3.975,1767262,0.10199147798,0.025658233454088047,1.7041,1.938,0.8617233454088047,0.6278233454088047,1987500000.0,phase3_rational
2025-07-24,508055.SH,汇添富上海地产租赁住房REIT,A,3.938,626135,0.10199147798,0.025899308781107157,1.7376,1.979,0.8523308781107155,0.6109308781107154,1969000000.0,phase3_rational
2025-07-25,508055.SH,汇添富上海地产租赁住房REIT,A,3.909,679600,0.10199147798,0.026091449982092608,1.7324,1.9725,0.8767449982092608,0.6366449982092608,1954500000.0,phase3_rational
2025-07-28,508055.SH,汇添富上海地产租赁住房REIT,A,3.934,597927,0.10199147798,0.025925642597864767,1.7146,1.9525,0.8779642597864767,0.6400642597864767,1967000000.0,phase3_rational
2025-07-29,508055.SH,汇添富上海地产租赁住房REIT,A,3.898,583436,0.10199147798,0.026165079009748588,1.7466,1.998,0.8699079009748587,0.6185079009748586,1949000000.0,phase3_rational
2025-07-30,508055.SH,汇添富上海地产租赁住房REIT,A,3.899,1147280,0.10199147798,0.026158368294434468,1.718,1.96,0.8978368294434467,0.6558368294434467,1949500000.0,phase3_rational
2025-07-31,508055.SH,汇添富上海地产租赁住房REIT,A,4.0,1765988,0.10199147798,0.025497869495,1.7044,1.945,0.8453869495000002,0.6047869495,2000000000.0,phase3_rational
2025-08-01,508055.SH,汇添富上海地产租赁住房REIT,A,4.049,1947099,0.10199147798,0.025189300563101997,1.7059,1.949,0.8130300563101998,0.5699300563101997,2024500000.0000002,phase3_rational
2025-08-04,508055.SH,汇添富上海地产租赁住房REIT,A,3.99,706622,0.10199147798,0.025561773929824557,1.7083,1.95,0.8478773929824559,0.6061773929824559,1995000000.0,phase3_rational
2025-08-05,508055.SH,汇添富上海地产租赁住房REIT,A,3.981,366299,0.10199147798,0.02561956241647827,1.7061,1.9585,0.855856241647827,0.6034562416478271,1990500000.0,phase3_rational
2025-08-06,508055.SH,汇添富上海地产租赁住房REIT,A,3.971,336625,0.10199147798,0.025684079068244773,1.6999,1.958,0.8685079068244774,0.6104079068244774,1985500000.0,phase3_rational
2025-08-07,508055.SH,汇添富上海地产租赁住房REIT,A,3.963,354734,0.10199147798,0.02573592681806712,1.6894,1.951,0.8841926818067121,0.622592681806712,1981500000.0,phase3_rational
2025-08-08,508055.SH,汇添富上海地产租赁住房REIT,A,3.967,161567,0.10199147798,0.025709976803629946,1.6891,1.96,0.8818976803629945,0.6109976803629946,1983500000.0,phase3_rational
2025-08-11,508055.SH,汇添富上海地产租赁住房REIT,A,3.941,214835,0.10199147798,0.0258795934991119,1.7203,1.995,0.86765934991119,0.5929593499111898,1970500000.0,phase3_rational
2025-08-12,508055.SH,汇添富上海地产租赁住房REIT,A,3.931,513771,0.10199147798,0.025945428130246754,1.7271,2.017,0.8674428130246752,0.5775428130246754,1965500000.0,phase3_rational
2025-08-13,508055.SH,汇添富上海地产租赁住房REIT,A,3.923,505692,0.10199147798,0.025998337491715522,1.7262,2.02,0.8736337491715522,0.5798337491715522,1961500000.0,phase3_rational
2025-08-14,508055.SH,汇添富上海地产租赁住房REIT,A,3.9,665515,0.10199147798,0.02615166102051282,1.7341,2.0275,0.881066102051282,0.5876661020512821,1950000000.0,phase3_rational
2025-08-15,508055.SH,汇添富上海地产租赁住房REIT,A,3.876,425705,0.10199147798,0.02631359081011352,1.7465,2.0475,0.8848590810113521,0.5838590810113522,1938000000.0,phase3_rational
2025-08-18,508055.SH,汇添富上海地产租赁住房REIT,A,3.746,1258049,0.10199147798,0.027226769348638546,1.7872,2.1145,0.9354769348638547,0.6081769348638546,1873000000.0,phase3_rational
2025-08-19,508055.SH,汇添富上海地产租赁住房REIT,A,3.642,3948562,0.10199147798,0.028004249857221306,1.7725,2.0975,1.0279249857221306,0.7029249857221305,1821000000.0,phase3_rational
2025-08-20,508055.SH,汇添富上海地产租赁住房REIT,A,3.636,842069,0.10199147798,0.028050461490649062,1.782,2.105,1.023046149064906,0.7000461490649061,1818000000.0,phase3_rational
2025-08-21,508055.SH,汇添富上海地产租赁住房REIT,A,3.65,2180600,0.10199147798,0.027942870679452055,1.7667,2.075,1.0275870679452057,0.7192870679452055,1825000000.0,phase3_rational
2025-08-22,508055.SH,汇添富上海地产租赁住房REIT,A,3.657,801984,0.10199147798,0.02788938418922614,1.7818,2.0775,1.0071384189226142,0.7114384189226142,1828500000.0,phase3_rational
2025-08-25,508055.SH,汇添富上海地产租赁住房REIT,A,3.719,1269346,0.10199147798,0.027424436133369184,1.7643,2.05,0.9781436133369183,0.6924436133369185,1859500000.0,phase3_rational
2025-08-26,508055.SH,汇添富上海地产租赁住房REIT,A,3.852,1868411,0.10199147798,0.02647753841640706,1.7598,2.035,0.8879538416407058,0.6127538416407057,1926000000.0,phase3_rational
2025-08-27,508055.SH,汇添富上海地产租赁住房REIT,A,3.84,939891,0.10199147798,0.026560280723958333,1.7988,2.07,0.8572280723958334,0.5860280723958335,1920000000.0,phase3_rational
2025-08-28,508055.SH,汇添富上海地产租赁住房REIT,A,3.801,727751,0.10199147798,0.02683280136279926,1.8478,2.1108,0.8354801362799258,0.5724801362799261,1900500000.0,phase3_rational
2025-08-29,508055.SH,汇添富上海地产租赁住房REIT,A,3.785,275109,0.10199147798,0.02694622932100396,1.8379,2.1375,0.8567229321003962,0.5571229321003961,1892500000.0,phase3_rational
2025-09-01,508055.SH,汇添富上海地产租赁住房REIT,A,3.752,452606,0.10199147798,0.02718322973880597,1.8257,2.1165,0.8926229738805971,0.6018229738805974,1876000000.0,phase3_rational
2025-09-02,508055.SH,汇添富上海地产租赁住房REIT,A,3.802,800330,0.10199147798,0.026825743813782218,1.8167,2.1,0.8658743813782217,0.5825743813782216,1901000000.0,phase3_rational
2025-09-03,508055.SH,汇添富上海地产租赁住房REIT,A,3.812,372543,0.10199147798,0.026755371977964324,1.7984,2.075,0.8771371977964324,0.6005371977964322,1906000000.0,phase3_rational
2025-09-04,508055.SH,汇添富上海地产租赁住房REIT,A,3.873,3839986,0.10199147798,0.026333973142266973,1.806,2.085,0.827397314226697,0.5483973142266971,1936500000.0,phase3_rational
2025-09-05,508055.SH,汇添富上海地产租赁住房REIT,A,3.775,1652345,0.10199147798,0.027017610060927153,1.826,2.1125,0.8757610060927155,0.5892610060927157,1887500000.0,phase3_rational
2025-09-08,508055.SH,汇添富上海地产租赁住房REIT,A,3.75,478504,0.10199147798,0.02719772746133333,1.8514,2.1475,0.8683727461333333,0.5722727461333332,1875000000.0,phase3_rational
2025-09-09,508055.SH,汇添富上海地产租赁住房REIT,A,3.76,258650,0.10199147798,0.027125393079787233,1.8641,2.171,0.8484393079787234,0.5415393079787236,1880000000.0,phase3_rational
2025-09-10,508055.SH,汇添富上海地产租赁住房REIT,A,3.771,520886,0.10199147798,0.02704626835852559,1.8992,2.204,0.8054268358525589,0.5006268358525587,1885500000.0,phase3_rational
2025-09-11,508055.SH,汇添富上海地产租赁住房REIT,A,3.753,276845,0.10199147798,0.027175986671995736,1.8743,2.208,0.8432986671995735,0.5095986671995734,1876500000.0,phase3_rational
2025-09-12,508055.SH,汇添富上海地产租赁住房REIT,A,3.74,565303,0.10199147798,0.027270448657754007,1.867,2.184,0.8600448657754005,0.5430448657754003,1870000000.0,phase3_rational
2025-09-15,508055.SH,汇添富上海地产租赁住房REIT,A,3.734,174885,0.10199147798,0.027314268339582216,1.8724,2.1875,0.8590268339582214,0.5439268339582215,1867000000.0,phase3_rational
2025-09-16,508055.SH,汇添富上海地产租赁住房REIT,A,3.729,1259113,0.10199147798,0.027350892459104315,1.8527,2.1675,0.8823892459104314,0.5675892459104315,1864500000.0,phase3_rational
2025-09-17,508055.SH,汇添富上海地产租赁住房REIT,A,3.726,613033,0.10199147798,0.02737291411164788,1.8349,2.15,0.9023914111647879,0.587291411164788,1863000000.0,phase3_rational
2025-09-18,508055.SH,汇添富上海地产租赁住房REIT,A,3.72,312000,0.10199147798,0.027417063973118275,1.8546,2.1701,0.8871063973118276,0.5716063973118275,1860000000.0,phase3_rational
2025-09-19,508055.SH,汇添富上海地产租赁住房REIT,A,3.72,375330,0.10199147798,0.027417063973118275,1.8789,2.1996,0.8628063973118276,0.5421063973118274,1860000000.0,phase3_rational
2025-09-22,508055.SH,汇添富上海地产租赁住房REIT,A,3.698,233299,0.10199147798,0.02758017252028123,1.8647,2.189,0.893317252028123,0.5690172520281229,1849000000.0,phase3_rational
2025-09-23,508055.SH,汇添富上海地产租赁住房REIT,A,3.677,441161,0.10199147798,0.02773768778351917,1.877,2.215,0.8967687783519172,0.5587687783519173,1838500000.0,phase3_rational
2025-09-24,508055.SH,汇添富上海地产租赁住房REIT,A,3.666,321929,0.10199147798,0.027820915979268956,1.9022,2.2501,0.8798915979268955,0.5319915979268952,1833000000.0,phase3_rational
2025-09-25,508055.SH,汇添富上海地产租赁住房REIT,A,3.664,236534,0.10199147798,0.02783610206877729,1.884,2.23,0.8996102068777292,0.5536102068777291,1832000000.0,phase3_rational
2025-09-26,508055.SH,汇添富上海地产租赁住房REIT,A,3.646,309297,0.10199147798,0.027973526599012616,1.8768,2.217,0.9205526599012617,0.5803526599012616,1823000000.0,phase3_rational
2025-09-29,508055.SH,汇添富上海地产租赁住房REIT,A,3.624,242013,0.10199147798,0.028143343813465782,1.887,2.242,0.927334381346578,0.572334381346578,1812000000.0,phase3_rational
2025-09-30,508055.SH,汇添富上海地产租赁住房REIT,A,3.617,326741,0.10199147798,0.02819780978158695,1.8605,2.2461,0.9592809781586946,0.5736809781586945,1808500000.0,phase3_rational
2025-10-09,508055.SH,汇添富上海地产租赁住房REIT,A,3.599,378836,0.10199147798,0.028338838005001386,1.8466,2.2629,0.9872838005001388,0.5709838005001386,1799500000.0,phase3_rational
2025-10-10,508055.SH,汇添富上海地产租赁住房REIT,A,3.602,270065,0.10199147798,0.02831523541921155,1.846,2.2829,0.9855235419211548,0.5486235419211547,1801000000.0,phase3_rational
2025-10-13,508055.SH,汇添富上海地产租赁住房REIT,A,3.624,426203,0.10199147798,0.028143343813465782,1.8383,2.2729,0.9760343813465779,0.5414343813465781,1812000000.0,phase3_rational
2025-10-14,508055.SH,汇添富上海地产租赁住房REIT,A,3.634,482073,0.10199147798,0.02806589927903137,1.8368,2.2678,0.9697899279031368,0.538789927903137,1817000000.0,phase3_rational
2025-10-15,508055.SH,汇添富上海地产租赁住房REIT,A,3.608,865100,0.10199147798,0.028268147998891352,1.8449,2.2603,0.9819147998891351,0.5665147998891351,1804000000.0,phase3_rational
2025-10-16,508055.SH,汇添富上海地产租赁住房REIT,A,3.605,680442,0.10199147798,0.028291672116504855,1.8407,2.2414,0.9884672116504856,0.5877672116504855,1802500000.0,phase3_rational
2025-10-17,508055.SH,汇添富上海地产租赁住房REIT,A,3.592,1118497,0.10199147798,0.02839406402561247,1.8246,2.2002,1.0148064025612469,0.6392064025612467,1796000000.0,phase3_rational
2025-10-20,508055.SH,汇添富上海地产租赁住房REIT,A,3.533,1684641,0.10199147798,0.02886823605434475,1.8498,2.2162,1.037023605434475,0.670623605434475,1766500000.0,phase3_rational
2025-10-21,508055.SH,汇添富上海地产租赁住房REIT,A,3.496,1147900,0.10199147798,0.029173763724256292,1.8357,2.1871,1.0816763724256293,0.7302763724256294,1748000000.0,phase3_rational
2025-10-22,508055.SH,汇添富上海地产租赁住房REIT,A,3.513,636607,0.10199147798,0.029032586957016795,1.8293,2.1821,1.0739586957016796,0.7211586957016793,1756500000.0,phase3_rational
2025-10-23,508055.SH,汇添富上海地产租赁住房REIT,A,3.509,548094,0.10199147798,0.029065681954972927,1.8391,2.1946,1.0674681954972927,0.7119681954972927,1754500000.0,phase3_rational
2025-10-24,508055.SH,汇添富上海地产租赁住房REIT,A,3.56,1414695,0.10199147798,0.02864929156741573,1.8486,2.2126,1.016329156741573,0.652329156741573,1780000000.0,phase3_rational
2025-10-27,508055.SH,汇添富上海地产租赁住房REIT,A,3.535,872569,0.10199147798,0.02885190324752475,1.8423,2.2031,1.0428903247524748,0.6820903247524748,1767500000.0,phase3_rational
2025-10-28,508055.SH,汇添富上海地产租赁住房REIT,A,3.593,1227439,0.10199147798,0.02838616141942666,1.8179,2.17,1.020716141942666,0.6686161419426662,1796500000.0,phase3_rational
2025-10-29,508055.SH,汇添富上海地产租赁住房REIT,A,3.6,1814139,0.10199147798,0.028330966105555553,1.8208,2.177,1.0122966105555553,0.6560966105555552,1800000000.0,phase3_rational
2025-10-30,508055.SH,汇添富上海地产租赁住房REIT,A,3.605,898024,0.10199147798,0.028291672116504855,1.8098,2.1625,1.0193672116504855,0.6666672116504855,1802500000.0,phase3_rational
2025-10-31,508055.SH,汇添富上海地产租赁住房REIT,A,3.582,3613789,0.10199147798,0.028473332769402566,1.7954,2.1431,1.0519332769402567,0.7042332769402568,1791000000.0,phase3_rational
2025-11-03,508055.SH,汇添富上海地产租赁住房REIT,A,3.58,1003506,0.10199147798,0.028489239659217874,1.7944,2.1376,1.0545239659217875,0.7113239659217876,1790000000.0,phase3_rational
2025-11-04,508055.SH,汇添富上海地产租赁住房REIT,A,3.559,4119031,0.10199147798,0.028657341382410786,1.7984,2.1421,1.0673341382410788,0.7236341382410787,1779500000.0,phase3_rational
2025-11-05,508055.SH,汇添富上海地产租赁住房REIT,A,3.594,1550140,0.10199147798,0.028378263210907067,1.7964,2.1391,1.0414263210907067,0.6987263210907066,1797000000.0,phase3_rational
2025-11-06,508055.SH,汇添富上海地产租赁住房REIT,A,3.592,927190,0.10199147798,0.02839406402561247,1.81,2.1596,1.0294064025612468,0.6798064025612467,1796000000.0,phase3_rational
2025-11-07,508055.SH,汇添富上海地产租赁住房REIT,A,3.647,1808723,0.10199147798,0.02796585631477927,1.8142,2.1581,0.9823856314779271,0.638485631477927,1823500000.0,phase3_rational
2025-11-10,508055.SH,汇添富上海地产租赁住房REIT,A,3.678,1116001,0.10199147798,0.0277301462697118,1.8139,2.1476,0.9591146269711797,0.6254146269711796,1839000000.0,phase3_rational
2025-11-11,508055.SH,汇添富上海地产租赁住房REIT,A,3.707,956830,0.10199147798,0.027513212295656866,1.8119,2.1537,0.9394212295656863,0.5976212295656862,1853500000.0,phase3_rational
2025-11-12,508055.SH,汇添富上海地产租赁住房REIT,A,3.708,1142543,0.10199147798,0.027505792335490827,1.8071,2.1431,0.9434792335490829,0.6074792335490828,1854000000.0,phase3_rational
2025-11-13,508055.SH,汇添富上海地产租赁住房REIT,A,3.706,856521,0.10199147798,0.027520636260118726,1.8126,2.1491,0.9394636260118727,0.6029636260118729,1853000000.0,phase3_rational
2025-11-14,508055.SH,汇添富上海地产租赁住房REIT,A,3.728,709621,0.10199147798,0.02735822907188841,1.814,2.1481,0.9218229071888411,0.5877229071888412,1864000000.0,phase3_rational
2025-11-17,508055.SH,汇添富上海地产租赁住房REIT,A,3.719,408540,0.10199147798,0.027424436133369184,1.8109,2.1391,0.9315436133369184,0.6033436133369183,1859500000.0,phase3_rational
2025-11-18,508055.SH,汇添富上海地产租赁住房REIT,A,3.696,438292,0.10199147798,0.027595096856060604,1.8121,2.1381,0.9474096856060603,0.6214096856060602,1848000000.0,phase3_rational
2025-11-19,508055.SH,汇添富上海地产租赁住房REIT,A,3.685,761643,0.10199147798,0.02767747027951153,1.8179,2.1506,0.9498470279511528,0.6171470279511531,1842500000.0,phase3_rational
2025-11-20,508055.SH,汇添富上海地产租赁住房REIT,A,3.67,386928,0.10199147798,0.027790593455040872,1.8135,2.1531,0.9655593455040874,0.6259593455040875,1835000000.0,phase3_rational
2025-11-21,508055.SH,汇添富上海地产租赁住房REIT,A,3.667,2340582,0.10199147798,0.027813329146441232,1.8166,2.1576,0.964732914644123,0.6237329146441231,1833500000.0,phase3_rational
2025-11-24,508055.SH,汇添富上海地产租赁住房REIT,A,3.654,390826,0.10199147798,0.027912281877394637,1.821,2.1586,0.9702281877394638,0.6326281877394639,1827000000.0,phase3_rational
2025-11-25,508055.SH,汇添富上海地产租赁住房REIT,A,3.684,615212,0.10199147798,0.027684983165038,1.8301,2.1751,0.9383983165038001,0.5933983165038001,1842000000.0,phase3_rational
2025-11-26,508055.SH,汇添富上海地产租赁住房REIT,A,3.696,746407,0.10199147798,0.027595096856060604,1.8462,2.1926,0.9133096856060603,0.5669096856060603,1848000000.0,phase3_rational
2025-11-27,508055.SH,汇添富上海地产租赁住房REIT,A,3.664,2130078,0.10199147798,0.02783610206877729,1.8537,2.2001,0.9299102068777292,0.5835102068777291,1832000000.0,phase3_rational
2025-11-28,508055.SH,汇添富上海地产租赁住房REIT,A,3.655,388042,0.10199147798,0.027904645138166893,1.8412,2.1851,0.9492645138166893,0.6053645138166894,1827500000.0,phase3_rational
2025-12-01,508055.SH,汇添富上海地产租赁住房REIT,A,3.652,164955,0.10199147798,0.027927567902519164,1.8366,2.1901,0.9561567902519166,0.6026567902519164,1826000000.0,phase3_rational
2025-12-02,508055.SH,汇添富上海地产租赁住房REIT,A,3.635,66700,0.10199147798,0.028058178261348005,1.8442,2.2051,0.9616178261348003,0.6007178261348005,1817500000.0,phase3_rational
2025-12-03,508055.SH,汇添富上海地产租赁住房REIT,A,3.646,203517,0.10199147798,0.027973526599012616,1.8519,2.2351,0.9454526599012616,0.5622526599012616,1823000000.0,phase3_rational
2025-12-04,508055.SH,汇添富上海地产租赁住房REIT,A,3.601,353466,0.10199147798,0.02832309857817273,1.8718,2.2761,0.9605098578172733,0.5562098578172732,1800500000.0,phase3_rational
2025-12-05,508055.SH,汇添富上海地产租赁住房REIT,A,3.589,414910,0.10199147798,0.028417798266926718,1.848,2.2571,0.9937798266926718,0.584679826692672,1794500000.0,phase3_rational
2025-12-08,508055.SH,汇添富上海地产租赁住房REIT,A,3.56,470140,0.10199147798,0.02864929156741573,1.8499,2.2577,1.015029156741573,0.6072291567415733,1780000000.0,phase3_rational
2025-12-09,508055.SH,汇添富上海地产租赁住房REIT,A,3.515,1065499,0.10199147798,0.029016067704125174,1.8425,2.2527,1.0591067704125174,0.6489067704125175,1757500000.0,phase3_rational
2025-12-10,508055.SH,汇添富上海地产租赁住房REIT,A,3.56,744232,0.10199147798,0.02864929156741573,1.8447,2.2412,1.020229156741573,0.623729156741573,1780000000.0,phase3_rational
2025-12-11,508055.SH,汇添富上海地产租赁住房REIT,A,3.56,509980,0.10199147798,0.02864929156741573,1.8404,2.2252,1.024529156741573,0.639729156741573,1780000000.0,phase3_rational
2025-12-12,508055.SH,汇添富上海地产租赁住房REIT,A,3.554,224930,0.10199147798,0.02869765840742825,1.8396,2.2487,1.030165840742825,0.6210658407428249,1777000000.0,phase3_rational
2025-12-15,508055.SH,汇添富上海地产租赁住房REIT,A,3.53,473107,0.10199147798,0.028892769966005667,1.8488,2.2792,1.0404769966005667,0.6100769966005668,1765000000.0,phase3_rational
2025-12-16,508055.SH,汇添富上海地产租赁住房REIT,A,3.509,359457,0.10199147798,0.029065681954972927,1.8458,2.2802,1.0607681954972925,0.6263681954972928,1754500000.0,phase3_rational
2025-12-17,508055.SH,汇添富上海地产租赁住房REIT,A,3.523,1309714,0.10199147798,0.028950178251490204,1.834,2.2422,1.0610178251490203,0.6528178251490204,1761500000.0,phase3_rational
2025-12-18,508055.SH,汇添富上海地产租赁住房REIT,A,3.544,1094718,0.10199147798,0.028778633741534988,1.8356,2.2512,1.042263374153499,0.626663374153499,1772000000.0,phase3_rational
2025-12-19,508055.SH,汇添富上海地产租赁住房REIT,A,3.539,476880,0.10199147798,0.028819293014975978,1.8308,2.2252,1.051129301497598,0.6567293014975979,1769500000.0,phase3_rational
2025-12-22,508055.SH,汇添富上海地产租赁住房REIT,A,3.469,320201,0.10199147798,0.02940082962813491,1.8415,2.2412,1.098582962813491,0.6988829628134909,1734500000.0,phase3_rational
2025-12-23,508055.SH,汇添富上海地产租赁住房REIT,A,3.458,332584,0.10199147798,0.029494354534412952,1.8352,2.2232,1.114235453441295,0.7262354534412951,1729000000.0,phase3_rational
2025-12-24,508055.SH,汇添富上海地产租赁住房REIT,A,3.556,954966,0.10199147798,0.028681517992125982,1.8356,2.2202,1.0325517992125985,0.6479517992125983,1778000000.0,phase3_rational
2025-12-25,508055.SH,汇添富上海地产租赁住房REIT,A,3.576,587955,0.10199147798,0.028521106817673374,1.8386,2.2252,1.0135106817673374,0.6269106817673373,1788000000.0,phase3_rational
2025-12-26,508055.SH,汇添富上海地产租赁住房REIT,A,3.58,529141,0.10199147798,0.028489239659217874,1.8376,2.2233,1.0113239659217876,0.6256239659217875,1790000000.0,phase3_rational
2025-12-29,508055.SH,汇添富上海地产租赁住房REIT,A,3.54,197060,0.10199147798,0.028811151971751412,1.8584,2.2583,1.0227151971751414,0.6228151971751412,1770000000.0,phase3_rational
2025-12-30,508055.SH,汇添富上海地产租赁住房REIT,A,3.526,768925,0.10199147798,0.028925546789563245,1.8582,2.2628,1.0343546789563245,0.6297546789563246,1763000000.0,phase3_rational
2025-12-31,508055.SH,汇添富上海地产租赁住房REIT,A,3.519,287631,0.10199147798,0.028983085529980107,1.8473,2.2674,1.0510085529980107,0.6309085529980107,1759500000.0,phase3_rational
2026-01-05,508055.SH,汇添富上海地产租赁住房REIT,A,3.519,494639,0.10199147798,0.028983085529980107,1.8584,2.2822,1.0399085529980105,0.6161085529980106,1759500000.0,phase3_rational
2026-01-06,508055.SH,汇添富上海地产租赁住房REIT,A,3.541,491505,0.10199147798,0.028803015526687376,1.8829,2.3104,0.9974015526687376,0.5699015526687377,1770500000.0,phase3_rational
2026-01-07,508055.SH,汇添富上海地产租赁住房REIT,A,3.555,1014405,0.10199147798,0.02868958592967651,1.9019,2.3345,0.9670585929676512,0.5344585929676513,1777500000.0,phase3_rational
2026-01-08,508055.SH,汇添富上海地产租赁住房REIT,A,3.556,1377665,0.10199147798,0.028681517992125982,1.8905,2.319,0.9776517992125984,0.5491517992125985,1778000000.0,phase3_rational
2026-01-09,508055.SH,汇添富上海地产租赁住房REIT,A,3.55,275865,0.10199147798,0.0287299937971831,1.8782,2.3024,0.9947993797183097,0.5705993797183098,1775000000.0,phase3_rational
2026-01-12,508055.SH,汇添富上海地产租赁住房REIT,A,3.57,576702,0.10199147798,0.028569041450980392,1.8585,2.292,0.998404145098039,0.5649041450980392,1785000000.0,phase3_rational
2026-01-13,508055.SH,汇添富上海地产租赁住房REIT,A,3.581,1002714,0.10199147798,0.02848128399329796,1.8519,2.2926,0.9962283993297958,0.5555283993297957,1790500000.0,phase3_rational
2026-01-14,508055.SH,汇添富上海地产租赁住房REIT,A,3.585,766010,0.10199147798,0.02844950571269177,1.8494,2.3028,0.9955505712691772,0.5421505712691772,1792500000.0,phase3_rational
2026-01-15,508055.SH,汇添富上海地产租赁住房REIT,A,3.612,1782475,0.10199147798,0.02823684329457364,1.8544,2.3058,0.9692843294573641,0.5178843294573641,1806000000.0,phase3_rational
2026-01-16,508055.SH,汇添富上海地产租赁住房REIT,A,3.662,763685,0.10199147798,0.027851304746040414,1.8424,2.3036,0.9427304746040415,0.48153047460404164,1831000000.0,phase3_rational
2026-01-19,508055.SH,汇添富上海地产租赁住房REIT,A,3.662,1409027,0.10199147798,0.027851304746040414,1.8393,2.3417,0.9458304746040416,0.4434304746040416,1831000000.0,phase3_rational
2026-01-20,508055.SH,汇添富上海地产租赁住房REIT,A,3.7,1197607,0.10199147798,0.027565264318918915,1.8326,2.3351,0.9239264318918916,0.42142643189189144,1850000000.0,phase3_rational
2026-01-21,508055.SH,汇添富上海地产租赁住房REIT,A,3.73,334896,0.10199147798,0.027343559780160856,1.8312,2.3026,0.9031559780160858,0.4317559780160858,1865000000.0,phase3_rational
2026-01-22,508055.SH,汇添富上海地产租赁住房REIT,A,3.702,809420,0.10199147798,0.027550372225823877,1.8425,2.3101,0.9125372225823878,0.444937222582388,1851000000.0,phase3_rational
2026-01-23,508055.SH,汇添富上海地产租赁住房REIT,A,3.717,2654497,0.10199147798,0.02743919235404896,1.8298,2.2871,0.9141192354048959,0.4568192354048959,1858500000.0,phase3_rational
2026-01-26,508055.SH,汇添富上海地产租赁住房REIT,A,3.697,1504417,0.10199147798,0.027587632669732215,1.8242,2.27,0.9345632669732213,0.48876326697322137,1848500000.0,phase3_rational
2026-01-27,508055.SH,汇添富上海地产租赁住房REIT,A,3.678,671977,0.10199147798,0.0277301462697118,1.8311,2.285,0.9419146269711798,0.4880146269711796,1839000000.0,phase3_rational
2026-01-28,508055.SH,汇添富上海地产租赁住房REIT,A,3.675,1536785,0.10199147798,0.027752783123809525,1.8164,2.277,0.9588783123809523,0.4982783123809522,1837500000.0,phase3_rational
2026-01-29,508055.SH,汇添富上海地产租赁住房REIT,A,3.676,814434,0.10199147798,0.027745233400435252,1.8174,2.28,0.9571233400435253,0.4945233400435254,1838000000.0,phase3_rational
2026-01-30,508055.SH,汇添富上海地产租赁住房REIT,A,3.65,467203,0.10199147798,0.027942870679452055,1.8112,2.289,0.9830870679452057,0.5052870679452055,1825000000.0,phase3_rational
2026-02-02,508055.SH,汇添富上海地产租赁住房REIT,A,3.626,720631,0.10199147798,0.028127820733590735,1.82,2.281,0.9927820733590733,0.5317820733590732,1813000000.0,phase3_rational
2026-02-03,508055.SH,汇添富上海地产租赁住房REIT,A,3.658,758800,0.10199147798,0.027881759972662658,1.8172,2.28,0.9709759972662659,0.508175997266266,1829000000.0,phase3_rational
2026-02-04,508055.SH,汇添富上海地产租赁住房REIT,A,3.7,762248,0.10199147798,0.027565264318918915,1.8193,2.283,0.9372264318918917,0.4735264318918917,1850000000.0,phase3_rational
2026-02-05,508055.SH,汇添富上海地产租赁住房REIT,A,3.689,883549,0.10199147798,0.0276474594686907,1.8169,2.271,0.9478459468690699,0.4937459468690699,1844500000.0,phase3_rational
2026-02-06,508055.SH,汇添富上海地产租赁住房REIT,A,3.685,229884,0.10199147798,0.02767747027951153,1.8102,2.251,0.9575470279511529,0.516747027951153,1842500000.0,phase3_rational
2026-02-09,508055.SH,汇添富上海地产租赁住房REIT,A,3.7,288445,0.10199147798,0.027565264318918915,1.8114,2.248,0.9451264318918917,0.5085264318918914,1850000000.0,phase3_rational
2026-02-10,508055.SH,汇添富上海地产租赁住房REIT,A,3.715,834952,0.10199147798,0.027453964462987885,1.8094,2.247,0.9359964462987886,0.49839644629878865,1857500000.0,phase3_rational
2026-02-11,508055.SH,汇添富上海地产租赁住房REIT,A,3.744,714452,0.10199147798,0.027241313563034185,1.7994,2.2455,0.9247313563034185,0.4786313563034188,1872000000.0,phase3_rational
2026-02-12,508055.SH,汇添富上海地产租赁住房REIT,A,3.749,219012,0.10199147798,0.02720498212323286,1.7893,2.246,0.9311982123232863,0.47449821232328615,1874500000.0,phase3_rational
2026-02-13,508055.SH,汇添富上海地产租赁住房REIT,A,3.764,468123,0.10199147798,0.02709656694473964,1.7928,2.244,0.916856694473964,0.46565669447396374,1882000000.0,phase3_rational
2026-02-24,508055.SH,汇添富上海地产租赁住房REIT,A,3.74,241213,0.10199147798,0.027270448657754007,1.8023,2.2426,0.9247448657754005,0.4844448657754006,1870000000.0,phase3_rational
2026-02-25,508055.SH,汇添富上海地产租赁住房REIT,A,3.736,126300,0.10199147798,0.027299646140256956,1.8158,2.255,0.9141646140256954,0.47496461402569556,1868000000.0,phase3_rational
2026-02-26,508055.SH,汇添富上海地产租赁住房REIT,A,3.705,676201,0.10199147798,0.027528064232118756,1.8288,2.2951,0.9240064232118754,0.45770642321187527,1852500000.0,phase3_rational
2026-02-27,508055.SH,汇添富上海地产租赁住房REIT,A,3.66,317900,0.10199147798,0.027866524038251364,1.7877,2.2896,0.9989524038251365,0.4970524038251365,1830000000.0,phase3_rational
2026-03-02,508055.SH,汇添富上海地产租赁住房REIT,A,3.651,543273,0.10199147798,0.02793521719528896,1.7761,2.2696,1.0174217195288962,0.5239217195288961,1825500000.0,phase3_rational
2026-03-03,508055.SH,汇添富上海地产租赁住房REIT,A,3.67,885830,0.10199147798,0.027790593455040872,1.7807,2.2827,0.9983593455040873,0.4963593455040871,1835000000.0,phase3_rational
2026-03-04,508055.SH,汇添富上海地产租赁住房REIT,A,3.67,360035,0.10199147798,0.027790593455040872,1.7768,2.2752,1.0022593455040874,0.5038593455040874,1835000000.0,phase3_rational
2026-03-05,508055.SH,汇添富上海地产租赁住房REIT,A,3.673,78603,0.10199147798,0.027767894903348758,1.7779,2.2717,0.9988894903348757,0.5050894903348757,1836500000.0,phase3_rational
2026-03-06,508055.SH,汇添富上海地产租赁住房REIT,A,3.645,598310,0.10199147798,0.02798120109190672,1.781,2.2812,1.017120109190672,0.5169201091906719,1822500000.0,phase3_rational
2026-03-09,508055.SH,汇添富上海地产租赁住房REIT,A,3.644,219386,0.10199147798,0.027988879796926453,1.8054,2.3292,0.9934879796926455,0.4696879796926452,1822000000.0,phase3_rational
2026-03-10,508055.SH,汇添富上海地产租赁住房REIT,A,3.664,440248,0.10199147798,0.02783610206877729,1.8055,2.3328,0.978110206877729,0.4508102068777289,1832000000.0,phase3_rational
2026-03-11,508055.SH,汇添富上海地产租赁住房REIT,A,3.654,663525,0.10199147798,0.027912281877394637,1.8075,2.3503,0.9837281877394637,0.44092818773946396,1827000000.0,phase3_rational
2026-03-12,508055.SH,汇添富上海地产租赁住房REIT,A,3.628,199900,0.10199147798,0.028112314768467473,1.8052,2.3404,1.0060314768467473,0.4708314768467474,1814000000.0,phase3_rational
2026-03-13,508055.SH,汇添富上海地产租赁住房REIT,A,3.582,361400,0.10199147798,0.028473332769402566,1.8143,2.3665,1.0330332769402568,0.480833276940257,1791000000.0,phase3_rational
2026-03-16,508055.SH,汇添富上海地产租赁住房REIT,A,3.553,205900,0.10199147798,0.028705735429214747,1.8312,2.3917,1.0393735429214748,0.47887354292147455,1776500000.0,phase3_rational
2026-03-17,508055.SH,汇添富上海地产租赁住房REIT,A,3.538,166807,0.10199147798,0.028827438660260035,1.8314,2.3806,1.0513438660260035,0.5021438660260036,1769000000.0,phase3_rational
2026-03-18,508055.SH,汇添富上海地产租赁住房REIT,A,3.564,606037,0.10199147798,0.028617137480359146,1.8175,2.3607,1.0442137480359146,0.5010137480359145,1782000000.0,phase3_rational
2026-03-19,508055.SH,汇添富上海地产租赁住房REIT,A,3.581,550416,0.10199147798,0.02848128399329796,1.8252,2.391,1.022928399329796,0.4571283993297959,1790500000.0,phase3_rational
2026-03-20,508055.SH,汇添富上海地产租赁住房REIT,A,3.598,497481,0.10199147798,0.02834671428015564,1.8299,2.3881,1.004771428015564,0.44657142801556393,1799000000.0,phase3_rational
2026-03-23,508055.SH,汇添富上海地产租赁住房REIT,A,3.582,1059934,0.10199147798,0.028473332769402566,1.8316,2.373,1.015733276940257,0.4743332769402566,1791000000.0,phase3_rational
2026-03-24,508055.SH,汇添富上海地产租赁住房REIT,A,3.559,663001,0.10199147798,0.028657341382410786,1.8272,2.3457,1.0385341382410789,0.5200341382410789,1779500000.0,phase3_rational
2026-03-25,508055.SH,汇添富上海地产租赁住房REIT,A,3.55,429901,0.10199147798,0.0287299937971831,1.8233,2.3457,1.0496993797183098,0.5272993797183099,1775000000.0,phase3_rational
2026-03-26,508055.SH,汇添富上海地产租赁住房REIT,A,3.55,671300,0.10199147798,0.0287299937971831,1.8194,2.3498,1.0535993797183099,0.5231993797183097,1775000000.0,phase3_rational
2026-03-27,508055.SH,汇添富上海地产租赁住房REIT,A,3.546,491838,0.10199147798,0.028762402137619852,1.8172,2.3497,1.0590402137619852,0.5265402137619852,1773000000.0,phase3_rational
2026-03-30,508055.SH,汇添富上海地产租赁住房REIT,A,3.52,364493,0.10199147798,0.028974851698863636,1.8063,2.3286,1.0911851698863637,0.568885169886364,1760000000.0,phase3_rational
2026-03-31,508055.SH,汇添富上海地产租赁住房REIT,A,3.482,174103,0.10199147798,0.02929106202757036,1.8171,2.3521,1.112006202757036,0.577006202757036,1741000000.0,phase3_rational
2026-04-01,508055.SH,汇添富上海地产租赁住房REIT,A,3.472,332919,0.10199147798,0.02937542568548387,1.8244,2.3667,1.1131425685483871,0.5708425685483873,1736000000.0,phase3_rational
2026-04-02,508055.SH,汇添富上海地产租赁住房REIT,A,3.471,329952,0.10199147798,0.029383888787093054,1.8209,2.3733,1.1174888787093056,0.5650888787093056,1735500000.0,phase3_rational
2026-04-03,508055.SH,汇添富上海地产租赁住房REIT,A,3.465,611800,0.10199147798,0.02943476997979798,1.8199,2.3725,1.1235769979797978,0.5709769979797978,1732500000.0,phase3_rational
2026-04-07,508055.SH,汇添富上海地产租赁住房REIT,A,3.456,1945750,0.10199147798,0.029511423026620368,1.8171,2.3597,1.1340423026620368,0.5914423026620366,1728000000.0,phase3_rational
2026-04-08,508055.SH,汇添富上海地产租赁住房REIT,A,3.48,736754,0.10199147798,0.029307895971264368,1.8136,2.3377,1.1171895971264365,0.5930895971264367,1740000000.0,phase3_rational
2026-04-09,508055.SH,汇添富上海地产租赁住房REIT,A,3.481,162583,0.10199147798,0.029299476581442115,1.8192,2.3393,1.1107476581442115,0.5906476581442113,1740500000.0,phase3_rational
2026-04-10,508055.SH,汇添富上海地产租赁住房REIT,A,3.48,267706,0.10199147798,0.029307895971264368,1.8128,2.3055,1.1179895971264366,0.6252895971264367,1740000000.0,phase3_rational
2026-04-13,508055.SH,汇添富上海地产租赁住房REIT,A,3.473,206513,0.10199147798,0.02936696745752951,1.7933,2.2816,1.1433967457529515,0.6550967457529513,1736500000.0,phase3_rational
2026-04-14,508055.SH,汇添富上海地产租赁住房REIT,A,3.528,4054676,0.10199147798,0.028909149087301585,1.7829,2.2805,1.1080149087301587,0.6104149087301587,1764000000.0,phase3_rational
2026-04-15,508055.SH,汇添富上海地产租赁住房REIT,A,3.52,2820835,0.10199147798,0.028974851698863636,1.7809,2.2784,1.1165851698863638,0.6190851698863638,1760000000.0,phase3_rational
2026-04-16,508055.SH,汇添富上海地产租赁住房REIT,A,3.573,2321849,0.10199147798,0.02854505401063532,1.7812,2.281,1.073305401063532,0.5735054010635317,1786500000.0,phase3_rational
2026-04-17,508055.SH,汇添富上海地产租赁住房REIT,A,3.593,1864012,0.10199147798,0.02838616141942666,1.7623,2.25,1.0763161419426661,0.5886161419426661,1796500000.0,phase3_rational
2026-04-20,508055.SH,汇添富上海地产租赁住房REIT,A,3.561,202810,0.10199147798,0.028641246273518675,1.7627,2.2556,1.1014246273518677,0.6085246273518679,1780500000.0,phase3_rational
2026-04-21,508055.SH,汇添富上海地产租赁住房REIT,A,3.56,559210,0.10199147798,0.02864929156741573,1.751,2.2375,1.1139291567415732,0.6274291567415733,1780000000.0,phase3_rational
2026-04-22,508055.SH,汇添富上海地产租赁住房REIT,A,3.535,636593,0.10199147798,0.02885190324752475,1.7389,2.2137,1.146290324752475,0.671490324752475,1767500000.0,phase3_rational
2026-04-23,508055.SH,汇添富上海地产租赁住房REIT,A,3.496,435900,0.10199147798,0.029173763724256292,1.7548,2.2353,1.1625763724256295,0.6820763724256294,1748000000.0,phase3_rational
2026-04-24,508055.SH,汇添富上海地产租赁住房REIT,A,3.475,460214,0.10199147798,0.029350065605755392,1.7601,2.2472,1.1749065605755393,0.6878065605755395,1737500000.0,phase3_rational
2026-04-27,508055.SH,汇添富上海地产租赁住房REIT,A,3.454,1082903,0.10199147798,0.029528511285466123,1.7697,2.2557,1.1831511285466123,0.6971511285466123,1727000000.0,phase3_rational
2026-04-28,508055.SH,汇添富上海地产租赁住房REIT,A,3.46,1019200,0.10199147798,0.029477305774566472,1.7654,2.242,1.1823305774566473,0.7057305774566474,1730000000.0,phase3_rational
2026-04-29,508055.SH,汇添富上海地产租赁住房REIT,A,3.442,1416915,0.10199147798,0.029631457867518883,1.7444,2.219,1.2187457867518885,0.7441457867518886,1721000000.0,phase3_rational
2026-04-30,508055.SH,汇添富上海地产租赁住房REIT,A,3.415,437184,0.10199147798,0.029865732937042457,1.7473,2.218,1.2392732937042457,0.7685732937042458,1707500000.0,phase3_rational
2026-05-06,508055.SH,汇添富上海地产租赁住房REIT,A,3.401,402300,0.10199147798,0.0299886733254925,1.7654,2.239,1.23346733254925,0.7598673325492502,1700500000.0,phase3_rational
2026-05-07,508055.SH,汇添富上海地产租赁住房REIT,A,3.415,483413,0.10199147798,0.029865732937042457,1.7631,2.238,1.2234732937042458,0.7485732937042457,1707500000.0,phase3_rational
2026-05-08,508055.SH,汇添富上海地产租赁住房REIT,A,3.434,205654,0.10199147798,0.02970048863715783,1.7648,2.2455,1.2052488637157832,0.7245488637157833,1717000000.0,phase3_rational
2026-05-11,508055.SH,汇添富上海地产租赁住房REIT,A,3.43,884709,0.10199147798,0.029735124775510203,1.7622,2.2361,1.2113124775510205,0.7374124775510205,1715000000.0,phase3_rational
2026-05-12,508055.SH,汇添富上海地产租赁住房REIT,A,3.431,1178931,0.10199147798,0.029726458169629842,1.7592,2.232,1.2134458169629843,0.7406458169629841,1715500000.0,phase3_rational
2026-05-13,508055.SH,汇添富上海地产租赁住房REIT,A,3.385,1999700,0.10199147798,0.030130421855243724,1.7514,2.234,1.2616421855243722,0.7790421855243723,1692500000.0,phase3_rational
2026-05-14,508055.SH,汇添富上海地产租赁住房REIT,A,3.337,1625336,0.10199147798,0.030563823188492656,1.7588,2.241,1.2975823188492654,0.8153823188492653,1668500000.0,phase3_rational
2026-05-15,508055.SH,汇添富上海地产租赁住房REIT,A,3.335,589912,0.10199147798,0.030582152317841078,1.7658,2.253,1.2924152317841076,0.8052152317841075,1667500000.0,phase3_rational
2026-05-18,508055.SH,汇添富上海地产租赁住房REIT,A,3.365,921250,0.10199147798,0.03030950311441307,1.7585,2.244,1.2724503114413073,0.786950311441307,1682500000.0,phase3_rational
2026-05-19,508055.SH,汇添富上海地产租赁住房REIT,A,3.416,2028407,0.10199147798,0.029856990040983605,1.7345,2.221,1.2511990040983607,0.7646990040983606,1708000000.0,phase3_rational
2026-05-20,508055.SH,汇添富上海地产租赁住房REIT,A,3.404,381003,0.10199147798,0.029962243824911867,1.7382,2.2311,1.258024382491187,0.7651243824911869,1702000000.0,phase3_rational
2026-05-21,508055.SH,汇添富上海地产租赁住房REIT,A,3.361,152601,0.10199147798,0.03034557512049985,1.7448,2.231,1.2897575120499851,0.8035575120499852,1680500000.0,phase3_rational
2026-05-22,508055.SH,汇添富上海地产租赁住房REIT,A,3.353,853601,0.10199147798,0.030417977327766178,1.7519,2.2345,1.289897732776618,0.8072977327766178,1676500000.0,phase3_rational
2026-05-25,508055.SH,汇添富上海地产租赁住房REIT,A,3.342,228539,0.10199147798,0.03051809634350688,1.7484,2.226,1.303409634350688,0.825809634350688,1671000000.0,phase3_rational
2026-05-26,508055.SH,汇添富上海地产租赁住房REIT,A,3.256,691107,0.10199147798,0.0313241639987715,1.7405,2.2205,1.3919163998771498,0.9119163998771498,1628000000.0,phase3_rational
2026-05-27,508055.SH,汇添富上海地产租赁住房REIT,A,3.215,1186627,0.10199147798,0.03172363234214619,1.7216,2.208,1.4507632342146186,0.9643632342146184,1607500000.0,phase3_rational
2026-05-28,508055.SH,汇添富上海地产租赁住房REIT,A,3.151,1210203,0.10199147798,0.03236797143129165,1.7193,2.2095,1.517497143129165,1.0272971431291653,1575500000.0,phase3_rational
2026-05-29,508055.SH,汇添富上海地产租赁住房REIT,A,3.145,4181320,0.10199147798,0.032429722728139904,1.709,2.205,1.5339722728139904,1.0379722728139904,1572500000.0,phase3_rational
2026-06-01,508055.SH,汇添富上海地产租赁住房REIT,A,3.177,926403,0.10199147798,0.03210307774000629,1.7009,2.191,1.509407774000629,1.0193077740006293,1588500000.0,phase3_rational
2026-06-02,508055.SH,汇添富上海地产租赁住房REIT,A,3.179,210700,0.10199147798,0.032082880773828246,1.7036,2.191,1.5046880773828246,1.0172880773828248,1589500000.0,phase3_rational
2026-06-03,508055.SH,汇添富上海地产租赁住房REIT,A,3.171,743500,0.10199147798,0.03216382150110375,1.7128,2.205,1.503582150110375,1.011382150110375,1585500000.0,phase3_rational
2026-06-04,508055.SH,汇添富上海地产租赁住房REIT,A,3.194,1829226,0.10199147798,0.03193220976205385,1.7081,2.191,1.4851209762053847,1.0022209762053849,1597000000.0,phase3_rational
2026-06-05,508055.SH,汇添富上海地产租赁住房REIT,A,3.217,580500,0.10199147798,0.031703909847684175,1.7207,2.204,1.4496909847684174,0.9663909847684171,1608500000.0,phase3_rational
2026-06-08,508055.SH,汇添富上海地产租赁住房REIT,A,3.218,978407,0.10199147798,0.031694057793660656,1.7275,2.213,1.4419057793660657,0.9564057793660656,1609000000.0,phase3_rational
2026-06-09,508055.SH,汇添富上海地产租赁住房REIT,A,3.196,212951,0.10199147798,0.03191222715269086,1.7376,2.22,1.453622715269086,0.9712227152690858,1598000000.0,phase3_rational
2026-06-10,508055.SH,汇添富上海地产租赁住房REIT,A,3.154,252011,0.10199147798,0.03233718388712745,1.7476,2.235,1.4861183887127452,0.9987183887127453,1577000000.0,phase3_rational
2026-06-11,508055.SH,汇添富上海地产租赁住房REIT,A,3.148,658598,0.10199147798,0.03239881765565438,1.7475,2.238,1.4923817655654381,1.0018817655654382,1574000000.0,phase3_rational
2026-06-12,508055.SH,汇添富上海地产租赁住房REIT,A,3.145,871466,0.10199147798,0.032429722728139904,1.7427,2.2215,1.5002722728139906,1.0214722728139907,1572500000.0,phase3_rational
2026-06-15,508055.SH,汇添富上海地产租赁住房REIT,A,3.144,797707,0.10199147798,0.03244003752544529,1.7446,2.2215,1.4994037525445292,1.0225037525445293,1572000000.0,phase3_rational
2026-06-16,508055.SH,汇添富上海地产租赁住房REIT,A,3.184,1958093,0.10199147798,0.032032499365577886,1.7324,2.2175,1.4708499365577887,0.9857499365577889,1592000000.0,phase3_rational
2026-06-17,508055.SH,汇添富上海地产租赁住房REIT,A,3.185,511800,0.10199147798,0.03202244206593406,1.727,2.2181,1.4752442065934062,0.9841442065934061,1592500000.0,phase3_rational
2026-06-18,508055.SH,汇添富上海地产租赁住房REIT,A,3.12,1390219,0.10199147798,0.03268957627564102,1.7299,2.2201,1.5390576275641024,1.0488576275641024,1560000000.0,phase3_rational
2026-06-22,508055.SH,汇添富上海地产租赁住房REIT,A,3.123,1820893,0.10199147798,0.032658174185078444,1.7375,2.2216,1.5283174185078445,1.0442174185078446,1561500000.0,phase3_rational
2026-06-23,508055.SH,汇添富上海地产租赁住房REIT,A,3.117,561120,0.10199147798,0.03272103881296118,1.7437,2.2291,1.5284038812961178,1.043003881296118,1558500000.0,phase3_rational
2026-06-24,508055.SH,汇添富上海地产租赁住房REIT,A,3.126,2125400,0.10199147798,0.03262683236724248,1.7454,2.2311,1.5172832367242481,1.0315832367242481,1563000000.0,phase3_rational
2026-06-25,508055.SH,汇添富上海地产租赁住房REIT,A,3.178,904107,0.10199147798,0.032092976079295156,1.7351,2.2201,1.4741976079295154,0.9891976079295155,1589000000.0,phase3_rational
2026-06-26,508055.SH,汇添富上海地产租赁住房REIT,A,3.183,246300,0.10199147798,0.03204256298460572,1.7314,2.2176,1.4728562984605718,0.9866562984605718,1591500000.0,phase3_rational
2026-06-29,508055.SH,汇添富上海地产租赁住房REIT,A,3.266,2121329,0.10199147798,0.031228254127372932,1.717,2.209,1.4058254127372933,0.9138254127372933,1633000000.0,phase3_rational
2026-06-30,508055.SH,汇添富上海地产租赁住房REIT,A,3.298,1153210,0.10199147798,0.030925251055184958,1.733,2.236,1.3595251055184958,0.8565251055184957,1649000000.0,phase3_rational
2026-07-01,508055.SH,汇添富上海地产租赁住房REIT,A,3.268,562989,0.10199147798,0.031209142588739292,1.7448,2.2525,1.3761142588739295,0.8684142588739294,1634000000.0,phase3_rational
2026-07-02,508055.SH,汇添富上海地产租赁住房REIT,A,3.251,247912,0.10199147798,0.031372340196862504,1.741,2.258,1.3962340196862502,0.8792340196862503,1625500000.0,phase3_rational
2026-07-03,508055.SH,汇添富上海地产租赁住房REIT,A,3.292,619955,0.10199147798,0.03098161542527339,1.7463,2.2685,1.3518615425273388,0.8296615425273388,1646000000.0,phase3_rational
2026-07-06,508055.SH,汇添富上海地产租赁住房REIT,A,3.289,651210,0.10199147798,0.03100987472788081,1.7379,2.255,1.363087472788081,0.8459874727880812,1644500000.0,phase3_rational
2026-07-07,508055.SH,汇添富上海地产租赁住房REIT,A,3.25,368622,0.10199147798,0.031381993224615386,1.7406,2.2605,1.3975993224615386,0.8776993224615386,1625000000.0,phase3_rational
2026-07-08,508055.SH,汇添富上海地产租赁住房REIT,A,3.234,128311,0.10199147798,0.031537253549783546,1.7385,2.2545,1.4152253549783549,0.8992253549783547,1617000000.0,phase3_rational
2026-07-09,508055.SH,汇添富上海地产租赁住房REIT,A,3.228,954357,0.10199147798,0.03159587298017348,1.7376,2.2515,1.4219872980173482,0.9080872980173482,1614000000.0,phase3_rational
2026-07-10,508055.SH,汇添富上海地产租赁住房REIT,A,3.241,1019912,0.10199147798,0.03146913853131749,1.7398,2.253,1.4071138531317489,0.8939138531317488,1620500000.0,phase3_rational
2026-07-13,508055.SH,汇添富上海地产租赁住房REIT,A,3.209,705510,0.10199147798,0.0317829473293861,1.7442,2.263,1.43409473293861,0.9152947329386101,1604500000.0,phase3_rational
2026-07-14,508055.SH,汇添富上海地产租赁住房REIT,A,3.24,943310,0.10199147798,0.031478851228395055,1.7402,2.2555,1.4076851228395053,0.8923851228395052,1620000000.0,phase3_rational
2026-07-15,508055.SH,汇添富上海地产租赁住房REIT,A,3.222,169401,0.10199147798,0.03165471073246431,1.7406,2.247,1.424871073246431,0.918471073246431,1611000000.0,phase3_rational
2026-07-16,508055.SH,汇添富上海地产租赁住房REIT,A,3.24,1339496,0.10199147798,0.031478851228395055,1.7437,2.2515,1.4041851228395053,0.8963851228395052,1620000000.0,phase3_rational
2026-07-17,508055.SH,汇添富上海地产租赁住房REIT,A,3.275,5539906,0.10199147798,0.03114243602442748,1.7404,2.2425,1.3738436024427478,0.8717436024427476,1637500000.0,phase3_rational
2026-07-20,508055.SH,汇添富上海地产租赁住房REIT,A,3.244,3025136,0.10199147798,0.03144003636868064,1.7453,2.2495,1.3987036368680636,0.8945036368680639,1622000000.0,phase3_rational
2026-07-21,508055.SH,汇添富上海地产租赁住房REIT,A,3.253,252700,0.10199147798,0.03135305194589609,1.745,2.2475,1.390305194589609,0.887805194589609,1626500000.0,phase3_rational
2026-07-22,508055.SH,汇添富上海地产租赁住房REIT,A,3.255,985822,0.10199147798,0.031333787397849464,1.7297,2.212,1.4036787397849462,0.921378739784946,1627500000.0,phase3_rational
2026-07-23,508055.SH,汇添富上海地产租赁住房REIT,A,3.281,1369816,0.10199147798,0.031085485516610785,1.7325,2.2045,1.3760485516610785,0.9040485516610786,1640500000.0,phase3_rational
2026-07-24,508055.SH,汇添富上海地产租赁住房REIT,A,3.307,4575034,0.10199147798,0.030841087989114,1.7282,2.187,1.3559087989113998,0.8971087989113999,1653500000.0,phase3_rational
2026-07-27,508055.SH,汇添富上海地产租赁住房REIT,A,3.297,1247600,0.10199147798,0.030934630870488318,1.7337,2.193,1.359763087048832,0.9004630870488319,1648500000.0,phase3_rational
2026-07-28,508055.SH,汇添富上海地产租赁住房REIT,A,3.283,616982,0.10199147798,0.03106654827292111,1.7351,2.194,1.371554827292111,0.9126548272921111,1641500000.0,phase3_rational
2026-07-29,508055.SH,汇添富上海地产租赁住房REIT,A,3.296,1205823,0.10199147798,0.030944016377427185,1.7329,2.206,1.3615016377427185,0.8884016377427186,1648000000.0,phase3_rational
2026-07-30,508055.SH,汇添富上海地产租赁住房REIT,A,3.284,751924,0.10199147798,0.03105708830085262,1.7196,2.1851,1.3861088300852622,0.9206088300852624,1642000000.0,phase3_rational
2026-07-31,508055.SH,汇添富上海地产租赁住房REIT,A,3.314,604500,0.10199147798,0.030775943868436934,1.7141,2.1876,1.3634943868436935,0.8899943868436933,1657000000.0,phase3_rational
2026-08-03,508055.SH,汇添富上海地产租赁住房REIT,A,3.326,637503,0.10199147798,0.030664906187612747,1.7169,2.1891,1.3495906187612745,0.8773906187612748,1663000000.0,phase3_rational
2026-08-04,508055.SH,汇添富上海地产租赁住房REIT,A,3.3,404012,0.10199147798,0.03090650847878788,1.7126,2.1841,1.3780508478787883,0.9065508478787883,1650000000.0,phase3_rational
2026-08-05,508055.SH,汇添富上海地产租赁住房REIT,A,3.292,644281,0.10199147798,0.03098161542527339,1.7137,2.1871,1.3844615425273388,0.9110615425273387,1646000000.0,phase3_rational
2026-08-06,508055.SH,汇添富上海地产租赁住房REIT,A,3.297,409914,0.10199147798,0.030934630870488318,1.7143,2.1886,1.379163087048832,0.9048630870488319,1648500000.0,phase3_rational
2026-08-07,508055.SH,汇添富上海地产租赁住房REIT,A,3.28,71683,0.10199147798,0.031094962798780486,1.7114,2.1781,1.3980962798780487,0.9313962798780486,1640000000.0,phase3_rational
2026-08-10,508055.SH,汇添富上海地产租赁住房REIT,A,3.307,119501,0.10199147798,0.030841087989114,1.7074,2.1581,1.3767087989113997,0.9260087989113996,1653500000.0,phase3_rational
2022-08-31,508058.SH,中金厦门安居REIT,B,3.38,33592635,0.11903150066,0.03521642031360947,2.6225,3.1162,0.8991420313609471,0.40544203136094703,1690000000.0,phase1_warming
2022-09-01,508058.SH,中金厦门安居REIT,B,3.457,29425704,0.11903150066,0.0344320221752965,2.6125,3.1032,0.8307022175296499,0.34000221752964954,1728500000.0,phase1_warming
2022-09-02,508058.SH,中金厦门安居REIT,B,3.42,7269431,0.11903150066,0.03480453235672515,2.6226,3.1008,0.8578532356725153,0.3796532356725151,1710000000.0,phase1_warming
2022-09-05,508058.SH,中金厦门安居REIT,B,3.4,2213642,0.11903150066,0.0350092649,2.618,3.09,0.8829264900000005,0.4109264900000005,1700000000.0,phase1_warming
2022-09-06,508058.SH,中金厦门安居REIT,B,3.388,3477468,0.11903150066,0.03513326465761511,2.614,3.0846,0.8993264657615114,0.4287264657615113,1694000000.0,phase1_warming
2022-09-07,508058.SH,中金厦门安居REIT,B,3.394,1831152,0.11903150066,0.03507115517383618,2.6215,3.0887,0.8856155173836178,0.41841551738361815,1697000000.0,phase1_warming
2022-09-08,508058.SH,中金厦门安居REIT,B,3.39,3404798,0.11903150066,0.0351125370678466,2.6256,3.0901,0.8856537067846602,0.42115370678466,1695000000.0,phase1_warming
2022-09-09,508058.SH,中金厦门安居REIT,B,3.429,4182231,0.11903150066,0.03471318187809857,2.635,3.0982,0.8363181878098569,0.37311818780985684,1714500000.0,phase1_warming
2022-09-13,508058.SH,中金厦门安居REIT,B,3.447,3443543,0.11903150066,0.03453191199883957,2.6427,3.1011,0.8104911998839572,0.3520911998839571,1723500000.0,phase1_warming
2022-09-14,508058.SH,中金厦门安居REIT,B,3.454,4295074,0.11903150066,0.034461928390272144,2.6625,3.1089,0.7836928390272142,0.3372928390272141,1727000000.0,phase1_warming
2022-09-15,508058.SH,中金厦门安居REIT,B,3.454,2537046,0.11903150066,0.034461928390272144,2.6625,3.106,0.7836928390272142,0.3401928390272144,1727000000.0,phase1_warming
2022-09-16,508058.SH,中金厦门安居REIT,B,3.448,1956555,0.11903150066,0.03452189694315545,2.673,3.1059,0.7791896943155452,0.3462896943155451,1724000000.0,phase1_warming
2022-09-19,508058.SH,中金厦门安居REIT,B,3.445,1910797,0.11903150066,0.034551959552975325,2.675,3.1039,0.7801959552975326,0.35129595529753255,1722500000.0,phase1_warming
2022-09-20,508058.SH,中金厦门安居REIT,B,3.44,906809,0.11903150066,0.03460218042441861,2.664,3.101,0.7962180424418608,0.35921804244186095,1720000000.0,phase1_warming
2022-09-21,508058.SH,中金厦门安居REIT,B,3.428,1837660,0.11903150066,0.03472330824387398,2.6451,3.089,0.827230824387398,0.38333082438739785,1714000000.0,phase1_warming
2022-09-22,508058.SH,中金厦门安居REIT,B,3.443,1961824,0.11903150066,0.0345720303979088,2.6501,3.0913,0.80710303979088,0.36590303979088024,1721500000.0,phase1_warming
2022-09-23,508058.SH,中金厦门安居REIT,B,3.455,4165111,0.11903150066,0.034451953881331404,2.6802,3.1008,0.7649953881331402,0.3443953881331403,1727500000.0,phase1_warming
2022-09-26,508058.SH,中金厦门安居REIT,B,3.461,3501562,0.11903150066,0.034392227870557644,2.7154,3.1274,0.7238227870557647,0.3118227870557644,1730500000.0,phase1_warming
2022-09-27,508058.SH,中金厦门安居REIT,B,3.453,4542641,0.11903150066,0.034471908676513174,2.7051,3.1202,0.7420908676513176,0.32699086765131735,1726500000.0,phase1_warming
2022-09-28,508058.SH,中金厦门安居REIT,B,3.46,2062339,0.11903150066,0.03440216782080925,2.7401,3.1448,0.7001167820809253,0.29541678208092526,1730000000.0,phase1_warming
2022-09-29,508058.SH,中金厦门安居REIT,B,3.453,1053028,0.11903150066,0.034471908676513174,2.7501,3.1445,0.6970908676513172,0.3026908676513176,1726500000.0,phase1_warming
2022-09-30,508058.SH,中金厦门安居REIT,B,3.446,1891674,0.11903150066,0.03454193286709228,2.7601,3.179,0.6940932867092275,0.2751932867092277,1723000000.0,phase1_warming
2022-10-10,508058.SH,中金厦门安居REIT,B,3.403,2741495,0.11903150066,0.03497840160446664,2.7402,3.1637,0.7576401604466643,0.3341401604466645,1701500000.0,phase2_correction
2022-10-11,508058.SH,中金厦门安居REIT,B,3.349,4260459,0.11903150066,0.03554240091370558,2.7426,3.1632,0.8116400913705579,0.39104009137055806,1674500000.0,phase2_correction
2022-10-12,508058.SH,中金厦门安居REIT,B,3.344,1519444,0.11903150066,0.035595544455741625,2.7352,3.1607,0.8243544455741625,0.3988544455741625,1672000000.0,phase2_correction
2022-10-13,508058.SH,中金厦门安居REIT,B,3.346,1926359,0.11903150066,0.03557426797967723,2.7252,3.1533,0.8322267979677229,0.4041267979677228,1673000000.0,phase2_correction
2022-10-14,508058.SH,中金厦门安居REIT,B,3.351,1307256,0.11903150066,0.03552118790211877,2.6977,3.1289,0.8544187902118767,0.42321879021187714,1675500000.0,phase2_correction
2022-10-17,508058.SH,中金厦门安居REIT,B,3.337,2268862,0.11903150066,0.035670212963739886,2.7002,3.129,0.8668212963739883,0.43802129637398846,1668500000.0,phase2_correction
2022-10-18,508058.SH,中金厦门安居REIT,B,3.338,1955886,0.11903150066,0.035659526860395446,2.7002,3.1314,0.8657526860395444,0.43455268603954433,1669000000.0,phase2_correction
2022-10-19,508058.SH,中金厦门安居REIT,B,3.317,1569645,0.11903150066,0.03588528810973771,2.7052,3.1343,0.8833288109737714,0.4542288109737713,1658500000.0,phase2_correction
2022-10-20,508058.SH,中金厦门安居REIT,B,3.291,1828245,0.11903150066,0.03616879388027955,2.7175,3.1471,0.8993793880279548,0.4697793880279546,1645500000.0,phase2_correction
2022-10-21,508058.SH,中金厦门安居REIT,B,3.261,2054081,0.11903150066,0.03650153347439435,2.7278,3.1555,0.9223533474394356,0.49465334743943545,1630500000.0,phase2_correction
2022-10-24,508058.SH,中金厦门安居REIT,B,3.227,1722365,0.11903150066,0.036886117341183765,2.7153,3.1416,0.9733117341183766,0.5470117341183767,1613500000.0,phase2_correction
2022-10-25,508058.SH,中金厦门安居REIT,B,3.189,3005978,0.11903150066,0.037325650881153964,2.7278,3.1486,1.0047650881153967,0.5839650881153964,1594500000.0,phase2_correction
2022-10-26,508058.SH,中金厦门安居REIT,B,3.177,927421,0.11903150066,0.037466635398174374,2.7025,3.1394,1.0441635398174371,0.6072635398174371,1588500000.0,phase2_correction
2022-10-27,508058.SH,中金厦门安居REIT,B,3.184,1272520,0.11903150066,0.037384265282663316,2.6953,3.1142,1.0431265282663316,0.6242265282663317,1592000000.0,phase2_correction
2022-10-28,508058.SH,中金厦门安居REIT,B,3.237,3477226,0.11903150066,0.03677216578931109,2.6653,3.0776,1.0119165789311095,0.5996165789311094,1618500000.0,phase2_correction
2022-10-31,508058.SH,中金厦门安居REIT,B,3.183,3834861,0.11903150066,0.03739601026076029,2.6433,3.0653,1.0963010260760289,0.6743010260760287,1591500000.0,phase2_correction
2022-11-01,508058.SH,中金厦门安居REIT,B,3.192,2640584,0.11903150066,0.03729057038220551,2.6629,3.0753,1.0661570382205512,0.6537570382205513,1596000000.0,phase2_correction
2022-11-02,508058.SH,中金厦门安居REIT,B,3.216,2067597,0.11903150066,0.03701228254353234,2.6854,3.0853,1.015828254353234,0.6159282543532338,1608000000.0,phase2_correction
2022-11-03,508058.SH,中金厦门安居REIT,B,3.261,5350389,0.11903150066,0.03650153347439435,2.6776,3.0854,0.9725533474394354,0.5647533474394355,1630500000.0,phase2_correction
2022-11-04,508058.SH,中金厦门安居REIT,B,3.304,2200689,0.11903150066,0.036026483250605326,2.7023,3.1029,0.9003483250605324,0.49974832506053257,1652000000.0,phase2_correction
2022-11-07,508058.SH,中金厦门安居REIT,B,3.298,3886842,0.11903150066,0.03609202567010309,2.7003,3.1045,0.9089025670103092,0.5047025670103094,1649000000.0,phase2_correction
2022-11-08,508058.SH,中金厦门安居REIT,B,3.276,1970924,0.11903150066,0.03633440191086691,2.6853,3.1006,0.9481401910866913,0.5328401910866911,1638000000.0,phase2_correction
2022-11-09,508058.SH,中金厦门安居REIT,B,3.26,2865091,0.11903150066,0.03651273026380368,2.6953,3.1105,0.9559730263803679,0.5407730263803678,1630000000.0,phase2_correction
2022-11-10,508058.SH,中金厦门安居REIT,B,3.263,1720290,0.11903150066,0.036479160484216976,2.7028,3.1166,0.9451160484216978,0.5313160484216977,1631500000.0,phase2_correction
2022-11-11,508058.SH,中金厦门安居REIT,B,3.277,1623860,0.11903150066,0.03632331420811718,2.7354,3.1357,0.8969314208117178,0.49663142081171774,1638500000.0,phase2_correction
2022-11-14,508058.SH,中金厦门安居REIT,B,3.278,2339840,0.11903150066,0.03631223327028676,2.8354,3.2207,0.7958233270286756,0.41052332702867567,1639000000.0,phase2_correction
2022-11-15,508058.SH,中金厦门安居REIT,B,3.267,1221789,0.11903150066,0.036434496681971226,2.8155,3.2158,0.8279496681971223,0.42764966819712225,1633500000.0,phase2_correction
2022-11-16,508058.SH,中金厦门安居REIT,B,3.205,2250686,0.11903150066,0.037139313778471135,2.8329,3.2309,0.8810313778471137,0.4830313778471136,1602500000.0,phase2_correction
2022-11-17,508058.SH,中金厦门安居REIT,B,3.176,3823431,0.11903150066,0.037478432197732996,2.8026,3.2109,0.9452432197732996,0.5369432197732995,1588000000.0,phase2_correction
2022-11-18,508058.SH,中金厦门安居REIT,B,3.157,3992582,0.11903150066,0.03770399133987963,2.825,3.2209,0.945399133987963,0.5494991339879634,1578500000.0,phase2_correction
2022-11-21,508058.SH,中金厦门安居REIT,B,3.156,5499396,0.11903150066,0.037715938105196446,2.818,3.2086,0.9535938105196444,0.5629938105196444,1578000000.0,phase2_correction
2022-11-22,508058.SH,中金厦门安居REIT,B,3.139,2608105,0.11903150066,0.03792019772539025,2.8276,3.2161,0.9644197725390251,0.575919772539025,1569500000.0,phase2_correction
2022-11-23,508058.SH,中金厦门安居REIT,B,3.139,1729992,0.11903150066,0.03792019772539025,2.7975,3.1912,0.9945197725390251,0.6008197725390252,1569500000.0,phase2_correction
2022-11-24,508058.SH,中金厦门安居REIT,B,3.135,2609429,0.11903150066,0.03796858075279107,2.795,3.1813,1.0018580752791069,0.615558075279107,1567500000.0,phase2_correction
2022-11-25,508058.SH,中金厦门安居REIT,B,3.137,2395143,0.11903150066,0.03794437381574753,2.83,3.2162,0.9644373815747529,0.5782373815747528,1568500000.0,phase2_correction
2022-11-28,508058.SH,中金厦门安居REIT,B,3.136,2266252,0.11903150066,0.037956473424744896,2.86,3.2337,0.9356473424744896,0.5619473424744896,1568000000.0,phase2_correction
2022-11-29,508058.SH,中金厦门安居REIT,B,3.147,2046635,0.11903150066,0.03782380065459168,2.88,3.2663,0.9023800654591678,0.5160800654591675,1573500000.0,phase2_correction
2022-11-30,508058.SH,中金厦门安居REIT,B,3.15,1980892,0.11903150066,0.03778777798730159,2.885,3.2763,0.893777798730159,0.5024777987301587,1575000000.0,phase2_correction
2022-12-01,508058.SH,中金厦门安居REIT,B,3.166,3501836,0.11903150066,0.03759681006317119,2.86,3.2615,0.8996810063171194,0.4981810063171195,1583000000.0,phase2_correction
2022-12-02,508058.SH,中金厦门安居REIT,B,3.183,2395173,0.11903150066,0.03739601026076029,2.8676,3.263,0.8720010260760289,0.47660102607602894,1591500000.0,phase2_correction
2022-12-05,508058.SH,中金厦门安居REIT,B,3.2,4198507,0.11903150066,0.03719734395625,2.8902,3.2716,0.8295343956249996,0.4481343956249999,1600000000.0,phase2_correction
2022-12-06,508058.SH,中金厦门安居REIT,B,3.197,2095877,0.11903150066,0.0372322491898655,2.9152,3.2865,0.80802491898655,0.43672491898654986,1598500000.0,phase2_correction
2022-12-07,508058.SH,中金厦门安居REIT,B,3.173,1746093,0.11903150066,0.037513867210841476,2.8702,3.2719,0.8811867210841475,0.4794867210841476,1586500000.0,phase2_correction
2022-12-08,508058.SH,中金厦门安居REIT,B,3.17,961588,0.11903150066,0.03754936929337539,2.8853,3.2755,0.8696369293375392,0.4794369293375391,1585000000.0,phase2_correction
2022-12-09,508058.SH,中金厦门安居REIT,B,3.157,1617107,0.11903150066,0.03770399133987963,2.8903,3.2843,0.8800991339879634,0.48609913398796323,1578500000.0,phase2_correction
2022-12-12,508058.SH,中金厦门安居REIT,B,3.137,1623836,0.11903150066,0.03794437381574753,2.8902,3.2844,0.9042373815747529,0.5100373815747528,1568500000.0,phase2_correction
2022-12-13,508058.SH,中金厦门安居REIT,B,3.124,2116427,0.11903150066,0.03810227293854033,2.8952,3.2896,0.9150272938540329,0.5206272938540328,1562000000.0,phase2_correction
2022-12-14,508058.SH,中金厦门安居REIT,B,3.118,2088308,0.11903150066,0.03817559354073124,2.8655,3.2621,0.9520593540731239,0.5554593540731236,1559000000.0,phase2_correction
2022-12-15,508058.SH,中金厦门安居REIT,B,3.112,1392933,0.11903150066,0.03824919687017995,2.8829,3.277,0.9420196870179951,0.5479196870179948,1556000000.0,phase2_correction
2022-12-16,508058.SH,中金厦门安居REIT,B,3.104,1433936,0.11903150066,0.03834777727448453,2.8856,3.2697,0.9491777274484532,0.5650777274484535,1552000000.0,phase2_correction
2022-12-19,508058.SH,中金厦门安居REIT,B,3.107,2832515,0.11903150066,0.038310750131960086,2.8632,3.2525,0.9678750131960085,0.5785750131960086,1553500000.0,phase2_correction
2022-12-20,508058.SH,中金厦门安居REIT,B,3.05,5067010,0.11903150066,0.03902672152786885,2.8732,3.2474,1.029472152786885,0.6552721527868854,1525000000.0,phase2_correction
2022-12-21,508058.SH,中金厦门安居REIT,B,2.991,3667402,0.11903150066,0.03979655655633567,2.8606,3.2375,1.119055655633567,0.7421556556335669,1495500000.0,phase2_correction
2022-12-22,508058.SH,中金厦门安居REIT,B,2.99,3642599,0.11903150066,0.03980986644147157,2.8503,3.23,1.1306866441471568,0.7509866441471567,1495000000.0,phase2_correction
2022-12-23,508058.SH,中金厦门安居REIT,B,3.005,3038296,0.11903150066,0.039611148306156405,2.8251,3.2152,1.1360148306156406,0.7459148306156407,1502500000.0,phase2_correction
2022-12-26,508058.SH,中金厦门安居REIT,B,3.0,1778142,0.11903150066,0.039677166886666664,2.8378,3.2202,1.129916688666666,0.747516688666666,1500000000.0,phase2_correction
2022-12-27,508058.SH,中金厦门安居REIT,B,2.976,1911265,0.11903150066,0.03999714403897849,2.8657,3.2175,1.1340144038978495,0.7822144038978496,1488000000.0,phase2_correction
2022-12-28,508058.SH,中金厦门安居REIT,B,2.91,2936247,0.11903150066,0.04090429575945017,2.8503,3.2127,1.2401295759450175,0.8777295759450174,1455000000.0,phase2_correction
2022-12-29,508058.SH,中金厦门安居REIT,B,2.89,3644582,0.11903150066,0.041187370470588236,2.8376,3.1926,1.2811370470588237,0.9261370470588237,1445000000.0,phase2_correction
2022-12-30,508058.SH,中金厦门安居REIT,B,2.901,2143995,0.11903150066,0.04103119636677008,2.8353,3.1952,1.2678196366770074,0.9079196366770077,1450500000.0,phase2_correction
2023-01-03,508058.SH,中金厦门安居REIT,B,2.88,1832542,0.11903150066,0.04133038217361111,2.8228,3.193,1.3102382173611113,0.9400382173611113,1440000000.0,phase2_correction
2023-01-04,508058.SH,中金厦门安居REIT,B,2.87,1580616,0.11903150066,0.04147439047386759,2.8103,3.1931,1.337139047386759,0.954339047386759,1435000000.0,phase2_correction
2023-01-05,508058.SH,中金厦门安居REIT,B,2.853,2123970,0.11903150066,0.04172152143708377,2.8304,3.2056,1.3417521437083773,0.9665521437083773,1426500000.0,phase2_correction
2023-01-06,508058.SH,中金厦门安居REIT,B,2.918,2872564,0.11903150066,0.04079215238519534,2.8328,3.2106,1.2464152385195333,0.8686152385195336,1459000000.0,phase2_correction
2023-01-09,508058.SH,中金厦门安居REIT,B,2.912,1219360,0.11903150066,0.040876202149725274,2.8428,3.2156,1.2448202149725272,0.8720202149725274,1456000000.0,phase2_correction
2023-01-10,508058.SH,中金厦门安居REIT,B,2.885,3620310,0.11903150066,0.04125875239514731,2.8602,3.2331,1.2656752395147315,0.8927752395147315,1442500000.0,phase2_correction
2023-01-11,508058.SH,中金厦门安居REIT,B,2.831,4264084,0.11903150066,0.04204574378664783,2.8603,3.2331,1.3442743786647822,0.9714743786647824,1415500000.0,phase2_correction
2023-01-12,508058.SH,中金厦门安居REIT,B,2.845,2199849,0.11903150066,0.041838840302284706,2.8778,3.2378,1.3060840302284702,0.9460840302284703,1422500000.0,phase2_correction
2023-01-13,508058.SH,中金厦门安居REIT,B,2.832,2832570,0.11903150066,0.042030897125706214,2.901,3.2476,1.3020897125706217,0.9554897125706217,1416000000.0,phase2_correction
2023-01-16,508058.SH,中金厦门安居REIT,B,2.832,2596643,0.11903150066,0.042030897125706214,2.9167,3.2677,1.2863897125706214,0.9353897125706214,1416000000.0,phase2_correction
2023-01-17,508058.SH,中金厦门安居REIT,B,2.817,1937799,0.11903150066,0.04225470381966631,2.9017,3.2531,1.3237703819666313,0.9723703819666314,1408500000.0,phase2_correction
2023-01-18,508058.SH,中金厦门安居REIT,B,2.853,2793598,0.11903150066,0.04172152143708377,2.9222,3.2754,1.2499521437083772,0.8967521437083774,1426500000.0,phase2_correction
2023-01-19,508058.SH,中金厦门安居REIT,B,2.849,3909872,0.11903150066,0.041780098511758505,2.9145,3.273,1.2635098511758502,0.90500985117585,1424500000.0,phase2_correction
2023-01-20,508058.SH,中金厦门安居REIT,B,2.872,2411213,0.11903150066,0.041445508586350974,2.9331,3.2779,1.211450858635097,0.8666508586350972,1436000000.0,phase2_correction
2023-01-30,508058.SH,中金厦门安居REIT,B,2.894,3428069,0.11903150066,0.04113044252246026,2.9133,3.2782,1.1997442522460262,0.8348442522460262,1447000000.0,phase2_correction
2023-01-31,508058.SH,中金厦门安居REIT,B,2.928,4394653,0.11903150066,0.040652834924863386,2.8977,3.2793,1.1675834924863389,0.7859834924863387,1464000000.0,phase2_correction
2023-02-01,508058.SH,中金厦门安居REIT,B,2.964,5284616,0.11903150066,0.04015907579622132,2.9101,3.2889,1.105807579622132,0.727007579622132,1482000000.0,phase2_correction
2023-02-02,508058.SH,中金厦门安居REIT,B,2.958,2110480,0.11903150066,0.04024053436781609,2.897,3.2853,1.1270534367816096,0.7387534367816095,1479000000.0,phase2_correction
2023-02-03,508058.SH,中金厦门安居REIT,B,2.968,3998212,0.11903150066,0.04010495305256065,2.8943,3.283,1.1161953052560647,0.7274953052560647,1484000000.0,phase2_correction
2023-02-06,508058.SH,中金厦门安居REIT,B,2.964,3620323,0.11903150066,0.04015907579622132,2.9017,3.2879,1.114207579622132,0.7280075796221319,1482000000.0,phase2_correction
2023-02-07,508058.SH,中金厦门安居REIT,B,2.959,3382851,0.11903150066,0.04022693499831024,2.8964,3.2827,1.1262934998310241,0.7399934998310238,1479500000.0,phase2_correction
2023-02-08,508058.SH,中金厦门安居REIT,B,2.963,2195210,0.11903150066,0.040172629314883565,2.8973,3.2808,1.1199629314883564,0.7364629314883562,1481500000.0,phase2_correction
2023-02-09,508058.SH,中金厦门安居REIT,B,2.966,2013689,0.11903150066,0.04013199617666891,2.8912,3.2784,1.1219996176668912,0.7347996176668912,1483000000.0,phase2_correction
2023-02-10,508058.SH,中金厦门安居REIT,B,2.973,3016232,0.11903150066,0.040037504426505215,2.9003,3.2857,1.1034504426505216,0.7180504426505219,1486500000.0,phase2_correction
2023-02-13,508058.SH,中金厦门安居REIT,B,2.983,1568486,0.11903150066,0.03990328550452564,2.8943,3.2829,1.096028550452564,0.7074285504525637,1491500000.0,phase2_correction
2023-02-14,508058.SH,中金厦门安居REIT,B,3.013,2545002,0.11903150066,0.03950597433123133,2.8914,3.281,1.0591974331231335,0.6695974331231334,1506500000.0,phase2_correction
2023-02-15,508058.SH,中金厦门安居REIT,B,3.01,3148682,0.11903150066,0.039545349056478406,2.8918,3.2816,1.0627349056478406,0.6729349056478404,1505000000.0,phase2_correction
2023-02-16,508058.SH,中金厦门安居REIT,B,3.009,2063260,0.11903150066,0.03955849141242938,2.8907,3.283,1.0651491412429377,0.6728491412429376,1504500000.0,phase2_correction
2023-02-17,508058.SH,中金厦门安居REIT,B,3.02,3766196,0.11903150066,0.03941440419205298,2.892,3.283,1.0494404192052977,0.6584404192052977,1510000000.0,phase2_correction
2023-02-20,508058.SH,中金厦门安居REIT,B,3.017,2628381,0.11903150066,0.03945359650646337,2.917,3.2977,1.0283596506463373,0.6476596506463372,1508500000.0,phase2_correction
2023-02-21,508058.SH,中金厦门安居REIT,B,3.017,3394301,0.11903150066,0.03945359650646337,2.919,3.3025,1.026359650646337,0.6428596506463369,1508500000.0,phase2_correction
2023-02-22,508058.SH,中金厦门安居REIT,B,3.009,1690445,0.11903150066,0.03955849141242938,2.9175,3.3025,1.0383491412429375,0.6533491412429373,1504500000.0,phase2_correction
2023-02-23,508058.SH,中金厦门安居REIT,B,2.999,1808859,0.11903150066,0.039690397019006333,2.922,3.3053,1.047039701900633,0.6637397019006332,1499500000.0,phase2_correction
2023-02-24,508058.SH,中金厦门安居REIT,B,2.994,2182627,0.11903150066,0.03975668024716098,2.9126,3.3016,1.0630680247160984,0.6740680247160982,1497000000.0,phase2_correction
2023-02-27,508058.SH,中金厦门安居REIT,B,2.982,1927742,0.11903150066,0.03991666688799463,2.9117,3.3051,1.079966688799463,0.6865666887994633,1491000000.0,phase2_correction
2023-02-28,508058.SH,中金厦门安居REIT,B,2.984,1846103,0.11903150066,0.03988991308981233,2.9017,3.3029,1.087291308981233,0.6860913089812328,1492000000.0,phase2_correction
2023-03-01,508058.SH,中金厦门安居REIT,B,2.971,2025302,0.11903150066,0.04006445663412992,2.8977,3.3049,1.1087456634129924,0.7015456634129924,1485500000.0,phase2_correction
2023-03-02,508058.SH,中金厦门安居REIT,B,2.97,1073652,0.11903150066,0.04007794635016835,2.9111,3.31,1.0966946350168354,0.6977946350168351,1485000000.0,phase2_correction
2023-03-03,508058.SH,中金厦门安居REIT,B,2.964,1405113,0.11903150066,0.04015907579622132,2.9026,3.3079,1.113307579622132,0.7080075796221319,1482000000.0,phase2_correction
2023-03-06,508058.SH,中金厦门安居REIT,B,2.938,2905887,0.11903150066,0.040514465847515314,2.8826,3.2897,1.168846584751531,0.7617465847515312,1469000000.0,phase2_correction
2023-03-07,508058.SH,中金厦门安居REIT,B,2.922,2253011,0.11903150066,0.04073631097193703,2.8726,3.286,1.2010310971937028,0.7876310971937026,1461000000.0,phase2_correction
2023-03-08,508058.SH,中金厦门安居REIT,B,2.902,2070204,0.11903150066,0.04101705742935906,2.8828,3.2907,1.2189057429359056,0.8110057429359054,1451000000.0,phase2_correction
2023-03-09,508058.SH,中金厦门安居REIT,B,2.905,2850442,0.11903150066,0.040974699022375216,2.8752,3.2854,1.2222699022375214,0.8120699022375213,1452500000.0,phase2_correction
2023-03-10,508058.SH,中金厦门安居REIT,B,2.899,1653087,0.11903150066,0.04105950350465678,2.8627,3.2735,1.243250350465678,0.832450350465678,1449500000.0,phase2_correction
2023-03-13,508058.SH,中金厦门安居REIT,B,2.902,3187934,0.11903150066,0.04101705742935906,2.8703,3.2764,1.2314057429359058,0.8253057429359054,1451000000.0,phase2_correction
2023-03-14,508058.SH,中金厦门安居REIT,B,2.9,1093362,0.11903150066,0.04104534505517241,2.8652,3.271,1.2393345055172413,0.8335345055172416,1450000000.0,phase2_correction
2023-03-15,508058.SH,中金厦门安居REIT,B,2.905,3463915,0.11903150066,0.040974699022375216,2.8652,3.2724,1.2322699022375212,0.8250699022375212,1452500000.0,phase2_correction
2023-03-16,508058.SH,中金厦门安居REIT,B,2.902,2709729,0.11903150066,0.04101705742935906,2.8552,3.2517,1.2465057429359057,0.8500057429359056,1451000000.0,phase2_correction
2023-03-17,508058.SH,中金厦门安居REIT,B,2.898,1280774,0.11903150066,0.04107367172532781,2.8602,3.2381,1.247167172532781,0.8692671725327807,1449000000.0,phase2_correction
2023-03-20,508058.SH,中金厦门安居REIT,B,2.891,4235952,0.11903150066,0.041173123714977514,2.8504,3.2237,1.2669123714977517,0.8936123714977517,1445500000.0,phase2_correction
2023-03-21,508058.SH,中金厦门安居REIT,B,2.885,1693806,0.11903150066,0.04125875239514731,2.8604,3.227,1.2654752395147315,0.8988752395147315,1442500000.0,phase2_correction
2023-03-22,508058.SH,中金厦门安居REIT,B,2.876,2231440,0.11903150066,0.041387865319888736,2.8577,3.2276,1.281086531988874,0.9111865319888741,1438000000.0,phase2_correction
2023-03-23,508058.SH,中金厦门安居REIT,B,2.874,1543654,0.11903150066,0.04141666689631176,2.8652,3.2366,1.2764666896311758,0.9050666896311759,1437000000.0,phase2_correction
2023-03-24,508058.SH,中金厦门安居REIT,B,2.866,1884056,0.11903150066,0.04153227517794836,2.8676,3.2419,1.2856275177948358,0.9113275177948359,1433000000.0,phase2_correction
2023-03-27,508058.SH,中金厦门安居REIT,B,2.872,2320195,0.11903150066,0.041445508586350974,2.8551,3.2319,1.2894508586350968,0.912650858635097,1436000000.0,phase2_correction
2023-03-28,508058.SH,中金厦门安居REIT,B,2.87,1614658,0.11903150066,0.04147439047386759,2.8556,3.2319,1.291839047386759,0.9155390473867588,1435000000.0,phase2_correction
2023-03-29,508058.SH,中金厦门安居REIT,B,2.856,1829305,0.11903150066,0.04167769630952381,2.8532,3.2286,1.3145696309523807,0.9391696309523807,1428000000.0,phase2_correction
2023-03-30,508058.SH,中金厦门安居REIT,B,2.865,2882423,0.11903150066,0.04154677160907504,2.8603,3.2295,1.2943771609075037,0.9251771609075039,1432500000.0,phase2_correction
2023-03-31,508058.SH,中金厦门安居REIT,B,2.886,2425199,0.11903150066,0.04124445622314622,2.8528,3.2332,1.2716456223146229,0.8912456223146226,1443000000.0,phase2_correction
2023-04-03,508058.SH,中金厦门安居REIT,B,2.909,1608712,0.11903150066,0.04091835705053283,2.8604,3.2407,1.2314357050532831,0.8511357050532831,1454500000.0,phase2_correction
2023-04-04,508058.SH,中金厦门安居REIT,B,2.915,1272944,0.11903150066,0.040834134017152655,2.8584,3.2421,1.2250134017152656,0.8413134017152655,1457500000.0,phase2_correction
2023-04-06,508058.SH,中金厦门安居REIT,B,2.86,401057,0.11903150066,0.04161940582517483,2.8605,3.2463,1.3014405825174826,0.9156405825174825,1430000000.0,phase2_correction
2023-04-07,508058.SH,中金厦门安居REIT,B,2.867,2466971,0.11903150066,0.04151778885943495,2.8464,3.236,1.3053788859434947,0.9157788859434945,1433500000.0,phase2_correction
2023-04-10,508058.SH,中金厦门安居REIT,B,2.857,688875,0.11903150066,0.04166310838641932,2.8455,3.2347,1.3208108386419322,0.931610838641932,1428500000.0,phase2_correction
2023-04-11,508058.SH,中金厦门安居REIT,B,2.843,1434335,0.11903150066,0.04186827318325712,2.8203,3.2173,1.3665273183257125,0.9695273183257127,1421500000.0,phase2_correction
2023-04-12,508058.SH,中金厦门安居REIT,B,2.82,1234125,0.11903150066,0.0422097520070922,2.8158,3.1977,1.4051752007092202,1.0232752007092198,1410000000.0,phase2_correction
2023-04-13,508058.SH,中金厦门安居REIT,B,2.822,1743922,0.11903150066,0.04217983722891566,2.8277,3.2031,1.3902837228915663,1.0148837228915664,1411000000.0,phase2_correction
2023-04-14,508058.SH,中金厦门安居REIT,B,2.818,2367948,0.11903150066,0.0422397092476934,2.8281,3.2032,1.3958709247693397,1.02077092476934,1409000000.0,phase2_correction
2023-04-17,508058.SH,中金厦门安居REIT,B,2.839,1759201,0.11903150066,0.041927263353293415,2.8432,3.2136,1.3495263353293416,0.9791263353293416,1419500000.0,phase2_correction
2023-04-18,508058.SH,中金厦门安居REIT,B,2.853,3515485,0.11903150066,0.04172152143708377,2.8319,3.2056,1.3402521437083772,0.9665521437083773,1426500000.0,phase2_correction
2023-04-19,508058.SH,中金厦门安居REIT,B,2.842,1997710,0.11903150066,0.0418830051583392,2.8333,3.1875,1.3550005158339196,1.0008005158339195,1421000000.0,phase2_correction
2023-04-20,508058.SH,中金厦门安居REIT,B,2.839,1382609,0.11903150066,0.041927263353293415,2.8332,3.1775,1.3595263353293414,1.0152263353293414,1419500000.0,phase2_correction
2023-04-21,508058.SH,中金厦门安居REIT,B,2.828,2375348,0.11903150066,0.04209034676803395,2.8258,3.1726,1.3832346768033945,1.0364346768033945,1414000000.0,phase2_correction
2023-04-24,508058.SH,中金厦门安居REIT,B,2.819,1243552,0.11903150066,0.042224725313941114,2.8176,3.1608,1.4048725313941115,1.0616725313941116,1409500000.0,phase2_correction
2023-04-25,508058.SH,中金厦门安居REIT,B,2.819,773462,0.11903150066,0.042224725313941114,2.8157,3.1584,1.4067725313941115,1.0640725313941117,1409500000.0,phase2_correction
2023-04-26,508058.SH,中金厦门安居REIT,B,2.808,306131,0.11903150066,0.042390135562678066,2.8058,3.1574,1.4332135562678068,1.0816135562678069,1404000000.0,phase2_correction
2023-04-27,508058.SH,中金厦门安居REIT,B,2.774,1299118,0.11903150066,0.04290969742609949,2.7852,3.1379,1.505769742609949,1.153069742609949,1387000000.0,phase2_correction
2023-04-28,508058.SH,中金厦门安居REIT,B,2.766,1170888,0.11903150066,0.04303380356471439,2.7788,3.1355,1.5245803564714389,1.1678803564714388,1383000000.0,phase2_correction
2023-05-04,508058.SH,中金厦门安居REIT,B,2.765,1370096,0.11903150066,0.043049367327305604,2.7613,3.1182,1.5436367327305605,1.1867367327305605,1382500000.0,phase2_correction
2023-05-05,508058.SH,中金厦门安居REIT,B,2.763,1784708,0.11903150066,0.043080528650018095,2.7338,3.0831,1.5742528650018097,1.2249528650018098,1381500000.0,phase2_correction
2023-05-08,508058.SH,中金厦门安居REIT,B,2.724,626525,0.11903150066,0.04369732035976505,2.7484,3.1058,1.621332035976505,1.2639320359765054,1362000000.0,phase2_correction
2023-05-09,508058.SH,中金厦门安居REIT,B,2.759,1714027,0.11903150066,0.043142986828561075,2.7383,3.0998,1.5759986828561074,1.2144986828561075,1379500000.0,phase2_correction
2023-05-10,508058.SH,中金厦门安居REIT,B,2.799,1957524,0.11903150066,0.04252643824937478,2.721,3.0849,1.5316438249374773,1.1677438249374772,1399500000.0,phase2_correction
2023-05-11,508058.SH,中金厦门安居REIT,B,2.79,1405292,0.11903150066,0.04266362030824373,2.701,3.0672,1.5653620308243732,1.1991620308243731,1395000000.0,phase2_correction
2023-05-12,508058.SH,中金厦门安居REIT,B,2.798,1537021,0.11903150066,0.04254163711937098,2.7058,3.0608,1.5483637119370979,1.193363711937098,1399000000.0,phase2_correction
2023-05-15,508058.SH,中金厦门安居REIT,B,2.786,2138036,0.11903150066,0.042724874608758075,2.719,3.0649,1.5534874608758078,1.2075874608758075,1393000000.0,phase2_correction
2023-05-16,508058.SH,中金厦门安居REIT,B,2.784,1505362,0.11903150066,0.0427555677658046,2.7129,3.066,1.5626567765804604,1.2095567765804605,1392000000.0,phase2_correction
2023-05-17,508058.SH,中金厦门安居REIT,B,2.783,1394186,0.11903150066,0.04277093088753144,2.721,3.081,1.5560930887531441,1.1960930887531442,1391500000.0,phase2_correction
2023-05-18,508058.SH,中金厦门安居REIT,B,2.777,2638188,0.11903150066,0.04286334197335254,2.7184,3.081,1.567934197335254,1.205334197335254,1388500000.0,phase2_correction
2023-05-19,508058.SH,中金厦门安居REIT,B,2.764,2444605,0.11903150066,0.043064942351664255,2.7151,3.0773,1.5913942351664256,1.2291942351664256,1382000000.0,phase2_correction
2023-05-22,508058.SH,中金厦门安居REIT,B,2.756,3463561,0.11903150066,0.043189949441219164,2.7132,3.0762,1.6057949441219166,1.2427949441219166,1378000000.0,phase2_correction
2023-05-23,508058.SH,中金厦门安居REIT,B,2.744,1510394,0.11903150066,0.043378826771137025,2.6962,3.0687,1.6416826771137023,1.2691826771137023,1372000000.0,phase2_correction
2023-05-24,508058.SH,中金厦门安居REIT,B,2.723,2362770,0.11903150066,0.04371336785163423,2.7037,3.0723,1.6676367851634235,1.2990367851634237,1361500000.0,phase2_correction
2023-05-25,508058.SH,中金厦门安居REIT,B,2.714,674341,0.11903150066,0.043858327435519526,2.7065,3.0773,1.679332743551952,1.308532743551952,1357000000.0,phase2_correction
2023-05-26,508058.SH,中金厦门安居REIT,B,2.697,1947461,0.11903150066,0.04413477962921765,2.7205,3.0913,1.692977962921765,1.322177962921765,1348500000.0,phase2_correction
2023-05-29,508058.SH,中金厦门安居REIT,B,2.705,372074,0.11903150066,0.04400425163031423,2.695,3.0839,1.7054251630314234,1.3165251630314234,1352500000.0,phase2_correction
2023-05-30,508058.SH,中金厦门安居REIT,B,2.692,640025,0.11903150066,0.0442167535884101,2.7,3.0839,1.7216753588410105,1.3377753588410108,1346000000.0,phase2_correction
2023-05-31,508058.SH,中金厦门安居REIT,B,2.673,407347,0.11903150066,0.044531051500187054,2.685,3.0733,1.7681051500187057,1.3798051500187056,1336500000.0,phase2_correction
2023-06-01,508058.SH,中金厦门安居REIT,B,2.648,2104114,0.11903150066,0.04495147305891238,2.6825,3.0694,1.8126473058912378,1.425747305891238,1324000000.0,phase2_correction
2023-06-02,508058.SH,中金厦门安居REIT,B,2.631,1784591,0.11903150066,0.045241923473964274,2.6951,3.0784,1.8290923473964273,1.4457923473964276,1315500000.0,phase2_correction
2023-06-05,508058.SH,中金厦门安居REIT,B,2.561,2358952,0.11903150066,0.046478524271768844,2.6926,3.079,1.9552524271768843,1.5688524271768842,1280500000.0,phase2_correction
2023-06-06,508058.SH,中金厦门安居REIT,B,2.561,1215123,0.11903150066,0.046478524271768844,2.6826,3.0716,1.9652524271768845,1.5762524271768843,1280500000.0,phase2_correction
2023-06-07,508058.SH,中金厦门安居REIT,B,2.58,5596398,0.11903150066,0.04613624056589147,2.6827,3.0645,1.9309240565891463,1.5491240565891466,1290000000.0,phase2_correction
2023-06-08,508058.SH,中金厦门安居REIT,B,2.614,2823480,0.11903150066,0.04553615174445295,2.6822,3.0651,1.8714151744452945,1.4885151744452942,1307000000.0,phase2_correction
2023-06-09,508058.SH,中金厦门安居REIT,B,2.6,2211539,0.11903150066,0.045781346407692304,2.6703,3.044,1.90783464076923,1.53413464076923,1300000000.0,phase2_correction
2023-06-12,508058.SH,中金厦门安居REIT,B,2.588,2208815,0.11903150066,0.04599362467542504,2.6704,3.0391,1.9289624675425037,1.5602624675425036,1294000000.0,phase2_correction
2023-06-13,508058.SH,中金厦门安居REIT,B,2.558,1905157,0.11903150066,0.04653303387802971,2.6227,3.0064,2.0306033878029712,1.646903387802971,1278999999.9999998,phase2_correction
2023-06-14,508058.SH,中金厦门安居REIT,B,2.546,3079075,0.11903150066,0.046752356897093485,2.6178,2.9963,2.057435689709348,1.678935689709348,1272999999.9999998,phase2_correction
2023-06-15,508058.SH,中金厦门安居REIT,B,2.562,2656584,0.11903150066,0.04646038277127244,2.6482,3.0267,1.9978382771272445,1.6193382771272447,1280999999.9999998,phase2_correction
2023-06-16,508058.SH,中金厦门安居REIT,B,2.577,1735111,0.11903150066,0.04618994980985642,2.6626,3.0419,1.956394980985642,1.5770949809856418,1288500000.0,phase2_correction
2023-06-19,508058.SH,中金厦门安居REIT,B,2.57,1495971,0.11903150066,0.046315759011673154,2.6876,3.0619,1.9439759011673154,1.5696759011673156,1284999999.9999998,phase2_correction
2023-06-20,508058.SH,中金厦门安居REIT,B,2.572,1295603,0.11903150066,0.04627974364696734,2.6751,3.0444,1.9528743646967341,1.5835743646967342,1286000000.0,phase2_correction
2023-06-21,508058.SH,中金厦门安居REIT,B,2.586,731428,0.11903150066,0.04602919592420727,2.6701,3.042,1.9328195924207265,1.5609195924207269,1292999999.9999998,phase2_correction
2023-06-26,508058.SH,中金厦门安居REIT,B,2.565,461744,0.11903150066,0.04640604314230019,2.6677,3.0346,1.9729043142300196,1.6060043142300193,1282500000.0,phase2_correction
2023-06-27,508058.SH,中金厦门安居REIT,B,2.558,1748650,0.11903150066,0.04653303387802971,2.6676,3.0295,1.985703387802971,1.6238033878029712,1278999999.9999998,phase2_correction
2023-06-28,508058.SH,中金厦门安居REIT,B,2.55,4286394,0.11903150066,0.04667901986666667,2.6651,3.0271,2.0028019866666673,1.6408019866666672,1274999999.9999998,phase2_correction
2023-06-29,508058.SH,中金厦门安居REIT,B,2.546,3011557,0.11903150066,0.046752356897093485,2.6526,3.0171,2.022635689709348,1.658135689709348,1272999999.9999998,phase2_correction
2023-06-30,508058.SH,中金厦门安居REIT,B,2.538,5045786,0.11903150066,0.04689972445232467,2.6351,3.0072,2.054872445232467,1.6827724452324668,1268999999.9999998,phase2_correction
2023-07-03,508058.SH,中金厦门安居REIT,B,2.527,4895753,0.11903150066,0.04710387837752275,2.6402,3.0133,2.0701878377522753,1.6970878377522753,1263500000.0,phase2_correction
2023-07-04,508058.SH,中金厦门安居REIT,B,2.507,2557567,0.11903150066,0.04747965722377343,2.6477,3.0225,2.1002657223773435,1.7254657223773435,1253500000.0,phase2_correction
2023-07-05,508058.SH,中金厦门安居REIT,B,2.498,2250497,0.11903150066,0.04765072084067253,2.6402,3.0176,2.1248720840672535,1.7474720840672537,1249000000.0000002,phase2_correction
2023-07-06,508058.SH,中金厦门安居REIT,B,2.512,8473700,0.11903150066,0.047385151536624204,2.6392,3.018,2.09931515366242,1.7205151536624204,1256000000.0,phase2_correction
2023-07-07,508058.SH,中金厦门安居REIT,B,2.566,9149372,0.11903150066,0.04638795816835542,2.6403,3.013,1.9984958168355424,1.6257958168355424,1282999999.9999998,phase2_correction
2023-07-10,508058.SH,中金厦门安居REIT,B,2.57,4130488,0.11903150066,0.046315759011673154,2.6403,3.0091,1.9912759011673158,1.6224759011673155,1284999999.9999998,phase2_correction
2023-07-11,508058.SH,中金厦门安居REIT,B,2.572,1293220,0.11903150066,0.04627974364696734,2.6353,3.0011,1.9926743646967342,1.626874364696734,1286000000.0,phase2_correction
2023-07-12,508058.SH,中金厦门安居REIT,B,2.569,1366468,0.11903150066,0.04633378772284936,2.6378,3.0011,1.995578772284936,1.632278772284936,1284500000.0,phase2_correction
2023-07-13,508058.SH,中金厦门安居REIT,B,2.597,3026071,0.11903150066,0.04583423206006931,2.6413,3.0084,1.9421232060069311,1.5750232060069314,1298500000.0,phase2_correction
2023-07-14,508058.SH,中金厦门安居REIT,B,2.633,4974153,0.11903150066,0.045207558169388526,2.6444,3.0144,1.8763558169388528,1.5063558169388527,1316500000.0,phase2_correction
2023-07-17,508058.SH,中金厦门安居REIT,B,2.662,7945546,0.11903150066,0.04471506410969196,2.6364,3.0085,1.8351064109691961,1.463006410969196,1331000000.0,phase2_correction
2023-07-18,508058.SH,中金厦门安居REIT,B,2.717,6037622,0.11903150066,0.043809900868605076,2.6234,2.9965,1.7575900868605077,1.3844900868605077,1358500000.0,phase2_correction
2023-07-19,508058.SH,中金厦门安居REIT,B,2.669,6522564,0.11903150066,0.04459778968152866,2.6233,2.9987,1.8364789681528655,1.4610789681528655,1334500000.0,phase2_correction
2023-07-20,508058.SH,中金厦门安居REIT,B,2.637,3049872,0.11903150066,0.04513898394387562,2.6214,2.9967,1.892498394387562,1.5171983943875618,1318500000.0,phase2_correction
2023-07-21,508058.SH,中金厦门安居REIT,B,2.657,4076876,0.11903150066,0.04479920988332706,2.6079,2.9828,1.8720209883327055,1.4971209883327052,1328500000.0,phase2_correction
2023-07-24,508058.SH,中金厦门安居REIT,B,2.673,7505285,0.11903150066,0.044531051500187054,2.5934,2.9588,1.8597051500187058,1.4943051500187057,1336500000.0,phase2_correction
2023-07-25,508058.SH,中金厦门安居REIT,B,2.73,7658701,0.11903150066,0.04360128229304029,2.663,3.0156,1.6971282293040297,1.3445282293040295,1365000000.0,phase2_correction
2023-07-26,508058.SH,中金厦门安居REIT,B,2.734,6700496,0.11903150066,0.043537491097293345,2.643,3.0003,1.7107491097293348,1.3534491097293344,1367000000.0,phase2_correction
2023-07-27,508058.SH,中金厦门安居REIT,B,2.716,4720656,0.11903150066,0.04382603117083947,2.6395,2.9948,1.7431031170839466,1.3878031170839464,1358000000.0,phase2_correction
2023-07-28,508058.SH,中金厦门安居REIT,B,2.742,5642620,0.11903150066,0.043410467053245805,2.6533,3.0061,1.6877467053245803,1.3349467053245805,1371000000.0,phase2_correction
2023-07-31,508058.SH,中金厦门安居REIT,B,2.782,4883077,0.11903150066,0.04278630505391804,2.6597,3.0103,1.6189305053918037,1.2683305053918037,1391000000.0,phase2_correction
2023-08-01,508058.SH,中金厦门安居REIT,B,2.749,8759252,0.11903150066,0.04329992748635867,2.6607,3.0119,1.669292748635867,1.3180927486358671,1374500000.0,phase2_correction
2023-08-02,508058.SH,中金厦门安居REIT,B,2.747,6369514,0.11903150066,0.043331452733891516,2.6525,2.9989,1.6806452733891515,1.3342452733891514,1373500000.0,phase2_correction
2023-08-03,508058.SH,中金厦门安居REIT,B,2.727,4793979,0.11903150066,0.043649248500183355,2.6435,2.9927,1.7214248500183351,1.372224850018335,1363500000.0,phase2_correction
2023-08-04,508058.SH,中金厦门安居REIT,B,2.743,2675920,0.11903150066,0.043394641144732043,2.6469,2.9927,1.6925641144732047,1.3467641144732045,1371500000.0,phase2_correction
2023-08-07,508058.SH,中金厦门安居REIT,B,2.75,4142351,0.11903150066,0.04328418205818182,2.6462,2.9904,1.6822182058181823,1.338018205818182,1375000000.0,phase2_correction
2023-08-08,508058.SH,中金厦门安居REIT,B,2.758,15406665,0.11903150066,0.04315862968092821,2.6454,2.9879,1.6704629680928211,1.3279629680928213,1379000000.0,phase2_correction
2023-08-09,508058.SH,中金厦门安居REIT,B,2.783,5424718,0.11903150066,0.04277093088753144,2.6461,2.9896,1.630993088753144,1.2874930887531444,1391500000.0,phase2_correction
2023-08-10,508058.SH,中金厦门安居REIT,B,2.808,7323041,0.11903150066,0.042390135562678066,2.6475,2.992,1.5915135562678069,1.2470135562678069,1404000000.0,phase2_correction
2023-08-11,508058.SH,中金厦门安居REIT,B,2.8,9164621,0.11903150066,0.04251125023571429,2.6381,2.985,1.6130250235714292,1.2661250235714294,1400000000.0,phase2_correction
2023-08-14,508058.SH,中金厦门安居REIT,B,2.797,4565564,0.11903150066,0.042556846857347154,2.6212,2.971,1.6344846857347157,1.2846846857347156,1398500000.0,phase2_correction
2023-08-15,508058.SH,中金厦门安居REIT,B,2.825,9479567,0.11903150066,0.042135044481415924,2.5759,2.9342,1.6376044481415928,1.2793044481415925,1412500000.0,phase2_correction
2023-08-16,508058.SH,中金厦门安居REIT,B,2.816,2390348,0.11903150066,0.04226970904119318,2.5649,2.9259,1.6620709041193185,1.3010709041193187,1408000000.0,phase2_correction
2023-08-17,508058.SH,中金厦门安居REIT,B,2.804,7251668,0.11903150066,0.04245060651212554,2.5678,2.9285,1.6772606512125536,1.3165606512125536,1402000000.0,phase2_correction
2023-08-18,508058.SH,中金厦门安居REIT,B,2.811,8033678,0.11903150066,0.042344895289932405,2.5639,2.9225,1.6705895289932404,1.3119895289932404,1405500000.0,phase2_correction
2023-08-21,508058.SH,中金厦门安居REIT,B,2.808,4035840,0.11903150066,0.042390135562678066,2.5403,2.8894,1.698713556267807,1.3496135562678067,1404000000.0,phase2_correction
2023-08-22,508058.SH,中金厦门安居REIT,B,2.787,2477014,0.11903150066,0.042709544549695014,2.5564,2.8938,1.7145544549695018,1.3771544549695016,1393500000.0,phase2_correction
2023-08-23,508058.SH,中金厦门安居REIT,B,2.771,5344080,0.11903150066,0.04295615325153374,2.5535,2.8834,1.742115325153374,1.4122153251533742,1385500000.0,phase2_correction
2023-08-24,508058.SH,中金厦门安居REIT,B,2.769,5241524,0.11903150066,0.04298717972553268,2.5543,2.8812,1.744417972553268,1.4175179725532678,1384500000.0,phase2_correction
2023-08-25,508058.SH,中金厦门安居REIT,B,2.787,6635775,0.11903150066,0.042709544549695014,2.5702,2.8877,1.700754454969502,1.3832544549695016,1393500000.0,phase2_correction
2023-08-28,508058.SH,中金厦门安居REIT,B,2.798,4329160,0.11903150066,0.04254163711937098,2.5837,2.8955,1.670463711937098,1.3586637119370977,1399000000.0,phase2_correction
2023-08-29,508058.SH,中金厦门安居REIT,B,2.789,4167620,0.11903150066,0.04267891741125851,2.57,2.9006,1.6978917411258512,1.3672917411258512,1394500000.0,phase2_correction
2023-08-30,508058.SH,中金厦门安居REIT,B,2.774,6847129,0.11903150066,0.04290969742609949,2.56,2.9026,1.730969742609949,1.388369742609949,1387000000.0,phase2_correction
2023-08-31,508058.SH,中金厦门安居REIT,B,2.771,7899674,0.11903150066,0.04295615325153374,2.5575,2.9027,1.738115325153374,1.3929153251533744,1385500000.0,phase2_correction
2023-09-01,508058.SH,中金厦门安居REIT,B,2.765,5145630,0.11903150066,0.043049367327305604,2.585,2.928,1.7199367327305604,1.3769367327305604,1382500000.0,phase2_correction
2023-09-04,508058.SH,中金厦门安居REIT,B,2.768,4673049,0.11903150066,0.04300270977601156,2.6124,2.9611,1.6878709776011558,1.3391709776011558,1384000000.0,phase2_correction
2023-09-05,508058.SH,中金厦门安居REIT,B,2.715,3825304,0.11903150066,0.043842173355432786,2.615,2.9666,1.7692173355432788,1.4176173355432788,1357500000.0,phase2_correction
2023-09-06,508058.SH,中金厦门安居REIT,B,2.708,3730688,0.11903150066,0.04395550245937961,2.6375,2.9869,1.7580502459379606,1.4086502459379608,1354000000.0,phase2_correction
2023-09-07,508058.SH,中金厦门安居REIT,B,2.71,2736964,0.11903150066,0.043923062974169744,2.635,2.9834,1.7573062974169744,1.4089062974169742,1355000000.0,phase2_correction
2023-09-08,508058.SH,中金厦门安居REIT,B,2.717,7431599,0.11903150066,0.043809900868605076,2.6375,2.9849,1.7434900868605077,1.3960900868605077,1358500000.0,phase2_correction
2023-09-11,508058.SH,中金厦门安居REIT,B,2.722,6085331,0.11903150066,0.04372942713445996,2.63,2.983,1.7429427134459958,1.3899427134459956,1361000000.0,phase2_correction
2023-09-12,508058.SH,中金厦门安居REIT,B,2.714,5388965,0.11903150066,0.043858327435519526,2.623,2.9824,1.762832743551952,1.403432743551952,1357000000.0,phase2_correction
2023-09-13,508058.SH,中金厦门安居REIT,B,2.715,3228071,0.11903150066,0.043842173355432786,2.615,2.9732,1.7692173355432788,1.4110173355432791,1357500000.0,phase2_correction
2023-09-14,508058.SH,中金厦门安居REIT,B,2.715,3058860,0.11903150066,0.043842173355432786,2.6075,2.9545,1.776717335543279,1.429717335543279,1357500000.0,phase2_correction
2023-09-15,508058.SH,中金厦门安居REIT,B,2.705,4822399,0.11903150066,0.04400425163031423,2.64,2.984,1.7604251630314232,1.4164251630314233,1352500000.0,phase2_correction
2023-09-18,508058.SH,中金厦门安居REIT,B,2.695,7277441,0.11903150066,0.04416753271243043,2.65,2.9841,1.7667532712430432,1.4326532712430429,1347500000.0,phase2_correction
2023-09-19,508058.SH,中金厦门安居REIT,B,2.689,3426680,0.11903150066,0.0442660842915582,2.6625,2.9895,1.76410842915582,1.43710842915582,1344500000.0,phase2_correction
2023-09-20,508058.SH,中金厦门安居REIT,B,2.687,3186059,0.11903150066,0.044299032623743954,2.665,2.9919,1.7649032623743954,1.4380032623743957,1343500000.0,phase2_correction
2023-09-21,508058.SH,中金厦门安居REIT,B,2.689,1984862,0.11903150066,0.0442660842915582,2.6576,2.984,1.7690084291558201,1.44260842915582,1344500000.0,phase2_correction
2023-09-22,508058.SH,中金厦门安居REIT,B,2.681,3572798,0.11903150066,0.04439817256993659,2.6776,2.9971,1.762217256993659,1.4427172569936588,1340500000.0,phase2_correction
2023-09-25,508058.SH,中金厦门安居REIT,B,2.681,2912701,0.11903150066,0.04439817256993659,2.6976,3.0119,1.742217256993659,1.4279172569936591,1340500000.0,phase2_correction
2023-09-26,508058.SH,中金厦门安居REIT,B,2.68,2313438,0.11903150066,0.044414739052238805,2.6951,3.0068,1.74637390522388,1.43467390522388,1340000000.0,phase2_correction
2023-09-27,508058.SH,中金厦门安居REIT,B,2.691,1712139,0.11903150066,0.04423318493496842,2.6877,3.007,1.7356184934968417,1.4163184934968416,1345500000.0,phase2_correction
2023-09-28,508058.SH,中金厦门安居REIT,B,2.716,3078981,0.11903150066,0.04382603117083947,2.6751,3.0022,1.7075031170839465,1.3804031170839464,1358000000.0,phase2_correction
2023-10-09,508058.SH,中金厦门安居REIT,B,2.715,2198003,0.11903150066,0.043842173355432786,2.6702,2.999,1.714017335543279,1.3852173355432789,1357500000.0,phase2_correction
2023-10-10,508058.SH,中金厦门安居REIT,B,2.715,1394067,0.11903150066,0.043842173355432786,2.6811,3.0019,1.7031173355432792,1.382317335543279,1357500000.0,phase2_correction
2023-10-11,508058.SH,中金厦门安居REIT,B,2.709,1603473,0.11903150066,0.04393927672942045,2.6976,3.0153,1.696327672942045,1.378627672942045,1354500000.0,phase2_correction
2023-10-12,508058.SH,中金厦门安居REIT,B,2.714,2667907,0.11903150066,0.043858327435519526,2.6911,3.0139,1.6947327435519521,1.3719327435519522,1357000000.0,phase2_correction
2023-10-13,508058.SH,中金厦门安居REIT,B,2.697,2048941,0.11903150066,0.04413477962921765,2.6702,2.9952,1.743277962921765,1.4182779629217648,1348500000.0,phase2_correction
2023-10-16,508058.SH,中金厦门安居REIT,B,2.685,2562690,0.11903150066,0.04433203004096834,2.6777,2.9997,1.7555030040968336,1.433503004096834,1342500000.0,phase2_correction
2023-10-17,508058.SH,中金厦门安居REIT,B,2.681,4495257,0.11903150066,0.04439817256993659,2.6882,3.0021,1.7516172569936588,1.437717256993659,1340500000.0,phase2_correction
2023-10-18,508058.SH,中金厦门安居REIT,B,2.658,4106586,0.11903150066,0.044782355402558316,2.7052,3.0021,1.7730355402558318,1.4761355402558318,1329000000.0,phase2_correction
2023-10-19,508058.SH,中金厦门安居REIT,B,2.642,3381882,0.11903150066,0.04505355816048448,2.7177,3.0077,1.7876558160484484,1.4976558160484483,1321000000.0,phase2_correction
2023-10-20,508058.SH,中金厦门安居REIT,B,2.59,2165594,0.11903150066,0.04595810836293437,2.7052,2.9962,1.8906108362934364,1.5996108362934365,1295000000.0,phase2_correction
2023-10-23,508058.SH,中金厦门安居REIT,B,2.539,2396597,0.11903150066,0.04688125272154391,2.7047,2.9903,1.983425272154391,1.697825272154391,1269500000.0000002,phase2_correction
2023-10-24,508058.SH,中金厦门安居REIT,B,2.591,2904434,0.11903150066,0.04594037076804322,2.7177,2.9978,1.8763370768043224,1.5962370768043224,1295500000.0000002,phase2_correction
2023-10-25,508058.SH,中金厦门安居REIT,B,2.609,3361438,0.11903150066,0.045623419187428134,2.7052,3.0004,1.8571419187428133,1.5619419187428134,1304500000.0,phase2_correction
2023-10-26,508058.SH,中金厦门安居REIT,B,2.611,3152204,0.11903150066,0.04558847210264266,2.7152,3.0054,1.8436472102642667,1.5534472102642667,1305500000.0000002,phase2_correction
2023-10-27,508058.SH,中金厦门安居REIT,B,2.61,1852688,0.11903150066,0.04560593895019157,2.7133,3.0104,1.8472938950191575,1.5501938950191572,1305000000.0,phase2_correction
2023-10-30,508058.SH,中金厦门安居REIT,B,2.598,3135742,0.11903150066,0.045816589938414164,2.7141,3.0106,1.867558993841416,1.5710589938414161,1299000000.0,phase2_correction
2023-10-31,508058.SH,中金厦门安居REIT,B,2.593,1596355,0.11903150066,0.045904936621673734,2.6938,2.9956,1.8966936621673738,1.5948936621673737,1296500000.0,phase2_correction
2023-11-01,508058.SH,中金厦门安居REIT,B,2.582,2002096,0.11903150066,0.046100503741285825,2.6853,2.9911,1.9247503741285827,1.6189503741285827,1290999999.9999998,phase2_correction
2023-11-02,508058.SH,中金厦门安居REIT,B,2.572,2834686,0.11903150066,0.04627974364696734,2.6553,2.9666,1.9726743646967342,1.661374364696734,1286000000.0,phase2_correction
2023-11-03,508058.SH,中金厦门安居REIT,B,2.554,3528877,0.11903150066,0.046605912552858265,2.6613,2.9727,1.9992912552858262,1.6878912552858263,1276999999.9999998,phase2_correction
2023-11-06,508058.SH,中金厦门安居REIT,B,2.576,3491025,0.11903150066,0.04620788069099379,2.6554,2.9683,1.9653880690993786,1.6524880690993786,1288000000.0,phase2_correction
2023-11-07,508058.SH,中金厦门安居REIT,B,2.574,3494186,0.11903150066,0.04624378425019425,2.6632,2.9718,1.9611784250194253,1.652578425019425,1286999999.9999998,phase2_correction
2023-11-08,508058.SH,中金厦门安居REIT,B,2.628,4584872,0.11903150066,0.045293569505327244,2.6464,2.9583,1.8829569505327246,1.5710569505327245,1314000000.0,phase2_correction
2023-11-09,508058.SH,中金厦门安居REIT,B,2.661,4482070,0.11903150066,0.044731867966929725,2.6494,2.9584,1.8237867966929722,1.514786796692972,1330500000.0,phase2_correction
2023-11-10,508058.SH,中金厦门安居REIT,B,2.642,2674448,0.11903150066,0.04505355816048448,2.6444,2.9459,1.860955816048448,1.5594558160484482,1321000000.0,phase2_correction
2023-11-13,508058.SH,中金厦门安居REIT,B,2.64,2200110,0.11903150066,0.04508768964393939,2.6454,2.9385,1.8633689643939388,1.570268964393939,1320000000.0,phase2_correction
2023-11-14,508058.SH,中金厦门安居REIT,B,2.66,3034469,0.11903150066,0.04474868445864661,2.6573,2.9439,1.8175684458646613,1.5309684458646613,1330000000.0,phase2_correction
2023-11-15,508058.SH,中金厦门安居REIT,B,2.66,2141988,0.11903150066,0.04474868445864661,2.6633,2.9485,1.8115684458646615,1.5263684458646614,1330000000.0,phase2_correction
2023-11-16,508058.SH,中金厦门安居REIT,B,2.652,1321792,0.11903150066,0.044883672948717944,2.6558,2.944,1.8325672948717946,1.5443672948717948,1326000000.0,phase2_correction
2023-11-17,508058.SH,中金厦门安居REIT,B,2.657,2505402,0.11903150066,0.04479920988332706,2.6524,2.9336,1.8275209883327053,1.5463209883327051,1328500000.0,phase2_correction
2023-11-20,508058.SH,中金厦门安居REIT,B,2.661,3254219,0.11903150066,0.044731867966929725,2.6584,2.9321,1.8147867966929723,1.541086796692972,1330500000.0,phase2_correction
2023-11-21,508058.SH,中金厦门安居REIT,B,2.662,3893972,0.11903150066,0.04471506410969196,2.6684,2.9388,1.803106410969196,1.5327064109691961,1331000000.0,phase2_correction
2023-11-22,508058.SH,中金厦门安居REIT,B,2.656,2929141,0.11903150066,0.04481607705572289,2.6823,2.9538,1.7993077055722888,1.5278077055722887,1328000000.0,phase2_correction
2023-11-23,508058.SH,中金厦门安居REIT,B,2.652,3595224,0.11903150066,0.044883672948717944,2.7023,2.9704,1.7860672948717946,1.5179672948717946,1326000000.0,phase2_correction
2023-11-24,508058.SH,中金厦门安居REIT,B,2.651,4004957,0.11903150066,0.04490060379479442,2.7053,2.9684,1.7847603794794424,1.5216603794794423,1325500000.0,phase2_correction
2023-11-27,508058.SH,中金厦门安居REIT,B,2.593,3306562,0.11903150066,0.045904936621673734,2.7108,2.9745,1.8796936621673739,1.6159936621673738,1296500000.0,phase2_correction
2023-11-28,508058.SH,中金厦门安居REIT,B,2.602,4033554,0.11903150066,0.04574615705611069,2.6898,2.954,1.8848157056110688,1.6206157056110686,1301000000.0,phase2_correction
2023-11-29,508058.SH,中金厦门安居REIT,B,2.594,3614920,0.11903150066,0.045887240038550506,2.6826,2.9525,1.9061240038550507,1.6362240038550504,1297000000.0,phase2_correction
2023-11-30,508058.SH,中金厦门安居REIT,B,2.598,6499482,0.11903150066,0.045816589938414164,2.668,2.9405,1.9136589938414161,1.6411589938414162,1299000000.0,phase2_correction
2023-12-01,508058.SH,中金厦门安居REIT,B,2.592,2730083,0.11903150066,0.0459226468595679,2.6625,2.9445,1.92976468595679,1.64776468595679,1296000000.0,phase2_correction
2023-12-04,508058.SH,中金厦门安居REIT,B,2.598,6946481,0.11903150066,0.045816589938414164,2.6725,2.9537,1.9091589938414164,1.6279589938414163,1299000000.0,phase2_correction
2023-12-05,508058.SH,中金厦门安居REIT,B,2.597,4150295,0.11903150066,0.04583423206006931,2.665,2.9487,1.9184232060069313,1.6347232060069312,1298500000.0,phase2_correction
2023-12-06,508058.SH,中金厦门安居REIT,B,2.59,3840298,0.11903150066,0.04595810836293437,2.6725,2.9517,1.9233108362934366,1.6441108362934362,1295000000.0,phase2_correction
2023-12-07,508058.SH,中金厦门安居REIT,B,2.551,3381584,0.11903150066,0.04666072154449235,2.664,2.9457,2.0020721544492344,1.7203721544492345,1275500000.0000002,phase2_correction
2023-12-08,508058.SH,中金厦门安居REIT,B,2.503,4033741,0.11903150066,0.047555533623651614,2.6636,2.9428,2.0919533623651607,1.8127533623651608,1251500000.0,phase2_correction
2023-12-11,508058.SH,中金厦门安居REIT,B,2.504,5073343,0.11903150066,0.0475365417971246,2.644,2.9288,2.10965417971246,1.8248541797124602,1252000000.0,phase2_correction
2023-12-12,508058.SH,中金厦门安居REIT,B,2.522,3148377,0.11903150066,0.04719726433782712,2.6375,2.9293,2.0822264337827123,1.7904264337827125,1260999999.9999998,phase2_correction
2023-12-13,508058.SH,中金厦门安居REIT,B,2.53,3043348,0.11903150066,0.04704802397628459,2.6226,2.9148,2.082202397628459,1.790002397628459,1264999999.9999998,phase2_correction
2023-12-14,508058.SH,中金厦门安居REIT,B,2.527,3402384,0.11903150066,0.04710387837752275,2.6376,2.9219,2.0727878377522755,1.7884878377522755,1263500000.0,phase2_correction
2023-12-15,508058.SH,中金厦门安居REIT,B,2.51,4801662,0.11903150066,0.04742290862948208,2.6227,2.9039,2.1195908629482076,1.8383908629482075,1254999999.9999998,phase2_correction
2023-12-18,508058.SH,中金厦门安居REIT,B,2.511,3512506,0.11903150066,0.04740402256471525,2.6126,2.8869,2.1278022564715253,1.8535022564715256,1255500000.0,phase2_correction
2023-12-19,508058.SH,中金厦门安居REIT,B,2.506,3029928,0.11903150066,0.04749860361532323,2.6191,2.892,2.130760361532323,1.8578603615323233,1252999999.9999998,phase2_correction
2023-12-20,508058.SH,中金厦门安居REIT,B,2.512,2046462,0.11903150066,0.047385151536624204,2.6222,2.8849,2.1163151536624203,1.8536151536624201,1256000000.0,phase2_correction
2023-12-21,508058.SH,中金厦门安居REIT,B,2.558,6398543,0.11903150066,0.04653303387802971,2.5901,2.8492,2.063203387802971,1.804103387802971,1278999999.9999998,phase2_correction
2023-12-22,508058.SH,中金厦门安居REIT,B,2.579,8782450,0.11903150066,0.04615412976347421,2.5877,2.8341,2.027712976347421,1.781312976347421,1289500000.0000002,phase2_correction
2023-12-25,508058.SH,中金厦门安居REIT,B,2.592,2456460,0.11903150066,0.0459226468595679,2.5678,2.8077,2.02446468595679,1.78456468595679,1296000000.0,phase2_correction
2023-12-26,508058.SH,中金厦门安居REIT,B,2.589,7743375,0.11903150066,0.04597585966010043,2.5804,2.8267,2.017185966010042,1.770885966010042,1294500000.0,phase2_correction
2023-12-27,508058.SH,中金厦门安居REIT,B,2.58,3789203,0.11903150066,0.04613624056589147,2.5577,2.8167,2.0559240565891463,1.7969240565891464,1290000000.0,phase2_correction
2023-12-28,508058.SH,中金厦门安居REIT,B,2.6,2418977,0.11903150066,0.045781346407692304,2.5694,2.8288,2.00873464076923,1.7493346407692298,1300000000.0,phase2_correction
2023-12-29,508058.SH,中金厦门安居REIT,B,2.625,2030502,0.11903150066,0.04534533358476191,2.5553,2.8269,1.9792333584761908,1.7076333584761905,1312500000.0,phase2_correction
2024-01-02,508058.SH,中金厦门安居REIT,B,2.589,2978381,0.11903150066,0.04597585966010043,2.5601,2.8422,2.0374859660100424,1.7553859660100422,1294500000.0,phase2_correction
2024-01-03,508058.SH,中金厦门安居REIT,B,2.586,4091805,0.11903150066,0.04602919592420727,2.5531,2.8402,2.0498195924207265,1.7627195924207268,1292999999.9999998,phase2_correction
2024-01-04,508058.SH,中金厦门安居REIT,B,2.553,1806865,0.11903150066,0.04662416790442617,2.5368,2.817,2.1256167904426166,1.8454167904426164,1276500000.0,phase2_correction
2024-01-05,508058.SH,中金厦门安居REIT,B,2.562,5457717,0.11903150066,0.04646038277127244,2.5175,2.8043,2.1285382771272445,1.8417382771272446,1280999999.9999998,phase2_correction
2024-01-08,508058.SH,中金厦门安居REIT,B,2.562,3386244,0.11903150066,0.04646038277127244,2.5136,2.802,2.1324382771272448,1.8440382771272446,1280999999.9999998,phase2_correction
2024-01-09,508058.SH,中金厦门安居REIT,B,2.499,3900366,0.11903150066,0.04763165292517006,2.4862,2.7693,2.276965292517006,1.9938652925170062,1249500000.0,phase2_correction
2024-01-10,508058.SH,中金厦门安居REIT,B,2.46,6595446,0.11903150066,0.04838678888617886,2.4982,2.7758,2.3404788886178856,2.062878888617886,1230000000.0,phase2_correction
2024-01-11,508058.SH,中金厦门安居REIT,B,2.447,5511216,0.11903150066,0.04864384988148753,2.4992,2.7769,2.365184988148753,2.0874849881487534,1223500000.0,phase2_correction
2024-01-12,508058.SH,中金厦门安居REIT,B,2.417,3983923,0.11903150066,0.049247621290856435,2.5172,2.793,2.407562129085644,2.1317621290856437,1208499999.9999998,phase2_correction
2024-01-15,508058.SH,中金厦门安居REIT,B,2.43,4811818,0.11903150066,0.04898415665020576,2.5212,2.7856,2.3772156650205756,2.1128156650205754,1215000000.0000002,phase2_correction
2024-01-16,508058.SH,中金厦门安居REIT,B,2.46,5562344,0.11903150066,0.04838678888617886,2.5252,2.7897,2.313478888617886,2.048978888617886,1230000000.0,phase2_correction
2024-01-17,508058.SH,中金厦门安居REIT,B,2.495,7309610,0.11903150066,0.047708016296593186,2.5077,2.7747,2.263101629659319,1.9961016296593188,1247500000.0,phase2_correction
2024-01-18,508058.SH,中金厦门安居REIT,B,2.479,4051278,0.11903150066,0.04801593411052844,2.5092,2.7732,2.292393411052844,2.0283934110528437,1239500000.0,phase2_correction
2024-01-19,508058.SH,中金厦门安居REIT,B,2.499,6377074,0.11903150066,0.04763165292517006,2.5027,2.7583,2.260465292517006,2.004865292517006,1249500000.0,phase2_correction
2024-01-22,508058.SH,中金厦门安居REIT,B,2.493,5316940,0.11903150066,0.047746289875651826,2.4922,2.7224,2.2824289875651824,2.0522289875651825,1246500000.0,phase2_correction
2024-01-23,508058.SH,中金厦门安居REIT,B,2.493,5283414,0.11903150066,0.047746289875651826,2.5042,2.7327,2.2704289875651824,2.0419289875651825,1246500000.0,phase2_correction
2024-01-24,508058.SH,中金厦门安居REIT,B,2.498,5666980,0.11903150066,0.04765072084067253,2.5042,2.738,2.2608720840672536,2.0270720840672536,1249000000.0000002,phase2_correction
2024-01-25,508058.SH,中金厦门安居REIT,B,2.521,7623350,0.11903150066,0.04721598598175327,2.4984,2.7321,2.223198598175327,1.9894985981753273,1260500000.0,phase2_correction
2024-01-26,508058.SH,中金厦门安居REIT,B,2.516,4622254,0.11903150066,0.047309817432432434,2.4994,2.7331,2.2315817432432437,1.9978817432432439,1258000000.0,phase2_correction
2024-01-29,508058.SH,中金厦门安居REIT,B,2.517,4368960,0.11903150066,0.047291021319030596,2.494,2.7272,2.235102131903059,2.0019021319030594,1258500000.0,phase2_correction
2024-01-30,508058.SH,中金厦门安居REIT,B,2.507,3843523,0.11903150066,0.04747965722377343,2.4557,2.6831,2.2922657223773433,2.0648657223773434,1253500000.0,phase2_correction
2024-01-31,508058.SH,中金厦门安居REIT,B,2.496,4502966,0.11903150066,0.04768890250801282,2.433,2.6482,2.335890250801282,2.1206902508012817,1248000000.0,phase2_correction
2024-02-01,508058.SH,中金厦门安居REIT,B,2.501,3834406,0.11903150066,0.047593562838864456,2.4354,2.6472,2.3239562838864454,2.112156283886445,1250500000.0,phase3_rational
2024-02-02,508058.SH,中金厦门安居REIT,B,2.516,6533773,0.11903150066,0.047309817432432434,2.4244,2.6353,2.306581743243244,2.0956817432432437,1258000000.0,phase3_rational
2024-02-05,508058.SH,中金厦门安居REIT,B,2.505,5710173,0.11903150066,0.04751756513373254,2.4002,2.5974,2.3515565133732537,2.1543565133732536,1252500000.0,phase3_rational
2024-02-06,508058.SH,中金厦门安居REIT,B,2.516,3658998,0.11903150066,0.047309817432432434,2.4525,2.6579,2.2784817432432436,2.0730817432432436,1258000000.0,phase3_rational
2024-02-07,508058.SH,中金厦门安居REIT,B,2.517,5569208,0.11903150066,0.047291021319030596,2.4153,2.6214,2.3138021319030595,2.1077021319030593,1258500000.0,phase3_rational
2024-02-08,508058.SH,中金厦门安居REIT,B,2.573,10634349,0.11903150066,0.04626175696074621,2.4379,2.6505,2.188275696074621,1.975675696074621,1286500000.0,phase3_rational
2024-02-19,508058.SH,中金厦门安居REIT,B,2.64,10228073,0.11903150066,0.04508768964393939,2.4344,2.627,2.0743689643939387,1.881768964393939,1320000000.0,phase3_rational
2024-02-20,508058.SH,中金厦门安居REIT,B,2.662,5158854,0.11903150066,0.04471506410969196,2.4134,2.6004,2.058106410969196,1.8711064109691962,1331000000.0,phase3_rational
2024-02-21,508058.SH,中金厦门安居REIT,B,2.656,6503545,0.11903150066,0.04481607705572289,2.4119,2.601,2.069707705572289,1.880607705572289,1328000000.0,phase3_rational
2024-02-22,508058.SH,中金厦门安居REIT,B,2.68,5621759,0.11903150066,0.044414739052238805,2.4033,2.591,2.03817390522388,1.85047390522388,1340000000.0,phase3_rational
2024-02-23,508058.SH,中金厦门安居REIT,B,2.695,11454773,0.11903150066,0.04416753271243043,2.4009,2.5809,2.015853271243043,1.8358532712430429,1347500000.0,phase3_rational
2024-02-26,508058.SH,中金厦门安居REIT,B,2.704,13624186,0.11903150066,0.04402052539201183,2.3789,2.54,2.023152539201183,1.8620525392011826,1352000000.0,phase3_rational
2024-02-27,508058.SH,中金厦门安居REIT,B,2.702,8856727,0.11903150066,0.04405310905255366,2.3809,2.5224,2.024410905255366,1.8829109052553656,1351000000.0,phase3_rational
2024-02-28,508058.SH,中金厦门安居REIT,B,2.7,4012516,0.11903150066,0.04408574098518518,2.3376,2.4868,2.0709740985185183,1.9217740985185183,1350000000.0,phase3_rational
2024-02-29,508058.SH,中金厦门安居REIT,B,2.713,5784300,0.11903150066,0.04387449342425359,2.3375,2.4616,2.0499493424253594,1.9258493424253595,1356500000.0,phase3_rational
2024-03-01,508058.SH,中金厦门安居REIT,B,2.741,10461164,0.11903150066,0.043426304509303175,2.3675,2.4915,1.9751304509303176,1.851130450930318,1370500000.0,phase3_rational
2024-03-04,508058.SH,中金厦门安居REIT,B,2.81,11191784,0.11903150066,0.04235996464768683,2.3475,2.4738,1.888496464768683,1.762196464768683,1405000000.0,phase3_rational
2024-03-05,508058.SH,中金厦门安居REIT,B,2.79,9226650,0.11903150066,0.04266362030824373,2.3169,2.4794,1.9494620308243733,1.7869620308243732,1395000000.0,phase3_rational
2024-03-06,508058.SH,中金厦门安居REIT,B,2.776,5879810,0.11903150066,0.042878782658501445,2.265,2.4274,2.0228782658501445,1.8604782658501446,1388000000.0,phase3_rational
2024-03-07,508058.SH,中金厦门安居REIT,B,2.769,6052339,0.11903150066,0.04298717972553268,2.2776,2.431,2.021117972553268,1.867717972553268,1384500000.0,phase3_rational
2024-03-08,508058.SH,中金厦门安居REIT,B,2.767,7852635,0.11903150066,0.04301825105168052,2.2825,2.4335,2.019325105168052,1.868325105168052,1383500000.0,phase3_rational
2024-03-11,508058.SH,中金厦门安居REIT,B,2.772,3637320,0.11903150066,0.04294065680375181,2.305,2.4766,1.9890656803751807,1.817465680375181,1386000000.0,phase3_rational
2024-03-12,508058.SH,中金厦门安居REIT,B,2.768,3586767,0.11903150066,0.04300270977601156,2.3476,2.5415,1.952670977601156,1.7587709776011557,1384000000.0,phase3_rational
2024-03-13,508058.SH,中金厦门安居REIT,B,2.754,3352737,0.11903150066,0.04322131469135802,2.3326,2.5313,1.9895314691358021,1.790831469135802,1377000000.0,phase3_rational
2024-03-14,508058.SH,中金厦门安居REIT,B,2.747,2151498,0.11903150066,0.043331452733891516,2.3425,2.5343,1.9906452733891515,1.7988452733891513,1373500000.0,phase3_rational
2024-03-15,508058.SH,中金厦门安居REIT,B,2.75,3547652,0.11903150066,0.04328418205818182,2.32,2.5094,2.0084182058181823,1.8190182058181823,1375000000.0,phase3_rational
2024-03-18,508058.SH,中金厦门安居REIT,B,2.751,3088474,0.11903150066,0.043268448077062885,2.2926,2.4857,2.0342448077062887,1.8411448077062889,1375500000.0,phase3_rational
2024-03-19,508058.SH,中金厦门安居REIT,B,2.724,3572761,0.11903150066,0.04369732035976505,2.2801,2.4485,2.0896320359765053,1.9212320359765052,1362000000.0,phase3_rational
2024-03-20,508058.SH,中金厦门安居REIT,B,2.699,4293580,0.11903150066,0.04410207508706929,2.2951,2.466,2.1151075087069287,1.9442075087069286,1349500000.0,phase3_rational
2024-03-21,508058.SH,中金厦门安居REIT,B,2.68,5401711,0.11903150066,0.044414739052238805,2.2851,2.4615,2.15637390522388,1.97997390522388,1340000000.0,phase3_rational
2024-03-22,508058.SH,中金厦门安居REIT,B,2.637,5703182,0.11903150066,0.04513898394387562,2.3051,2.4832,2.208798394387562,2.030698394387562,1318500000.0,phase3_rational
2024-03-25,508058.SH,中金厦门安居REIT,B,2.634,4556376,0.11903150066,0.04519039508731967,2.3151,2.4962,2.203939508731967,2.022839508731967,1317000000.0,phase3_rational
2024-03-26,508058.SH,中金厦门安居REIT,B,2.662,4227392,0.11903150066,0.04471506410969196,2.3175,2.4982,2.1540064109691963,1.973306410969196,1331000000.0,phase3_rational
2024-03-27,508058.SH,中金厦门安居REIT,B,2.697,4958844,0.11903150066,0.04413477962921765,2.2876,2.4636,2.125877962921765,1.9498779629217649,1348500000.0,phase3_rational
2024-03-28,508058.SH,中金厦门安居REIT,B,2.699,3661545,0.11903150066,0.04410207508706929,2.3026,2.4664,2.107607508706929,1.9438075087069286,1349500000.0,phase3_rational
2024-03-29,508058.SH,中金厦门安居REIT,B,2.682,1897372,0.11903150066,0.044381618441461594,2.2901,2.4594,2.1480618441461594,1.9787618441461592,1341000000.0,phase3_rational
2024-04-01,508058.SH,中金厦门安居REIT,B,2.684,792751,0.11903150066,0.044348547190760056,2.3082,2.4848,2.1266547190760057,1.9500547190760056,1342000000.0,phase3_rational
2024-04-02,508058.SH,中金厦门安居REIT,B,2.69,9398392,0.11903150066,0.044249628498141264,2.2927,2.475,2.1322628498141265,1.9499628498141264,1345000000.0,phase3_rational
2024-04-03,508058.SH,中金厦门安居REIT,B,2.646,8190757,0.11903150066,0.044985449984882846,2.2837,2.4635,2.2148449984882848,2.035044998488285,1323000000.0,phase3_rational
2024-04-08,508058.SH,中金厦门安居REIT,B,2.656,3184406,0.11903150066,0.04481607705572289,2.2822,2.4656,2.199407705572289,2.016007705572289,1328000000.0,phase3_rational
2024-04-09,508058.SH,中金厦门安居REIT,B,2.676,3298921,0.11903150066,0.044481128796711504,2.2802,2.4637,2.1679128796711504,1.9844128796711504,1338000000.0,phase3_rational
2024-04-10,508058.SH,中金厦门安居REIT,B,2.7,5841985,0.11903150066,0.04408574098518518,2.2972,2.4891,2.1113740985185183,1.9194740985185184,1350000000.0,phase3_rational
2024-04-11,508058.SH,中金厦门安居REIT,B,2.708,3141663,0.11903150066,0.04395550245937961,2.2928,2.4928,2.1027502459379606,1.9027502459379608,1354000000.0,phase3_rational
2024-04-12,508058.SH,中金厦门安居REIT,B,2.708,4954693,0.11903150066,0.04395550245937961,2.2837,2.487,2.1118502459379607,1.9085502459379606,1354000000.0,phase3_rational
2024-04-15,508058.SH,中金厦门安居REIT,B,2.696,3633791,0.11903150066,0.04415115009643916,2.2798,2.4863,2.135315009643916,1.928815009643916,1348000000.0,phase3_rational
2024-04-16,508058.SH,中金厦门安居REIT,B,2.691,2708465,0.11903150066,0.04423318493496842,2.2723,2.4717,2.1510184934968417,1.951618493496842,1345500000.0,phase3_rational
2024-04-17,508058.SH,中金厦门安居REIT,B,2.709,5958892,0.11903150066,0.04393927672942045,2.2608,2.4556,2.1331276729420448,1.9383276729420449,1354500000.0,phase3_rational
2024-04-18,508058.SH,中金厦门安居REIT,B,2.708,2823280,0.11903150066,0.04395550245937961,2.2537,2.4466,2.141850245937961,1.9489502459379606,1354000000.0,phase3_rational
2024-04-19,508058.SH,中金厦门安居REIT,B,2.721,3014561,0.11903150066,0.043745498221242185,2.254,2.4411,2.1205498221242185,1.9334498221242185,1360500000.0,phase3_rational
2024-04-22,508058.SH,中金厦门安居REIT,B,2.769,4412564,0.11903150066,0.04298717972553268,2.2435,2.4341,2.055217972553268,1.864617972553268,1384500000.0,phase3_rational
2024-04-23,508058.SH,中金厦门安居REIT,B,2.795,7502573,0.11903150066,0.04258729898389982,2.226,2.4211,2.0327298983899817,1.8376298983899817,1397500000.0,phase3_rational
2024-04-24,508058.SH,中金厦门安居REIT,B,2.809,9716820,0.11903150066,0.042375044734781056,2.2727,2.4791,1.964804473478106,1.7584044734781061,1404500000.0,phase3_rational
2024-04-25,508058.SH,中金厦门安居REIT,B,2.85,7337784,0.11903150066,0.04176543882807017,2.2612,2.4841,1.9153438828070173,1.6924438828070172,1425000000.0,phase3_rational
2024-04-26,508058.SH,中金厦门安居REIT,B,2.878,5271566,0.11903150066,0.04135910377345378,2.3084,2.5257,1.8275103773453782,1.610210377345378,1439000000.0,phase3_rational
2024-04-29,508058.SH,中金厦门安居REIT,B,2.823,14529881,0.11903150066,0.04216489573503365,2.353,2.5833,1.8634895735033647,1.633189573503365,1411500000.0,phase3_rational
2024-04-30,508058.SH,中金厦门安居REIT,B,2.793,5717067,0.11903150066,0.042617794722520586,2.3028,2.5382,1.9589794722520586,1.7235794722520588,1396500000.0,phase3_rational
2024-05-06,508058.SH,中金厦门安居REIT,B,2.798,3867001,0.11903150066,0.04254163711937098,2.3081,2.5587,1.9460637119370978,1.6954637119370979,1399000000.0,phase3_rational
2024-05-07,508058.SH,中金厦门安居REIT,B,2.83,7589296,0.11903150066,0.042060600939929325,2.2896,2.5413,1.9164600939929324,1.6647600939929323,1415000000.0,phase3_rational
2024-05-08,508058.SH,中金厦门安居REIT,B,2.847,4975823,0.11903150066,0.041809448774148224,2.2955,2.55,1.8854448774148227,1.630944877414823,1423500000.0,phase3_rational
2024-05-09,508058.SH,中金厦门安居REIT,B,2.859,2748922,0.11903150066,0.041633963154949286,2.3186,2.5726,1.8447963154949285,1.5907963154949285,1429500000.0,phase3_rational
2024-05-10,508058.SH,中金厦门安居REIT,B,2.858,3053217,0.11903150066,0.04164853067179846,2.3122,2.5826,1.8526530671798458,1.5822530671798458,1429000000.0,phase3_rational
2024-05-13,508058.SH,中金厦门安居REIT,B,2.859,3066317,0.11903150066,0.041633963154949286,2.29,2.5661,1.8733963154949285,1.5972963154949285,1429500000.0,phase3_rational
2024-05-14,508058.SH,中金厦门安居REIT,B,2.842,5388024,0.11903150066,0.0418830051583392,2.2938,2.5631,1.8945005158339194,1.6252005158339196,1421000000.0,phase3_rational
2024-05-15,508058.SH,中金厦门安居REIT,B,2.847,3776957,0.11903150066,0.041809448774148224,2.302,2.5681,1.8789448774148227,1.612844877414823,1423500000.0,phase3_rational
2024-05-16,508058.SH,中金厦门安居REIT,B,2.848,2556871,0.11903150066,0.04179476849016854,2.3147,2.5811,1.8647768490168541,1.5983768490168542,1424000000.0,phase3_rational
2024-05-17,508058.SH,中金厦门安居REIT,B,2.848,2243159,0.11903150066,0.04179476849016854,2.3077,2.5867,1.8717768490168543,1.5927768490168543,1424000000.0,phase3_rational
2024-05-20,508058.SH,中金厦门安居REIT,B,2.833,5320784,0.11903150066,0.042016060945993645,2.3105,2.5917,1.8911060945993645,1.6099060945993648,1416500000.0,phase3_rational
2024-05-21,508058.SH,中金厦门安居REIT,B,2.832,5063894,0.11903150066,0.042030897125706214,2.3141,2.5927,1.8889897125706216,1.6103897125706217,1416000000.0,phase3_rational
2024-05-22,508058.SH,中金厦门安居REIT,B,2.834,5958769,0.11903150066,0.04200123523641496,2.3123,2.57,1.887823523641496,1.6301235236414962,1417000000.0,phase3_rational
2024-05-23,508058.SH,中金厦门安居REIT,B,2.836,4525206,0.11903150066,0.04197161518335684,2.3063,2.5451,1.8908615183356843,1.652061518335684,1418000000.0,phase3_rational
2024-05-24,508058.SH,中金厦门安居REIT,B,2.836,4550678,0.11903150066,0.04197161518335684,2.3134,2.5515,1.883761518335684,1.6456615183356842,1418000000.0,phase3_rational
2024-05-27,508058.SH,中金厦门安居REIT,B,2.824,3822338,0.11903150066,0.042149964822946175,2.3084,2.5452,1.906596482294618,1.6697964822946179,1412000000.0,phase3_rational
2024-05-28,508058.SH,中金厦门安居REIT,B,2.821,4722165,0.11903150066,0.04219478931584544,2.2994,2.5302,1.9200789315845443,1.6892789315845445,1410500000.0,phase3_rational
2024-05-29,508058.SH,中金厦门安居REIT,B,2.819,7092336,0.11903150066,0.042224725313941114,2.2776,2.5242,1.9448725313941115,1.6982725313941116,1409500000.0,phase3_rational
2024-05-30,508058.SH,中金厦门安居REIT,B,2.804,8653413,0.11903150066,0.04245060651212554,2.2826,2.5327,1.9624606512125538,1.7123606512125535,1402000000.0,phase3_rational
2024-05-31,508058.SH,中金厦门安居REIT,B,2.81,3136677,0.11903150066,0.04235996464768683,2.2926,2.5552,1.943396464768683,1.680796464768683,1405000000.0,phase3_rational
2024-06-03,508058.SH,中金厦门安居REIT,B,2.828,2876444,0.11903150066,0.04209034676803395,2.2853,2.5473,1.9237346768033947,1.6617346768033947,1414000000.0,phase3_rational
2024-06-04,508058.SH,中金厦门安居REIT,B,2.82,5297699,0.11903150066,0.0422097520070922,2.2854,2.5453,1.93557520070922,1.67567520070922,1410000000.0,phase3_rational
2024-06-05,508058.SH,中金厦门安居REIT,B,2.856,3129204,0.11903150066,0.04167769630952381,2.2808,2.5378,1.8869696309523807,1.629969630952381,1428000000.0,phase3_rational
2024-06-06,508058.SH,中金厦门安居REIT,B,2.89,3834008,0.11903150066,0.041187370470588236,2.2828,2.5378,1.8359370470588239,1.580937047058824,1445000000.0,phase3_rational
2024-06-07,508058.SH,中金厦门安居REIT,B,2.909,3307196,0.11903150066,0.04091835705053283,2.2833,2.5303,1.8085357050532829,1.561535705053283,1454500000.0,phase3_rational
2024-06-11,508058.SH,中金厦门安居REIT,B,2.909,4114835,0.11903150066,0.04091835705053283,2.2791,2.5195,1.8127357050532829,1.5723357050532831,1454500000.0,phase3_rational
2024-06-12,508058.SH,中金厦门安居REIT,B,2.904,2820826,0.11903150066,0.04098880876721763,2.276,2.5235,1.8228808767217632,1.5753808767217632,1452000000.0,phase3_rational
2024-06-13,508058.SH,中金厦门安居REIT,B,2.92,4140807,0.11903150066,0.040764212554794524,2.2678,2.5175,1.8086212554794527,1.5589212554794525,1460000000.0,phase3_rational
2024-06-14,508058.SH,中金厦门安居REIT,B,2.963,4407756,0.11903150066,0.040172629314883565,2.2558,2.499,1.7614629314883565,1.5182629314883562,1481500000.0,phase3_rational
2024-06-17,508058.SH,中金厦门安居REIT,B,2.961,2756564,0.11903150066,0.04019976381627829,2.2609,2.5057,1.7590763816278288,1.5142763816278286,1480500000.0,phase3_rational
2024-06-18,508058.SH,中金厦门安居REIT,B,2.955,2485723,0.11903150066,0.04028138770219966,2.2537,2.4887,1.7744387702199664,1.5394387702199661,1477500000.0,phase3_rational
2024-06-19,508058.SH,中金厦门安居REIT,B,2.951,3984829,0.11903150066,0.04033598802439851,2.2429,2.4797,1.790698802439851,1.5538988024398512,1475500000.0,phase3_rational
2024-06-20,508058.SH,中金厦门安居REIT,B,2.953,3346667,0.11903150066,0.04030866937351846,2.2445,2.4708,1.7863669373518456,1.5600669373518454,1476500000.0,phase3_rational
2024-06-21,508058.SH,中金厦门安居REIT,B,2.98,1384704,0.11903150066,0.039943456597315435,2.2571,2.4797,1.7372456597315438,1.5146456597315439,1490000000.0,phase3_rational
2024-06-24,508058.SH,中金厦门安居REIT,B,2.98,2486958,0.11903150066,0.039943456597315435,2.2451,2.4607,1.7492456597315438,1.5336456597315435,1490000000.0,phase3_rational
2024-06-25,508058.SH,中金厦门安居REIT,B,2.989,3068318,0.11903150066,0.03982318523251924,2.235,2.4477,1.747318523251924,1.5346185232519236,1494500000.0,phase3_rational
2024-06-26,508058.SH,中金厦门安居REIT,B,2.99,3011737,0.11903150066,0.03980986644147157,2.2225,2.4442,1.7584866441471565,1.5367866441471567,1495000000.0,phase3_rational
2024-06-27,508058.SH,中金厦门安居REIT,B,3.051,4612297,0.11903150066,0.03901393007538512,2.2081,2.4282,1.6932930075385118,1.4731930075385118,1525500000.0,phase3_rational
2024-06-28,508058.SH,中金厦门安居REIT,B,3.029,6739572,0.11903150066,0.03929729305381314,2.2058,2.4282,1.723929305381314,1.5015293053813141,1514500000.0,phase3_rational
2024-07-01,508058.SH,中金厦门安居REIT,B,3.028,1316136,0.11903150066,0.03931027102377807,2.2486,2.4782,1.6824271023778068,1.4528271023778068,1514000000.0,phase3_rational
2024-07-02,508058.SH,中金厦门安居REIT,B,3.075,3637508,0.11903150066,0.038709431108943086,2.2369,2.4692,1.6340431108943085,1.4017431108943086,1537500000.0,phase3_rational
2024-07-03,508058.SH,中金厦门安居REIT,B,3.1,2208403,0.11903150066,0.038397258277419355,2.2426,2.4738,1.5971258277419356,1.3659258277419353,1550000000.0,phase3_rational
2024-07-04,508058.SH,中金厦门安居REIT,B,3.093,2989191,0.11903150066,0.038484157989007436,2.2502,2.4798,1.5982157989007435,1.3686157989007435,1546500000.0,phase3_rational
2024-07-05,508058.SH,中金厦门安居REIT,B,3.092,3268784,0.11903150066,0.03849660435316947,2.2754,2.513,1.5742604353169471,1.3366604353169471,1546000000.0,phase3_rational
2024-07-08,508058.SH,中金厦门安居REIT,B,3.057,2529571,0.11903150066,0.038937357101733724,2.2904,2.5205,1.6033357101733725,1.3732357101733723,1528500000.0,phase3_rational
2024-07-09,508058.SH,中金厦门安居REIT,B,3.014,7304212,0.11903150066,0.03949286684140677,2.2698,2.5017,1.6794866841406773,1.4475866841406773,1507000000.0,phase3_rational
2024-07-10,508058.SH,中金厦门安居REIT,B,3.041,7589961,0.11903150066,0.039142223170009864,2.2707,2.5068,1.6435223170009863,1.4074223170009863,1520500000.0,phase3_rational
2024-07-11,508058.SH,中金厦门安居REIT,B,3.034,2010548,0.11903150066,0.039232531529334216,2.2648,2.5025,1.6584531529334217,1.4207531529334219,1517000000.0,phase3_rational
2024-07-12,508058.SH,中金厦门安居REIT,B,3.049,4024204,0.11903150066,0.03903952137094129,2.2604,2.4921,1.643552137094129,1.411852137094129,1524500000.0,phase3_rational
2024-07-15,508058.SH,中金厦门安居REIT,B,3.125,5616913,0.11903150066,0.0380900802112,2.2541,2.4772,1.5549080211199997,1.33180802112,1562500000.0,phase3_rational
2024-07-16,508058.SH,中金厦门安居REIT,B,3.147,8057174,0.11903150066,0.03782380065459168,2.2613,2.4801,1.5210800654591679,1.3022800654591675,1573500000.0,phase3_rational
2024-07-17,508058.SH,中金厦门安居REIT,B,3.14,5081525,0.11903150066,0.03790812122929936,2.2598,2.4812,1.531012122929936,1.309612122929936,1570000000.0,phase3_rational
2024-07-18,508058.SH,中金厦门安居REIT,B,3.184,3754274,0.11903150066,0.037384265282663316,2.2673,2.4901,1.4711265282663315,1.2483265282663316,1592000000.0,phase3_rational
2024-07-19,508058.SH,中金厦门安居REIT,B,3.191,3066450,0.11903150066,0.037302256552804766,2.2614,2.4842,1.4688256552804764,1.2460256552804765,1595500000.0,phase3_rational
2024-07-22,508058.SH,中金厦门安居REIT,B,3.176,4270843,0.11903150066,0.037478432197732996,2.2461,2.4712,1.5017432197732994,1.2766432197732995,1588000000.0,phase3_rational
2024-07-23,508058.SH,中金厦门安居REIT,B,3.18,7365213,0.11903150066,0.03743128951572327,2.2322,2.4691,1.5109289515723265,1.2740289515723267,1590000000.0,phase3_rational
2024-07-24,508058.SH,中金厦门安居REIT,B,3.197,2799930,0.11903150066,0.0372322491898655,2.2381,2.4676,1.4851249189865499,1.25562491898655,1598500000.0,phase3_rational
2024-07-25,508058.SH,中金厦门安居REIT,B,3.24,2521856,0.11903150066,0.03673811748765432,2.2168,2.4357,1.457011748765432,1.2381117487654318,1620000000.0,phase3_rational
2024-07-26,508058.SH,中金厦门安居REIT,B,3.295,6722561,0.11903150066,0.03612488639150228,2.1944,2.4226,1.4180886391502279,1.1898886391502277,1647500000.0,phase3_rational
2024-07-29,508058.SH,中金厦门安居REIT,B,3.284,4719171,0.11903150066,0.03624588936053593,2.1574,2.39,1.467188936053593,1.2345889360535929,1642000000.0,phase3_rational
2024-07-30,508058.SH,中金厦门安居REIT,B,3.347,7089992,0.11903150066,0.035563639276964445,2.148,2.3765,1.4083639276964446,1.1798639276964447,1673500000.0,phase3_rational
2024-07-31,508058.SH,中金厦门安居REIT,B,3.347,5512361,0.11903150066,0.035563639276964445,2.1494,2.3825,1.4069639276964447,1.1738639276964449,1673500000.0,phase3_rational
2024-08-01,508058.SH,中金厦门安居REIT,B,3.346,2762437,0.11903150066,0.03557426797967723,2.1297,2.3651,1.4277267979677228,1.192326797967723,1673000000.0,phase3_rational
2024-08-02,508058.SH,中金厦门安居REIT,B,3.352,2922433,0.11903150066,0.03551059088902148,2.1277,2.3465,1.4233590889021484,1.2045590889021485,1676000000.0,phase3_rational
2024-08-05,508058.SH,中金厦门安居REIT,B,3.393,4443989,0.11903150066,0.03508149150014736,2.1376,2.3375,1.3705491500147362,1.1706491500147362,1696500000.0,phase3_rational
2024-08-06,508058.SH,中金厦门安居REIT,B,3.372,3013816,0.11903150066,0.03529997053973903,2.1491,2.355,1.3808970539739032,1.174997053973903,1686000000.0,phase3_rational
2024-08-07,508058.SH,中金厦门安居REIT,B,3.395,3942402,0.11903150066,0.03506082493667158,2.1414,2.335,1.364682493667158,1.171082493667158,1697500000.0,phase3_rational
2024-08-08,508058.SH,中金厦门安居REIT,B,3.388,3066754,0.11903150066,0.03513326465761511,2.181,2.37,1.3323264657615113,1.1433264657615112,1694000000.0,phase3_rational
2024-08-09,508058.SH,中金厦门安居REIT,B,3.361,4378839,0.11903150066,0.03541550153525736,2.1986,2.38,1.3429501535257362,1.1615501535257362,1680500000.0,phase3_rational
2024-08-12,508058.SH,中金厦门安居REIT,B,3.35,4529468,0.11903150066,0.035531791241791046,2.2508,2.435,1.3023791241791045,1.1181791241791044,1675000000.0,phase3_rational
2024-08-13,508058.SH,中金厦门安居REIT,B,3.347,2557239,0.11903150066,0.035563639276964445,2.2255,2.4075,1.330863927696445,1.1488639276964445,1673500000.0,phase3_rational
2024-08-14,508058.SH,中金厦门安居REIT,B,3.386,3335537,0.11903150066,0.035154016733608975,2.1966,2.3751,1.3188016733608974,1.1403016733608973,1693000000.0,phase3_rational
2024-08-15,508058.SH,中金厦门安居REIT,B,3.367,3023614,0.11903150066,0.03535239104841105,2.205,2.39,1.3302391048411049,1.1452391048411048,1683500000.0,phase3_rational
2024-08-16,508058.SH,中金厦门安居REIT,B,3.357,2188507,0.11903150066,0.03545770052427762,2.1978,2.39,1.3479700524277622,1.155770052427762,1678500000.0,phase3_rational
2024-08-19,508058.SH,中金厦门安居REIT,B,3.348,3336894,0.11903150066,0.03555301692353644,2.1816,2.3675,1.3737016923536443,1.187801692353644,1674000000.0,phase3_rational
2024-08-20,508058.SH,中金厦门安居REIT,B,3.322,3560644,0.11903150066,0.035831276538229984,2.171,2.36,1.4121276538229988,1.2231276538229987,1661000000.0,phase3_rational
2024-08-21,508058.SH,中金厦门安居REIT,B,3.277,3402659,0.11903150066,0.03632331420811718,2.167,2.3551,1.4653314208117179,1.2772314208117175,1638500000.0,phase3_rational
2024-08-22,508058.SH,中金厦门安居REIT,B,3.315,4108300,0.11903150066,0.03590693835897436,2.1582,2.3476,1.4324938358974357,1.2430938358974357,1657500000.0,phase3_rational
2024-08-23,508058.SH,中金厦门安居REIT,B,3.323,2627955,0.11903150066,0.03582049372855853,2.1547,2.3401,1.4273493728558528,1.2419493728558528,1661500000.0,phase3_rational
2024-08-26,508058.SH,中金厦门安居REIT,B,3.302,2760607,0.11903150066,0.03604830425802544,2.1628,2.3475,1.4420304258025438,1.2573304258025435,1651000000.0,phase3_rational
2024-08-27,508058.SH,中金厦门安居REIT,B,3.327,5004700,0.11903150066,0.03577742730988879,2.1903,2.3825,1.3874427309888788,1.1952427309888791,1663500000.0,phase3_rational
2024-08-28,508058.SH,中金厦门安居REIT,B,3.333,7449320,0.11903150066,0.03571302150015001,2.1673,2.355,1.404002150015001,1.216302150015001,1666500000.0,phase3_rational
2024-08-29,508058.SH,中金厦门安居REIT,B,3.32,11316789,0.11903150066,0.035852861644578314,2.1703,2.365,1.4149861644578312,1.2202861644578311,1660000000.0,phase3_rational
2024-08-30,508058.SH,中金厦门安居REIT,B,3.314,6089237,0.11903150066,0.03591777328304164,2.1704,2.3651,1.421377328304164,1.2266773283041639,1657000000.0,phase3_rational
2024-09-02,508058.SH,中金厦门安居REIT,B,3.37,4530363,0.11903150066,0.03532092007715133,2.1457,2.3425,1.3863920077151333,1.1895920077151336,1685000000.0,phase3_rational
2024-09-03,508058.SH,中金厦门安居REIT,B,3.364,3050311,0.11903150066,0.035383918151010704,2.1432,2.339,1.3951918151010703,1.1993918151010705,1682000000.0,phase3_rational
2024-09-04,508058.SH,中金厦门安居REIT,B,3.267,7575635,0.11903150066,0.036434496681971226,2.1336,2.3225,1.5098496681971225,1.3209496681971227,1633500000.0,phase3_rational
2024-09-05,508058.SH,中金厦门安居REIT,B,3.299,3161240,0.11903150066,0.036081085377387086,2.1338,2.3125,1.4743085377387088,1.2956085377387088,1649500000.0,phase3_rational
2024-09-06,508058.SH,中金厦门安居REIT,B,3.303,2714869,0.11903150066,0.03603739045110506,2.1388,2.309,1.4649390451105062,1.2947390451105059,1651500000.0,phase3_rational
2024-09-09,508058.SH,中金厦门安居REIT,B,3.302,2709654,0.11903150066,0.03604830425802544,2.1267,2.29,1.4781304258025436,1.3148304258025436,1651000000.0,phase3_rational
2024-09-10,508058.SH,中金厦门安居REIT,B,3.29,1828688,0.11903150066,0.03617978743465045,2.1143,2.267,1.5036787434650454,1.3509787434650455,1645000000.0,phase3_rational
2024-09-11,508058.SH,中金厦门安居REIT,B,3.289,2050626,0.11903150066,0.03619078767406506,2.1044,2.263,1.5146787674065063,1.3560787674065065,1644500000.0,phase3_rational
2024-09-12,508058.SH,中金厦门安居REIT,B,3.28,2118080,0.11903150066,0.03629009166463415,2.0998,2.2471,1.5292091664634149,1.3819091664634149,1640000000.0,phase3_rational
2024-09-13,508058.SH,中金厦门安居REIT,B,3.277,2435709,0.11903150066,0.03632331420811718,2.0724,2.2176,1.5599314208117177,1.4147314208117177,1638500000.0,phase3_rational
2024-09-18,508058.SH,中金厦门安居REIT,B,3.268,2470050,0.11903150066,0.03642334781517748,2.0403,2.165,1.6020347815177485,1.4773347815177482,1634000000.0,phase3_rational
2024-09-19,508058.SH,中金厦门安居REIT,B,3.244,2848810,0.11903150066,0.03669281771270037,2.045,2.17,1.6242817712700366,1.4992817712700366,1622000000.0,phase3_rational
2024-09-20,508058.SH,中金厦门安居REIT,B,3.237,3037508,0.11903150066,0.03677216578931109,2.0431,2.15,1.6341165789311094,1.5272165789311094,1618500000.0,phase3_rational
2024-09-23,508058.SH,中金厦门安居REIT,B,3.226,2339607,0.11903150066,0.036897551351518905,2.0381,2.14,1.6516551351518904,1.5497551351518903,1613000000.0,phase3_rational
2024-09-24,508058.SH,中金厦门安居REIT,B,3.251,1963055,0.11903150066,0.036613811338049834,2.0728,2.19,1.5885811338049836,1.4713811338049836,1625500000.0,phase3_rational
2024-09-25,508058.SH,中金厦门安居REIT,B,3.275,1943651,0.11903150066,0.03634549638473283,2.0437,2.155,1.5908496384732826,1.4795496384732827,1637500000.0,phase3_rational
2024-09-26,508058.SH,中金厦门安居REIT,B,3.313,2660595,0.11903150066,0.03592861474796257,2.0787,2.22,1.514161474796257,1.3728614747962569,1656500000.0,phase3_rational
2024-09-27,508058.SH,中金厦门安居REIT,B,3.271,1867547,0.11903150066,0.03638994211556099,2.1714,2.3475,1.467594211556099,1.291494211556099,1635500000.0,phase3_rational
2024-09-30,508058.SH,中金厦门安居REIT,B,3.221,5830914,0.11903150066,0.03695482789816827,2.1518,2.355,1.543682789816827,1.3404827898168272,1610500000.0,phase3_rational
2024-10-08,508058.SH,中金厦门安居REIT,B,3.183,3570740,0.11903150066,0.03739601026076029,2.1928,2.38,1.5468010260760288,1.359601026076029,1591500000.0,phase3_rational
2024-10-09,508058.SH,中金厦门安居REIT,B,3.125,3111149,0.11903150066,0.0380900802112,2.176,2.3576,1.6330080211199998,1.4514080211199998,1562500000.0,phase3_rational
2024-10-10,508058.SH,中金厦门安居REIT,B,3.105,3685766,0.11903150066,0.03833542694363929,2.1441,2.29,1.6894426943639291,1.543542694363929,1552500000.0,phase3_rational
2024-10-11,508058.SH,中金厦门安居REIT,B,3.185,2919571,0.11903150066,0.03737252767974882,2.1392,2.3,1.598052767974882,1.4372527679748823,1592500000.0,phase3_rational
2024-10-14,508058.SH,中金厦门安居REIT,B,3.183,2943692,0.11903150066,0.03739601026076029,2.1368,2.3126,1.6028010260760288,1.4270010260760286,1591500000.0,phase3_rational
2024-10-15,508058.SH,中金厦门安居REIT,B,3.142,4049096,0.11903150066,0.037883991298535966,2.1254,2.3125,1.6629991298535964,1.4758991298535964,1571000000.0,phase3_rational
2024-10-16,508058.SH,中金厦门安居REIT,B,3.121,2794672,0.11903150066,0.03813889800064082,2.1331,2.328,1.6807898000640815,1.485889800064082,1560500000.0,phase3_rational
2024-10-17,508058.SH,中金厦门安居REIT,B,3.132,4054973,0.11903150066,0.03800494912515964,2.1084,2.295,1.6920949125159641,1.5054949125159642,1566000000.0,phase3_rational
2024-10-18,508058.SH,中金厦门安居REIT,B,3.147,2992448,0.11903150066,0.03782380065459168,2.1209,2.305,1.661480065459168,1.4773800654591676,1573500000.0,phase3_rational
2024-10-21,508058.SH,中金厦门安居REIT,B,3.14,1758111,0.11903150066,0.03790812122929936,2.1211,2.3075,1.6697121229299356,1.4833121229299358,1570000000.0,phase3_rational
2024-10-22,508058.SH,中金厦门安居REIT,B,3.133,3151245,0.11903150066,0.03799281859559527,2.1458,2.34,1.6534818595595273,1.4592818595595274,1566500000.0,phase3_rational
2024-10-23,508058.SH,中金厦门安居REIT,B,3.144,3209576,0.11903150066,0.037859892067430026,2.1559,2.355,1.6300892067430026,1.4309892067430026,1572000000.0,phase3_rational
2024-10-24,508058.SH,中金厦门安居REIT,B,3.14,2708601,0.11903150066,0.03790812122929936,2.1661,2.355,1.6247121229299357,1.4358121229299359,1570000000.0,phase3_rational
2024-10-25,508058.SH,中金厦门安居REIT,B,3.133,1108643,0.11903150066,0.03799281859559527,2.1539,2.36,1.645381859559527,1.4392818595595274,1566500000.0,phase3_rational
2024-10-28,508058.SH,中金厦门安居REIT,B,3.136,1040886,0.11903150066,0.037956473424744896,2.1617,2.38,1.6339473424744893,1.4156473424744895,1568000000.0,phase3_rational
2024-10-29,508058.SH,中金厦门安居REIT,B,3.118,1814643,0.11903150066,0.03817559354073124,2.1598,2.366,1.6577593540731237,1.4515593540731238,1559000000.0,phase3_rational
2024-10-30,508058.SH,中金厦门安居REIT,B,3.118,1684221,0.11903150066,0.03817559354073124,2.1597,2.36,1.657859354073124,1.457559354073124,1559000000.0,phase3_rational
2024-10-31,508058.SH,中金厦门安居REIT,B,3.094,1601018,0.11903150066,0.03847171967032967,2.1476,2.335,1.6995719670329668,1.512171967032967,1547000000.0,phase3_rational
2024-11-01,508058.SH,中金厦门安居REIT,B,3.112,1267859,0.11903150066,0.03824919687017995,2.1406,2.3175,1.6843196870179948,1.507419687017995,1556000000.0,phase3_rational
2024-11-04,508058.SH,中金厦门安居REIT,B,3.109,507556,0.11903150066,0.038286105069154065,2.1275,2.305,1.7011105069154064,1.5236105069154062,1554500000.0,phase3_rational
2024-11-05,508058.SH,中金厦门安居REIT,B,3.096,853804,0.11903150066,0.03844686713824289,2.1106,2.2825,1.7340867138242895,1.562186713824289,1548000000.0,phase3_rational
2024-11-06,508058.SH,中金厦门安居REIT,B,3.115,1059545,0.11903150066,0.03821235976243981,2.1234,2.29,1.6978359762439803,1.5312359762439804,1557500000.0,phase3_rational
2024-11-07,508058.SH,中金厦门安居REIT,B,3.12,1134605,0.11903150066,0.03815112200641026,2.1115,2.28,1.7036122006410257,1.5351122006410258,1560000000.0,phase3_rational
2024-11-08,508058.SH,中金厦门安居REIT,B,3.147,2760744,0.11903150066,0.03782380065459168,2.1067,2.2775,1.6756800654591677,1.5048800654591679,1573500000.0,phase3_rational
2024-11-11,508058.SH,中金厦门安居REIT,B,3.203,2373075,0.11903150066,0.037162504108648145,2.092,2.2575,1.6242504108648146,1.4587504108648148,1601500000.0,phase3_rational
2024-11-12,508058.SH,中金厦门安居REIT,B,3.271,2876618,0.11903150066,0.03638994211556099,2.0729,2.236,1.566094211556099,1.402994211556099,1635500000.0,phase3_rational
2024-11-13,508058.SH,中金厦门安居REIT,B,3.28,3241518,0.11903150066,0.03629009166463415,2.0876,2.26,1.5414091664634149,1.3690091664634152,1640000000.0,phase3_rational
2024-11-14,508058.SH,中金厦门安居REIT,B,3.247,3823487,0.11903150066,0.03665891612565445,2.0808,2.261,1.5850916125654453,1.4048916125654451,1623500000.0,phase3_rational
2024-11-15,508058.SH,中金厦门安居REIT,B,3.23,3986760,0.11903150066,0.03685185778947368,2.0948,2.2825,1.5903857789473679,1.402685778947368,1615000000.0,phase3_rational
2024-11-18,508058.SH,中金厦门安居REIT,B,3.22,2148196,0.11903150066,0.03696630455279503,2.1117,2.3175,1.584930455279503,1.379130455279503,1610000000.0,phase3_rational
2024-11-19,508058.SH,中金厦门安居REIT,B,3.214,2029044,0.11903150066,0.03703531445550715,2.0947,2.286,1.6088314455507153,1.4175314455507153,1607000000.0,phase3_rational
2024-11-20,508058.SH,中金厦门安居REIT,B,3.212,3928231,0.11903150066,0.0370583750498132,2.1025,2.305,1.60333750498132,1.40083750498132,1606000000.0,phase3_rational
2024-11-21,508058.SH,中金厦门安居REIT,B,3.222,2543445,0.11903150066,0.03694335836747362,2.0843,2.2751,1.610035836747362,1.4192358367473616,1611000000.0,phase3_rational
2024-11-22,508058.SH,中金厦门安居REIT,B,3.243,1731825,0.11903150066,0.03670413218008017,2.0832,2.265,1.5872132180080172,1.4054132180080172,1621500000.0,phase3_rational
2024-11-25,508058.SH,中金厦门安居REIT,B,3.246,1425811,0.11903150066,0.036670209691928524,2.0682,2.241,1.598820969192852,1.426020969192852,1623000000.0,phase3_rational
2024-11-26,508058.SH,中金厦门安居REIT,B,3.231,965226,0.11903150066,0.03684045207675642,2.0657,2.245,1.6183452076756422,1.4390452076756421,1615500000.0,phase3_rational
2024-11-27,508058.SH,中金厦门安居REIT,B,3.249,1067529,0.11903150066,0.03663634984918436,2.0553,2.25,1.6083349849184363,1.4136349849184362,1624500000.0,phase3_rational
2024-11-28,508058.SH,中金厦门安居REIT,B,3.259,1422880,0.11903150066,0.03652393392451672,2.0304,2.218,1.6219933924516718,1.434393392451672,1629500000.0,phase3_rational
2024-11-29,508058.SH,中金厦门安居REIT,B,3.274,2717700,0.11903150066,0.03635659763591936,2.0206,2.2025,1.6150597635919364,1.4331597635919362,1637000000.0,phase3_rational
2024-12-02,508058.SH,中金厦门安居REIT,B,3.273,2713853,0.11903150066,0.03636770567063856,1.981,2.17,1.6557705670638556,1.4667705670638558,1636500000.0,phase3_rational
2024-12-03,508058.SH,中金厦门安居REIT,B,3.298,1863074,0.11903150066,0.03609202567010309,1.9886,2.1675,1.6206025670103092,1.4417025670103092,1649000000.0,phase3_rational
2024-12-04,508058.SH,中金厦门安居REIT,B,3.298,2690734,0.11903150066,0.03609202567010309,1.9612,2.1375,1.6480025670103091,1.471702567010309,1649000000.0,phase3_rational
2024-12-05,508058.SH,中金厦门安居REIT,B,3.297,3989748,0.11903150066,0.036102972599332726,1.9462,2.1425,1.6640972599332728,1.4677972599332727,1648500000.0,phase3_rational
2024-12-06,508058.SH,中金厦门安居REIT,B,3.293,5736523,0.11903150066,0.03614682680230792,1.9539,2.1585,1.6607826802307923,1.4561826802307922,1646500000.0,phase3_rational
2024-12-09,508058.SH,中金厦门安居REIT,B,3.292,8849701,0.11903150066,0.03615780700486027,1.9168,2.1151,1.6989807004860273,1.5006807004860274,1646000000.0,phase3_rational
2024-12-10,508058.SH,中金厦门安居REIT,B,3.427,10198559,0.11903150066,0.034733440519404725,1.8468,2.0551,1.6265440519404724,1.4182440519404724,1713500000.0,phase3_rational
2024-12-11,508058.SH,中金厦门安居REIT,B,3.528,7682178,0.11903150066,0.03373908748866213,1.8218,2.0401,1.552108748866213,1.3338087488662134,1764000000.0,phase3_rational
2024-12-12,508058.SH,中金厦门安居REIT,B,3.512,6537705,0.11903150066,0.03389279631548975,1.8172,2.043,1.5720796315489751,1.346279631548975,1756000000.0,phase3_rational
2024-12-13,508058.SH,中金厦门安居REIT,B,3.52,3219519,0.11903150066,0.03381576723295454,1.7771,2.005,1.6044767232954542,1.3765767232954542,1760000000.0,phase3_rational
2024-12-16,508058.SH,中金厦门安居REIT,B,3.687,2933605,0.11903150066,0.032284106498508276,1.7215,1.9526,1.5069106498508276,1.2758106498508277,1843500000.0,phase3_rational
2024-12-17,508058.SH,中金厦门安居REIT,B,3.665,3820482,0.11903150066,0.032477899225102316,1.7237,1.9591,1.5240899225102318,1.2886899225102317,1832500000.0,phase3_rational
2024-12-18,508058.SH,中金厦门安居REIT,B,3.653,5257742,0.11903150066,0.032584588190528334,1.7564,1.9961,1.5020588190528332,1.2623588190528332,1826500000.0,phase3_rational
2024-12-19,508058.SH,中金厦门安居REIT,B,3.646,5973335,0.11903150066,0.03264714773998903,1.7417,1.9926,1.5230147739989028,1.272114773998903,1823000000.0,phase3_rational
2024-12-20,508058.SH,中金厦门安居REIT,B,3.679,6975375,0.11903150066,0.032354308415330255,1.7018,1.9526,1.5336308415330255,1.2828308415330256,1839500000.0,phase3_rational
2024-12-23,508058.SH,中金厦门安居REIT,B,3.686,1919287,0.11903150066,0.03229286507325013,1.7019,1.9526,1.5273865073250132,1.2766865073250133,1843000000.0,phase3_rational
2024-12-24,508058.SH,中金厦门安居REIT,B,3.669,7377883,0.11903150066,0.03244249132188607,1.7166,1.9926,1.5276491321886072,1.2516491321886072,1834500000.0,phase3_rational
2024-12-25,508058.SH,中金厦门安居REIT,B,3.648,4610637,0.11903150066,0.03262924908442982,1.7365,2.007,1.5264249084429822,1.255924908442982,1824000000.0,phase3_rational
2024-12-26,508058.SH,中金厦门安居REIT,B,3.649,1755112,0.11903150066,0.03262030711427789,1.7122,1.9701,1.549830711427789,1.291930711427789,1824500000.0,phase3_rational
2024-12-27,508058.SH,中金厦门安居REIT,B,3.679,6357202,0.11903150066,0.032354308415330255,1.6929,1.9476,1.5425308415330254,1.2878308415330255,1839500000.0,phase3_rational
2024-12-30,508058.SH,中金厦门安居REIT,B,3.702,4050108,0.11903150066,0.03215329569421934,1.7128,1.9476,1.502529569421934,1.2677295694219342,1851000000.0,phase3_rational
2024-12-31,508058.SH,中金厦门安居REIT,B,3.683,2327007,0.11903150066,0.03231916933478143,1.6752,1.9121,1.5567169334781428,1.3198169334781429,1841500000.0,phase3_rational
2025-01-02,508058.SH,中金厦门安居REIT,B,3.786,2460558,0.11903150066,0.031439910369783414,1.6077,1.8397,1.5362910369783416,1.3042910369783416,1893000000.0,phase3_rational
2025-01-03,508058.SH,中金厦门安居REIT,B,3.828,3429692,0.11903150066,0.031094958375130616,1.6041,1.8501,1.5053958375130614,1.2593958375130614,1914000000.0,phase3_rational
2025-01-06,508058.SH,中金厦门安居REIT,B,3.839,3904057,0.11903150066,0.031005861073196143,1.5966,1.8327,1.5039861073196144,1.2678861073196144,1919500000.0,phase3_rational
2025-01-07,508058.SH,中金厦门安居REIT,B,3.827,4939068,0.11903150066,0.031103083527567285,1.6093,1.8602,1.5010083527567286,1.2501083527567285,1913500000.0,phase3_rational
2025-01-08,508058.SH,中金厦门安居REIT,B,3.864,3471490,0.11903150066,0.03080525379399586,1.6069,1.8702,1.4736253793995862,1.210325379399586,1932000000.0,phase3_rational
2025-01-09,508058.SH,中金厦门安居REIT,B,3.884,4013961,0.11903150066,0.030646627358393408,1.6368,1.8932,1.4278627358393408,1.1714627358393408,1942000000.0,phase3_rational
2025-01-10,508058.SH,中金厦门安居REIT,B,3.89,6056535,0.11903150066,0.030599357496143956,1.6338,1.8752,1.4261357496143958,1.1847357496143958,1945000000.0,phase3_rational
2025-01-13,508058.SH,中金厦门安居REIT,B,3.855,4037743,0.11903150066,0.03087717267444877,1.6592,1.9051,1.428517267444877,1.182617267444877,1927500000.0,phase3_rational
2025-01-14,508058.SH,中金厦门安居REIT,B,3.803,7536225,0.11903150066,0.03129936909282146,1.6446,1.8652,1.4853369092821458,1.2647369092821459,1901500000.0,phase3_rational
2025-01-15,508058.SH,中金厦门安居REIT,B,3.816,6898330,0.11903150066,0.031192741263102727,1.633,1.8602,1.4862741263102728,1.2590741263102727,1908000000.0,phase3_rational
2025-01-16,508058.SH,中金厦门安居REIT,B,3.852,6188421,0.11903150066,0.03090122031671859,1.6394,1.8677,1.450722031671859,1.222422031671859,1926000000.0,phase3_rational
2025-01-17,508058.SH,中金厦门安居REIT,B,3.865,4308817,0.11903150066,0.030797283482535572,1.6593,1.915,1.4204283482535573,1.1647283482535573,1932500000.0,phase3_rational
2025-01-20,508058.SH,中金厦门安居REIT,B,3.92,3012685,0.11903150066,0.03036517873979592,1.6747,1.9225,1.3618178739795916,1.1140178739795916,1960000000.0,phase3_rational
2025-01-21,508058.SH,中金厦门安居REIT,B,3.907,4426052,0.11903150066,0.030466214655746095,1.6496,1.89,1.3970214655746096,1.1566214655746097,1953500000.0,phase3_rational
2025-01-22,508058.SH,中金厦门安居REIT,B,3.916,2836007,0.11903150066,0.03039619526557712,1.6602,1.9,1.3794195265577123,1.1396195265577123,1958000000.0,phase3_rational
2025-01-23,508058.SH,中金厦门安居REIT,B,3.903,2377858,0.11903150066,0.03049743803740712,1.6645,1.9,1.385243803740712,1.1497438037407122,1951500000.0,phase3_rational
2025-01-24,508058.SH,中金厦门安居REIT,B,3.881,4012114,0.11903150066,0.030670317098685906,1.6565,1.89,1.4105317098685906,1.1770317098685907,1940500000.0,phase3_rational
2025-01-27,508058.SH,中金厦门安居REIT,B,3.904,4446197,0.11903150066,0.03048962619364754,1.6299,1.8675,1.4190626193647542,1.1814626193647542,1952000000.0,phase3_rational
2025-02-05,508058.SH,中金厦门安居REIT,B,3.95,5038729,0.11903150066,0.030134557129113924,1.6207,1.8375,1.3927557129113926,1.1759557129113927,1975000000.0,phase3_rational
2025-02-06,508058.SH,中金厦门安居REIT,B,3.917,4783911,0.11903150066,0.03038843519530253,1.5958,1.805,1.443043519530253,1.233843519530253,1958500000.0,phase3_rational
2025-02-07,508058.SH,中金厦门安居REIT,B,3.892,4565686,0.11903150066,0.0305836332631038,1.6032,1.8025,1.45516332631038,1.25586332631038,1946000000.0,phase3_rational
2025-02-10,508058.SH,中金厦门安居REIT,B,3.832,5260992,0.11903150066,0.03106250017223382,1.6342,1.825,1.472050017223382,1.281250017223382,1916000000.0,phase3_rational
2025-02-11,508058.SH,中金厦门安居REIT,B,3.849,9754570,0.11903150066,0.030925305445570275,1.6274,1.8075,1.4651305445570275,1.2850305445570274,1924500000.0,phase3_rational
2025-02-12,508058.SH,中金厦门安居REIT,B,3.797,5666785,0.11903150066,0.031348828195944166,1.6336,1.809,1.5012828195944166,1.3258828195944166,1898500000.0,phase3_rational
2025-02-13,508058.SH,中金厦门安居REIT,B,3.77,6972439,0.11903150066,0.03157334235013263,1.6346,1.799,1.5227342350132627,1.3583342350132628,1885000000.0,phase3_rational
2025-02-14,508058.SH,中金厦门安居REIT,B,3.813,5023165,0.11903150066,0.031217283152373456,1.6546,1.82,1.4671283152373455,1.3017283152373456,1906500000.0,phase3_rational
2025-02-17,508058.SH,中金厦门安居REIT,B,3.838,6894981,0.11903150066,0.031013939723814485,1.6934,1.86,1.4079939723814485,1.2413939723814484,1919000000.0,phase3_rational
2025-02-18,508058.SH,中金厦门安居REIT,B,3.811,3773012,0.11903150066,0.03123366587772238,1.7006,1.86,1.4227665877722384,1.2633665877722382,1905500000.0,phase3_rational
2025-02-19,508058.SH,中金厦门安居REIT,B,3.785,5577686,0.11903150066,0.031448216819022455,1.6626,1.84,1.4822216819022456,1.3048216819022456,1892500000.0,phase3_rational
2025-02-20,508058.SH,中金厦门安居REIT,B,3.76,6836074,0.11903150066,0.03165731400531915,1.685,1.87,1.4807314005319148,1.2957314005319147,1880000000.0,phase3_rational
2025-02-21,508058.SH,中金厦门安居REIT,B,3.799,14527183,0.11903150066,0.031332324469597266,1.72,1.905,1.4132324469597266,1.2282324469597266,1899500000.0,phase3_rational
2025-02-24,508058.SH,中金厦门安居REIT,B,3.742,6996798,0.11903150066,0.03180959397648316,1.7625,1.945,1.4184593976483162,1.235959397648316,1871000000.0,phase3_rational
2025-02-25,508058.SH,中金厦门安居REIT,B,3.715,7062941,0.11903150066,0.03204078079676985,1.7275,1.915,1.476578079676985,1.289078079676985,1857500000.0,phase3_rational
2025-02-26,508058.SH,中金厦门安居REIT,B,3.75,10036242,0.11903150066,0.031741733509333334,1.7251,1.91,1.4490733509333331,1.2641733509333333,1875000000.0,phase3_rational
2025-02-27,508058.SH,中金厦门安居REIT,B,3.75,4564233,0.11903150066,0.031741733509333334,1.7576,1.935,1.4165733509333331,1.2391733509333331,1875000000.0,phase3_rational
2025-02-28,508058.SH,中金厦门安居REIT,B,3.748,6337461,0.11903150066,0.031758671467449304,1.7152,1.905,1.4606671467449301,1.2708671467449302,1874000000.0,phase3_rational
2025-03-03,508058.SH,中金厦门安居REIT,B,3.809,8427161,0.11903150066,0.0312500658072985,1.6955,1.89,1.42950658072985,1.23500658072985,1904500000.0,phase3_rational
2025-03-04,508058.SH,中金厦门安居REIT,B,3.81,9607513,0.11903150066,0.031241863690288713,1.7079,1.9,1.4162863690288714,1.2241863690288715,1905000000.0,phase3_rational
2025-03-05,508058.SH,中金厦门安居REIT,B,3.8,6387251,0.11903150066,0.03132407912105263,1.7083,1.8925,1.424107912105263,1.239907912105263,1900000000.0,phase3_rational
2025-03-06,508058.SH,中金厦门安居REIT,B,3.776,7948068,0.11903150066,0.03152317284427966,1.7455,1.9325,1.406817284427966,1.219817284427966,1888000000.0,phase3_rational
2025-03-07,508058.SH,中金厦门安居REIT,B,3.756,7431078,0.11903150066,0.031691027864749734,1.8002,1.975,1.3689027864749732,1.1941027864749731,1878000000.0,phase3_rational
2025-03-10,508058.SH,中金厦门安居REIT,B,3.772,5206603,0.11903150066,0.03155660144750795,1.8128,1.985,1.342860144750795,1.170660144750795,1886000000.0,phase3_rational
2025-03-11,508058.SH,中金厦门安居REIT,B,3.736,3926604,0.11903150066,0.03186068004817987,1.8853,2.035,1.300768004817987,1.1510680048179869,1868000000.0,phase3_rational
2025-03-12,508058.SH,中金厦门安居REIT,B,3.736,8566510,0.11903150066,0.03186068004817987,1.8334,2.0125,1.352668004817987,1.1735680048179868,1868000000.0,phase3_rational
2025-03-13,508058.SH,中金厦门安居REIT,B,3.755,4938971,0.11903150066,0.03169946755259654,1.8565,2.04,1.3134467552596538,1.1299467552596538,1877500000.0,phase3_rational
2025-03-14,508058.SH,中金厦门安居REIT,B,3.793,12685677,0.11903150066,0.031381887861850775,1.8317,2.04,1.3064887861850774,1.0981887861850774,1896500000.0,phase3_rational
2025-03-17,508058.SH,中金厦门安居REIT,B,3.789,2681180,0.11903150066,0.03141501732911058,1.8957,2.115,1.2458017329110584,1.0265017329110582,1894500000.0,phase3_rational
2025-03-18,508058.SH,中金厦门安居REIT,B,3.787,4882228,0.11903150066,0.03143160830736731,1.8885,2.1151,1.2546608307367313,1.0280608307367314,1893500000.0,phase3_rational
2025-03-19,508058.SH,中金厦门安居REIT,B,3.815,4352801,0.11903150066,0.03120091760419397,1.8708,2.1051,1.2492917604193972,1.014991760419397,1907500000.0,phase3_rational
2025-03-20,508058.SH,中金厦门安居REIT,B,3.816,4424449,0.11903150066,0.031192741263102727,1.8309,2.0526,1.2883741263102728,1.0666741263102728,1908000000.0,phase3_rational
2025-03-21,508058.SH,中金厦门安居REIT,B,3.848,4910575,0.11903150066,0.030933342167359667,1.8458,2.0676,1.2475342167359664,1.0257342167359664,1924000000.0,phase3_rational
2025-03-24,508058.SH,中金厦门安居REIT,B,3.849,4429938,0.11903150066,0.030925305445570275,1.8413,2.0501,1.2512305445570275,1.0424305445570274,1924500000.0,phase3_rational
2025-03-25,508058.SH,中金厦门安居REIT,B,3.903,7259027,0.11903150066,0.03049743803740712,1.8183,2.0276,1.231443803740712,1.022143803740712,1951500000.0,phase3_rational
2025-03-26,508058.SH,中金厦门安居REIT,B,3.883,4131180,0.11903150066,0.03065451987123358,1.7943,2.0001,1.271151987123358,1.0653519871233579,1941500000.0,phase3_rational
2025-03-27,508058.SH,中金厦门安居REIT,B,3.883,5299966,0.11903150066,0.03065451987123358,1.8062,2.0101,1.259251987123358,1.055351987123358,1941500000.0,phase3_rational
2025-03-28,508058.SH,中金厦门安居REIT,B,3.902,8121907,0.11903150066,0.030505253885187083,1.8126,2.0251,1.2379253885187083,1.0254253885187081,1951000000.0,phase3_rational
2025-03-31,508058.SH,中金厦门安居REIT,B,3.899,4378385,0.11903150066,0.030528725483457295,1.8129,2.0226,1.2399725483457296,1.0302725483457293,1949500000.0,phase3_rational
2025-04-01,508058.SH,中金厦门安居REIT,B,3.892,5105090,0.11903150066,0.0305836332631038,1.8104,2.0201,1.24796332631038,1.0382633263103802,1946000000.0,phase3_rational
2025-04-02,508058.SH,中金厦门安居REIT,B,3.875,6751607,0.11903150066,0.030717806621935483,1.7887,1.9801,1.2830806621935484,1.0916806621935484,1937500000.0,phase3_rational
2025-04-03,508058.SH,中金厦门安居REIT,B,3.965,5543042,0.11903150066,0.030020555021437578,1.718,1.9052,1.284055502143758,1.096855502143758,1982500000.0,phase3_rational
2025-04-07,508058.SH,中金厦门安居REIT,B,4.03,5726442,0.11903150066,0.02953635252109181,1.6318,1.8252,1.321835252109181,1.128435252109181,2015000000.0,phase3_rational
2025-04-08,508058.SH,中金厦门安居REIT,B,4.02,5504266,0.11903150066,0.029609826034825874,1.6633,1.8551,1.2976826034825875,1.1058826034825875,2009999999.9999998,phase3_rational
2025-04-09,508058.SH,中金厦门安居REIT,B,3.934,5662289,0.11903150066,0.03025711760549059,1.6508,1.8552,1.374911760549059,1.1705117605490591,1967000000.0,phase3_rational
2025-04-10,508058.SH,中金厦门安居REIT,B,3.917,4212007,0.11903150066,0.03038843519530253,1.6444,1.8602,1.394443519530253,1.178643519530253,1958500000.0,phase3_rational
2025-04-11,508058.SH,中金厦门安居REIT,B,3.922,4449527,0.11903150066,0.030349694201937786,1.6568,1.8627,1.3781694201937786,1.1722694201937787,1961000000.0,phase3_rational
2025-04-14,508058.SH,中金厦门安居REIT,B,3.934,4140708,0.11903150066,0.03025711760549059,1.6584,1.8602,1.367311760549059,1.165511760549059,1967000000.0,phase3_rational
2025-04-15,508058.SH,中金厦门安居REIT,B,3.98,4993665,0.11903150066,0.029907412226130654,1.6583,1.8602,1.332441222613065,1.130541222613065,1990000000.0,phase3_rational
2025-04-16,508058.SH,中金厦门安居REIT,B,3.987,4767561,0.11903150066,0.02985490360170554,1.643,1.8652,1.3424903601705542,1.1202903601705543,1993500000.0,phase3_rational
2025-04-17,508058.SH,中金厦门安居REIT,B,3.965,4800618,0.11903150066,0.030020555021437578,1.6522,1.8982,1.3498555021437582,1.103855502143758,1982500000.0,phase3_rational
2025-04-18,508058.SH,中金厦门安居REIT,B,3.97,4522948,0.11903150066,0.029982745758186397,1.6493,1.9042,1.3489745758186398,1.0940745758186399,1985000000.0,phase3_rational
2025-04-21,508058.SH,中金厦门安居REIT,B,3.939,4873281,0.11903150066,0.030218710500126936,1.6664,1.9227,1.3554710500126934,1.0991710500126934,1969500000.0,phase3_rational
2025-04-22,508058.SH,中金厦门安居REIT,B,3.954,6963731,0.11903150066,0.030104071992918563,1.6509,1.9052,1.3595071992918561,1.1052071992918562,1977000000.0,phase3_rational
2025-04-23,508058.SH,中金厦门安居REIT,B,3.95,2727256,0.11903150066,0.030134557129113924,1.6611,1.9279,1.3523557129113926,1.0855557129113926,1975000000.0,phase3_rational
2025-04-24,508058.SH,中金厦门安居REIT,B,3.946,2205324,0.11903150066,0.030165104069944246,1.664,1.9327,1.3525104069944247,1.0838104069944245,1973000000.0,phase3_rational
2025-04-25,508058.SH,中金厦门安居REIT,B,3.957,4539695,0.11903150066,0.030081248587313623,1.6606,1.9276,1.3475248587313624,1.0805248587313625,1978500000.0,phase3_rational
2025-04-28,508058.SH,中金厦门安居REIT,B,3.946,2841035,0.11903150066,0.030165104069944246,1.6483,1.9005,1.3682104069944245,1.1160104069944246,1973000000.0,phase3_rational
2025-04-29,508058.SH,中金厦门安居REIT,B,4.003,7949487,0.11903150066,0.029735573484886334,1.6241,1.8225,1.3494573484886334,1.1510573484886335,2001500000.0,phase3_rational
2025-04-30,508058.SH,中金厦门安居REIT,B,4.048,8166406,0.11903150066,0.029405014985177863,1.6243,1.824,1.3162014985177863,1.1165014985177864,2024000000.0,phase3_rational
2025-05-06,508058.SH,中金厦门安居REIT,B,4.118,2602376,0.11903150066,0.028905172574065077,1.6298,1.827,1.2607172574065078,1.0635172574065077,2059000000.0000002,phase3_rational
2025-05-07,508058.SH,中金厦门安居REIT,B,4.17,4103082,0.11903150066,0.028544724378896883,1.6418,1.8475,1.2126724378896885,1.0069724378896885,2085000000.0,phase3_rational
2025-05-08,508058.SH,中金厦门安居REIT,B,4.201,3991716,0.11903150066,0.028334087279219235,1.6331,1.8375,1.2003087279219236,0.9959087279219236,2100499999.9999998,phase3_rational
2025-05-09,508058.SH,中金厦门安居REIT,B,4.189,3395342,0.11903150066,0.028415254394843638,1.6351,1.8425,1.2064254394843639,0.9990254394843638,2094500000.0,phase3_rational
2025-05-12,508058.SH,中金厦门安居REIT,B,4.28,4738745,0.11903150066,0.027811098285046725,1.688,1.905,1.0931098285046728,0.8761098285046727,2140000000.0,phase3_rational
2025-05-13,508058.SH,中金厦门安居REIT,B,4.338,4187740,0.11903150066,0.027439257874596588,1.6704,1.879,1.0735257874596587,0.8649257874596588,2169000000.0,phase3_rational
2025-05-14,508058.SH,中金厦门安居REIT,B,4.419,2167819,0.11903150066,0.026936297954288303,1.6736,1.8775,1.0200297954288304,0.8161297954288305,2209499999.9999995,phase3_rational
2025-05-15,508058.SH,中金厦门安居REIT,B,4.338,3899219,0.11903150066,0.027439257874596588,1.6798,1.8825,1.0641257874596588,0.8614257874596587,2169000000.0,phase3_rational
2025-05-16,508058.SH,中金厦门安居REIT,B,4.442,4606049,0.11903150066,0.02679682590274651,1.6793,1.878,1.000382590274651,0.8016825902746512,2221000000.0,phase3_rational
2025-05-20,508058.SH,中金厦门安居REIT,B,4.515,3957220,0.11903150066,0.02636356603765227,1.7004,1.872,0.9359566037652274,0.7643566037652272,2257499999.9999995,phase3_rational
2025-05-21,508058.SH,中金厦门安居REIT,B,4.529,2685150,0.11903150066,0.026282071243100023,1.71,1.885,0.9182071243100025,0.7432071243100025,2264500000.0,phase3_rational
2025-05-22,508058.SH,中金厦门安居REIT,B,4.429,3077163,0.11903150066,0.026875479941296,1.7186,1.887,0.9689479941296,0.8005479941295999,2214500000.0,phase3_rational
2025-05-23,508058.SH,中金厦门安居REIT,B,4.44,3202219,0.11903150066,0.026808896545045043,1.7208,1.889,0.9600896545045043,0.7918896545045044,2220000000.0000005,phase3_rational
2025-05-26,508058.SH,中金厦门安居REIT,B,4.463,2737583,0.11903150066,0.026670737320188213,1.7201,1.8875,0.9469737320188214,0.7795737320188214,2231500000.0,phase3_rational
2025-05-27,508058.SH,中金厦门安居REIT,B,4.509,1894759,0.11903150066,0.02639864729651807,1.7261,1.901,0.9137647296518072,0.7388647296518072,2254500000.0000005,phase3_rational
2025-05-28,508058.SH,中金厦门安居REIT,B,4.505,2893433,0.11903150066,0.02642208671698113,1.6832,1.906,0.9590086716981132,0.7362086716981133,2252500000.0,phase3_rational
2025-05-29,508058.SH,中金厦门安居REIT,B,4.499,2313304,0.11903150066,0.026457323996443655,1.6877,1.916,0.9580323996443654,0.7297323996443654,2249499999.9999995,phase3_rational
2025-05-30,508058.SH,中金厦门安居REIT,B,4.495,1792121,0.11903150066,0.026480867777530587,1.6712,1.896,0.9768867777530585,0.7520867777530587,2247500000.0,phase3_rational
2025-06-03,508058.SH,中金厦门安居REIT,B,4.494,1605848,0.11903150066,0.026486760271473075,1.6764,1.895,0.9722760271473077,0.7536760271473075,2247000000.0,phase3_rational
2025-06-04,508058.SH,中金厦门安居REIT,B,4.491,1684645,0.11903150066,0.026504453498107327,1.6704,1.891,0.9800453498107327,0.7594453498107328,2245499999.9999995,phase3_rational
2025-06-05,508058.SH,中金厦门安居REIT,B,4.506,2750675,0.11903150066,0.026416222960497112,1.6741,1.896,0.9675222960497114,0.7456222960497114,2253000000.0,phase3_rational
2025-06-06,508058.SH,中金厦门安居REIT,B,4.509,3309739,0.11903150066,0.02639864729651807,1.6547,1.876,0.9851647296518071,0.7638647296518073,2254500000.0000005,phase3_rational
2025-06-09,508058.SH,中金厦门安居REIT,B,4.494,3341421,0.11903150066,0.026486760271473075,1.6559,1.87,0.9927760271473076,0.7786760271473074,2247000000.0,phase3_rational
2025-06-10,508058.SH,中金厦门安居REIT,B,4.496,1655928,0.11903150066,0.026474977904804266,1.6569,1.8695,0.9905977904804264,0.7779977904804265,2248000000.0000005,phase3_rational
2025-06-11,508058.SH,中金厦门安居REIT,B,4.489,3712614,0.11903150066,0.026516262120739587,1.642,1.849,1.0096262120739588,0.8026262120739587,2244500000.0,phase3_rational
2025-06-12,508058.SH,中金厦门安居REIT,B,4.5,3708457,0.11903150066,0.02645144459111111,1.6475,1.8485,0.9976444591111111,0.796644459111111,2250000000.0,phase3_rational
2025-06-13,508058.SH,中金厦门安居REIT,B,4.614,2715999,0.11903150066,0.025797897845687038,1.644,1.8495,0.9357897845687038,0.7302897845687037,2307000000.0,phase3_rational
2025-06-16,508058.SH,中金厦门安居REIT,B,4.659,4177209,0.11903150066,0.025548723043571583,1.6432,1.851,0.9116723043571582,0.7038723043571582,2329500000.0,phase3_rational
2025-06-17,508058.SH,中金厦门安居REIT,B,4.799,3786919,0.11903150066,0.02480339667847468,1.6364,1.8425,0.8439396678474682,0.6378396678474683,2399500000.0000005,phase3_rational
2025-06-18,508058.SH,中金厦门安居REIT,B,5.0,1674156,0.11903150066,0.023806300132,1.6384,1.8455,0.7422300132000001,0.5351300132000003,2500000000.0,phase3_rational
2025-06-19,508058.SH,中金厦门安居REIT,B,5.008,3306218,0.11903150066,0.0237682708985623,1.6425,1.8431,0.73432708985623,0.5337270898562301,2504000000.0,phase3_rational
2025-06-20,508058.SH,中金厦门安居REIT,B,4.97,3556683,0.11903150066,0.023950000132796783,1.6396,1.8376,0.7554000132796783,0.5574000132796784,2485000000.0,phase3_rational
2025-06-23,508058.SH,中金厦门安居REIT,B,4.942,2352746,0.11903150066,0.024085694184540672,1.6418,1.8381,0.7667694184540674,0.5704694184540673,2471000000.0,phase3_rational
2025-06-24,508058.SH,中金厦门安居REIT,B,4.879,5924801,0.11903150066,0.024396700278745645,1.648,1.8506,0.7916700278745645,0.5890700278745644,2439499999.9999995,phase3_rational
2025-06-25,508058.SH,中金厦门安居REIT,B,4.839,2481186,0.11903150066,0.02459836756767927,1.6544,1.8621,0.805436756767927,0.597736756767927,2419500000.0000005,phase3_rational
2025-06-26,508058.SH,中金厦门安居REIT,B,4.821,2857206,0.11903150066,0.024690209637004773,1.6462,1.8491,0.8228209637004771,0.6199209637004772,2410500000.0,phase3_rational
2025-06-27,508058.SH,中金厦门安居REIT,B,4.858,3802918,0.11903150066,0.02450216151914368,1.6462,1.8496,0.8040161519143678,0.600616151914368,2428999999.9999995,phase3_rational
2025-06-30,508058.SH,中金厦门安居REIT,B,4.842,1428529,0.11903150066,0.024583126943411814,1.6469,1.8611,0.8114126943411812,0.5972126943411813,2420999999.9999995,phase3_rational
2025-07-01,508058.SH,中金厦门安居REIT,B,4.85,2626837,0.11903150066,0.024542577455670105,1.6433,1.8516,0.8109577455670105,0.6026577455670106,2424999999.9999995,phase3_rational
2025-07-02,508058.SH,中金厦门安居REIT,B,4.949,4117650,0.11903150066,0.024051626724590828,1.6396,1.8451,0.7655626724590829,0.5600626724590829,2474500000.0,phase3_rational
2025-07-03,508058.SH,中金厦门安居REIT,B,4.937,2318252,0.11903150066,0.02411008723111201,1.6407,1.8486,0.7703087231112009,0.5624087231112009,2468500000.0,phase3_rational
2025-07-04,508058.SH,中金厦门安居REIT,B,4.927,2962000,0.11903150066,0.024159021851024965,1.6433,1.8516,0.7726021851024965,0.5643021851024965,2463499999.9999995,phase3_rational
2025-07-07,508058.SH,中金厦门安居REIT,B,4.89,1872587,0.11903150066,0.02434182017586912,1.6406,1.8536,0.7935820175869122,0.5805820175869123,2444999999.9999995,phase3_rational
2025-07-08,508058.SH,中金厦门安居REIT,B,4.834,3498026,0.11903150066,0.024623810645428217,1.6444,1.8596,0.8179810645428218,0.602781064542822,2416999999.9999995,phase3_rational
2025-07-09,508058.SH,中金厦门安居REIT,B,4.739,4208859,0.11903150066,0.025117429976788352,1.6446,1.8566,0.867142997678835,0.655142997678835,2369500000.0,phase3_rational
2025-07-10,508058.SH,中金厦门安居REIT,B,4.702,3484636,0.11903150066,0.025315078830284984,1.6616,1.8746,0.8699078830284983,0.6569078830284982,2351000000.0,phase3_rational
2025-07-11,508058.SH,中金厦门安居REIT,B,4.708,7097794,0.11903150066,0.025282816622769752,1.6653,1.8741,0.8629816622769753,0.6541816622769752,2354000000.0,phase3_rational
2025-07-14,508058.SH,中金厦门安居REIT,B,4.704,3115360,0.11903150066,0.0253043156164966,1.6726,1.8821,0.8578315616496601,0.6483315616496601,2352000000.0,phase3_rational
2025-07-15,508058.SH,中金厦门安居REIT,B,4.745,4821194,0.11903150066,0.025085669264488936,1.6557,1.8601,0.8528669264488937,0.6484669264488936,2372500000.0,phase3_rational
2025-07-16,508058.SH,中金厦门安居REIT,B,4.741,3198514,0.11903150066,0.025106834140476694,1.6617,1.8661,0.8489834140476693,0.6445834140476692,2370499999.9999995,phase3_rational
2025-07-17,508058.SH,中金厦门安居REIT,B,4.737,5564823,0.11903150066,0.025128034760396874,1.663,1.883,0.8498034760396875,0.6298034760396876,2368500000.0,phase3_rational
2025-07-18,508058.SH,中金厦门安居REIT,B,4.709,3038085,0.11903150066,0.02527744758122744,1.6652,1.8885,0.8625447581227439,0.6392447581227438,2354499999.9999995,phase3_rational
2025-07-21,508058.SH,中金厦门安居REIT,B,4.67,2116887,0.11903150066,0.025488544038543896,1.6774,1.9115,0.8714544038543894,0.6373544038543895,2335000000.0,phase3_rational
2025-07-22,508058.SH,中金厦门安居REIT,B,4.599,2774509,0.11903150066,0.025882039717329854,1.6907,1.9335,0.8975039717329851,0.6547039717329852,2299500000.0,phase3_rational
2025-07-23,508058.SH,中金厦门安居REIT,B,4.598,4078477,0.11903150066,0.02588766869508482,1.7041,1.938,0.8846668695084818,0.6507668695084818,2299000000.0,phase3_rational
2025-07-24,508058.SH,中金厦门安居REIT,B,4.598,2005285,0.11903150066,0.02588766869508482,1.7376,1.979,0.8511668695084817,0.6097668695084817,2299000000.0,phase3_rational
2025-07-25,508058.SH,中金厦门安居REIT,B,4.568,3129241,0.11903150066,0.0260576840323993,1.7324,1.9725,0.8733684032399298,0.6332684032399298,2283999999.9999995,phase3_rational
2025-07-28,508058.SH,中金厦门安居REIT,B,4.585,2351971,0.11903150066,0.025961068846237733,1.7146,1.9525,0.8815068846237732,0.6436068846237732,2292500000.0,phase3_rational
2025-07-29,508058.SH,中金厦门安居REIT,B,4.546,2635120,0.11903150066,0.026183788090629122,1.7466,1.998,0.8717788090629122,0.6203788090629121,2273000000.0,phase3_rational
2025-07-30,508058.SH,中金厦门安居REIT,B,4.595,4376831,0.11903150066,0.025904570328618065,1.718,1.96,0.8724570328618064,0.6304570328618064,2297500000.0,phase3_rational
2025-07-31,508058.SH,中金厦门安居REIT,B,4.69,3142349,0.11903150066,0.0253798508869936,1.7044,1.945,0.8335850886993599,0.5929850886993597,2345000000.0000005,phase3_rational
2025-08-01,508058.SH,中金厦门安居REIT,B,4.751,2393685,0.11903150066,0.025053988772889915,1.7059,1.949,0.7994988772889913,0.5563988772889912,2375500000.0000005,phase3_rational
2025-08-04,508058.SH,中金厦门安居REIT,B,4.718,4121455,0.11903150066,0.02522922862653667,1.7083,1.95,0.8146228626536671,0.5729228626536671,2359000000.0,phase3_rational
2025-08-05,508058.SH,中金厦门安居REIT,B,4.742,3126724,0.11903150066,0.0251015395740194,1.7061,1.9585,0.8040539574019403,0.5516539574019403,2371000000.0,phase3_rational
2025-08-06,508058.SH,中金厦门安居REIT,B,4.737,1619328,0.11903150066,0.025128034760396874,1.6999,1.958,0.8129034760396876,0.5548034760396876,2368500000.0,phase3_rational
2025-08-07,508058.SH,中金厦门安居REIT,B,4.749,2792288,0.11903150066,0.02506454004211413,1.6894,1.951,0.8170540042114132,0.5554540042114131,2374499999.9999995,phase3_rational
2025-08-08,508058.SH,中金厦门安居REIT,B,4.692,5419032,0.11903150066,0.02536903253623188,1.6891,1.96,0.8478032536231883,0.5769032536231884,2346000000.0,phase3_rational
2025-08-11,508058.SH,中金厦门安居REIT,B,4.619,3923400,0.11903150066,0.025769971998268023,1.7203,1.995,0.8566971998268023,0.5819971998268021,2309500000.0,phase3_rational
2025-08-12,508058.SH,中金厦门安居REIT,B,4.602,3105506,0.11903150066,0.02586516746197305,1.7271,2.017,0.8594167461973052,0.5695167461973054,2301000000.0000005,phase3_rational
2025-08-13,508058.SH,中金厦门安居REIT,B,4.554,5320171,0.11903150066,0.02613779109793588,1.7262,2.02,0.8875791097935881,0.5937791097935881,2277000000.0,phase3_rational
2025-08-14,508058.SH,中金厦门安居REIT,B,4.521,7211036,0.11903150066,0.02632857789427118,1.7341,2.0275,0.8987577894271179,0.605357789427118,2260500000.0,phase3_rational
2025-08-15,508058.SH,中金厦门安居REIT,B,4.478,3207703,0.11903150066,0.026581398092898615,1.7465,2.0475,0.9116398092898617,0.6106398092898617,2239000000.0,phase3_rational
2025-08-18,508058.SH,中金厦门安居REIT,B,4.3,6159780,0.11903150066,0.027681744339534884,1.7872,2.1145,0.9809744339534885,0.6536744339534883,2150000000.0,phase3_rational
2025-08-19,508058.SH,中金厦门安居REIT,B,4.192,6706915,0.11903150066,0.028394919050572516,1.7725,2.0975,1.0669919050572516,0.7419919050572514,2096000000.0,phase3_rational
2025-08-20,508058.SH,中金厦门安居REIT,B,4.196,5067066,0.11903150066,0.028367850490943758,1.782,2.105,1.0547850490943755,0.7317850490943756,2098000000.0,phase3_rational
2025-08-21,508058.SH,中金厦门安居REIT,B,4.218,4302984,0.11903150066,0.028219891100047415,1.7667,2.075,1.0552891100047417,0.7469891100047414,2109000000.0,phase3_rational
2025-08-22,508058.SH,中金厦门安居REIT,B,4.197,3452105,0.11903150066,0.028361091412913986,1.7818,2.0775,1.0543091412913985,0.7586091412913984,2098500000.0,phase3_rational
2025-08-25,508058.SH,中金厦门安居REIT,B,4.211,5429754,0.11903150066,0.028266801391593443,1.7643,2.05,1.0623801391593442,0.7766801391593443,2105500000.0000002,phase3_rational
2025-08-26,508058.SH,中金厦门安居REIT,B,4.371,6066752,0.11903150066,0.02723209806909174,1.7598,2.035,0.9634098069091739,0.6882098069091738,2185500000.0000005,phase3_rational
2025-08-27,508058.SH,中金厦门安居REIT,B,4.389,3269030,0.11903150066,0.02712041482342219,1.7988,2.07,0.9132414823422192,0.6420414823422194,2194500000.0,phase3_rational
2025-08-28,508058.SH,中金厦门安居REIT,B,4.397,4106042,0.11903150066,0.027071071335001137,1.8478,2.1108,0.8593071335001137,0.596307133500114,2198500000.0,phase3_rational
2025-08-29,508058.SH,中金厦门安居REIT,B,4.356,3551120,0.11903150066,0.02732587251147842,1.8379,2.1375,0.8946872511478421,0.595087251147842,2178000000.0,phase3_rational
2025-09-01,508058.SH,中金厦门安居REIT,B,4.339,2475450,0.11903150066,0.027432934007835905,1.8257,2.1165,0.9175934007835902,0.6267934007835905,2169500000.0000005,phase3_rational
2025-09-02,508058.SH,中金厦门安居REIT,B,4.38,2783535,0.11903150066,0.027176141703196346,1.8167,2.1,0.9009141703196346,0.6176141703196345,2190000000.0,phase3_rational
2025-09-03,508058.SH,中金厦门安居REIT,B,4.332,5817770,0.11903150066,0.027477262386888274,1.7984,2.075,0.9493262386888275,0.6727262386888273,2166000000.0,phase3_rational
2025-09-04,508058.SH,中金厦门安居REIT,B,4.425,4077502,0.11903150066,0.02689977416045198,1.806,2.085,0.8839774160451981,0.6049774160451982,2212500000.0,phase3_rational
2025-09-05,508058.SH,中金厦门安居REIT,B,4.374,5404031,0.11903150066,0.027213420361225423,1.826,2.1125,0.8953420361225422,0.6088420361225424,2186999999.9999995,phase3_rational
2025-09-08,508058.SH,中金厦门安居REIT,B,4.368,2783196,0.11903150066,0.02725080143315018,1.8514,2.1475,0.8736801433150183,0.5775801433150183,2184000000.0000005,phase3_rational
2025-09-09,508058.SH,中金厦门安居REIT,B,4.386,1977491,0.11903150066,0.027138965038759687,1.8641,2.171,0.8497965038759685,0.5428965038759688,2193000000.0,phase3_rational
2025-09-10,508058.SH,中金厦门安居REIT,B,4.386,3642326,0.11903150066,0.027138965038759687,1.8992,2.204,0.8146965038759686,0.5098965038759684,2193000000.0,phase3_rational
2025-09-11,508058.SH,中金厦门安居REIT,B,4.368,2888402,0.11903150066,0.02725080143315018,1.8743,2.208,0.8507801433150182,0.5170801433150181,2184000000.0000005,phase3_rational
2025-09-12,508058.SH,中金厦门安居REIT,B,4.379,3642243,0.11903150066,0.02718234771865723,1.867,2.184,0.8512347718657232,0.534234771865723,2189499999.9999995,phase3_rational
2025-09-15,508058.SH,中金厦门安居REIT,B,4.371,2298048,0.11903150066,0.02723209806909174,1.8724,2.1875,0.8508098069091738,0.5357098069091739,2185500000.0000005,phase3_rational
2025-09-16,508058.SH,中金厦门安居REIT,B,4.333,4651623,0.11903150066,0.02747092099238403,1.8527,2.1675,0.8943920992384027,0.5795920992384027,2166500000.0,phase3_rational
2025-09-17,508058.SH,中金厦门安居REIT,B,4.315,3344555,0.11903150066,0.02758551579606025,1.8349,2.15,0.9236515796060252,0.6085515796060252,2157500000.0000005,phase3_rational
2025-09-18,508058.SH,中金厦门安居REIT,B,4.348,3565209,0.11903150066,0.02737615010579577,1.8546,2.1701,0.8830150105795771,0.567515010579577,2174000000.0,phase3_rational
2025-09-19,508058.SH,中金厦门安居REIT,B,4.358,3920699,0.11903150066,0.027313331955025243,1.8789,2.1996,0.8524331955025242,0.531733195502524,2178999999.9999995,phase3_rational
2025-09-22,508058.SH,中金厦门安居REIT,B,4.347,2029342,0.11903150066,0.027382447816885206,1.8647,2.189,0.8735447816885205,0.5492447816885204,2173500000.0000005,phase3_rational
2025-09-23,508058.SH,中金厦门安居REIT,B,4.346,3621999,0.11903150066,0.027388748426138976,1.877,2.215,0.8618748426138978,0.5238748426138979,2173000000.0,phase3_rational
2025-09-24,508058.SH,中金厦门安居REIT,B,4.341,3351149,0.11903150066,0.027420295014973506,1.9022,2.2501,0.8398295014973509,0.4919295014973506,2170500000.0,phase3_rational
2025-09-25,508058.SH,中金厦门安居REIT,B,4.3,3006524,0.11903150066,0.027681744339534884,1.884,2.23,0.8841744339534885,0.5381744339534884,2150000000.0,phase3_rational
2025-09-26,508058.SH,中金厦门安居REIT,B,4.297,1828985,0.11903150066,0.027701070667907845,1.8768,2.217,0.8933070667907843,0.5531070667907843,2148499999.9999995,phase3_rational
2025-09-29,508058.SH,中金厦门安居REIT,B,4.297,1807579,0.11903150066,0.027701070667907845,1.887,2.242,0.8831070667907843,0.5281070667907843,2148499999.9999995,phase3_rational
2025-09-30,508058.SH,中金厦门安居REIT,B,4.276,1538004,0.11903150066,0.027837114279700655,1.8605,2.2461,0.9232114279700654,0.5376114279700652,2138000000.0,phase3_rational
2025-10-09,508058.SH,中金厦门安居REIT,B,4.257,1791066,0.11903150066,0.027961357918722108,1.8466,2.2629,0.9495357918722109,0.5332357918722108,2128499999.9999998,phase3_rational
2025-10-10,508058.SH,中金厦门安居REIT,B,4.25,1511683,0.11903150066,0.02800741192,1.846,2.2829,0.9547411919999997,0.5178411919999997,2125000000.0,phase3_rational
2025-10-13,508058.SH,中金厦门安居REIT,B,4.268,4176626,0.11903150066,0.027889292563261482,1.8383,2.2729,0.9506292563261483,0.5160292563261484,2134000000.0,phase3_rational
2025-10-14,508058.SH,中金厦门安居REIT,B,4.26,2779674,0.11903150066,0.027941666821596246,1.8368,2.2678,0.9573666821596245,0.5263666821596247,2130000000.0,phase3_rational
2025-10-15,508058.SH,中金厦门安居REIT,B,4.232,1464868,0.11903150066,0.028126536072778825,1.8449,2.2603,0.9677536072778827,0.5523536072778827,2116000000.0,phase3_rational
2025-10-16,508058.SH,中金厦门安居REIT,B,4.218,4074213,0.11903150066,0.028219891100047415,1.8407,2.2414,0.9812891100047416,0.5805891100047416,2109000000.0,phase3_rational
2025-10-17,508058.SH,中金厦门安居REIT,B,4.174,4506508,0.11903150066,0.028517369587925247,1.8246,2.2002,1.0271369587925248,0.6515369587925246,2087000000.0000002,phase3_rational
2025-10-20,508058.SH,中金厦门安居REIT,B,4.07,3635734,0.11903150066,0.029246068958230956,1.8498,2.2162,1.0748068958230954,0.7084068958230954,2035000000.0,phase3_rational
2025-10-21,508058.SH,中金厦门安居REIT,B,4.067,5712795,0.11903150066,0.029267642158839438,1.8357,2.1871,1.0910642158839439,0.7396642158839439,2033500000.0,phase3_rational
2025-10-22,508058.SH,中金厦门安居REIT,B,4.089,4604113,0.11903150066,0.029110173797994614,1.8293,2.1821,1.0817173797994615,0.7289173797994613,2044500000.0000002,phase3_rational
2025-10-23,508058.SH,中金厦门安居REIT,B,4.107,4588147,0.11903150066,0.028982590859508155,1.8391,2.1946,1.0591590859508153,0.7036590859508154,2053500000.0,phase3_rational
2025-10-24,508058.SH,中金厦门安居REIT,B,4.18,3888820,0.11903150066,0.028476435564593304,1.8486,2.2126,0.9990435564593303,0.6350435564593302,2090000000.0,phase3_rational
2025-10-27,508058.SH,中金厦门安居REIT,B,4.173,4356463,0.11903150066,0.028524203369278696,1.8423,2.2031,1.0101203369278695,0.6493203369278695,2086500000.0,phase3_rational
2025-10-28,508058.SH,中金厦门安居REIT,B,4.285,8428691,0.11903150066,0.027778646595099182,1.8179,2.17,0.9599646595099183,0.6078646595099184,2142500000.0,phase3_rational
2025-10-29,508058.SH,中金厦门安居REIT,B,4.31,5229906,0.11903150066,0.027617517554524365,1.8208,2.177,0.9409517554524365,0.5847517554524364,2154999999.9999995,phase3_rational
2025-10-30,508058.SH,中金厦门安居REIT,B,4.328,3533743,0.11903150066,0.027502657268946393,1.8098,2.1625,0.9404657268946393,0.5877657268946392,2164000000.0000005,phase3_rational
2025-10-31,508058.SH,中金厦门安居REIT,B,4.323,5885848,0.11903150066,0.027534466958130926,1.7954,2.1431,0.9580466958130927,0.6103466958130928,2161500000.0000005,phase3_rational
2025-11-03,508058.SH,中金厦门安居REIT,B,4.3,5487901,0.11903150066,0.027681744339534884,1.7944,2.1376,0.9737744339534884,0.6305744339534884,2150000000.0,phase3_rational
2025-11-04,508058.SH,中金厦门安居REIT,B,4.249,3320077,0.11903150066,0.028014003450223583,1.7984,2.1421,1.0030003450223584,0.6593003450223582,2124499999.9999998,phase3_rational
2025-11-05,508058.SH,中金厦门安居REIT,B,4.205,4062238,0.11903150066,0.02830713452080856,1.7964,2.1391,1.0343134520808561,0.6916134520808561,2102500000.0,phase3_rational
2025-11-06,508058.SH,中金厦门安居REIT,B,4.189,3700119,0.11903150066,0.028415254394843638,1.81,2.1596,1.0315254394843638,0.6819254394843637,2094500000.0,phase3_rational
2025-11-07,508058.SH,中金厦门安居REIT,B,4.255,3980137,0.11903150066,0.0279745007426557,1.8142,2.1581,0.9832500742655701,0.63935007426557,2127500000.0,phase3_rational
2025-11-10,508058.SH,中金厦门安居REIT,B,4.335,3794958,0.11903150066,0.027458246980392155,1.8139,2.1476,0.9319246980392155,0.5982246980392154,2167500000.0,phase3_rational
2025-11-11,508058.SH,中金厦门安居REIT,B,4.341,3528980,0.11903150066,0.027420295014973506,1.8119,2.1537,0.9301295014973507,0.5883295014973506,2170500000.0,phase3_rational
2025-11-12,508058.SH,中金厦门安居REIT,B,4.293,2746100,0.11903150066,0.027726881122757976,1.8071,2.1431,0.9655881122757977,0.6295881122757976,2146500000.0,phase3_rational
2025-11-13,508058.SH,中金厦门安居REIT,B,4.267,1255153,0.11903150066,0.027895828605577686,1.8126,2.1491,0.9769828605577688,0.640482860557769,2133500000.0000002,phase3_rational
2025-11-14,508058.SH,中金厦门安居REIT,B,4.266,3405752,0.11903150066,0.027902367712142523,1.814,2.1481,0.9762367712142521,0.6421367712142523,2133000000.0,phase3_rational
2025-11-17,508058.SH,中金厦门安居REIT,B,4.271,2655187,0.11903150066,0.027869702800280966,1.8109,2.1391,0.9760702800280965,0.6478702800280964,2135500000.0,phase3_rational
2025-11-18,508058.SH,中金厦门安居REIT,B,4.271,3277044,0.11903150066,0.027869702800280966,1.8121,2.1381,0.9748702800280964,0.6488702800280963,2135500000.0,phase3_rational
2025-11-19,508058.SH,中金厦门安居REIT,B,4.257,2937694,0.11903150066,0.027961357918722108,1.8179,2.1506,0.9782357918722109,0.6455357918722111,2128499999.9999998,phase3_rational
2025-11-20,508058.SH,中金厦门安居REIT,B,4.252,2892640,0.11903150066,0.027994238160865475,1.8135,2.1531,0.9859238160865478,0.6463238160865479,2126000000.0,phase3_rational
2025-11-21,508058.SH,中金厦门安居REIT,B,4.164,4951197,0.11903150066,0.028585855105667628,1.8166,2.1576,1.0419855105667628,0.7009855105667628,2081999999.9999998,phase3_rational
2025-11-24,508058.SH,中金厦门安居REIT,B,4.15,5659614,0.11903150066,0.02868228931566265,1.821,2.1586,1.0472289315662648,0.7096289315662649,2075000000.0000002,phase3_rational
2025-11-25,508058.SH,中金厦门安居REIT,B,4.161,6969629,0.11903150066,0.028606464950732997,1.8301,2.1751,1.0305464950732997,0.6855464950732997,2080499999.9999998,phase3_rational
2025-11-26,508058.SH,中金厦门安居REIT,B,4.244,6200302,0.11903150066,0.02804700769557022,1.8462,2.1926,0.9585007695570216,0.6121007695570215,2122000000.0,phase3_rational
2025-11-27,508058.SH,中金厦门安居REIT,B,4.279,3853683,0.11903150066,0.027817597723767237,1.8537,2.2001,0.9280597723767237,0.5816597723767236,2139500000.0,phase3_rational
2025-11-28,508058.SH,中金厦门安居REIT,B,4.316,3695773,0.11903150066,0.027579124341983317,1.8412,2.1851,0.9167124341983317,0.5728124341983318,2158000000.0,phase3_rational
2025-12-01,508058.SH,中金厦门安居REIT,B,4.311,3320880,0.11903150066,0.02761111126420784,1.8366,2.1901,0.9245111264207841,0.571011126420784,2155500000.0,phase3_rational
2025-12-02,508058.SH,中金厦门安居REIT,B,4.28,973801,0.11903150066,0.027811098285046725,1.8442,2.2051,0.9369098285046726,0.5760098285046729,2140000000.0,phase3_rational
2025-12-03,508058.SH,中金厦门安居REIT,B,4.299,3477417,0.11903150066,0.02768818345196557,1.8519,2.2351,0.916918345196557,0.533718345196557,2149500000.0000005,phase3_rational
2025-12-04,508058.SH,中金厦门安居REIT,B,4.284,1335055,0.11903150066,0.027785130873015873,1.8718,2.2761,0.9067130873015876,0.5024130873015875,2142000000.0,phase3_rational
2025-12-05,508058.SH,中金厦门安居REIT,B,4.279,1717081,0.11903150066,0.027817597723767237,1.848,2.2571,0.9337597723767235,0.5246597723767237,2139500000.0,phase3_rational
2025-12-08,508058.SH,中金厦门安居REIT,B,4.26,1633327,0.11903150066,0.027941666821596246,1.8499,2.2577,0.9442666821596244,0.5364666821596247,2130000000.0,phase3_rational
2025-12-09,508058.SH,中金厦门安居REIT,B,4.262,1424429,0.11903150066,0.027928554824026283,1.8425,2.2527,0.9503554824026283,0.5401554824026285,2130999999.9999998,phase3_rational
2025-12-10,508058.SH,中金厦门安居REIT,B,4.307,2871332,0.11903150066,0.02763675427443696,1.8447,2.2412,0.9189754274436956,0.5224754274436956,2153500000.0000005,phase3_rational
2025-12-11,508058.SH,中金厦门安居REIT,B,4.286,2152765,0.11903150066,0.027772165342977138,1.8404,2.2252,0.9368165342977137,0.5520165342977137,2142999999.9999998,phase3_rational
2025-12-12,508058.SH,中金厦门安居REIT,B,4.305,2639721,0.11903150066,0.027649593649245064,1.8396,2.2487,0.9253593649245064,0.5162593649245064,2152500000.0,phase3_rational
2025-12-15,508058.SH,中金厦门安居REIT,B,4.287,1978609,0.11903150066,0.027765687114532308,1.8488,2.2792,0.9277687114532307,0.4973687114532308,2143500000.0,phase3_rational
2025-12-16,508058.SH,中金厦门安居REIT,B,4.257,2976736,0.11903150066,0.027961357918722108,1.8458,2.2802,0.9503357918722108,0.5159357918722112,2128499999.9999998,phase3_rational
2025-12-17,508058.SH,中金厦门安居REIT,B,4.249,1701672,0.11903150066,0.028014003450223583,1.834,2.2422,0.9674003450223583,0.5592003450223584,2124499999.9999998,phase3_rational
2025-12-18,508058.SH,中金厦门安居REIT,B,4.234,1647563,0.11903150066,0.028113250037789323,1.8356,2.2512,0.9757250037789325,0.5601250037789325,2117000000.0,phase3_rational
2025-12-19,508058.SH,中金厦门安居REIT,B,4.202,1314137,0.11903150066,0.028327344278914802,1.8308,2.2252,1.0019344278914804,0.6075344278914803,2101000000.0,phase3_rational
2025-12-22,508058.SH,中金厦门安居REIT,B,4.241,1270383,0.11903150066,0.0280668475972648,1.8415,2.2412,0.9651847597264798,0.5654847597264796,2120499999.9999998,phase3_rational
2025-12-23,508058.SH,中金厦门安居REIT,B,4.238,1723532,0.11903150066,0.028086715587541288,1.8352,2.2232,0.9734715587541287,0.5854715587541288,2119000000.0000002,phase3_rational
2025-12-24,508058.SH,中金厦门安居REIT,B,4.329,2612707,0.11903150066,0.02749630414876415,1.8356,2.2202,0.9140304148764149,0.5294304148764146,2164500000.0,phase3_rational
2025-12-25,508058.SH,中金厦门安居REIT,B,4.343,2312571,0.11903150066,0.027407667662905824,1.8386,2.2252,0.9021667662905823,0.5155667662905823,2171500000.0,phase3_rational
2025-12-26,508058.SH,中金厦门安居REIT,B,4.323,1360494,0.11903150066,0.027534466958130926,1.8376,2.2233,0.9158466958130929,0.5301466958130927,2161500000.0000005,phase3_rational
2025-12-29,508058.SH,中金厦门安居REIT,B,4.28,1070154,0.11903150066,0.027811098285046725,1.8584,2.2583,0.9227098285046726,0.5228098285046725,2140000000.0,phase3_rational
2025-12-30,508058.SH,中金厦门安居REIT,B,4.249,1045348,0.11903150066,0.028014003450223583,1.8582,2.2628,0.9432003450223583,0.5386003450223584,2124499999.9999998,phase3_rational
2025-12-31,508058.SH,中金厦门安居REIT,B,4.261,1085967,0.11903150066,0.027935109284205586,1.8473,2.2674,0.9462109284205587,0.5261109284205587,2130500000.0,phase3_rational
2026-01-05,508058.SH,中金厦门安居REIT,B,4.24,1491446,0.11903150066,0.02807346713679245,1.8584,2.2822,0.9489467136792449,0.5251467136792449,2120000000.0,phase3_rational
2026-01-06,508058.SH,中金厦门安居REIT,B,4.292,2357691,0.11903150066,0.027733341253494876,1.8829,2.3104,0.8904341253494874,0.4629341253494874,2146000000.0,phase3_rational
2026-01-07,508058.SH,中金厦门安居REIT,B,4.323,1578678,0.11903150066,0.027534466958130926,1.9019,2.3345,0.8515466958130928,0.41894669581309296,2161500000.0000005,phase3_rational
2026-01-08,508058.SH,中金厦门安居REIT,B,4.345,3551631,0.11903150066,0.027395051935558114,1.8905,2.319,0.8490051935558112,0.4205051935558113,2172500000.0,phase3_rational
2026-01-09,508058.SH,中金厦门安居REIT,B,4.311,1813302,0.11903150066,0.02761111126420784,1.8782,2.3024,0.8829111264207841,0.45871112642078415,2155500000.0,phase3_rational
2026-01-12,508058.SH,中金厦门安居REIT,B,4.304,1470675,0.11903150066,0.027656017811338286,1.8585,2.292,0.9071017811338284,0.47360178113382867,2152000000.0,phase3_rational
2026-01-13,508058.SH,中金厦门安居REIT,B,4.296,1686162,0.11903150066,0.027707518775605212,1.8519,2.2926,0.9188518775605212,0.47815187756052113,2148000000.0,phase3_rational
2026-01-14,508058.SH,中金厦门安居REIT,B,4.249,1105593,0.11903150066,0.028014003450223583,1.8494,2.3028,0.9520003450223584,0.4986003450223584,2124499999.9999998,phase3_rational
2026-01-15,508058.SH,中金厦门安居REIT,B,4.256,1055570,0.11903150066,0.027967927786654134,1.8544,2.3058,0.9423927786654134,0.49099277866541335,2128000000.0,phase3_rational
2026-01-16,508058.SH,中金厦门安居REIT,B,4.264,1361228,0.11903150066,0.027915455126641647,1.8424,2.3036,0.9491455126641646,0.48794551266416475,2132000000.0,phase3_rational
2026-01-19,508058.SH,中金厦门安居REIT,B,4.243,1336979,0.11903150066,0.028053617878859294,1.8393,2.3417,0.9660617878859294,0.4636617878859295,2121500000.0000002,phase3_rational
2026-01-20,508058.SH,中金厦门安居REIT,B,4.282,1259017,0.11903150066,0.02779810851471275,1.8326,2.3351,0.9472108514712752,0.444710851471275,2141000000.0,phase3_rational
2026-01-21,508058.SH,中金厦门安居REIT,B,4.327,1803920,0.11903150066,0.027509013325629765,1.8312,2.3026,0.9197013325629766,0.44830133256297655,2163500000.0,phase3_rational
2026-01-22,508058.SH,中金厦门安居REIT,B,4.329,2938489,0.11903150066,0.02749630414876415,1.8425,2.3101,0.9071304148764148,0.439530414876415,2164500000.0,phase3_rational
2026-01-23,508058.SH,中金厦门安居REIT,B,4.318,2176855,0.11903150066,0.02756635031496063,1.8298,2.2871,0.9268350314960627,0.4695350314960627,2158999999.9999995,phase3_rational
2026-01-26,508058.SH,中金厦门安居REIT,B,4.268,759200,0.11903150066,0.027889292563261482,1.8242,2.27,0.9647292563261483,0.5189292563261483,2134000000.0,phase3_rational
2026-01-27,508058.SH,中金厦门安居REIT,B,4.274,1198742,0.11903150066,0.027850140538137575,1.8311,2.285,0.9539140538137574,0.5000140538137572,2137000000.0,phase3_rational
2026-01-28,508058.SH,中金厦门安居REIT,B,4.288,1293492,0.11903150066,0.02775921190764925,1.8164,2.277,0.959521190764925,0.4989211907649249,2144000000.0,phase3_rational
2026-01-29,508058.SH,中金厦门安居REIT,B,4.347,1847264,0.11903150066,0.027382447816885206,1.8174,2.28,0.9208447816885206,0.4582447816885207,2173500000.0000005,phase3_rational
2026-01-30,508058.SH,中金厦门安居REIT,B,4.318,1324013,0.11903150066,0.02756635031496063,1.8112,2.289,0.9454350314960629,0.46763503149606267,2158999999.9999995,phase3_rational
2026-02-02,508058.SH,中金厦门安居REIT,B,4.278,1126855,0.11903150066,0.02782410020102852,1.82,2.281,0.9624100201028523,0.5014100201028522,2138999999.9999998,phase3_rational
2026-02-03,508058.SH,中金厦门安居REIT,B,4.29,1389414,0.11903150066,0.02774627055011655,1.8172,2.28,0.957427055011655,0.49462705501165516,2145000000.0,phase3_rational
2026-02-04,508058.SH,中金厦门安居REIT,B,4.302,1750768,0.11903150066,0.02766887509530451,1.8193,2.283,0.9475875095304509,0.4838875095304509,2150999999.9999995,phase3_rational
2026-02-05,508058.SH,中金厦门安居REIT,B,4.277,601109,0.11903150066,0.027830605718961888,1.8169,2.271,0.966160571896189,0.512060571896189,2138500000.0,phase3_rational
2026-02-06,508058.SH,中金厦门安居REIT,B,4.236,1389627,0.11903150066,0.028099976548630785,1.8102,2.251,0.9997976548630785,0.5589976548630786,2118000000.0,phase3_rational
2026-02-09,508058.SH,中金厦门安居REIT,B,4.197,2393551,0.11903150066,0.028361091412913986,1.8114,2.248,1.0247091412913987,0.5881091412913984,2098500000.0,phase3_rational
2026-02-10,508058.SH,中金厦门安居REIT,B,4.205,1433106,0.11903150066,0.02830713452080856,1.8094,2.247,1.0213134520808562,0.5837134520808562,2102500000.0,phase3_rational
2026-02-11,508058.SH,中金厦门安居REIT,B,4.226,2008324,0.11903150066,0.028166469630856603,1.7994,2.2455,1.01724696308566,0.5711469630856603,2113000000.0,phase3_rational
2026-02-12,508058.SH,中金厦门安居REIT,B,4.24,1741354,0.11903150066,0.02807346713679245,1.7893,2.246,1.018046713679245,0.5613467136792449,2120000000.0,phase3_rational
2026-02-13,508058.SH,中金厦门安居REIT,B,4.27,1544790,0.11903150066,0.027876229662763468,1.7928,2.244,0.9948229662763468,0.5436229662763465,2134999999.9999998,phase3_rational
2026-02-24,508058.SH,中金厦门安居REIT,B,4.225,723103,0.11903150066,0.028173136250887576,1.8023,2.2426,1.0150136250887576,0.5747136250887577,2112499999.9999998,phase3_rational
2026-02-25,508058.SH,中金厦门安居REIT,B,4.22,1818284,0.11903150066,0.02820651674407583,1.8158,2.255,1.0048516744075828,0.565651674407583,2110000000.0,phase3_rational
2026-02-26,508058.SH,中金厦门安居REIT,B,4.195,1409649,0.11903150066,0.02837461279141835,1.8288,2.2951,1.0086612791418352,0.5423612791418351,2097500000.0,phase3_rational
2026-02-27,508058.SH,中金厦门安居REIT,B,4.134,4754755,0.11903150066,0.028793299627479434,1.7877,2.2896,1.0916299627479433,0.5897299627479433,2067000000.0000002,phase3_rational
2026-03-02,508058.SH,中金厦门安居REIT,B,4.082,6287379,0.11903150066,0.029160093253307203,1.7761,2.2696,1.1399093253307204,0.6464093253307204,2041000000.0,phase3_rational
2026-03-03,508058.SH,中金厦门安居REIT,B,4.098,4148566,0.11903150066,0.029046242230356272,1.7807,2.2827,1.1239242230356274,0.6219242230356272,2049000000.0,phase3_rational
2026-03-04,508058.SH,中金厦门安居REIT,B,4.111,2774354,0.11903150066,0.028954390819751888,1.7768,2.2752,1.118639081975189,0.6202390819751891,2055500000.0,phase3_rational
2026-03-05,508058.SH,中金厦门安居REIT,B,4.122,1312034,0.11903150066,0.028877122916060167,1.7779,2.2717,1.1098122916060167,0.6160122916060167,2061000000.0,phase3_rational
2026-03-06,508058.SH,中金厦门安居REIT,B,4.1,1225805,0.11903150066,0.02903207333170732,1.781,2.2812,1.122207333170732,0.6220073331707319,2049999999.9999998,phase3_rational
2026-03-09,508058.SH,中金厦门安居REIT,B,4.057,2921846,0.11903150066,0.029339783253635687,1.8054,2.3292,1.1285783253635688,0.6047783253635686,2028500000.0000002,phase3_rational
2026-03-10,508058.SH,中金厦门安居REIT,B,4.092,2104822,0.11903150066,0.029088832028348,1.8055,2.3328,1.1033832028347998,0.5760832028347997,2045999999.9999998,phase3_rational
2026-03-11,508058.SH,中金厦门安居REIT,B,4.12,2134753,0.11903150066,0.0288911409368932,1.8075,2.3503,1.08161409368932,0.5388140936893202,2060000000.0,phase3_rational
2026-03-12,508058.SH,中金厦门安居REIT,B,4.07,1256611,0.11903150066,0.029246068958230956,1.8052,2.3404,1.1194068958230956,0.5842068958230957,2035000000.0,phase3_rational
2026-03-13,508058.SH,中金厦门安居REIT,B,4.073,2580313,0.11903150066,0.029224527537441685,1.8143,2.3665,1.1081527537441687,0.5559527537441689,2036500000.0000002,phase3_rational
2026-03-16,508058.SH,中金厦门安居REIT,B,4.033,1511579,0.11903150066,0.02951438151748078,1.8312,2.3917,1.1202381517480782,0.559738151748078,2016500000.0000002,phase3_rational
2026-03-17,508058.SH,中金厦门安居REIT,B,4.089,1561298,0.11903150066,0.029110173797994614,1.8314,2.3806,1.0796173797994615,0.5304173797994616,2044500000.0000002,phase3_rational
2026-03-18,508058.SH,中金厦门安居REIT,B,4.133,1832353,0.11903150066,0.028800266310186305,1.8175,2.3607,1.0625266310186308,0.5193266310186306,2066500000.0,phase3_rational
2026-03-19,508058.SH,中金厦门安居REIT,B,4.165,2304175,0.11903150066,0.02857899175510204,1.8252,2.391,1.0326991755102044,0.4668991755102043,2082500000.0,phase3_rational
2026-03-20,508058.SH,中金厦门安居REIT,B,4.17,1444656,0.11903150066,0.028544724378896883,1.8299,2.3881,1.0245724378896883,0.4663724378896883,2085000000.0,phase3_rational
2026-03-23,508058.SH,中金厦门安居REIT,B,4.12,1211106,0.11903150066,0.0288911409368932,1.8316,2.373,1.0575140936893201,0.5161140936893198,2060000000.0,phase3_rational
2026-03-24,508058.SH,中金厦门安居REIT,B,4.172,936803,0.11903150066,0.028531040426653883,1.8272,2.3457,1.0259040426653883,0.5074040426653883,2085999999.9999998,phase3_rational
2026-03-25,508058.SH,中金厦门安居REIT,B,4.188,1108946,0.11903150066,0.028422039317096467,1.8233,2.3457,1.0189039317096469,0.4965039317096469,2094000000.0,phase3_rational
2026-03-26,508058.SH,中金厦门安居REIT,B,4.148,1001121,0.11903150066,0.028696118770491805,1.8194,2.3498,1.0502118770491808,0.5198118770491806,2073999999.9999998,phase3_rational
2026-03-27,508058.SH,中金厦门安居REIT,B,4.149,986485,0.11903150066,0.028689202376476257,1.8172,2.3497,1.0517202376476258,0.5192202376476258,2074500000.0,phase3_rational
2026-03-30,508058.SH,中金厦门安居REIT,B,4.136,859608,0.11903150066,0.028779376368471953,1.8063,2.3286,1.0716376368471952,0.5493376368471954,2068000000.0,phase3_rational
2026-03-31,508058.SH,中金厦门安居REIT,B,4.092,1156900,0.11903150066,0.029088832028348,1.8171,2.3521,1.0917832028348,0.5567832028347999,2045999999.9999998,phase3_rational
2026-04-01,508058.SH,中金厦门安居REIT,B,4.08,1124101,0.11903150066,0.029174387416666666,1.8244,2.3667,1.0930387416666665,0.5507387416666667,2040000000.0,phase3_rational
2026-04-02,508058.SH,中金厦门安居REIT,B,4.068,1295956,0.11903150066,0.02926044755653884,1.8209,2.3733,1.105144755653884,0.552744755653884,2033999999.9999998,phase3_rational
2026-04-03,508058.SH,中金厦门安居REIT,B,4.066,2618738,0.11903150066,0.02927484030004919,1.8199,2.3725,1.1075840300049191,0.5549840300049191,2033000000.0,phase3_rational
2026-04-07,508058.SH,中金厦门安居REIT,B,4.08,2946229,0.11903150066,0.029174387416666666,1.8171,2.3597,1.1003387416666666,0.5577387416666664,2040000000.0,phase3_rational
2026-04-08,508058.SH,中金厦门安居REIT,B,4.084,3016963,0.11903150066,0.02914581309010774,1.8136,2.3377,1.1009813090107738,0.5768813090107741,2041999999.9999998,phase3_rational
2026-04-09,508058.SH,中金厦门安居REIT,B,4.048,1670992,0.11903150066,0.029405014985177863,1.8192,2.3393,1.1213014985177865,0.6012014985177863,2024000000.0,phase3_rational
2026-04-10,508058.SH,中金厦门安居REIT,B,4.044,729242,0.11903150066,0.02943410006429278,1.8128,2.3055,1.1306100064292781,0.6379100064292782,2021999999.9999998,phase3_rational
2026-04-13,508058.SH,中金厦门安居REIT,B,4.042,1498874,0.11903150066,0.029448664190994556,1.7933,2.2816,1.151566419099456,0.6632664190994557,2021000000.0,phase3_rational
2026-04-14,508058.SH,中金厦门安居REIT,B,4.095,3054820,0.11903150066,0.02906752152869353,1.7829,2.2805,1.1238521528693528,0.6262521528693528,2047500000.0,phase3_rational
2026-04-15,508058.SH,中金厦门安居REIT,B,4.08,3314503,0.11903150066,0.029174387416666666,1.7809,2.2784,1.1365387416666666,0.6390387416666665,2040000000.0,phase3_rational
2026-04-16,508058.SH,中金厦门安居REIT,B,4.093,3033857,0.11903150066,0.0290817250574151,1.7812,2.281,1.12697250574151,0.6271725057415098,2046500000.0,phase3_rational
2026-04-17,508058.SH,中金厦门安居REIT,B,4.117,846384,0.11903150066,0.028912193504979353,1.7623,2.25,1.1289193504979351,0.6412193504979351,2058500000.0,phase3_rational
2026-04-20,508058.SH,中金厦门安居REIT,B,4.103,2271313,0.11903150066,0.029010845883499878,1.7627,2.2556,1.138384588349988,0.645484588349988,2051500000.0,phase3_rational
2026-04-21,508058.SH,中金厦门安居REIT,B,4.074,1949400,0.11903150066,0.02921735411389298,1.751,2.2375,1.1707354113892978,0.6842354113892979,2037000000.0,phase3_rational
2026-04-22,508058.SH,中金厦门安居REIT,B,4.082,4600067,0.11903150066,0.029160093253307203,1.7389,2.2137,1.1771093253307205,0.7023093253307207,2041000000.0,phase3_rational
2026-04-23,508058.SH,中金厦门安居REIT,B,4.062,2435178,0.11903150066,0.029303668306253073,1.7548,2.2353,1.1755668306253075,0.6950668306253074,2031000000.0,phase3_rational
2026-04-27,508058.SH,中金厦门安居REIT,B,4.023,4467955,0.11903150066,0.029587745627641066,1.7697,2.2557,1.1890745627641064,0.7030745627641064,2011499999.9999998,phase3_rational
2026-04-28,508058.SH,中金厦门安居REIT,B,4.001,2345762,0.11903150066,0.029750437555611093,1.7654,2.242,1.209643755561109,0.7330437555611091,2000500000.0000002,phase3_rational
2026-04-29,508058.SH,中金厦门安居REIT,B,3.987,2050639,0.11903150066,0.02985490360170554,1.7444,2.219,1.2410903601705543,0.7664903601705544,1993500000.0,phase3_rational
2026-04-30,508058.SH,中金厦门安居REIT,B,3.97,2869046,0.11903150066,0.029982745758186397,1.7473,2.218,1.2509745758186397,0.7802745758186398,1985000000.0,phase3_rational
2026-05-06,508058.SH,中金厦门安居REIT,B,3.946,2606063,0.11903150066,0.030165104069944246,1.7654,2.239,1.2511104069944246,0.7775104069944248,1973000000.0,phase3_rational
2026-05-07,508058.SH,中金厦门安居REIT,B,3.962,1843226,0.11903150066,0.030043286385663805,1.7631,2.238,1.2412286385663804,0.7663286385663803,1981000000.0,phase3_rational
2026-05-08,508058.SH,中金厦门安居REIT,B,3.999,1929843,0.11903150066,0.02976531649412353,1.7648,2.2455,1.211731649412353,0.731031649412353,1999500000.0,phase3_rational
2026-05-11,508058.SH,中金厦门安居REIT,B,4.001,2668302,0.11903150066,0.029750437555611093,1.7622,2.2361,1.2128437555611091,0.7389437555611091,2000500000.0000002,phase3_rational
2026-05-12,508058.SH,中金厦门安居REIT,B,3.979,987814,0.11903150066,0.02991492853983413,1.7592,2.232,1.2322928539834128,0.7594928539834127,1989500000.0,phase3_rational
2026-05-13,508058.SH,中金厦门安居REIT,B,3.92,3320406,0.11903150066,0.03036517873979592,1.7514,2.234,1.2851178739795917,0.8025178739795917,1960000000.0,phase3_rational
2026-05-14,508058.SH,中金厦门安居REIT,B,3.9,2061250,0.11903150066,0.030520897605128206,1.7588,2.241,1.2932897605128209,0.8110897605128207,1950000000.0,phase3_rational
2026-05-15,508058.SH,中金厦门安居REIT,B,3.907,2109007,0.11903150066,0.030466214655746095,1.7658,2.253,1.2808214655746095,0.7936214655746094,1953500000.0,phase3_rational
2026-05-18,508058.SH,中金厦门安居REIT,B,3.905,4385402,0.11903150066,0.030481818350832267,1.7585,2.244,1.2896818350832266,0.8041818350832264,1952500000.0,phase3_rational
2026-05-19,508058.SH,中金厦门安居REIT,B,3.955,4673771,0.11903150066,0.03009646034386852,1.7345,2.221,1.2751460343868521,0.788646034386852,1977500000.0,phase3_rational
2026-05-20,508058.SH,中金厦门安居REIT,B,3.959,3005275,0.11903150066,0.030066052200050517,1.7382,2.2311,1.268405220005052,0.7755052200050518,1979500000.0,phase3_rational
2026-05-21,508058.SH,中金厦门安居REIT,B,3.952,1439034,0.11903150066,0.030119306847165992,1.7448,2.231,1.2671306847165995,0.7809306847165995,1976000000.0,phase3_rational
2026-05-22,508058.SH,中金厦门安居REIT,B,3.952,1502100,0.11903150066,0.030119306847165992,1.7519,2.2345,1.2600306847165994,0.7774306847165993,1976000000.0,phase3_rational
2026-05-25,508058.SH,中金厦门安居REIT,B,3.928,1492342,0.11903150066,0.030303335198574338,1.7484,2.226,1.2819335198574338,0.8043335198574337,1964000000.0,phase3_rational
2026-05-26,508058.SH,中金厦门安居REIT,B,3.924,2606877,0.11903150066,0.030334225448521917,1.7405,2.2205,1.2929225448521917,0.8129225448521917,1962000000.0,phase3_rational
2026-05-27,508058.SH,中金厦门安居REIT,B,3.92,1586008,0.11903150066,0.03036517873979592,1.7216,2.208,1.3149178739795917,0.8285178739795915,1960000000.0,phase3_rational
2026-05-28,508058.SH,中金厦门安居REIT,B,3.9,2409608,0.11903150066,0.030520897605128206,1.7193,2.2095,1.3327897605128207,0.842589760512821,1950000000.0,phase3_rational
2026-05-29,508058.SH,中金厦门安居REIT,B,3.921,1406271,0.11903150066,0.030357434496301964,1.709,2.205,1.3267434496301962,0.8307434496301962,1960500000.0,phase3_rational
2026-06-01,508058.SH,中金厦门安居REIT,B,3.945,2833694,0.11903150066,0.03017275048415716,1.7009,2.191,1.316375048415716,0.8262750484157162,1972500000.0,phase3_rational
2026-06-02,508058.SH,中金厦门安居REIT,B,3.914,1803308,0.11903150066,0.030411727301992843,1.7036,2.191,1.3375727301992841,0.8501727301992843,1957000000.0,phase3_rational
2026-06-03,508058.SH,中金厦门安居REIT,B,3.926,2023743,0.11903150066,0.03031877245542537,1.7128,2.205,1.3190772455425366,0.8268772455425366,1963000000.0,phase3_rational
2026-06-04,508058.SH,中金厦门安居REIT,B,3.938,1997790,0.11903150066,0.03022638411884205,1.7081,2.191,1.3145384118842052,0.8316384118842053,1969000000.0,phase3_rational
2026-06-05,508058.SH,中金厦门安居REIT,B,3.942,1293201,0.11903150066,0.030195713003551495,1.7207,2.204,1.2988713003551497,0.8155713003551495,1971000000.0,phase3_rational
2026-06-08,508058.SH,中金厦门安居REIT,B,3.945,1490991,0.11903150066,0.03017275048415716,1.7275,2.213,1.289775048415716,0.804275048415716,1972500000.0,phase3_rational
2026-06-09,508058.SH,中金厦门安居REIT,B,3.941,1417913,0.11903150066,0.030203374945445317,1.7376,2.22,1.2827374945445316,0.8003374945445314,1970500000.0,phase3_rational
2026-06-10,508058.SH,中金厦门安居REIT,B,3.894,2179096,0.11903150066,0.03056792518233179,1.7476,2.235,1.3091925182331792,0.8217925182331793,1947000000.0,phase3_rational
2026-06-11,508058.SH,中金厦门安居REIT,B,3.874,992903,0.11903150066,0.030725735844088796,1.7475,2.238,1.3250735844088797,0.8345735844088797,1937000000.0,phase3_rational
2026-06-12,508058.SH,中金厦门安居REIT,B,3.889,1087179,0.11903150066,0.030607225677552072,1.7427,2.2215,1.318022567755207,0.8392225677552072,1944500000.0,phase3_rational
2026-06-15,508058.SH,中金厦门安居REIT,B,3.887,554468,0.11903150066,0.030622974185747363,1.7446,2.2215,1.3176974185747363,0.8407974185747364,1943500000.0,phase3_rational
2026-06-16,508058.SH,中金厦门安居REIT,B,3.885,177655,0.11903150066,0.030638738908622908,1.7324,2.2175,1.3314738908622907,0.8463738908622909,1942500000.0,phase3_rational
2026-06-17,508058.SH,中金厦门安居REIT,B,3.891,160022,0.11903150066,0.030591493359033668,1.727,2.2181,1.332149335903367,0.8410493359033668,1945500000.0,phase3_rational
2026-06-18,508058.SH,中金厦门安居REIT,B,3.86,2603941,0.11903150066,0.030837176336787564,1.7299,2.2201,1.3538176336787566,0.8636176336787567,1930000000.0,phase3_rational
2026-06-22,508058.SH,中金厦门安居REIT,B,3.759,6570107,0.11903150066,0.03166573574354881,1.7375,2.2216,1.4290735743548815,0.9449735743548815,1879500000.0,phase3_rational
2026-06-23,508058.SH,中金厦门安居REIT,B,3.758,3499316,0.11903150066,0.03167416196381054,1.7437,2.2291,1.4237161963810538,0.938316196381054,1879000000.0,phase3_rational
2026-06-24,508058.SH,中金厦门安居REIT,B,3.758,2538122,0.11903150066,0.03167416196381054,1.7454,2.2311,1.4220161963810538,0.9363161963810538,1879000000.0,phase3_rational
2026-06-25,508058.SH,中金厦门安居REIT,B,3.79,1778358,0.11903150066,0.031406728406332456,1.7351,2.2201,1.4055728406332455,0.9205728406332456,1895000000.0,phase3_rational
2026-06-26,508058.SH,中金厦门安居REIT,B,3.766,1612597,0.11903150066,0.03160687749867233,1.7314,2.2176,1.429287749867233,0.943087749867233,1883000000.0,phase3_rational
2026-06-29,508058.SH,中金厦门安居REIT,B,3.847,998464,0.11903150066,0.030941383067325186,1.717,2.209,1.3771383067325185,0.8851383067325185,1923500000.0,phase3_rational
2026-06-30,508058.SH,中金厦门安居REIT,B,3.897,1467387,0.11903150066,0.03054439329227611,1.733,2.236,1.3214393292276108,0.8184393292276106,1948500000.0,phase3_rational
2026-07-01,508058.SH,中金厦门安居REIT,B,3.899,1338340,0.11903150066,0.030528725483457295,1.7448,2.2525,1.3080725483457296,0.8003725483457296,1949500000.0,phase3_rational
2026-07-02,508058.SH,中金厦门安居REIT,B,3.896,986125,0.11903150066,0.03055223322895277,1.741,2.258,1.3142233228952769,0.797223322895277,1948000000.0,phase3_rational
2026-07-03,508058.SH,中金厦门安居REIT,B,3.917,1251323,0.11903150066,0.03038843519530253,1.7463,2.2685,1.292543519530253,0.770343519530253,1958500000.0,phase3_rational
2026-07-06,508058.SH,中金厦门安居REIT,B,3.92,1238041,0.11903150066,0.03036517873979592,1.7379,2.255,1.2986178739795917,0.7815178739795918,1960000000.0,phase3_rational
2026-07-07,508058.SH,中金厦门安居REIT,B,3.914,1799327,0.11903150066,0.030411727301992843,1.7406,2.2605,1.3005727301992842,0.7806727301992842,1957000000.0,phase3_rational
2026-07-08,508058.SH,中金厦门安居REIT,B,3.882,1127129,0.11903150066,0.030662416450283357,1.7385,2.2545,1.327741645028336,0.8117416450283357,1941000000.0,phase3_rational
2026-07-09,508058.SH,中金厦门安居REIT,B,3.878,1190801,0.11903150066,0.030694043491490457,1.7376,2.2515,1.3318043491490457,0.8179043491490456,1939000000.0,phase3_rational
2026-07-10,508058.SH,中金厦门安居REIT,B,3.889,1506137,0.11903150066,0.030607225677552072,1.7398,2.253,1.320922567755207,0.8077225677552069,1944500000.0,phase3_rational
2026-07-13,508058.SH,中金厦门安居REIT,B,3.87,806928,0.11903150066,0.030757493710594313,1.7442,2.263,1.3315493710594313,0.8127493710594313,1935000000.0,phase3_rational
2026-07-14,508058.SH,中金厦门安居REIT,B,3.882,808950,0.11903150066,0.030662416450283357,1.7402,2.2555,1.3260416450283359,0.8107416450283358,1941000000.0,phase3_rational
2026-07-15,508058.SH,中金厦门安居REIT,B,3.896,1427242,0.11903150066,0.03055223322895277,1.7406,2.247,1.314623322895277,0.8082233228952771,1948000000.0,phase3_rational
2026-07-16,508058.SH,中金厦门安居REIT,B,3.915,1239219,0.11903150066,0.030403959300127712,1.7437,2.2515,1.2966959300127714,0.7888959300127714,1957500000.0,phase3_rational
2026-07-17,508058.SH,中金厦门安居REIT,B,3.905,159793,0.11903150066,0.030481818350832267,1.7404,2.2425,1.3077818350832267,0.8056818350832264,1952500000.0,phase3_rational
2026-07-20,508058.SH,中金厦门安居REIT,B,3.893,724228,0.11903150066,0.030575777205240174,1.7453,2.2495,1.3122777205240175,0.8080777205240177,1946500000.0,phase3_rational
2026-07-21,508058.SH,中金厦门安居REIT,B,3.859,921717,0.11903150066,0.03084516731277533,1.745,2.2475,1.339516731277533,0.837016731277533,1929500000.0,phase3_rational
2026-07-22,508058.SH,中金厦门安居REIT,B,3.832,1477866,0.11903150066,0.03106250017223382,1.7297,2.212,1.376550017223382,0.8942500172233818,1916000000.0,phase3_rational
2026-07-23,508058.SH,中金厦门安居REIT,B,3.811,2034809,0.11903150066,0.03123366587772238,1.7325,2.2045,1.3908665877722384,0.9188665877722384,1905500000.0,phase3_rational
2026-07-24,508058.SH,中金厦门安居REIT,B,3.811,3324677,0.11903150066,0.03123366587772238,1.7282,2.187,1.3951665877722383,0.9363665877722385,1905500000.0,phase3_rational
2026-07-27,508058.SH,中金厦门安居REIT,B,3.787,2388112,0.11903150066,0.03143160830736731,1.7337,2.193,1.4094608307367313,0.9501608307367313,1893500000.0,phase3_rational
2026-07-28,508058.SH,中金厦门安居REIT,B,3.782,2849904,0.11903150066,0.03147316252247488,1.7351,2.194,1.4122162522474881,0.9533162522474883,1891000000.0,phase3_rational
2026-07-29,508058.SH,中金厦门安居REIT,B,3.827,2398759,0.11903150066,0.031103083527567285,1.7329,2.206,1.3774083527567285,0.9043083527567286,1913500000.0,phase3_rational
2026-07-30,508058.SH,中金厦门安居REIT,B,3.882,2106343,0.11903150066,0.030662416450283357,1.7196,2.1851,1.3466416450283358,0.881141645028336,1941000000.0,phase3_rational
2026-07-31,508058.SH,中金厦门安居REIT,B,3.908,594576,0.11903150066,0.030458418797338793,1.7141,2.1876,1.3317418797338794,0.8582418797338791,1954000000.0,phase3_rational
2026-08-03,508058.SH,中金厦门安居REIT,B,3.895,732293,0.11903150066,0.030560077191270858,1.7169,2.1891,1.339107719127086,0.8669077191270862,1947500000.0,phase3_rational
2026-08-04,508058.SH,中金厦门安居REIT,B,3.889,962704,0.11903150066,0.030607225677552072,1.7126,2.1841,1.3481225677552071,0.8766225677552071,1944500000.0,phase3_rational
2026-08-05,508058.SH,中金厦门安居REIT,B,3.871,2507198,0.11903150066,0.030749548090932576,1.7137,2.1871,1.3612548090932577,0.8878548090932576,1935500000.0,phase3_rational
2026-08-06,508058.SH,中金厦门安居REIT,B,3.856,2226993,0.11903150066,0.03086916510892116,1.7143,2.1886,1.3726165108921162,0.8983165108921161,1928000000.0,phase3_rational
2026-08-07,508058.SH,中金厦门安居REIT,B,3.859,2250070,0.11903150066,0.03084516731277533,1.7114,2.1781,1.373116731277533,0.9064167312775329,1929500000.0,phase3_rational
2026-08-10,508058.SH,中金厦门安居REIT,B,3.857,739125,0.11903150066,0.030861161695618353,1.7074,2.1581,1.3787161695618353,0.9280161695618352,1928500000.0,phase3_rational
2022-08-31,508068.SH,华夏北京保障房REIT,B,3.263,19047281,0.14964772958,0.0458620072264787,2.6225,3.1162,1.9637007226478702,1.4700007226478702,1631500000.0,phase1_warming
2022-09-01,508068.SH,华夏北京保障房REIT,B,3.414,47591543,0.14964772958,0.04383354703573521,2.6125,3.1032,1.7708547035735211,1.2801547035735208,1707000000.0,phase1_warming
2022-09-02,508068.SH,华夏北京保障房REIT,B,3.389,8889313,0.14964772958,0.04415689866627324,2.6226,3.1008,1.7930898666273243,1.314889866627324,1694500000.0,phase1_warming
2022-09-05,508068.SH,华夏北京保障房REIT,B,3.378,3099496,0.14964772958,0.04430068963291889,2.618,3.09,1.8120689632918894,1.3400689632918894,1689000000.0,phase1_warming
2022-09-06,508068.SH,华夏北京保障房REIT,B,3.372,3839828,0.14964772958,0.04437951648279953,2.614,3.0846,1.8239516482799534,1.3533516482799532,1686000000.0,phase1_warming
2022-09-07,508068.SH,华夏北京保障房REIT,B,3.381,1849114,0.14964772958,0.044261381123927836,2.6215,3.0887,1.8046381123927837,1.337438112392784,1690500000.0,phase1_warming
2022-09-08,508068.SH,华夏北京保障房REIT,B,3.387,2367302,0.14964772958,0.04418297300856215,2.6256,3.0901,1.7926973008562155,1.3281973008562153,1693500000.0,phase1_warming
2022-09-09,508068.SH,华夏北京保障房REIT,B,3.402,2025895,0.14964772958,0.04398816272192828,2.635,3.0982,1.7638162721928277,1.3006162721928276,1701000000.0,phase1_warming
2022-09-13,508068.SH,华夏北京保障房REIT,B,3.395,2586328,0.14964772958,0.0440788599646539,2.6427,3.1011,1.7651859964653904,1.3067859964653903,1697500000.0,phase1_warming
2022-09-14,508068.SH,华夏北京保障房REIT,B,3.392,2984159,0.14964772958,0.04411784480542453,2.6625,3.1089,1.7492844805424528,1.3028844805424526,1696000000.0,phase1_warming
2022-09-15,508068.SH,华夏北京保障房REIT,B,3.393,2304182,0.14964772958,0.04410484219864427,2.6625,3.106,1.7479842198644273,1.3044842198644275,1696500000.0,phase1_warming
2022-09-16,508068.SH,华夏北京保障房REIT,B,3.391,3390412,0.14964772958,0.04413085508109702,2.673,3.1059,1.7400855081097024,1.3071855081097024,1695500000.0,phase1_warming
2022-09-19,508068.SH,华夏北京保障房REIT,B,3.385,2692533,0.14964772958,0.04420907816248154,2.675,3.1039,1.7459078162481543,1.3170078162481542,1692500000.0,phase1_warming
2022-09-20,508068.SH,华夏北京保障房REIT,B,3.374,3381454,0.14964772958,0.04435320971547125,2.664,3.101,1.7713209715471252,1.3343209715471254,1687000000.0,phase1_warming
2022-09-21,508068.SH,华夏北京保障房REIT,B,3.373,3090268,0.14964772958,0.04436635919952564,2.6451,3.089,1.791535919952564,1.3476359199525638,1686500000.0,phase1_warming
2022-09-22,508068.SH,华夏北京保障房REIT,B,3.379,1589918,0.14964772958,0.04428757904113643,2.6501,3.0913,1.7786579041136426,1.3374579041136427,1689500000.0,phase1_warming
2022-09-23,508068.SH,华夏北京保障房REIT,B,3.387,3274979,0.14964772958,0.04418297300856215,2.6802,3.1008,1.7380973008562153,1.3174973008562154,1693500000.0,phase1_warming
2022-09-26,508068.SH,华夏北京保障房REIT,B,3.379,2784705,0.14964772958,0.04428757904113643,2.7154,3.1274,1.7133579041136429,1.3013579041136425,1689500000.0,phase1_warming
2022-09-27,508068.SH,华夏北京保障房REIT,B,3.382,5082311,0.14964772958,0.04424829378474275,2.7051,3.1202,1.719729378474275,1.3046293784742748,1691000000.0,phase1_warming
2022-09-28,508068.SH,华夏北京保障房REIT,B,3.383,1798764,0.14964772958,0.0442352141826781,2.7401,3.1448,1.6834214182678098,1.2787214182678097,1691500000.0,phase1_warming
2022-09-29,508068.SH,华夏北京保障房REIT,B,3.374,3167232,0.14964772958,0.04435320971547125,2.7501,3.1445,1.6852209715471251,1.2908209715471255,1687000000.0,phase1_warming
2022-09-30,508068.SH,华夏北京保障房REIT,B,3.38,2833239,0.14964772958,0.044274476207100594,2.7601,3.179,1.6673476207100593,1.2484476207100594,1690000000.0,phase1_warming
2022-10-10,508068.SH,华夏北京保障房REIT,B,3.342,2226413,0.14964772958,0.04477789634350688,2.7402,3.1637,1.7375896343506878,1.314089634350688,1671000000.0,phase2_correction
2022-10-11,508068.SH,华夏北京保障房REIT,B,3.282,3026686,0.14964772958,0.04559650505179769,2.7426,3.1632,1.8170505051797687,1.3964505051797689,1641000000.0,phase2_correction
2022-10-12,508068.SH,华夏北京保障房REIT,B,3.277,1903979,0.14964772958,0.04566607555080866,2.7352,3.1607,1.8314075550808662,1.4059075550808662,1638500000.0,phase2_correction
2022-10-13,508068.SH,华夏北京保障房REIT,B,3.292,2156968,0.14964772958,0.04545799804981774,2.7252,3.1533,1.8205998049817742,1.392499804981774,1646000000.0,phase2_correction
2022-10-14,508068.SH,华夏北京保障房REIT,B,3.301,1305279,0.14964772958,0.04533405924871251,2.6977,3.1289,1.8357059248712506,1.404505924871251,1650500000.0,phase2_correction
2022-10-17,508068.SH,华夏北京保障房REIT,B,3.302,785274,0.14964772958,0.04532032997577226,2.7002,3.129,1.831832997577226,1.4030329975772262,1651000000.0,phase2_correction
2022-10-18,508068.SH,华夏北京保障房REIT,B,3.302,1139065,0.14964772958,0.04532032997577226,2.7002,3.1314,1.831832997577226,1.400632997577226,1651000000.0,phase2_correction
2022-10-19,508068.SH,华夏北京保障房REIT,B,3.291,865365,0.14964772958,0.04547181087207536,2.7052,3.1343,1.8419810872075355,1.4128810872075355,1645500000.0,phase2_correction
2022-10-20,508068.SH,华夏北京保障房REIT,B,3.271,1357838,0.14964772958,0.0457498408988077,2.7175,3.1471,1.8574840898807703,1.42788408988077,1635500000.0,phase2_correction
2022-10-21,508068.SH,华夏北京保障房REIT,B,3.24,2084904,0.14964772958,0.04618757085802469,2.7278,3.1555,1.890957085802469,1.4632570858024687,1620000000.0,phase2_correction
2022-10-24,508068.SH,华夏北京保障房REIT,B,3.215,2136246,0.14964772958,0.04654672770762053,2.7153,3.1416,1.939372770762053,1.513072770762053,1607500000.0,phase2_correction
2022-10-25,508068.SH,华夏北京保障房REIT,B,3.188,1362114,0.14964772958,0.04694094403387704,2.7278,3.1486,1.9662944033877037,1.5454944033877034,1594000000.0,phase2_correction
2022-10-26,508068.SH,华夏北京保障房REIT,B,3.185,1328506,0.14964772958,0.046985158423861854,2.7025,3.1394,1.9960158423861851,1.559115842386185,1592500000.0,phase2_correction
2022-10-27,508068.SH,华夏北京保障房REIT,B,3.233,3632835,0.14964772958,0.04628757487782245,2.6953,3.1142,1.933457487782245,1.5145574877822452,1616500000.0,phase2_correction
2022-10-28,508068.SH,华夏北京保障房REIT,B,3.21,2095394,0.14964772958,0.046619230398753896,2.6653,3.0776,1.9966230398753901,1.58432303987539,1605000000.0,phase2_correction
2022-10-31,508068.SH,华夏北京保障房REIT,B,3.199,3328688,0.14964772958,0.046779534098155676,2.6433,3.0653,2.0346534098155677,1.6126534098155676,1599500000.0,phase2_correction
2022-11-01,508068.SH,华夏北京保障房REIT,B,3.219,1532753,0.14964772958,0.04648888772289531,2.6629,3.0753,1.9859887722895313,1.5735887722895314,1609500000.0,phase2_correction
2022-11-02,508068.SH,华夏北京保障房REIT,B,3.256,1210394,0.14964772958,0.04596060490786241,2.6854,3.0853,1.9106604907862414,1.5107604907862413,1628000000.0,phase2_correction
2022-11-03,508068.SH,华夏北京保障房REIT,B,3.241,1739442,0.14964772958,0.046173319833384754,2.6776,3.0854,1.9397319833384756,1.5319319833384757,1620500000.0,phase2_correction
2022-11-04,508068.SH,华夏北京保障房REIT,B,3.29,2869445,0.14964772958,0.04548563209118541,2.7023,3.1029,1.8462632091185407,1.4456632091185408,1645000000.0,phase2_correction
2022-11-07,508068.SH,华夏北京保障房REIT,B,3.279,2079651,0.14964772958,0.045638221890820375,2.7003,3.1045,1.8635221890820373,1.4593221890820374,1639500000.0,phase2_correction
2022-11-08,508068.SH,华夏北京保障房REIT,B,3.272,717325,0.14964772958,0.045735858673594136,2.6853,3.1006,1.8882858673594134,1.4729858673594132,1636000000.0,phase2_correction
2022-11-09,508068.SH,华夏北京保障房REIT,B,3.255,1698615,0.14964772958,0.0459747249093702,2.6953,3.1105,1.9021724909370197,1.4869724909370197,1627500000.0,phase2_correction
2022-11-10,508068.SH,华夏北京保障房REIT,B,3.262,787945,0.14964772958,0.04587606670141018,2.7028,3.1166,1.8848066701410184,1.4710066701410183,1631000000.0,phase2_correction
2022-11-11,508068.SH,华夏北京保障房REIT,B,3.264,1108281,0.14964772958,0.04584795636642157,2.7354,3.1357,1.8493956366421567,1.4490956366421566,1632000000.0,phase2_correction
2022-11-14,508068.SH,华夏北京保障房REIT,B,3.245,1275631,0.14964772958,0.04611640356856703,2.8354,3.2207,1.776240356856703,1.390940356856703,1622500000.0,phase2_correction
2022-11-15,508068.SH,华夏北京保障房REIT,B,3.206,1106945,0.14964772958,0.046677395377417344,2.8155,3.2158,1.8522395377417347,1.4519395377417346,1603000000.0,phase2_correction
2022-11-16,508068.SH,华夏北京保障房REIT,B,3.035,2763150,0.14964772958,0.04930732440856672,2.8329,3.2309,2.097832440856672,1.6998324408566718,1517500000.0,phase2_correction
2022-11-17,508068.SH,华夏北京保障房REIT,B,3.156,4927564,0.14964772958,0.047416897839036756,2.8026,3.2109,1.9390897839036754,1.5307897839036753,1578000000.0,phase2_correction
2022-11-18,508068.SH,华夏北京保障房REIT,B,3.136,2566060,0.14964772958,0.04771930152423469,2.825,3.2209,1.9469301524234686,1.5510301524234689,1568000000.0,phase2_correction
2022-11-21,508068.SH,华夏北京保障房REIT,B,3.137,932295,0.14964772958,0.04770408976091808,2.818,3.2086,1.952408976091808,1.561808976091808,1568500000.0,phase2_correction
2022-11-22,508068.SH,华夏北京保障房REIT,B,3.121,484749,0.14964772958,0.047948647734700416,2.8276,3.2161,1.9672647734700415,1.5787647734700414,1560500000.0,phase2_correction
2022-11-23,508068.SH,华夏北京保障房REIT,B,3.101,834798,0.14964772958,0.04825789409222831,2.7975,3.1912,2.028289409222831,1.6345894092228312,1550500000.0,phase2_correction
2022-11-24,508068.SH,华夏北京保障房REIT,B,3.075,1461248,0.14964772958,0.04866592831869918,2.795,3.1813,2.0715928318699186,1.6852928318699187,1537500000.0,phase2_correction
2022-11-25,508068.SH,华夏北京保障房REIT,B,3.081,1004559,0.14964772958,0.04857115533268419,2.83,3.2162,2.027115533268419,1.6409155332684189,1540500000.0,phase2_correction
2022-11-28,508068.SH,华夏北京保障房REIT,B,3.074,359674,0.14964772958,0.048681759785296035,2.86,3.2337,2.008175978529603,1.6344759785296032,1537000000.0,phase2_correction
2022-11-29,508068.SH,华夏北京保障房REIT,B,3.078,1378367,0.14964772958,0.048618495640025995,2.88,3.2663,1.9818495640025997,1.5955495640025994,1539000000.0,phase2_correction
2022-11-30,508068.SH,华夏北京保障房REIT,B,3.07,447982,0.14964772958,0.048745188788273615,2.885,3.2763,1.9895188788273614,1.5982188788273612,1535000000.0,phase2_correction
2022-12-01,508068.SH,华夏北京保障房REIT,B,3.085,726116,0.14964772958,0.0485081781458671,2.86,3.2615,1.9908178145867104,1.5893178145867104,1542500000.0,phase2_correction
2022-12-02,508068.SH,华夏北京保障房REIT,B,3.116,1578280,0.14964772958,0.04802558715661104,2.8676,3.263,1.9349587156611041,1.5395587156611041,1558000000.0,phase2_correction
2022-12-05,508068.SH,华夏北京保障房REIT,B,3.168,1387338,0.14964772958,0.04723728837752525,2.8902,3.2716,1.8335288377525245,1.4521288377525248,1584000000.0,phase2_correction
2022-12-06,508068.SH,华夏北京保障房REIT,B,3.166,1553429,0.14964772958,0.047267128736576125,2.9152,3.2865,1.811512873657613,1.4402128736576127,1583000000.0,phase2_correction
2022-12-07,508068.SH,华夏北京保障房REIT,B,3.156,891240,0.14964772958,0.047416897839036756,2.8702,3.2719,1.8714897839036753,1.4697897839036753,1578000000.0,phase2_correction
2022-12-08,508068.SH,华夏北京保障房REIT,B,3.156,1311588,0.14964772958,0.047416897839036756,2.8853,3.2755,1.8563897839036754,1.4661897839036753,1578000000.0,phase2_correction
2022-12-09,508068.SH,华夏北京保障房REIT,B,3.137,968521,0.14964772958,0.04770408976091808,2.8903,3.2843,1.8801089760918082,1.486108976091808,1568500000.0,phase2_correction
2022-12-12,508068.SH,华夏北京保障房REIT,B,3.119,718944,0.14964772958,0.047979393901891626,2.8902,3.2844,1.9077393901891622,1.513539390189162,1559500000.0,phase2_correction
2022-12-13,508068.SH,华夏北京保障房REIT,B,3.093,743978,0.14964772958,0.0483827124409958,2.8952,3.2896,1.9430712440995794,1.5486712440995793,1546500000.0,phase2_correction
2022-12-14,508068.SH,华夏北京保障房REIT,B,3.086,283778,0.14964772958,0.04849245935839274,2.8655,3.2621,1.9837459358392744,1.587145935839274,1543000000.0,phase2_correction
2022-12-15,508068.SH,华夏北京保障房REIT,B,3.091,336113,0.14964772958,0.048414017981235846,2.8829,3.277,1.9585017981235846,1.5644017981235843,1545500000.0,phase2_correction
2022-12-16,508068.SH,华夏北京保障房REIT,B,3.092,471695,0.14964772958,0.04839836014877102,2.8856,3.2697,1.9542360148771012,1.5701360148771015,1546000000.0,phase2_correction
2022-12-19,508068.SH,华夏北京保障房REIT,B,3.059,1028555,0.14964772958,0.04892047387381497,2.8632,3.2525,2.0288473873814974,1.6395473873814974,1529500000.0,phase2_correction
2022-12-20,508068.SH,华夏北京保障房REIT,B,3.0,1768991,0.14964772958,0.049882576526666667,2.8732,3.2474,2.1150576526666662,1.7408576526666666,1500000000.0,phase2_correction
2022-12-21,508068.SH,华夏北京保障房REIT,B,2.934,3529117,0.14964772958,0.05100467947511929,2.8606,3.2375,2.2398679475119287,1.8629679475119287,1467000000.0,phase2_correction
2022-12-22,508068.SH,华夏北京保障房REIT,B,2.929,3560928,0.14964772958,0.051091747893479006,2.8503,3.23,2.2588747893479004,1.8791747893479003,1464500000.0,phase2_correction
2022-12-23,508068.SH,华夏北京保障房REIT,B,2.97,2016086,0.14964772958,0.050386440936026934,2.8251,3.2152,2.2135440936026933,1.8234440936026934,1485000000.0,phase2_correction
2022-12-26,508068.SH,华夏北京保障房REIT,B,2.968,2557154,0.14964772958,0.05042039406334232,2.8378,3.2202,2.204239406334232,1.8218394063342318,1484000000.0,phase2_correction
2022-12-27,508068.SH,华夏北京保障房REIT,B,2.934,3292675,0.14964772958,0.05100467947511929,2.8657,3.2175,2.2347679475119286,1.8829679475119288,1467000000.0,phase2_correction
2022-12-28,508068.SH,华夏北京保障房REIT,B,2.913,3227621,0.14964772958,0.051372375413662894,2.8503,3.2127,2.2869375413662896,1.9245375413662895,1456500000.0,phase2_correction
2022-12-29,508068.SH,华夏北京保障房REIT,B,2.867,4755644,0.14964772958,0.0521966269898849,2.8376,3.1926,2.3820626989884897,2.0270626989884897,1433500000.0,phase2_correction
2022-12-30,508068.SH,华夏北京保障房REIT,B,2.845,3942411,0.14964772958,0.05260025644288224,2.8353,3.1952,2.424725644288224,2.0648256442882245,1422500000.0,phase2_correction
2023-01-03,508068.SH,华夏北京保障房REIT,B,2.824,3048440,0.14964772958,0.05299140565864023,2.8228,3.193,2.4763405658640227,2.1061405658640227,1412000000.0,phase2_correction
2023-01-04,508068.SH,华夏北京保障房REIT,B,2.816,2688719,0.14964772958,0.05314194942471591,2.8103,3.1931,2.5038949424715913,2.1210949424715912,1408000000.0,phase2_correction
2023-01-05,508068.SH,华夏北京保障房REIT,B,2.81,3196502,0.14964772958,0.05325541977935943,2.8304,3.2056,2.495141977935943,2.119941977935943,1405000000.0,phase2_correction
2023-01-06,508068.SH,华夏北京保障房REIT,B,2.84,3119137,0.14964772958,0.052692862528169016,2.8328,3.2106,2.4364862528169016,2.058686252816902,1420000000.0,phase2_correction
2023-01-09,508068.SH,华夏北京保障房REIT,B,2.837,2850580,0.14964772958,0.05274858286217835,2.8428,3.2156,2.4320582862178353,2.0592582862178355,1418500000.0,phase2_correction
2023-01-10,508068.SH,华夏北京保障房REIT,B,2.841,1975191,0.14964772958,0.052674315234072504,2.8602,3.2331,2.4072315234072503,2.0343315234072503,1420500000.0,phase2_correction
2023-01-11,508068.SH,华夏北京保障房REIT,B,2.85,2578680,0.14964772958,0.05250797529122807,2.8603,3.2331,2.3904975291228063,2.0176975291228065,1425000000.0,phase2_correction
2023-01-12,508068.SH,华夏北京保障房REIT,B,2.847,1772644,0.14964772958,0.0525633050860555,2.8778,3.2378,2.3785305086055497,2.01853050860555,1423500000.0,phase2_correction
2023-01-13,508068.SH,华夏北京保障房REIT,B,2.833,1277342,0.14964772958,0.05282306021178962,2.901,3.2476,2.381306021178962,2.034706021178962,1416500000.0,phase2_correction
2023-01-16,508068.SH,华夏北京保障房REIT,B,2.823,4058500,0.14964772958,0.05301017696776479,2.9167,3.2677,2.384317696776479,2.033317696776479,1411500000.0,phase2_correction
2023-01-17,508068.SH,华夏北京保障房REIT,B,2.817,3821470,0.14964772958,0.053123084692935744,2.9017,3.2531,2.4106084692935745,2.0592084692935746,1408500000.0,phase2_correction
2023-01-18,508068.SH,华夏北京保障房REIT,B,2.829,4059704,0.14964772958,0.052897748172499114,2.9222,3.2754,2.3675748172499116,2.014374817249912,1414500000.0,phase2_correction
2023-01-19,508068.SH,华夏北京保障房REIT,B,2.821,4138113,0.14964772958,0.05304775951081177,2.9145,3.273,2.390275951081177,2.0317759510811766,1410500000.0,phase2_correction
2023-01-20,508068.SH,华夏北京保障房REIT,B,2.833,1864023,0.14964772958,0.05282306021178962,2.9331,3.2779,2.349206021178962,2.004406021178962,1416500000.0,phase2_correction
2023-01-30,508068.SH,华夏北京保障房REIT,B,2.85,2979686,0.14964772958,0.05250797529122807,2.9133,3.2782,2.3374975291228064,1.9725975291228064,1425000000.0,phase2_correction
2023-01-31,508068.SH,华夏北京保障房REIT,B,2.879,5852576,0.14964772958,0.051979065501910386,2.8977,3.2793,2.3002065501910383,1.918606550191038,1439500000.0,phase2_correction
2023-02-01,508068.SH,华夏北京保障房REIT,B,2.936,5466530,0.14964772958,0.05096993514305177,2.9101,3.2889,2.1868935143051775,1.8080935143051775,1468000000.0,phase2_correction
2023-02-02,508068.SH,华夏北京保障房REIT,B,2.936,2996925,0.14964772958,0.05096993514305177,2.897,3.2853,2.1999935143051776,1.8116935143051776,1468000000.0,phase2_correction
2023-02-03,508068.SH,华夏北京保障房REIT,B,2.954,3977606,0.14964772958,0.05065935327691266,2.8943,3.283,2.171635327691266,1.7829353276912658,1477000000.0,phase2_correction
2023-02-06,508068.SH,华夏北京保障房REIT,B,2.959,3593225,0.14964772958,0.05057375112538019,2.9017,3.2879,2.1556751125380194,1.7694751125380193,1479500000.0,phase2_correction
2023-02-07,508068.SH,华夏北京保障房REIT,B,2.949,3015172,0.14964772958,0.05074524570362835,2.8964,3.2827,2.1781245703628356,1.7918245703628353,1474500000.0,phase2_correction
2023-02-08,508068.SH,华夏北京保障房REIT,B,2.949,3635793,0.14964772958,0.05074524570362835,2.8973,3.2808,2.1772245703628355,1.7937245703628353,1474500000.0,phase2_correction
2023-02-09,508068.SH,华夏北京保障房REIT,B,2.95,3276874,0.14964772958,0.050728043925423724,2.8912,3.2784,2.1816043925423725,1.7944043925423725,1475000000.0,phase2_correction
2023-02-10,508068.SH,华夏北京保障房REIT,B,2.957,2670761,0.14964772958,0.05060795724721001,2.9003,3.2857,2.160495724721001,1.7750957247210013,1478500000.0,phase2_correction
2023-02-13,508068.SH,华夏北京保障房REIT,B,2.97,3471665,0.14964772958,0.050386440936026934,2.8943,3.2829,2.1443440936026934,1.7557440936026931,1485000000.0,phase2_correction
2023-02-14,508068.SH,华夏北京保障房REIT,B,2.992,3498890,0.14964772958,0.05001595239973262,2.8914,3.281,2.1101952399732617,1.7205952399732616,1496000000.0,phase2_correction
2023-02-15,508068.SH,华夏北京保障房REIT,B,2.991,4932902,0.14964772958,0.05003267455031762,2.8918,3.2816,2.111467455031762,1.7216674550317617,1495500000.0,phase2_correction
2023-02-16,508068.SH,华夏北京保障房REIT,B,2.972,2938404,0.14964772958,0.05035253350605653,2.8907,3.283,2.144553350605653,1.752253350605653,1486000000.0,phase2_correction
2023-02-17,508068.SH,华夏北京保障房REIT,B,2.995,3423043,0.14964772958,0.049965852948247076,2.892,3.283,2.1045852948247075,1.7135852948247075,1497500000.0,phase2_correction
2023-02-20,508068.SH,华夏北京保障房REIT,B,2.995,3149884,0.14964772958,0.049965852948247076,2.917,3.2977,2.0795852948247076,1.6988852948247075,1497500000.0,phase2_correction
2023-02-21,508068.SH,华夏北京保障房REIT,B,3.007,4674428,0.14964772958,0.04976645479880279,2.919,3.3025,2.057645479880279,1.6741454798802788,1503500000.0,phase2_correction
2023-02-22,508068.SH,华夏北京保障房REIT,B,3.002,4594380,0.14964772958,0.04984934363091273,2.9175,3.3025,2.0674343630912726,1.6824343630912724,1501000000.0,phase2_correction
2023-02-23,508068.SH,华夏北京保障房REIT,B,2.999,1714236,0.14964772958,0.04989920959653218,2.922,3.3053,2.0679209596532178,1.684620959653218,1499500000.0,phase2_correction
2023-02-24,508068.SH,华夏北京保障房REIT,B,2.97,4650139,0.14964772958,0.050386440936026934,2.9126,3.3016,2.1260440936026934,1.7370440936026932,1485000000.0,phase2_correction
2023-02-27,508068.SH,华夏北京保障房REIT,B,2.965,5992447,0.14964772958,0.0504714096391231,2.9117,3.3051,2.1354409639123104,1.7420409639123107,1482500000.0,phase2_correction
2023-02-28,508068.SH,华夏北京保障房REIT,B,2.948,3602068,0.14964772958,0.050762459151967435,2.9017,3.3029,2.1745459151967435,1.7733459151967432,1474000000.0,phase2_correction
2023-03-01,508068.SH,华夏北京保障房REIT,B,2.951,3931660,0.14964772958,0.05071085380548966,2.8977,3.3049,2.173385380548966,1.7661853805489658,1475500000.0,phase2_correction
2023-03-02,508068.SH,华夏北京保障房REIT,B,2.951,3928233,0.14964772958,0.05071085380548966,2.9111,3.31,2.159985380548966,1.7610853805489657,1475500000.0,phase2_correction
2023-03-03,508068.SH,华夏北京保障房REIT,B,2.941,4138965,0.14964772958,0.05088328105406325,2.9026,3.3079,2.185728105406325,1.7804281054063251,1470500000.0,phase2_correction
2023-03-06,508068.SH,华夏北京保障房REIT,B,2.928,3854534,0.14964772958,0.05110919726092896,2.8826,3.2897,2.228319726092896,1.8212197260928962,1464000000.0,phase2_correction
2023-03-07,508068.SH,华夏北京保障房REIT,B,2.899,3996067,0.14964772958,0.051620465532942396,2.8726,3.286,2.28944655329424,1.8760465532942399,1449500000.0,phase2_correction
2023-03-08,508068.SH,华夏北京保障房REIT,B,2.885,3545209,0.14964772958,0.0518709634592721,2.8828,3.2907,2.30429634592721,1.8963963459272097,1442500000.0,phase2_correction
2023-03-09,508068.SH,华夏北京保障房REIT,B,2.886,2831600,0.14964772958,0.05185299015246015,2.8752,3.2854,2.310099015246015,1.8998990152460147,1443000000.0,phase2_correction
2023-03-10,508068.SH,华夏北京保障房REIT,B,2.884,3485359,0.14964772958,0.051888949230235785,2.8627,3.2735,2.326194923023579,1.915394923023579,1442000000.0,phase2_correction
2023-03-13,508068.SH,华夏北京保障房REIT,B,2.887,3081258,0.14964772958,0.05183502929684794,2.8703,3.2764,2.313202929684794,1.9071029296847937,1443500000.0,phase2_correction
2023-03-14,508068.SH,华夏北京保障房REIT,B,2.893,4339003,0.14964772958,0.05172752491531283,2.8652,3.271,2.307552491531283,1.9017524915312833,1446500000.0,phase2_correction
2023-03-15,508068.SH,华夏北京保障房REIT,B,2.895,2901784,0.14964772958,0.051691789146804834,2.8652,3.2724,2.3039789146804828,1.8967789146804828,1447500000.0,phase2_correction
2023-03-16,508068.SH,华夏北京保障房REIT,B,2.89,1765599,0.14964772958,0.051781221307958473,2.8552,3.2517,2.322922130795847,1.9264221307958471,1445000000.0,phase2_correction
2023-03-17,508068.SH,华夏北京保障房REIT,B,2.886,2356550,0.14964772958,0.05185299015246015,2.8602,3.2381,2.325099015246015,1.9471990152460146,1443000000.0,phase2_correction
2023-03-20,508068.SH,华夏北京保障房REIT,B,2.877,2446020,0.14964772958,0.052015199714980885,2.8504,3.2237,2.3511199714980884,1.9778199714980884,1438500000.0,phase2_correction
2023-03-21,508068.SH,华夏北京保障房REIT,B,2.87,2284859,0.14964772958,0.05214206605574913,2.8604,3.227,2.353806605574913,1.987206605574913,1435000000.0,phase2_correction
2023-03-22,508068.SH,华夏北京保障房REIT,B,2.86,2995191,0.14964772958,0.052324380972027976,2.8577,3.2276,2.374738097202798,2.004838097202798,1430000000.0,phase2_correction
2023-03-23,508068.SH,华夏北京保障房REIT,B,2.863,1472801,0.14964772958,0.05226955276982186,2.8652,3.2366,2.3617552769821857,1.9903552769821857,1431500000.0,phase2_correction
2023-03-24,508068.SH,华夏北京保障房REIT,B,2.855,1842712,0.14964772958,0.05241601736602452,2.8676,3.2419,2.374001736602452,1.9997017366024523,1427500000.0,phase2_correction
2023-03-27,508068.SH,华夏北京保障房REIT,B,2.863,2877098,0.14964772958,0.05226955276982186,2.8551,3.2319,2.3718552769821857,1.9950552769821859,1431500000.0,phase2_correction
2023-03-28,508068.SH,华夏北京保障房REIT,B,2.865,1757657,0.14964772958,0.052233064425828965,2.8556,3.2319,2.3677064425828966,1.9914064425828966,1432500000.0,phase2_correction
2023-03-29,508068.SH,华夏北京保障房REIT,B,2.845,2569603,0.14964772958,0.05260025644288224,2.8532,3.2286,2.406825644288224,2.031425644288224,1422500000.0,phase2_correction
2023-03-30,508068.SH,华夏北京保障房REIT,B,2.822,2901926,0.14964772958,0.053028961580439404,2.8603,3.2295,2.44259615804394,2.0733961580439404,1411000000.0,phase2_correction
2023-03-31,508068.SH,华夏北京保障房REIT,B,2.87,4647424,0.14964772958,0.05214206605574913,2.8528,3.2332,2.361406605574913,1.9810066055749127,1435000000.0,phase2_correction
2023-04-03,508068.SH,华夏北京保障房REIT,B,2.861,3830587,0.14964772958,0.05230609212862635,2.8604,3.2407,2.3702092128626355,1.9899092128626354,1430500000.0,phase2_correction
2023-04-04,508068.SH,华夏北京保障房REIT,B,2.857,3681559,0.14964772958,0.05237932431921596,2.8584,3.2421,2.379532431921596,1.9958324319215959,1428500000.0,phase2_correction
2023-04-06,508068.SH,华夏北京保障房REIT,B,2.844,2647384,0.14964772958,0.052618751610407875,2.8605,3.2463,2.4013751610407876,2.0155751610407875,1422000000.0,phase2_correction
2023-04-07,508068.SH,华夏北京保障房REIT,B,2.851,2264044,0.14964772958,0.05248955790249035,2.8464,3.236,2.4025557902490355,2.0129557902490354,1425500000.0,phase2_correction
2023-04-10,508068.SH,华夏北京保障房REIT,B,2.848,1308967,0.14964772958,0.05254484886938202,2.8455,3.2347,2.4089848869382027,2.0197848869382025,1424000000.0,phase2_correction
2023-04-11,508068.SH,华夏北京保障房REIT,B,2.845,2520173,0.14964772958,0.05260025644288224,2.8203,3.2173,2.4397256442882242,2.0427256442882245,1422500000.0,phase2_correction
2023-04-12,508068.SH,华夏北京保障房REIT,B,2.83,1769459,0.14964772958,0.05287905638869258,2.8158,3.1977,2.4721056388692584,2.090205638869258,1415000000.0,phase2_correction
2023-04-13,508068.SH,华夏北京保障房REIT,B,2.83,4136868,0.14964772958,0.05287905638869258,2.8277,3.2031,2.460205638869258,2.084805638869258,1415000000.0,phase2_correction
2023-04-14,508068.SH,华夏北京保障房REIT,B,2.831,2464027,0.14964772958,0.05286037780996115,2.8281,3.2032,2.4579377809961143,2.0828377809961145,1415500000.0,phase2_correction
2023-04-17,508068.SH,华夏北京保障房REIT,B,2.855,2938748,0.14964772958,0.05241601736602452,2.8432,3.2136,2.398401736602452,2.028001736602452,1427500000.0,phase2_correction
2023-04-18,508068.SH,华夏北京保障房REIT,B,2.881,3638825,0.14964772958,0.05194298145782715,2.8319,3.2056,2.3623981457827146,1.9886981457827146,1440500000.0,phase2_correction
2023-04-19,508068.SH,华夏北京保障房REIT,B,2.839,2830614,0.14964772958,0.052711422888340964,2.8333,3.1875,2.4378422888340965,2.0836422888340964,1419500000.0,phase2_correction
2023-04-20,508068.SH,华夏北京保障房REIT,B,2.834,3437536,0.14964772958,0.052804421164431896,2.8332,3.1775,2.447242116443189,2.102942116443189,1417000000.0,phase2_correction
2023-04-21,508068.SH,华夏北京保障房REIT,B,2.823,3045838,0.14964772958,0.05301017696776479,2.8258,3.1726,2.475217696776479,2.128417696776479,1411500000.0,phase2_correction
2023-04-24,508068.SH,华夏北京保障房REIT,B,2.825,3189630,0.14964772958,0.05297264763893805,2.8176,3.1608,2.479664763893805,2.1364647638938052,1412500000.0,phase2_correction
2023-04-25,508068.SH,华夏北京保障房REIT,B,2.824,1867262,0.14964772958,0.05299140565864023,2.8157,3.1584,2.4834405658640226,2.140740565864023,1412000000.0,phase2_correction
2023-04-26,508068.SH,华夏北京保障房REIT,B,2.8,1568854,0.14964772958,0.05344561770714286,2.8058,3.1574,2.5387617707142858,2.187161770714286,1400000000.0,phase2_correction
2023-04-27,508068.SH,华夏北京保障房REIT,B,2.795,2013270,0.14964772958,0.053541227041144904,2.7852,3.1379,2.5689227041144904,2.2162227041144904,1397500000.0,phase2_correction
2023-04-28,508068.SH,华夏北京保障房REIT,B,2.789,4225699,0.14964772958,0.05365641074937253,2.7788,3.1355,2.586841074937253,2.230141074937253,1394500000.0,phase2_correction
2023-05-04,508068.SH,华夏北京保障房REIT,B,2.753,5270202,0.14964772958,0.05435805651289502,2.7613,3.1182,2.674505651289502,2.317605651289502,1376500000.0,phase2_correction
2023-05-05,508068.SH,华夏北京保障房REIT,B,2.713,4789421,0.14964772958,0.05515950224106155,2.7338,3.0831,2.782150224106155,2.432850224106155,1356500000.0,phase2_correction
2023-05-08,508068.SH,华夏北京保障房REIT,B,2.688,1181330,0.14964772958,0.05567251844494047,2.7484,3.1058,2.8188518444940467,2.461451844494047,1344000000.0,phase2_correction
2023-05-09,508068.SH,华夏北京保障房REIT,B,2.692,2609494,0.14964772958,0.055589795534918274,2.7383,3.0998,2.820679553491827,2.4591795534918273,1346000000.0,phase2_correction
2023-05-10,508068.SH,华夏北京保障房REIT,B,2.745,2756763,0.14964772958,0.05451647707832422,2.721,3.0849,2.7306477078324223,2.366747707832422,1372500000.0,phase2_correction
2023-05-11,508068.SH,华夏北京保障房REIT,B,2.755,3197182,0.14964772958,0.054318595128856624,2.701,3.0672,2.730859512885662,2.364659512885662,1377500000.0,phase2_correction
2023-05-12,508068.SH,华夏北京保障房REIT,B,2.776,4192279,0.14964772958,0.05390768356628242,2.7058,3.0608,2.684968356628242,2.329968356628242,1388000000.0,phase2_correction
2023-05-15,508068.SH,华夏北京保障房REIT,B,2.76,4439306,0.14964772958,0.054220191876811596,2.719,3.0649,2.7030191876811602,2.35711918768116,1380000000.0,phase2_correction
2023-05-16,508068.SH,华夏北京保障房REIT,B,2.755,1572166,0.14964772958,0.054318595128856624,2.7129,3.066,2.7189595128856623,2.3658595128856623,1377500000.0,phase2_correction
2023-05-17,508068.SH,华夏北京保障房REIT,B,2.744,3095508,0.14964772958,0.05453634459912536,2.721,3.081,2.7326344599125356,2.3726344599125357,1372000000.0,phase2_correction
2023-05-18,508068.SH,华夏北京保障房REIT,B,2.733,3416810,0.14964772958,0.054755846900841565,2.7184,3.081,2.7571846900841566,2.3945846900841565,1366500000.0,phase2_correction
2023-05-19,508068.SH,华夏北京保障房REIT,B,2.709,3855195,0.14964772958,0.055240948534514576,2.7151,3.0773,2.8089948534514577,2.4467948534514576,1354500000.0,phase2_correction
2023-05-22,508068.SH,华夏北京保障房REIT,B,2.7,2947257,0.14964772958,0.055425085029629624,2.7132,3.0762,2.8293085029629625,2.4663085029629626,1350000000.0,phase2_correction
2023-05-23,508068.SH,华夏北京保障房REIT,B,2.695,1864268,0.14964772958,0.055527914500927644,2.6962,3.0687,2.856591450092764,2.4840914500927638,1347500000.0,phase2_correction
2023-05-24,508068.SH,华夏北京保障房REIT,B,2.693,3488342,0.14964772958,0.05556915320460453,2.7037,3.0723,2.853215320460453,2.484615320460453,1346500000.0,phase2_correction
2023-05-25,508068.SH,华夏北京保障房REIT,B,2.668,4666655,0.14964772958,0.05608985366566716,2.7065,3.0773,2.902485366566716,2.531685366566716,1334000000.0,phase2_correction
2023-05-26,508068.SH,华夏北京保障房REIT,B,2.666,1881698,0.14964772958,0.05613193157539385,2.7205,3.0913,2.892693157539385,2.521893157539385,1333000000.0,phase2_correction
2023-05-29,508068.SH,华夏北京保障房REIT,B,2.662,865827,0.14964772958,0.056216277077385426,2.695,3.0839,2.9266277077385427,2.5377277077385427,1331000000.0,phase2_correction
2023-05-30,508068.SH,华夏北京保障房REIT,B,2.65,2169570,0.14964772958,0.0564708413509434,2.7,3.0839,2.9470841350943395,2.56318413509434,1325000000.0,phase2_correction
2023-05-31,508068.SH,华夏北京保障房REIT,B,2.625,2416434,0.14964772958,0.057008658887619044,2.685,3.0733,3.0158658887619043,2.6275658887619042,1312500000.0,phase2_correction
2023-06-01,508068.SH,华夏北京保障房REIT,B,2.601,2228797,0.14964772958,0.057534690342176086,2.6825,3.0694,3.070969034217608,2.6840690342176083,1300500000.0,phase2_correction
2023-06-02,508068.SH,华夏北京保障房REIT,B,2.617,4010356,0.14964772958,0.057182930676346964,2.6951,3.0784,3.023193067634696,2.6398930676346963,1308500000.0,phase2_correction
2023-06-05,508068.SH,华夏北京保障房REIT,B,2.583,3080160,0.14964772958,0.05793562895083236,2.6926,3.079,3.1009628950832355,2.7145628950832354,1291500000.0000002,phase2_correction
2023-06-06,508068.SH,华夏北京保障房REIT,B,2.55,1490590,0.14964772958,0.05868538414901961,2.6826,3.0716,3.185938414901961,2.7969384149019607,1274999999.9999998,phase2_correction
2023-06-07,508068.SH,华夏北京保障房REIT,B,2.557,1896763,0.14964772958,0.058524728032851,2.6827,3.0645,3.1697728032850994,2.7879728032850997,1278500000.0,phase2_correction
2023-06-08,508068.SH,华夏北京保障房REIT,B,2.604,2227787,0.14964772958,0.057468406136712745,2.6822,3.0651,3.0646406136712745,2.6817406136712743,1302000000.0,phase2_correction
2023-06-09,508068.SH,华夏北京保障房REIT,B,2.603,1474888,0.14964772958,0.05749048389550518,2.6703,3.044,3.078748389550518,2.705048389550518,1301500000.0000002,phase2_correction
2023-06-12,508068.SH,华夏北京保障房REIT,B,2.591,1255218,0.14964772958,0.05775674626785025,2.6704,3.0391,3.1052746267850244,2.7365746267850244,1295500000.0000002,phase2_correction
2023-06-13,508068.SH,华夏北京保障房REIT,B,2.575,1799350,0.14964772958,0.05811562313786407,2.6227,3.0064,3.188862313786407,2.805162313786407,1287500000.0000002,phase2_correction
2023-06-14,508068.SH,华夏北京保障房REIT,B,2.572,1747651,0.14964772958,0.05818340963452566,2.6178,2.9963,3.200540963452566,2.8220409634525656,1286000000.0,phase2_correction
2023-06-15,508068.SH,华夏北京保障房REIT,B,2.575,1124453,0.14964772958,0.05811562313786407,2.6482,3.0267,3.163362313786407,2.784862313786407,1287500000.0000002,phase2_correction
2023-06-16,508068.SH,华夏北京保障房REIT,B,2.584,1168797,0.14964772958,0.057913208041795665,2.6626,3.0419,3.1287208041795664,2.7494208041795662,1292000000.0,phase2_correction
2023-06-19,508068.SH,华夏北京保障房REIT,B,2.58,595544,0.14964772958,0.05800299596124031,2.6876,3.0619,3.1126995961240307,2.738399596124031,1290000000.0,phase2_correction
2023-06-20,508068.SH,华夏北京保障房REIT,B,2.571,1018842,0.14964772958,0.05820604028782574,2.6751,3.0444,3.145504028782574,2.776204028782574,1285500000.0000002,phase2_correction
2023-06-21,508068.SH,华夏北京保障房REIT,B,2.556,861189,0.14964772958,0.0585476250312989,2.6701,3.042,3.1846625031298896,2.81276250312989,1278000000.0,phase2_correction
2023-06-26,508068.SH,华夏北京保障房REIT,B,2.529,1773439,0.14964772958,0.0591726886437327,2.6677,3.0346,3.24956886437327,2.8826688643732696,1264500000.0,phase2_correction
2023-06-27,508068.SH,华夏北京保障房REIT,B,2.538,3241786,0.14964772958,0.05896285641449961,2.6676,3.0295,3.2286856414499603,2.8667856414499604,1268999999.9999998,phase2_correction
2023-06-28,508068.SH,华夏北京保障房REIT,B,2.531,3449378,0.14964772958,0.05912593029632556,2.6651,3.0271,3.2474930296325564,2.8854930296325563,1265500000.0,phase2_correction
2023-06-29,508068.SH,华夏北京保障房REIT,B,2.515,2954278,0.14964772958,0.05950207935586481,2.6526,3.0171,3.297607935586481,2.933107935586481,1257500000.0,phase2_correction
2023-06-30,508068.SH,华夏北京保障房REIT,B,2.516,2071773,0.14964772958,0.059478429880763115,2.6351,3.0072,3.312742988076311,2.940642988076311,1258000000.0,phase2_correction
2023-07-03,508068.SH,华夏北京保障房REIT,B,2.516,2126643,0.14964772958,0.059478429880763115,2.6402,3.0133,3.307642988076311,2.934542988076311,1258000000.0,phase2_correction
2023-07-04,508068.SH,华夏北京保障房REIT,B,2.512,2042056,0.14964772958,0.05957314075636943,2.6477,3.0225,3.309614075636943,2.934814075636943,1256000000.0,phase2_correction
2023-07-05,508068.SH,华夏北京保障房REIT,B,2.513,2572526,0.14964772958,0.05954943477118981,2.6402,3.0176,3.3147434771189808,2.937343477118981,1256500000.0,phase2_correction
2023-07-06,508068.SH,华夏北京保障房REIT,B,2.569,2711447,0.14964772958,0.05825135444920203,2.6392,3.018,3.185935444920202,2.8071354449202026,1284500000.0,phase2_correction
2023-07-07,508068.SH,华夏北京保障房REIT,B,2.606,2788294,0.14964772958,0.05742430145049885,2.6403,3.013,3.102130145049885,2.729430145049885,1303000000.0,phase2_correction
2023-07-10,508068.SH,华夏北京保障房REIT,B,2.603,1331830,0.14964772958,0.05749048389550518,2.6403,3.0091,3.1087483895505184,2.739948389550518,1301500000.0000002,phase2_correction
2023-07-11,508068.SH,华夏北京保障房REIT,B,2.604,1375080,0.14964772958,0.057468406136712745,2.6353,3.0011,3.1115406136712744,2.7457406136712743,1302000000.0,phase2_correction
2023-07-12,508068.SH,华夏北京保障房REIT,B,2.59,388902,0.14964772958,0.05777904616988417,2.6378,3.0011,3.1401046169884173,2.776804616988417,1295000000.0,phase2_correction
2023-07-13,508068.SH,华夏北京保障房REIT,B,2.597,1063413,0.14964772958,0.05762330750096265,2.6413,3.0084,3.1210307500962653,2.7539307500962655,1298500000.0,phase2_correction
2023-07-14,508068.SH,华夏北京保障房REIT,B,2.607,2062406,0.14964772958,0.05740227448408131,2.6444,3.0144,3.095827448408131,2.725827448408131,1303500000.0000002,phase2_correction
2023-07-17,508068.SH,华夏北京保障房REIT,B,2.631,2127991,0.14964772958,0.05687865054351958,2.6364,3.0085,3.051465054351958,2.679365054351958,1315500000.0,phase2_correction
2023-07-18,508068.SH,华夏北京保障房REIT,B,2.648,4144330,0.14964772958,0.056513493043806644,2.6234,2.9965,3.0279493043806642,2.6548493043806642,1324000000.0,phase2_correction
2023-07-19,508068.SH,华夏北京保障房REIT,B,2.622,4604850,0.14964772958,0.05707388618611747,2.6233,2.9987,3.0840886186117475,2.7086886186117476,1311000000.0,phase2_correction
2023-07-20,508068.SH,华夏北京保障房REIT,B,2.639,2993375,0.14964772958,0.056706225683971205,2.6214,2.9967,3.0492225683971204,2.67392256839712,1319500000.0,phase2_correction
2023-07-21,508068.SH,华夏北京保障房REIT,B,2.679,2867959,0.14964772958,0.05585954818215753,2.6079,2.9828,2.978054818215753,2.603154818215753,1339500000.0,phase2_correction
2023-07-24,508068.SH,华夏北京保障房REIT,B,2.699,4972570,0.14964772958,0.055445620444609114,2.5934,2.9588,2.9511620444609115,2.5857620444609113,1349500000.0,phase2_correction
2023-07-25,508068.SH,华夏北京保障房REIT,B,2.713,4364571,0.14964772958,0.05515950224106155,2.663,3.0156,2.8529502241061553,2.500350224106155,1356500000.0,phase2_correction
2023-07-26,508068.SH,华夏北京保障房REIT,B,2.747,3253187,0.14964772958,0.05447678543137969,2.643,3.0003,2.8046785431379693,2.447378543137969,1373500000.0,phase2_correction
2023-07-27,508068.SH,华夏北京保障房REIT,B,2.737,2329491,0.14964772958,0.05467582374132261,2.6395,2.9948,2.8280823741322614,2.472782374132261,1368500000.0,phase2_correction
2023-07-28,508068.SH,华夏北京保障房REIT,B,2.751,3257912,0.14964772958,0.05439757527444566,2.6533,3.0061,2.7864575274445653,2.4336575274445655,1375500000.0,phase2_correction
2023-07-31,508068.SH,华夏北京保障房REIT,B,2.798,4438168,0.14964772958,0.05348382043602573,2.6597,3.0103,2.688682043602573,2.338082043602573,1399000000.0,phase2_correction
2023-08-01,508068.SH,华夏北京保障房REIT,B,2.751,5266246,0.14964772958,0.05439757527444566,2.6607,3.0119,2.7790575274445657,2.4278575274445657,1375500000.0,phase2_correction
2023-08-02,508068.SH,华夏北京保障房REIT,B,2.752,3877600,0.14964772958,0.054377808713662795,2.6525,2.9989,2.7852808713662798,2.4388808713662797,1376000000.0,phase2_correction
2023-08-03,508068.SH,华夏北京保障房REIT,B,2.753,4014028,0.14964772958,0.05435805651289502,2.6435,2.9927,2.7923056512895017,2.4431056512895015,1376500000.0,phase2_correction
2023-08-04,508068.SH,华夏北京保障房REIT,B,2.75,6167163,0.14964772958,0.05441735621090909,2.6469,2.9927,2.794835621090909,2.4490356210909088,1375000000.0,phase2_correction
2023-08-07,508068.SH,华夏北京保障房REIT,B,2.74,4314299,0.14964772958,0.054615959700729924,2.6462,2.9904,2.8153959700729927,2.4711959700729924,1370000000.0,phase2_correction
2023-08-08,508068.SH,华夏北京保障房REIT,B,2.737,3892803,0.14964772958,0.05467582374132261,2.6454,2.9879,2.8221823741322614,2.4796823741322616,1368500000.0,phase2_correction
2023-08-09,508068.SH,华夏北京保障房REIT,B,2.756,5017578,0.14964772958,0.054298885914368655,2.6461,2.9896,2.7837885914368656,2.440288591436866,1378000000.0,phase2_correction
2023-08-10,508068.SH,华夏北京保障房REIT,B,2.78,6500268,0.14964772958,0.053830118553956835,2.6475,2.992,2.735511855395684,2.391011855395684,1390000000.0,phase2_correction
2023-08-11,508068.SH,华夏北京保障房REIT,B,2.788,3755702,0.14964772958,0.0536756562338594,2.6381,2.985,2.72946562338594,2.3825656233859402,1394000000.0,phase2_correction
2023-08-14,508068.SH,华夏北京保障房REIT,B,2.796,3054015,0.14964772958,0.05352207781831188,2.6212,2.971,2.731007781831188,2.381207781831188,1398000000.0,phase2_correction
2023-08-15,508068.SH,华夏北京保障房REIT,B,2.79,2446191,0.14964772958,0.0536371790609319,2.5759,2.9342,2.7878179060931902,2.42951790609319,1395000000.0,phase2_correction
2023-08-16,508068.SH,华夏北京保障房REIT,B,2.784,2761224,0.14964772958,0.05375277642959771,2.5649,2.9259,2.81037764295977,2.4493776429597705,1392000000.0,phase2_correction
2023-08-17,508068.SH,华夏北京保障房REIT,B,2.783,1851789,0.14964772958,0.0537720911174991,2.5678,2.9285,2.8094091117499103,2.4487091117499102,1391500000.0,phase2_correction
2023-08-18,508068.SH,华夏北京保障房REIT,B,2.814,3805404,0.14964772958,0.05317971911158493,2.5639,2.9225,2.754071911158493,2.395471911158493,1407000000.0,phase2_correction
2023-08-21,508068.SH,华夏北京保障房REIT,B,2.795,2548350,0.14964772958,0.053541227041144904,2.5403,2.8894,2.8138227041144908,2.4647227041144903,1397500000.0,phase2_correction
2023-08-22,508068.SH,华夏北京保障房REIT,B,2.747,4177724,0.14964772958,0.05447678543137969,2.5564,2.8938,2.891278543137969,2.553878543137969,1373500000.0,phase2_correction
2023-08-23,508068.SH,华夏北京保障房REIT,B,2.739,4494966,0.14964772958,0.05463589981014969,2.5535,2.8834,2.9100899810149694,2.5801899810149695,1369500000.0,phase2_correction
2023-08-24,508068.SH,华夏北京保障房REIT,B,2.79,2703150,0.14964772958,0.0536371790609319,2.5543,2.8812,2.80941790609319,2.48251790609319,1395000000.0,phase2_correction
2023-08-25,508068.SH,华夏北京保障房REIT,B,2.791,2229465,0.14964772958,0.05361796115370835,2.5702,2.8877,2.791596115370835,2.4740961153708345,1395500000.0,phase2_correction
2023-08-28,508068.SH,华夏北京保障房REIT,B,2.805,2598868,0.14964772958,0.05335034922638146,2.5837,2.8955,2.751334922638146,2.4395349226381455,1402500000.0,phase2_correction
2023-08-29,508068.SH,华夏北京保障房REIT,B,2.786,3461182,0.14964772958,0.05371418865039483,2.57,2.9006,2.801418865039483,2.470818865039483,1393000000.0,phase2_correction
2023-08-30,508068.SH,华夏北京保障房REIT,B,2.783,3003627,0.14964772958,0.0537720911174991,2.56,2.9026,2.8172091117499103,2.4746091117499103,1391500000.0,phase2_correction
2023-08-31,508068.SH,华夏北京保障房REIT,B,2.787,1156685,0.14964772958,0.053694915529242916,2.5575,2.9027,2.811991552924291,2.4667915529242914,1393500000.0,phase2_correction
2023-09-01,508068.SH,华夏北京保障房REIT,B,2.783,2019596,0.14964772958,0.0537720911174991,2.585,2.928,2.7922091117499104,2.4492091117499104,1391500000.0,phase2_correction
2023-09-04,508068.SH,华夏北京保障房REIT,B,2.751,2358997,0.14964772958,0.05439757527444566,2.6124,2.9611,2.8273575274445655,2.4786575274445655,1375500000.0,phase2_correction
2023-09-05,508068.SH,华夏北京保障房REIT,B,2.772,2990681,0.14964772958,0.05398547243145743,2.615,2.9666,2.783547243145743,2.431947243145743,1386000000.0,phase2_correction
2023-09-06,508068.SH,华夏北京保障房REIT,B,2.78,1962786,0.14964772958,0.053830118553956835,2.6375,2.9869,2.7455118553956837,2.396111855395684,1390000000.0,phase2_correction
2023-09-07,508068.SH,华夏北京保障房REIT,B,2.769,3220952,0.14964772958,0.05404396156735283,2.635,2.9834,2.769396156735284,2.4209961567352836,1384500000.0,phase2_correction
2023-09-08,508068.SH,华夏北京保障房REIT,B,2.775,2814559,0.14964772958,0.05392710975855856,2.6375,2.9849,2.7552109758558556,2.4078109758558557,1387500000.0,phase2_correction
2023-09-11,508068.SH,华夏北京保障房REIT,B,2.775,2475995,0.14964772958,0.05392710975855856,2.63,2.983,2.762710975855856,2.4097109758558557,1387500000.0,phase2_correction
2023-09-12,508068.SH,华夏北京保障房REIT,B,2.786,2150485,0.14964772958,0.05371418865039483,2.623,2.9824,2.7484188650394827,2.389018865039483,1393000000.0,phase2_correction
2023-09-13,508068.SH,华夏北京保障房REIT,B,2.79,2966834,0.14964772958,0.0536371790609319,2.615,2.9732,2.74871790609319,2.3905179060931903,1395000000.0,phase2_correction
2023-09-14,508068.SH,华夏北京保障房REIT,B,2.785,2529274,0.14964772958,0.05373347561220826,2.6075,2.9545,2.765847561220826,2.4188475612208262,1392500000.0,phase2_correction
2023-09-15,508068.SH,华夏北京保障房REIT,B,2.773,1715722,0.14964772958,0.053966004175982685,2.64,2.984,2.756600417598268,2.4126004175982683,1386500000.0,phase2_correction
2023-09-18,508068.SH,华夏北京保障房REIT,B,2.765,1381617,0.14964772958,0.054122144513562384,2.65,2.9841,2.7622144513562383,2.428114451356238,1382500000.0,phase2_correction
2023-09-19,508068.SH,华夏北京保障房REIT,B,2.771,1144190,0.14964772958,0.0540049547383616,2.6625,2.9895,2.73799547383616,2.41099547383616,1385500000.0,phase2_correction
2023-09-20,508068.SH,华夏北京保障房REIT,B,2.767,1010878,0.14964772958,0.05408302478496567,2.665,2.9919,2.7433024784965667,2.416402478496567,1383500000.0,phase2_correction
2023-09-21,508068.SH,华夏北京保障房REIT,B,2.774,1469362,0.14964772958,0.05394654995674117,2.6576,2.984,2.7370549956741166,2.4106549956741166,1387000000.0,phase2_correction
2023-09-22,508068.SH,华夏北京保障房REIT,B,2.769,1111724,0.14964772958,0.05404396156735283,2.6776,2.9971,2.7267961567352836,2.4072961567352835,1384500000.0,phase2_correction
2023-09-25,508068.SH,华夏北京保障房REIT,B,2.772,1342812,0.14964772958,0.05398547243145743,2.6976,3.0119,2.7009472431457433,2.3866472431457435,1386000000.0,phase2_correction
2023-09-26,508068.SH,华夏北京保障房REIT,B,2.78,1027484,0.14964772958,0.053830118553956835,2.6951,3.0068,2.687911855395684,2.3762118553956837,1390000000.0,phase2_correction
2023-09-27,508068.SH,华夏北京保障房REIT,B,2.775,1451517,0.14964772958,0.05392710975855856,2.6877,3.007,2.705010975855856,2.3857109758558557,1387500000.0,phase2_correction
2023-09-28,508068.SH,华夏北京保障房REIT,B,2.775,2977943,0.14964772958,0.05392710975855856,2.6751,3.0022,2.7176109758558558,2.3905109758558556,1387500000.0,phase2_correction
2023-10-09,508068.SH,华夏北京保障房REIT,B,2.765,1163105,0.14964772958,0.054122144513562384,2.6702,2.999,2.7420144513562383,2.413214451356238,1382500000.0,phase2_correction
2023-10-10,508068.SH,华夏北京保障房REIT,B,2.765,1233114,0.14964772958,0.054122144513562384,2.6811,3.0019,2.7311144513562384,2.4103144513562382,1382500000.0,phase2_correction
2023-10-11,508068.SH,华夏北京保障房REIT,B,2.77,1679256,0.14964772958,0.054024451111913355,2.6976,3.0153,2.7048451111913354,2.3871451111913355,1385000000.0,phase2_correction
2023-10-12,508068.SH,华夏北京保障房REIT,B,2.773,1032511,0.14964772958,0.053966004175982685,2.6911,3.0139,2.705500417598268,2.3827004175982682,1386500000.0,phase2_correction
2023-10-13,508068.SH,华夏北京保障房REIT,B,2.765,1693680,0.14964772958,0.054122144513562384,2.6702,2.9952,2.7420144513562383,2.417014451356238,1382500000.0,phase2_correction
2023-10-16,508068.SH,华夏北京保障房REIT,B,2.71,1562983,0.14964772958,0.055220564420664205,2.6777,2.9997,2.8443564420664207,2.522356442066421,1355000000.0,phase2_correction
2023-10-17,508068.SH,华夏北京保障房REIT,B,2.676,3056668,0.14964772958,0.05592217099402092,2.6882,3.0021,2.9040170994020924,2.5901170994020926,1338000000.0,phase2_correction
2023-10-18,508068.SH,华夏北京保障房REIT,B,2.665,1390729,0.14964772958,0.05615299421388368,2.7052,3.0021,2.910099421388368,2.613199421388368,1332500000.0,phase2_correction
2023-10-19,508068.SH,华夏北京保障房REIT,B,2.644,1328426,0.14964772958,0.05659899000756429,2.7177,3.0077,2.942199000756429,2.652199000756429,1322000000.0,phase2_correction
2023-10-20,508068.SH,华夏北京保障房REIT,B,2.612,1404898,0.14964772958,0.0572923926416539,2.7052,2.9962,3.0240392641653897,2.73303926416539,1306000000.0,phase2_correction
2023-10-23,508068.SH,华夏北京保障房REIT,B,2.61,1216055,0.14964772958,0.05733629485823755,2.7047,2.9903,3.028929485823755,2.743329485823755,1305000000.0,phase2_correction
2023-10-24,508068.SH,华夏北京保障房REIT,B,2.633,1212853,0.14964772958,0.05683544609950627,2.7177,2.9978,2.9658446099506275,2.6857446099506275,1316500000.0,phase2_correction
2023-10-25,508068.SH,华夏北京保障房REIT,B,2.685,1384815,0.14964772958,0.05573472237616387,2.7052,3.0004,2.8682722376163867,2.573072237616387,1342500000.0,phase2_correction
2023-10-26,508068.SH,华夏北京保障房REIT,B,2.685,1314478,0.14964772958,0.05573472237616387,2.7152,3.0054,2.858272237616387,2.568072237616387,1342500000.0,phase2_correction
2023-10-27,508068.SH,华夏北京保障房REIT,B,2.693,479477,0.14964772958,0.05556915320460453,2.7133,3.0104,2.843615320460453,2.5465153204604527,1346500000.0,phase2_correction
2023-10-30,508068.SH,华夏北京保障房REIT,B,2.684,1338374,0.14964772958,0.05575548792101341,2.7141,3.0106,2.861448792101341,2.564948792101341,1342000000.0,phase2_correction
2023-10-31,508068.SH,华夏北京保障房REIT,B,2.69,889405,0.14964772958,0.055631126237918216,2.6938,2.9956,2.869312623791822,2.567512623791822,1345000000.0,phase2_correction
2023-11-01,508068.SH,华夏北京保障房REIT,B,2.665,897491,0.14964772958,0.05615299421388368,2.6853,2.9911,2.929999421388368,2.624199421388368,1332500000.0,phase2_correction
2023-11-02,508068.SH,华夏北京保障房REIT,B,2.659,736556,0.14964772958,0.05627970273787138,2.6553,2.9666,2.972670273787138,2.661370273787138,1329500000.0,phase2_correction
2023-11-03,508068.SH,华夏北京保障房REIT,B,2.651,511613,0.14964772958,0.056449539637872505,2.6613,2.9727,2.98365396378725,2.67225396378725,1325500000.0,phase2_correction
2023-11-06,508068.SH,华夏北京保障房REIT,B,2.646,499067,0.14964772958,0.05655620921390779,2.6554,2.9683,3.0002209213907785,2.6873209213907785,1323000000.0,phase2_correction
2023-11-07,508068.SH,华夏北京保障房REIT,B,2.66,1545232,0.14964772958,0.05625854495488721,2.6632,2.9718,2.9626544954887217,2.6540544954887215,1330000000.0,phase2_correction
2023-11-08,508068.SH,华夏北京保障房REIT,B,2.675,1287135,0.14964772958,0.055943076478504675,2.6464,2.9583,2.9479076478504673,2.6360076478504673,1337500000.0,phase2_correction
2023-11-09,508068.SH,华夏北京保障房REIT,B,2.689,1463782,0.14964772958,0.05565181464484938,2.6494,2.9584,2.9157814644849385,2.6067814644849383,1344500000.0,phase2_correction
2023-11-10,508068.SH,华夏北京保障房REIT,B,2.667,3145277,0.14964772958,0.05611088473190851,2.6444,2.9459,2.9666884731908514,2.6651884731908515,1333500000.0,phase2_correction
2023-11-13,508068.SH,华夏北京保障房REIT,B,2.653,915485,0.14964772958,0.05640698438748586,2.6454,2.9385,2.9952984387485864,2.7021984387485865,1326500000.0,phase2_correction
2023-11-14,508068.SH,华夏北京保障房REIT,B,2.659,2660980,0.14964772958,0.05627970273787138,2.6573,2.9439,2.970670273787138,2.684070273787138,1329500000.0,phase2_correction
2023-11-15,508068.SH,华夏北京保障房REIT,B,2.653,1145955,0.14964772958,0.05640698438748586,2.6633,2.9485,2.9773984387485863,2.692198438748586,1326500000.0,phase2_correction
2023-11-16,508068.SH,华夏北京保障房REIT,B,2.647,316165,0.14964772958,0.05653484306006801,2.6558,2.944,2.997684306006801,2.709484306006801,1323500000.0,phase2_correction
2023-11-17,508068.SH,华夏北京保障房REIT,B,2.648,67421,0.14964772958,0.056513493043806644,2.6524,2.9336,2.9989493043806643,2.717749304380664,1324000000.0,phase2_correction
2023-11-20,508068.SH,华夏北京保障房REIT,B,2.649,318172,0.14964772958,0.05649215914684787,2.6584,2.9321,2.9908159146847866,2.7171159146847863,1324500000.0,phase2_correction
2023-11-21,508068.SH,华夏北京保障房REIT,B,2.64,499549,0.14964772958,0.056684746053030304,2.6684,2.9388,3.0000746053030305,2.7296746053030305,1320000000.0,phase2_correction
2023-11-22,508068.SH,华夏北京保障房REIT,B,2.634,1589522,0.14964772958,0.05681386848139712,2.6823,2.9538,2.999086848139712,2.727586848139712,1317000000.0,phase2_correction
2023-11-23,508068.SH,华夏北京保障房REIT,B,2.606,2290261,0.14964772958,0.05742430145049885,2.7023,2.9704,3.0401301450498845,2.7720301450498845,1303000000.0,phase2_correction
2023-11-24,508068.SH,华夏北京保障房REIT,B,2.596,3006556,0.14964772958,0.057645504460708784,2.7053,2.9684,3.059250446070879,2.796150446070879,1298000000.0,phase2_correction
2023-11-27,508068.SH,华夏北京保障房REIT,B,2.548,809582,0.14964772958,0.05873144802982731,2.7108,2.9745,3.162344802982731,2.898644802982731,1274000000.0,phase2_correction
2023-11-28,508068.SH,华夏北京保障房REIT,B,2.568,1076750,0.14964772958,0.058274037998442364,2.6898,2.954,3.1376037998442365,2.8734037998442363,1284000000.0,phase2_correction
2023-11-29,508068.SH,华夏北京保障房REIT,B,2.578,887357,0.14964772958,0.05804799440651668,2.6826,2.9525,3.122199440651668,2.852299440651668,1288999999.9999998,phase2_correction
2023-11-30,508068.SH,华夏北京保障房REIT,B,2.563,2140605,0.14964772958,0.05838772125634022,2.668,2.9405,3.1707721256340218,2.898272125634022,1281500000.0000002,phase2_correction
2023-12-01,508068.SH,华夏北京保障房REIT,B,2.58,1814018,0.14964772958,0.05800299596124031,2.6625,2.9445,3.137799596124031,2.855799596124031,1290000000.0,phase2_correction
2023-12-04,508068.SH,华夏北京保障房REIT,B,2.628,1899005,0.14964772958,0.056943580509893454,2.6725,2.9537,3.0218580509893456,2.7406580509893455,1314000000.0,phase2_correction
2023-12-05,508068.SH,华夏北京保障房REIT,B,2.611,1812828,0.14964772958,0.05731433534278054,2.665,2.9487,3.0664335342780538,2.7827335342780537,1305500000.0000002,phase2_correction
2023-12-06,508068.SH,华夏北京保障房REIT,B,2.619,774094,0.14964772958,0.05713926291714394,2.6725,2.9517,3.041426291714394,2.7622262917143936,1309500000.0000002,phase2_correction
2023-12-07,508068.SH,华夏北京保障房REIT,B,2.613,239885,0.14964772958,0.057270466735553006,2.664,2.9457,3.063046673555301,2.781346673555301,1306500000.0,phase2_correction
2023-12-08,508068.SH,华夏北京保障房REIT,B,2.595,820668,0.14964772958,0.05766771852793834,2.6636,2.9428,3.103171852793834,2.823971852793834,1297500000.0000002,phase2_correction
2023-12-11,508068.SH,华夏北京保障房REIT,B,2.573,1123278,0.14964772958,0.05816079657209483,2.644,2.9288,3.1720796572094834,2.8872796572094837,1286500000.0,phase2_correction
2023-12-12,508068.SH,华夏北京保障房REIT,B,2.546,822775,0.14964772958,0.05877758428122545,2.6375,2.9293,3.2402584281225453,2.9484584281225454,1272999999.9999998,phase2_correction
2023-12-13,508068.SH,华夏北京保障房REIT,B,2.561,622487,0.14964772958,0.05843331885201093,2.6226,2.9148,3.220731885201093,2.928531885201093,1280500000.0,phase2_correction
2023-12-14,508068.SH,华夏北京保障房REIT,B,2.553,637034,0.14964772958,0.05861642365060713,2.6376,2.9219,3.224042365060713,2.939742365060713,1276500000.0,phase2_correction
2023-12-15,508068.SH,华夏北京保障房REIT,B,2.547,557774,0.14964772958,0.05875450709854731,2.6227,2.9039,3.2527507098547304,2.9715507098547302,1273500000.0000002,phase2_correction
2023-12-18,508068.SH,华夏北京保障房REIT,B,2.546,529797,0.14964772958,0.05877758428122545,2.6126,2.8869,3.2651584281225454,2.9908584281225457,1272999999.9999998,phase2_correction
2023-12-19,508068.SH,华夏北京保障房REIT,B,2.51,3510708,0.14964772958,0.05962060939442231,2.6191,2.892,3.342960939442231,3.070060939442231,1254999999.9999998,phase2_correction
2023-12-20,508068.SH,华夏北京保障房REIT,B,2.516,3732488,0.14964772958,0.059478429880763115,2.6222,2.8849,3.325642988076311,3.062942988076311,1258000000.0,phase2_correction
2023-12-21,508068.SH,华夏北京保障房REIT,B,2.538,4777952,0.14964772958,0.05896285641449961,2.5901,2.8492,3.3061856414499604,3.0470856414499603,1268999999.9999998,phase2_correction
2023-12-22,508068.SH,华夏北京保障房REIT,B,2.565,5066007,0.14964772958,0.05834219476803119,2.5877,2.8341,3.246519476803119,3.000119476803119,1282500000.0,phase2_correction
2023-12-25,508068.SH,华夏北京保障房REIT,B,2.553,5780402,0.14964772958,0.05861642365060713,2.5678,2.8077,3.293842365060713,3.053942365060713,1276500000.0,phase2_correction
2023-12-26,508068.SH,华夏北京保障房REIT,B,2.528,4447354,0.14964772958,0.05919609556170886,2.5804,2.8267,3.3392095561708857,3.0929095561708855,1264000000.0,phase2_correction
2023-12-27,508068.SH,华夏北京保障房REIT,B,2.527,4649085,0.14964772958,0.05921952100514444,2.5577,2.8167,3.364252100514444,3.105252100514444,1263500000.0,phase2_correction
2023-12-28,508068.SH,华夏北京保障房REIT,B,2.517,2983048,0.14964772958,0.05945479919745729,2.5694,2.8288,3.376079919745729,3.116679919745729,1258500000.0,phase2_correction
2023-12-29,508068.SH,华夏北京保障房REIT,B,2.538,2728694,0.14964772958,0.05896285641449961,2.5553,2.8269,3.3409856414499606,3.0693856414499603,1268999999.9999998,phase2_correction
2024-01-02,508068.SH,华夏北京保障房REIT,B,2.52,2877548,0.14964772958,0.059384019674603175,2.5601,2.8422,3.378301967460318,3.096201967460318,1260000000.0,phase2_correction
2024-01-03,508068.SH,华夏北京保障房REIT,B,2.51,3066803,0.14964772958,0.05962060939442231,2.5531,2.8402,3.4089609394422307,3.121860939442231,1254999999.9999998,phase2_correction
2024-01-04,508068.SH,华夏北京保障房REIT,B,2.5,7210278,0.14964772958,0.059859091832,2.5368,2.817,3.4491091832000005,3.1689091832000003,1250000000.0,phase2_correction
2024-01-05,508068.SH,华夏北京保障房REIT,B,2.503,3495082,0.14964772958,0.0597873470155813,2.5175,2.8043,3.46123470155813,3.17443470155813,1251500000.0,phase2_correction
2024-01-08,508068.SH,华夏北京保障房REIT,B,2.528,3088435,0.14964772958,0.05919609556170886,2.5136,2.802,3.406009556170886,3.1176095561708856,1264000000.0,phase2_correction
2024-01-09,508068.SH,华夏北京保障房REIT,B,2.51,3525465,0.14964772958,0.05962060939442231,2.4862,2.7693,3.4758609394422306,3.192760939442231,1254999999.9999998,phase2_correction
2024-01-10,508068.SH,华夏北京保障房REIT,B,2.465,4316885,0.14964772958,0.060709018085192704,2.4982,2.7758,3.57270180851927,3.2951018085192705,1232500000.0,phase2_correction
2024-01-11,508068.SH,华夏北京保障房REIT,B,2.431,4283548,0.14964772958,0.06155809526120938,2.4992,2.7769,3.6566095261209384,3.3789095261209385,1215500000.0,phase2_correction
2024-01-12,508068.SH,华夏北京保障房REIT,B,2.419,3115540,0.14964772958,0.06186346820173625,2.5172,2.793,3.6691468201736255,3.393346820173625,1209500000.0,phase2_correction
2024-01-15,508068.SH,华夏北京保障房REIT,B,2.425,3091831,0.14964772958,0.06171040395051547,2.5212,2.7856,3.649840395051547,3.3854403950515466,1212499999.9999998,phase2_correction
2024-01-16,508068.SH,华夏北京保障房REIT,B,2.477,3202855,0.14964772958,0.06041490899475172,2.5252,2.7897,3.5162908994751723,3.2517908994751723,1238500000.0,phase2_correction
2024-01-17,508068.SH,华夏北京保障房REIT,B,2.54,3716961,0.14964772958,0.05891642896850394,2.5077,2.7747,3.383942896850394,3.116942896850394,1270000000.0,phase2_correction
2024-01-18,508068.SH,华夏北京保障房REIT,B,2.495,2784931,0.14964772958,0.059979049931863725,2.5092,2.7732,3.4887049931863725,3.2247049931863723,1247500000.0,phase2_correction
2024-01-19,508068.SH,华夏北京保障房REIT,B,2.549,2040605,0.14964772958,0.05870840705374657,2.5027,2.7583,3.368140705374657,3.1125407053746565,1274500000.0,phase2_correction
2024-01-22,508068.SH,华夏北京保障房REIT,B,2.539,2521272,0.14964772958,0.05893963354864119,2.4922,2.7224,3.4017633548641197,3.1715633548641198,1269500000.0000002,phase2_correction
2024-01-23,508068.SH,华夏北京保障房REIT,B,2.541,2241106,0.14964772958,0.05889324265249902,2.5042,2.7327,3.3851242652499023,3.1566242652499024,1270500000.0,phase2_correction
2024-01-24,508068.SH,华夏北京保障房REIT,B,2.56,3052010,0.14964772958,0.0584561443671875,2.5042,2.738,3.3414144367187495,3.1076144367187495,1280000000.0,phase2_correction
2024-01-25,508068.SH,华夏北京保障房REIT,B,2.593,1346883,0.14964772958,0.05771219806401851,2.4984,2.7321,3.272819806401851,3.0391198064018514,1296500000.0,phase2_correction
2024-01-26,508068.SH,华夏北京保障房REIT,B,2.601,900119,0.14964772958,0.057534690342176086,2.4994,2.7331,3.254069034217608,3.0203690342176084,1300500000.0,phase2_correction
2024-01-29,508068.SH,华夏北京保障房REIT,B,2.601,2762869,0.14964772958,0.057534690342176086,2.494,2.7272,3.259469034217608,3.0262690342176084,1300500000.0,phase2_correction
2024-01-30,508068.SH,华夏北京保障房REIT,B,2.592,2238916,0.14964772958,0.05773446357253086,2.4557,2.6831,3.3177463572530863,3.0903463572530865,1296000000.0,phase2_correction
2024-01-31,508068.SH,华夏北京保障房REIT,B,2.616,2585572,0.14964772958,0.05720478959480122,2.433,2.6482,3.287478959480122,3.072278959480122,1308000000.0,phase2_correction
2024-02-01,508068.SH,华夏北京保障房REIT,B,2.629,1178151,0.14964772958,0.056921920722708255,2.4354,2.6472,3.2567920722708252,3.044992072270825,1314500000.0,phase3_rational
2024-02-02,508068.SH,华夏北京保障房REIT,B,2.629,3095709,0.14964772958,0.056921920722708255,2.4244,2.6353,3.2677920722708254,3.0568920722708253,1314500000.0,phase3_rational
2024-02-05,508068.SH,华夏北京保障房REIT,B,2.6,5029030,0.14964772958,0.05755681906923077,2.4002,2.5974,3.3554819069230772,3.158281906923077,1300000000.0,phase3_rational
2024-02-06,508068.SH,华夏北京保障房REIT,B,2.635,2954549,0.14964772958,0.056792307240986724,2.4525,2.6579,3.226730724098672,3.021330724098672,1317500000.0,phase3_rational
2024-02-07,508068.SH,华夏北京保障房REIT,B,2.635,3347424,0.14964772958,0.056792307240986724,2.4153,2.6214,3.2639307240986724,3.057830724098672,1317500000.0,phase3_rational
2024-02-08,508068.SH,华夏北京保障房REIT,B,2.634,2766831,0.14964772958,0.05681386848139712,2.4379,2.6505,3.243486848139712,3.030886848139712,1317000000.0,phase3_rational
2024-02-19,508068.SH,华夏北京保障房REIT,B,2.733,3405254,0.14964772958,0.054755846900841565,2.4344,2.627,3.0411846900841564,2.8485846900841567,1366500000.0,phase3_rational
2024-02-20,508068.SH,华夏北京保障房REIT,B,2.721,3355169,0.14964772958,0.0549973280338111,2.4134,2.6004,3.0863328033811097,2.89933280338111,1360500000.0,phase3_rational
2024-02-21,508068.SH,华夏北京保障房REIT,B,2.728,5430949,0.14964772958,0.054856205857771255,2.4119,2.601,3.0737205857771253,2.8846205857771254,1364000000.0,phase3_rational
2024-02-22,508068.SH,华夏北京保障房REIT,B,2.75,3585801,0.14964772958,0.05441735621090909,2.4033,2.591,3.0384356210909087,2.8507356210909087,1375000000.0,phase3_rational
2024-02-23,508068.SH,华夏北京保障房REIT,B,2.799,7745091,0.14964772958,0.05346471224723116,2.4009,2.5809,2.945571224723116,2.7655712247231157,1399500000.0,phase3_rational
2024-02-26,508068.SH,华夏北京保障房REIT,B,2.864,5808522,0.14964772958,0.05225130222765363,2.3789,2.54,2.8462302227653637,2.6851302227653635,1432000000.0,phase3_rational
2024-02-27,508068.SH,华夏北京保障房REIT,B,2.832,4887855,0.14964772958,0.05284171242231639,2.3809,2.5224,2.903271242231639,2.7617712422316387,1416000000.0,phase3_rational
2024-02-28,508068.SH,华夏北京保障房REIT,B,2.808,3946194,0.14964772958,0.05329335099002849,2.3376,2.4868,2.991735099002849,2.842535099002849,1404000000.0,phase3_rational
2024-02-29,508068.SH,华夏北京保障房REIT,B,2.858,3988617,0.14964772958,0.052360997053883834,2.3375,2.4616,2.8985997053883836,2.7744997053883838,1429000000.0,phase3_rational
2024-03-01,508068.SH,华夏北京保障房REIT,B,2.921,4858320,0.14964772958,0.05123167736391647,2.3675,2.4915,2.7556677363916466,2.631667736391647,1460500000.0,phase3_rational
2024-03-04,508068.SH,华夏北京保障房REIT,B,2.953,6345543,0.14964772958,0.05067650849305791,2.3475,2.4738,2.7201508493057904,2.5938508493057904,1476500000.0,phase3_rational
2024-03-05,508068.SH,华夏北京保障房REIT,B,2.936,3821903,0.14964772958,0.05096993514305177,2.3169,2.4794,2.7800935143051775,2.6175935143051774,1468000000.0,phase3_rational
2024-03-06,508068.SH,华夏北京保障房REIT,B,2.894,5922985,0.14964772958,0.0517096508569454,2.265,2.4274,2.90596508569454,2.74356508569454,1447000000.0,phase3_rational
2024-03-07,508068.SH,华夏北京保障房REIT,B,2.866,7528069,0.14964772958,0.052214839351011864,2.2776,2.431,2.9438839351011867,2.7904839351011868,1433000000.0,phase3_rational
2024-03-08,508068.SH,华夏北京保障房REIT,B,2.867,5904633,0.14964772958,0.0521966269898849,2.2825,2.4335,2.9371626989884896,2.78616269898849,1433500000.0,phase3_rational
2024-03-11,508068.SH,华夏北京保障房REIT,B,2.875,5109221,0.14964772958,0.05205138420173913,2.305,2.4766,2.900138420173913,2.7285384201739133,1437500000.0,phase3_rational
2024-03-12,508068.SH,华夏北京保障房REIT,B,2.871,4787246,0.14964772958,0.05212390441657959,2.3476,2.5415,2.8647904416579593,2.670890441657959,1435500000.0,phase3_rational
2024-03-13,508068.SH,华夏北京保障房REIT,B,2.847,5330791,0.14964772958,0.0525633050860555,2.3326,2.5313,2.92373050860555,2.72503050860555,1423500000.0,phase3_rational
2024-03-14,508068.SH,华夏北京保障房REIT,B,2.86,4437680,0.14964772958,0.052324380972027976,2.3425,2.5343,2.889938097202798,2.698138097202798,1430000000.0,phase3_rational
2024-03-15,508068.SH,华夏北京保障房REIT,B,2.883,2737287,0.14964772958,0.05190694747832119,2.32,2.5094,2.8706947478321188,2.6812947478321187,1441500000.0,phase3_rational
2024-03-18,508068.SH,华夏北京保障房REIT,B,2.895,4373425,0.14964772958,0.051691789146804834,2.2926,2.4857,2.8765789146804828,2.683478914680483,1447500000.0,phase3_rational
2024-03-19,508068.SH,华夏北京保障房REIT,B,2.902,3384434,0.14964772958,0.05156710185389386,2.2801,2.4485,2.876610185389386,2.708210185389386,1451000000.0,phase3_rational
2024-03-20,508068.SH,华夏北京保障房REIT,B,2.894,2988264,0.14964772958,0.0517096508569454,2.2951,2.466,2.87586508569454,2.70496508569454,1447000000.0,phase3_rational
2024-03-21,508068.SH,华夏北京保障房REIT,B,2.905,2967294,0.14964772958,0.051513848392426856,2.2851,2.4615,2.8662848392426854,2.6898848392426853,1452500000.0,phase3_rational
2024-03-22,508068.SH,华夏北京保障房REIT,B,2.823,4538358,0.14964772958,0.05301017696776479,2.3051,2.4832,2.995917696776479,2.817817696776479,1411500000.0,phase3_rational
2024-03-25,508068.SH,华夏北京保障房REIT,B,2.763,4391303,0.14964772958,0.05416132087585957,2.3151,2.4962,3.101032087585957,2.9199320875859573,1381500000.0,phase3_rational
2024-03-26,508068.SH,华夏北京保障房REIT,B,2.79,4847686,0.14964772958,0.0536371790609319,2.3175,2.4982,3.04621790609319,2.86551790609319,1395000000.0,phase3_rational
2024-03-27,508068.SH,华夏北京保障房REIT,B,2.836,5053946,0.14964772958,0.0527671825035261,2.2876,2.4636,2.9891182503526097,2.8131182503526095,1418000000.0,phase3_rational
2024-03-28,508068.SH,华夏北京保障房REIT,B,2.819,4099881,0.14964772958,0.053085395381340904,2.3026,2.4664,3.0059395381340908,2.8421395381340906,1409500000.0,phase3_rational
2024-03-29,508068.SH,华夏北京保障房REIT,B,2.823,3805941,0.14964772958,0.05301017696776479,2.2901,2.4594,3.0109176967764792,2.841617696776479,1411500000.0,phase3_rational
2024-04-01,508068.SH,华夏北京保障房REIT,B,2.843,4678837,0.14964772958,0.05263725978895533,2.3082,2.4848,2.955525978895533,2.7789259788955327,1421500000.0,phase3_rational
2024-04-02,508068.SH,华夏北京保障房REIT,B,2.857,3213603,0.14964772958,0.05237932431921596,2.2927,2.475,2.945232431921596,2.762932431921596,1428500000.0,phase3_rational
2024-04-03,508068.SH,华夏北京保障房REIT,B,2.868,2742415,0.14964772958,0.052178427329149235,2.2837,2.4635,2.9341427329149234,2.7543427329149237,1434000000.0,phase3_rational
2024-04-08,508068.SH,华夏北京保障房REIT,B,2.868,2696758,0.14964772958,0.052178427329149235,2.2822,2.4656,2.9356427329149235,2.7522427329149237,1434000000.0,phase3_rational
2024-04-09,508068.SH,华夏北京保障房REIT,B,2.86,2229529,0.14964772958,0.052324380972027976,2.2802,2.4637,2.952238097202798,2.768738097202798,1430000000.0,phase3_rational
2024-04-10,508068.SH,华夏北京保障房REIT,B,2.868,4891715,0.14964772958,0.052178427329149235,2.2972,2.4891,2.9206427329149234,2.7287427329149234,1434000000.0,phase3_rational
2024-04-11,508068.SH,华夏北京保障房REIT,B,2.913,2400781,0.14964772958,0.051372375413662894,2.2928,2.4928,2.8444375413662892,2.6444375413662895,1456500000.0,phase3_rational
2024-04-12,508068.SH,华夏北京保障房REIT,B,2.908,2573254,0.14964772958,0.05146070480742779,2.2837,2.487,2.8623704807427788,2.6590704807427787,1454000000.0,phase3_rational
2024-04-15,508068.SH,华夏北京保障房REIT,B,2.903,1760498,0.14964772958,0.05154933847054771,2.2798,2.4863,2.875133847054771,2.668633847054771,1451500000.0,phase3_rational
2024-04-16,508068.SH,华夏北京保障房REIT,B,2.891,2183939,0.14964772958,0.051763310127983395,2.2723,2.4717,2.9040310127983395,2.7046310127983397,1445500000.0,phase3_rational
2024-04-17,508068.SH,华夏北京保障房REIT,B,2.897,3264605,0.14964772958,0.05165610272005523,2.2608,2.4556,2.904810272005523,2.710010272005523,1448500000.0,phase3_rational
2024-04-18,508068.SH,华夏北京保障房REIT,B,2.877,2078824,0.14964772958,0.052015199714980885,2.2537,2.4466,2.9478199714980886,2.7549199714980883,1438500000.0,phase3_rational
2024-04-19,508068.SH,华夏北京保障房REIT,B,2.867,2198412,0.14964772958,0.0521966269898849,2.254,2.4411,2.9656626989884898,2.7785626989884897,1433500000.0,phase3_rational
2024-04-22,508068.SH,华夏北京保障房REIT,B,2.886,2259572,0.14964772958,0.05185299015246015,2.2435,2.4341,2.9417990152460147,2.751199015246015,1443000000.0,phase3_rational
2024-04-23,508068.SH,华夏北京保障房REIT,B,2.907,2620319,0.14964772958,0.051478407148262816,2.226,2.4211,2.9218407148262813,2.726740714826281,1453500000.0,phase3_rational
2024-04-24,508068.SH,华夏北京保障房REIT,B,2.847,2038471,0.14964772958,0.0525633050860555,2.2727,2.4791,2.98363050860555,2.77723050860555,1423500000.0,phase3_rational
2024-04-25,508068.SH,华夏北京保障房REIT,B,2.883,2621815,0.14964772958,0.05190694747832119,2.2612,2.4841,2.9294947478321185,2.7065947478321184,1441500000.0,phase3_rational
2024-04-26,508068.SH,华夏北京保障房REIT,B,2.915,3247111,0.14964772958,0.05133712850085763,2.3084,2.5257,2.825312850085763,2.6080128500857627,1457500000.0,phase3_rational
2024-04-29,508068.SH,华夏北京保障房REIT,B,2.916,5140508,0.14964772958,0.05131952317558299,2.353,2.5833,2.7789523175582986,2.548652317558299,1458000000.0,phase3_rational
2024-04-30,508068.SH,华夏北京保障房REIT,B,2.898,3024276,0.14964772958,0.0516382779779158,2.3028,2.5382,2.86102779779158,2.62562779779158,1449000000.0,phase3_rational
2024-05-06,508068.SH,华夏北京保障房REIT,B,2.895,2778891,0.14964772958,0.051691789146804834,2.3081,2.5587,2.861078914680483,2.610478914680483,1447500000.0,phase3_rational
2024-05-07,508068.SH,华夏北京保障房REIT,B,2.91,2251113,0.14964772958,0.05142533662542955,2.2896,2.5413,2.852933662542955,2.601233662542955,1455000000.0,phase3_rational
2024-05-08,508068.SH,华夏北京保障房REIT,B,2.891,2781083,0.14964772958,0.051763310127983395,2.2955,2.55,2.8808310127983394,2.6263310127983397,1445500000.0,phase3_rational
2024-05-09,508068.SH,华夏北京保障房REIT,B,2.885,1635504,0.14964772958,0.0518709634592721,2.3186,2.5726,2.86849634592721,2.61449634592721,1442500000.0,phase3_rational
2024-05-10,508068.SH,华夏北京保障房REIT,B,2.901,1707124,0.14964772958,0.05158487748362634,2.3122,2.5826,2.8462877483626343,2.5758877483626343,1450500000.0,phase3_rational
2024-05-13,508068.SH,华夏北京保障房REIT,B,2.901,2075505,0.14964772958,0.05158487748362634,2.29,2.5661,2.868487748362634,2.592387748362634,1450500000.0,phase3_rational
2024-05-14,508068.SH,华夏北京保障房REIT,B,2.881,2093949,0.14964772958,0.05194298145782715,2.2938,2.5631,2.9004981457827146,2.6311981457827147,1440500000.0,phase3_rational
2024-05-15,508068.SH,华夏北京保障房REIT,B,2.872,2151598,0.14964772958,0.05210575542479109,2.302,2.5681,2.908575542479109,2.6424755424791093,1436000000.0,phase3_rational
2024-05-16,508068.SH,华夏北京保障房REIT,B,2.873,2895151,0.14964772958,0.05208761906717716,2.3147,2.5811,2.894061906717716,2.627661906717716,1436500000.0,phase3_rational
2024-05-17,508068.SH,华夏北京保障房REIT,B,2.859,3176921,0.14964772958,0.052342682609303956,2.3077,2.5867,2.9265682609303956,2.6475682609303957,1429500000.0,phase3_rational
2024-05-20,508068.SH,华夏北京保障房REIT,B,2.859,3873415,0.14964772958,0.052342682609303956,2.3105,2.5917,2.9237682609303954,2.6425682609303958,1429500000.0,phase3_rational
2024-05-21,508068.SH,华夏北京保障房REIT,B,2.851,2887982,0.14964772958,0.05248955790249035,2.3141,2.5927,2.9348557902490358,2.656255790249036,1425500000.0,phase3_rational
2024-05-22,508068.SH,华夏北京保障房REIT,B,2.85,2797112,0.14964772958,0.05250797529122807,2.3123,2.57,2.9384975291228064,2.6807975291228066,1425000000.0,phase3_rational
2024-05-23,508068.SH,华夏北京保障房REIT,B,2.848,3923088,0.14964772958,0.05254484886938202,2.3063,2.5451,2.948184886938203,2.7093848869382025,1424000000.0,phase3_rational
2024-05-24,508068.SH,华夏北京保障房REIT,B,2.865,2990588,0.14964772958,0.052233064425828965,2.3134,2.5515,2.9099064425828964,2.6718064425828967,1432500000.0,phase3_rational
2024-05-27,508068.SH,华夏北京保障房REIT,B,2.869,2076019,0.14964772958,0.05216024035552457,2.3084,2.5452,2.907624035552457,2.670824035552457,1434500000.0,phase3_rational
2024-05-28,508068.SH,华夏北京保障房REIT,B,2.863,1726584,0.14964772958,0.05226955276982186,2.2994,2.5302,2.927555276982186,2.696755276982186,1431500000.0,phase3_rational
2024-05-29,508068.SH,华夏北京保障房REIT,B,2.863,2271139,0.14964772958,0.05226955276982186,2.2776,2.5242,2.949355276982186,2.702755276982186,1431500000.0,phase3_rational
2024-05-30,508068.SH,华夏北京保障房REIT,B,2.858,1817475,0.14964772958,0.052360997053883834,2.2826,2.5327,2.9534997053883836,2.7033997053883834,1429000000.0,phase3_rational
2024-05-31,508068.SH,华夏北京保障房REIT,B,2.859,1921151,0.14964772958,0.052342682609303956,2.2926,2.5552,2.9416682609303955,2.6790682609303955,1429500000.0,phase3_rational
2024-06-03,508068.SH,华夏北京保障房REIT,B,2.868,2002764,0.14964772958,0.052178427329149235,2.2853,2.5473,2.9325427329149236,2.6705427329149236,1434000000.0,phase3_rational
2024-06-04,508068.SH,华夏北京保障房REIT,B,2.856,2844517,0.14964772958,0.05239766441876751,2.2854,2.5453,2.9543664418767506,2.6944664418767506,1428000000.0,phase3_rational
2024-06-05,508068.SH,华夏北京保障房REIT,B,2.858,2571170,0.14964772958,0.052360997053883834,2.2808,2.5378,2.9552997053883834,2.6982997053883837,1429000000.0,phase3_rational
2024-06-06,508068.SH,华夏北京保障房REIT,B,2.856,3069950,0.14964772958,0.05239766441876751,2.2828,2.5378,2.9569664418767507,2.701966441876751,1428000000.0,phase3_rational
2024-06-07,508068.SH,华夏北京保障房REIT,B,2.863,1329342,0.14964772958,0.05226955276982186,2.2833,2.5303,2.9436552769821858,2.696655276982186,1431500000.0,phase3_rational
2024-06-11,508068.SH,华夏北京保障房REIT,B,2.859,1685421,0.14964772958,0.052342682609303956,2.2791,2.5195,2.9551682609303955,2.714768260930396,1429500000.0,phase3_rational
2024-06-12,508068.SH,华夏北京保障房REIT,B,2.863,2041764,0.14964772958,0.05226955276982186,2.276,2.5235,2.950955276982186,2.703455276982186,1431500000.0,phase3_rational
2024-06-13,508068.SH,华夏北京保障房REIT,B,2.889,4677772,0.14964772958,0.05179914488750433,2.2678,2.5175,2.9121144887504333,2.662414488750433,1444500000.0,phase3_rational
2024-06-14,508068.SH,华夏北京保障房REIT,B,2.893,4803609,0.14964772958,0.05172752491531283,2.2558,2.499,2.9169524915312834,2.673752491531283,1446500000.0,phase3_rational
2024-06-17,508068.SH,华夏北京保障房REIT,B,2.901,2019305,0.14964772958,0.05158487748362634,2.2609,2.5057,2.897587748362634,2.652787748362634,1450500000.0,phase3_rational
2024-06-18,508068.SH,华夏北京保障房REIT,B,2.896,4363049,0.14964772958,0.05167393977209945,2.2537,2.4887,2.913693977209945,2.6786939772099445,1448000000.0,phase3_rational
2024-06-19,508068.SH,华夏北京保障房REIT,B,2.899,2286806,0.14964772958,0.051620465532942396,2.2429,2.4797,2.9191465532942398,2.68234655329424,1449500000.0,phase3_rational
2024-06-20,508068.SH,华夏北京保障房REIT,B,2.88,4659998,0.14964772958,0.05196101721527778,2.2445,2.4708,2.9516017215277777,2.7253017215277775,1440000000.0,phase3_rational
2024-06-21,508068.SH,华夏北京保障房REIT,B,2.891,2613866,0.14964772958,0.051763310127983395,2.2571,2.4797,2.9192310127983396,2.6966310127983397,1445500000.0,phase3_rational
2024-06-24,508068.SH,华夏北京保障房REIT,B,2.893,3276249,0.14964772958,0.05172752491531283,2.2451,2.4607,2.9276524915312834,2.712052491531283,1446500000.0,phase3_rational
2024-06-25,508068.SH,华夏北京保障房REIT,B,2.881,2958941,0.14964772958,0.05194298145782715,2.235,2.4477,2.9592981457827148,2.7465981457827144,1440500000.0,phase3_rational
2024-06-26,508068.SH,华夏北京保障房REIT,B,2.905,2943056,0.14964772958,0.051513848392426856,2.2225,2.4442,2.928884839242685,2.7071848392426854,1452500000.0,phase3_rational
2024-06-27,508068.SH,华夏北京保障房REIT,B,2.965,4080547,0.14964772958,0.0504714096391231,2.2081,2.4282,2.8390409639123106,2.6189409639123107,1482500000.0,phase3_rational
2024-06-28,508068.SH,华夏北京保障房REIT,B,2.954,8192800,0.14964772958,0.05065935327691266,2.2058,2.4282,2.8601353276912658,2.637735327691266,1477000000.0,phase3_rational
2024-07-01,508068.SH,华夏北京保障房REIT,B,2.989,6965223,0.14964772958,0.05006615241886919,2.2486,2.4782,2.7580152418869193,2.5284152418869192,1494500000.0,phase3_rational
2024-07-02,508068.SH,华夏北京保障房REIT,B,3.033,2726946,0.14964772958,0.049339838305308276,2.2369,2.4692,2.697083830530828,2.464783830530828,1516500000.0,phase3_rational
2024-07-03,508068.SH,华夏北京保障房REIT,B,3.043,4143568,0.14964772958,0.04917769621426224,2.2426,2.4738,2.675169621426224,2.443969621426224,1521500000.0,phase3_rational
2024-07-04,508068.SH,华夏北京保障房REIT,B,3.02,2902013,0.14964772958,0.04955222833774835,2.2502,2.4798,2.705022833774835,2.475422833774835,1510000000.0,phase3_rational
2024-07-05,508068.SH,华夏北京保障房REIT,B,2.997,2592464,0.14964772958,0.04993250903570237,2.2754,2.513,2.717850903570237,2.480250903570237,1498500000.0,phase3_rational
2024-07-08,508068.SH,华夏北京保障房REIT,B,2.992,2535224,0.14964772958,0.05001595239973262,2.2904,2.5205,2.7111952399732617,2.4810952399732615,1496000000.0,phase3_rational
2024-07-09,508068.SH,华夏北京保障房REIT,B,3.011,1386670,0.14964772958,0.049700341939554964,2.2698,2.5017,2.700234193955496,2.468334193955496,1505500000.0,phase3_rational
2024-07-10,508068.SH,华夏北京保障房REIT,B,3.052,1987536,0.14964772958,0.049032676795543906,2.2707,2.5068,2.632567679554391,2.396467679554391,1526000000.0,phase3_rational
2024-07-11,508068.SH,华夏北京保障房REIT,B,3.035,2465724,0.14964772958,0.04930732440856672,2.2648,2.5025,2.665932440856672,2.428232440856672,1517500000.0,phase3_rational
2024-07-12,508068.SH,华夏北京保障房REIT,B,3.044,2151537,0.14964772958,0.049161540597897506,2.2604,2.4921,2.6557540597897504,2.4240540597897504,1522000000.0,phase3_rational
2024-07-15,508068.SH,华夏北京保障房REIT,B,3.091,2130881,0.14964772958,0.048414017981235846,2.2541,2.4772,2.587301798123584,2.3642017981235846,1545500000.0,phase3_rational
2024-07-16,508068.SH,华夏北京保障房REIT,B,3.096,2882060,0.14964772958,0.04833582996770026,2.2613,2.4801,2.5722829967700256,2.3534829967700253,1548000000.0,phase3_rational
2024-07-17,508068.SH,华夏北京保障房REIT,B,3.069,3472688,0.14964772958,0.04876107187357445,2.2598,2.4812,2.6163071873574455,2.3949071873574455,1534500000.0,phase3_rational
2024-07-18,508068.SH,华夏北京保障房REIT,B,3.083,3917053,0.14964772958,0.04853964631203373,2.2673,2.4901,2.5866646312033734,2.3638646312033735,1541500000.0,phase3_rational
2024-07-19,508068.SH,华夏北京保障房REIT,B,3.092,2929378,0.14964772958,0.04839836014877102,2.2614,2.4842,2.5784360148771013,2.3556360148771014,1546000000.0,phase3_rational
2024-07-22,508068.SH,华夏北京保障房REIT,B,3.084,2734977,0.14964772958,0.04852390712710765,2.2461,2.4712,2.6062907127107646,2.3811907127107648,1542000000.0,phase3_rational
2024-07-23,508068.SH,华夏北京保障房REIT,B,3.085,3501735,0.14964772958,0.0485081781458671,2.2322,2.4691,2.61861781458671,2.38171781458671,1542500000.0,phase3_rational
2024-07-24,508068.SH,华夏北京保障房REIT,B,3.1,2209563,0.14964772958,0.04827346115483871,2.2381,2.4676,2.5892461154838706,2.359746115483871,1550000000.0,phase3_rational
2024-07-25,508068.SH,华夏北京保障房REIT,B,3.121,2598246,0.14964772958,0.047948647734700416,2.2168,2.4357,2.5780647734700413,2.359164773470041,1560500000.0,phase3_rational
2024-07-26,508068.SH,华夏北京保障房REIT,B,3.166,3887589,0.14964772958,0.047267128736576125,2.1944,2.4226,2.532312873657613,2.304112873657613,1583000000.0,phase3_rational
2024-07-29,508068.SH,华夏北京保障房REIT,B,3.155,2022763,0.14964772958,0.047431926966719495,2.1574,2.39,2.585792696671949,2.353192696671949,1577500000.0,phase3_rational
2024-07-30,508068.SH,华夏北京保障房REIT,B,3.179,3262063,0.14964772958,0.047073837552689526,2.148,2.3765,2.5593837552689522,2.3308837552689523,1589500000.0,phase3_rational
2024-07-31,508068.SH,华夏北京保障房REIT,B,3.181,1947823,0.14964772958,0.04704424067274442,2.1494,2.3825,2.5550240672744415,2.3219240672744417,1590500000.0,phase3_rational
2024-08-01,508068.SH,华夏北京保障房REIT,B,3.191,2152097,0.14964772958,0.04689681277969289,2.1297,2.3651,2.5599812779692885,2.3245812779692887,1595500000.0,phase3_rational
2024-08-02,508068.SH,华夏北京保障房REIT,B,3.205,2968753,0.14964772958,0.04669195930733229,2.1277,2.3465,2.5414959307332294,2.3226959307332296,1602500000.0,phase3_rational
2024-08-05,508068.SH,华夏北京保障房REIT,B,3.269,4886528,0.14964772958,0.04577783101254206,2.1376,2.3375,2.440183101254206,2.240283101254206,1634500000.0,phase3_rational
2024-08-06,508068.SH,华夏北京保障房REIT,B,3.251,2697520,0.14964772958,0.04603129178099047,2.1491,2.355,2.454029178099047,2.2481291780990467,1625500000.0,phase3_rational
2024-08-07,508068.SH,华夏北京保障房REIT,B,3.29,2965883,0.14964772958,0.04548563209118541,2.1414,2.335,2.407163209118541,2.213563209118541,1645000000.0,phase3_rational
2024-08-08,508068.SH,华夏北京保障房REIT,B,3.28,3352178,0.14964772958,0.04562430779878049,2.181,2.37,2.381430779878049,2.192430779878049,1640000000.0,phase3_rational
2024-08-09,508068.SH,华夏北京保障房REIT,B,3.27,3647476,0.14964772958,0.04576383167584098,2.1986,2.38,2.3777831675840977,2.1963831675840977,1635000000.0,phase3_rational
2024-08-12,508068.SH,华夏北京保障房REIT,B,3.258,2017960,0.14964772958,0.04593239090853284,2.2508,2.435,2.3424390908532846,2.1582390908532845,1629000000.0,phase3_rational
2024-08-13,508068.SH,华夏北京保障房REIT,B,3.276,2481063,0.14964772958,0.04568001513431014,2.2255,2.4075,2.342501513431014,2.1605015134310137,1638000000.0,phase3_rational
2024-08-14,508068.SH,华夏北京保障房REIT,B,3.356,2961843,0.14964772958,0.04459109939809297,2.1966,2.3751,2.2625099398092967,2.0840099398092966,1678000000.0,phase3_rational
2024-08-15,508068.SH,华夏北京保障房REIT,B,3.349,1772516,0.14964772958,0.04468430265153777,2.205,2.39,2.2634302651537768,2.0784302651537767,1674500000.0,phase3_rational
2024-08-16,508068.SH,华夏北京保障房REIT,B,3.349,2127323,0.14964772958,0.04468430265153777,2.1978,2.39,2.270630265153777,2.0784302651537767,1674500000.0,phase3_rational
2024-08-19,508068.SH,华夏北京保障房REIT,B,3.341,1810663,0.14964772958,0.04479129888656091,2.1816,2.3675,2.2975298886560904,2.1116298886560902,1670500000.0,phase3_rational
2024-08-20,508068.SH,华夏北京保障房REIT,B,3.272,2712053,0.14964772958,0.045735858673594136,2.171,2.36,2.4025858673594134,2.2135858673594133,1636000000.0,phase3_rational
2024-08-21,508068.SH,华夏北京保障房REIT,B,3.205,3411072,0.14964772958,0.04669195930733229,2.167,2.3551,2.5021959307332295,2.314095930733229,1602500000.0,phase3_rational
2024-08-22,508068.SH,华夏北京保障房REIT,B,3.282,8874186,0.14964772958,0.04559650505179769,2.1582,2.3476,2.4014505051797688,2.2120505051797688,1641000000.0,phase3_rational
2024-08-23,508068.SH,华夏北京保障房REIT,B,3.304,5145226,0.14964772958,0.045292896361985475,2.1547,2.3401,2.3745896361985475,2.1891896361985475,1652000000.0,phase3_rational
2024-08-26,508068.SH,华夏北京保障房REIT,B,3.297,5076296,0.14964772958,0.04538905962390051,2.1628,2.3475,2.376105962390051,2.191405962390051,1648500000.0,phase3_rational
2024-08-27,508068.SH,华夏北京保障房REIT,B,3.279,2966915,0.14964772958,0.045638221890820375,2.1903,2.3825,2.373522189082037,2.1813221890820373,1639500000.0,phase3_rational
2024-08-28,508068.SH,华夏北京保障房REIT,B,3.272,2800160,0.14964772958,0.045735858673594136,2.1673,2.355,2.406285867359413,2.218585867359413,1636000000.0,phase3_rational
2024-08-29,508068.SH,华夏北京保障房REIT,B,3.24,4428117,0.14964772958,0.04618757085802469,2.1703,2.365,2.4484570858024686,2.2537570858024685,1620000000.0,phase3_rational
2024-08-30,508068.SH,华夏北京保障房REIT,B,3.236,4151316,0.14964772958,0.046244663034610625,2.1704,2.3651,2.4540663034610626,2.2593663034610625,1618000000.0,phase3_rational
2024-09-02,508068.SH,华夏北京保障房REIT,B,3.267,3480139,0.14964772958,0.04580585539638812,2.1457,2.3425,2.434885539638812,2.238085539638812,1633500000.0,phase3_rational
2024-09-03,508068.SH,华夏北京保障房REIT,B,3.24,3311624,0.14964772958,0.04618757085802469,2.1432,2.339,2.4755570858024685,2.2797570858024687,1620000000.0,phase3_rational
2024-09-04,508068.SH,华夏北京保障房REIT,B,3.21,1606624,0.14964772958,0.046619230398753896,2.1336,2.3225,2.52832303987539,2.33942303987539,1605000000.0,phase3_rational
2024-09-05,508068.SH,华夏北京保障房REIT,B,3.23,3502604,0.14964772958,0.04633056643343653,2.1338,2.3125,2.499256643343654,2.3205566433436537,1615000000.0,phase3_rational
2024-09-06,508068.SH,华夏北京保障房REIT,B,3.275,1936245,0.14964772958,0.04569396323053435,2.1388,2.309,2.430596323053435,2.2603963230534347,1637500000.0,phase3_rational
2024-09-09,508068.SH,华夏北京保障房REIT,B,3.298,2230178,0.14964772958,0.04537529702243784,2.1267,2.29,2.410829702243784,2.247529702243784,1649000000.0,phase3_rational
2024-09-10,508068.SH,华夏北京保障房REIT,B,3.281,1578094,0.14964772958,0.045610402188357206,2.1143,2.267,2.4467402188357203,2.2940402188357205,1640500000.0,phase3_rational
2024-09-11,508068.SH,华夏北京保障房REIT,B,3.253,2447908,0.14964772958,0.046002990956040574,2.1044,2.263,2.4958990956040576,2.337299095604058,1626500000.0,phase3_rational
2024-09-12,508068.SH,华夏北京保障房REIT,B,3.201,4832017,0.14964772958,0.04675030602311778,2.0998,2.2471,2.5752306023117777,2.4279306023117777,1600500000.0,phase3_rational
2024-09-13,508068.SH,华夏北京保障房REIT,B,3.13,6698161,0.14964772958,0.047810776223642173,2.0724,2.2176,2.7086776223642177,2.5634776223642177,1565000000.0,phase3_rational
2024-09-18,508068.SH,华夏北京保障房REIT,B,3.121,835942,0.14964772958,0.047948647734700416,2.0403,2.165,2.7545647734700416,2.6298647734700413,1560500000.0,phase3_rational
2024-09-19,508068.SH,华夏北京保障房REIT,B,3.122,1509832,0.14964772958,0.04793328942344651,2.045,2.17,2.748328942344651,2.623328942344651,1561000000.0,phase3_rational
2024-09-20,508068.SH,华夏北京保障房REIT,B,3.13,3334559,0.14964772958,0.047810776223642173,2.0431,2.15,2.737977622364218,2.631077622364218,1565000000.0,phase3_rational
2024-09-23,508068.SH,华夏北京保障房REIT,B,3.14,1040344,0.14964772958,0.047658512605095536,2.0381,2.14,2.727751260509554,2.625851260509554,1570000000.0,phase3_rational
2024-09-24,508068.SH,华夏北京保障房REIT,B,3.163,1545612,0.14964772958,0.04731196003161556,2.0728,2.19,2.658396003161556,2.541196003161556,1581500000.0,phase3_rational
2024-09-25,508068.SH,华夏北京保障房REIT,B,3.208,1472411,0.14964772958,0.046648294756857854,2.0437,2.155,2.6211294756857852,2.5098294756857853,1604000000.0,phase3_rational
2024-09-26,508068.SH,华夏北京保障房REIT,B,3.286,2298840,0.14964772958,0.04554100108947048,2.0787,2.22,2.475400108947048,2.3341001089470477,1643000000.0,phase3_rational
2024-09-27,508068.SH,华夏北京保障房REIT,B,3.226,892260,0.14964772958,0.04638801288902666,2.1714,2.3475,2.467401288902665,2.291301288902665,1613000000.0,phase3_rational
2024-09-30,508068.SH,华夏北京保障房REIT,B,3.186,3064727,0.14964772958,0.046970411042059006,2.1518,2.355,2.5452411042059,2.3420411042059004,1593000000.0,phase3_rational
2024-10-08,508068.SH,华夏北京保障房REIT,B,3.142,3500841,0.14964772958,0.04762817618714195,2.1928,2.38,2.5700176187141945,2.3828176187141947,1571000000.0,phase3_rational
2024-10-09,508068.SH,华夏北京保障房REIT,B,3.106,2780252,0.14964772958,0.0481802091371539,2.176,2.3576,2.64202091371539,2.46042091371539,1553000000.0,phase3_rational
2024-10-10,508068.SH,华夏北京保障房REIT,B,3.107,3909551,0.14964772958,0.048164702149983904,2.1441,2.29,2.6723702149983906,2.5264702149983904,1553500000.0,phase3_rational
2024-10-11,508068.SH,华夏北京保障房REIT,B,3.17,3133896,0.14964772958,0.047207485671924294,2.1392,2.3,2.581548567192429,2.4207485671924296,1585000000.0,phase3_rational
2024-10-14,508068.SH,华夏北京保障房REIT,B,3.153,2114273,0.14964772958,0.047462013821757056,2.1368,2.3126,2.6094013821757054,2.433601382175705,1576500000.0,phase3_rational
2024-10-15,508068.SH,华夏北京保障房REIT,B,3.132,4725886,0.14964772958,0.047780245715197955,2.1254,2.3125,2.6526245715197954,2.4655245715197953,1566000000.0,phase3_rational
2024-10-16,508068.SH,华夏北京保障房REIT,B,3.14,2525154,0.14964772958,0.047658512605095536,2.1331,2.328,2.6327512605095538,2.437851260509554,1570000000.0,phase3_rational
2024-10-17,508068.SH,华夏北京保障房REIT,B,3.16,2441753,0.14964772958,0.047356876449367084,2.1084,2.295,2.627287644936708,2.440687644936708,1580000000.0,phase3_rational
2024-10-18,508068.SH,华夏北京保障房REIT,B,3.167,1045161,0.14964772958,0.04725220384591096,2.1209,2.305,2.6043203845910963,2.420220384591096,1583500000.0,phase3_rational
2024-10-21,508068.SH,华夏北京保障房REIT,B,3.141,621699,0.14964772958,0.04764333956701687,2.1211,2.3075,2.643233956701687,2.4568339567016872,1570500000.0,phase3_rational
2024-10-22,508068.SH,华夏北京保障房REIT,B,3.138,2084535,0.14964772958,0.047688887692797964,2.1458,2.34,2.623088769279797,2.428888769279797,1569000000.0,phase3_rational
2024-10-23,508068.SH,华夏北京保障房REIT,B,3.132,3664337,0.14964772958,0.047780245715197955,2.1559,2.355,2.6221245715197954,2.4230245715197953,1566000000.0,phase3_rational
2024-10-24,508068.SH,华夏北京保障房REIT,B,3.133,2005356,0.14964772958,0.047764995078199805,2.1661,2.355,2.61039950781998,2.42149950781998,1566500000.0,phase3_rational
2024-10-25,508068.SH,华夏北京保障房REIT,B,3.135,1341241,0.14964772958,0.04773452299202552,2.1539,2.36,2.6195522992025513,2.4134522992025516,1567500000.0,phase3_rational
2024-10-28,508068.SH,华夏北京保障房REIT,B,3.126,1474633,0.14964772958,0.047871954440179144,2.1617,2.38,2.6254954440179143,2.4071954440179146,1563000000.0,phase3_rational
2024-10-29,508068.SH,华夏北京保障房REIT,B,3.129,754873,0.14964772958,0.04782605611377437,2.1598,2.366,2.6228056113774367,2.416605611377437,1564500000.0,phase3_rational
2024-10-30,508068.SH,华夏北京保障房REIT,B,3.118,1493830,0.14964772958,0.04799478177677999,2.1597,2.36,2.639778177677999,2.4394781776779992,1559000000.0,phase3_rational
2024-10-31,508068.SH,华夏北京保障房REIT,B,3.11,1700667,0.14964772958,0.04811824102250804,2.1476,2.335,2.6642241022508037,2.476824102250804,1555000000.0,phase3_rational
2024-11-01,508068.SH,华夏北京保障房REIT,B,3.092,2527442,0.14964772958,0.04839836014877102,2.1406,2.3175,2.6992360148771013,2.5223360148771015,1546000000.0,phase3_rational
2024-11-04,508068.SH,华夏北京保障房REIT,B,3.089,1047528,0.14964772958,0.048445364059566204,2.1275,2.305,2.71703640595662,2.53953640595662,1544500000.0,phase3_rational
2024-11-05,508068.SH,华夏北京保障房REIT,B,3.094,1872487,0.14964772958,0.048367074848093085,2.1106,2.2825,2.726107484809309,2.5542074848093086,1547000000.0,phase3_rational
2024-11-06,508068.SH,华夏北京保障房REIT,B,3.077,1623440,0.14964772958,0.0486342962560936,2.1234,2.29,2.7400296256093597,2.57342962560936,1538500000.0,phase3_rational
2024-11-07,508068.SH,华夏北京保障房REIT,B,3.074,1639583,0.14964772958,0.048681759785296035,2.1115,2.28,2.756675978529603,2.5881759785296032,1537000000.0,phase3_rational
2024-11-08,508068.SH,华夏北京保障房REIT,B,3.09,2404576,0.14964772958,0.048429685948220065,2.1067,2.2775,2.7362685948220067,2.565468594822007,1545000000.0,phase3_rational
2024-11-11,508068.SH,华夏北京保障房REIT,B,3.176,1475706,0.14964772958,0.04711830276448362,2.092,2.2575,2.619830276448362,2.454330276448362,1588000000.0,phase3_rational
2024-11-12,508068.SH,华夏北京保障房REIT,B,3.231,1516723,0.14964772958,0.046316227044258744,2.0729,2.236,2.558722704425874,2.395622704425874,1615500000.0,phase3_rational
2024-11-13,508068.SH,华夏北京保障房REIT,B,3.228,2634415,0.14964772958,0.04635927186493184,2.0876,2.26,2.548327186493184,2.3759271864931844,1614000000.0,phase3_rational
2024-11-14,508068.SH,华夏北京保障房REIT,B,3.165,2595577,0.14964772958,0.04728206305845182,2.0808,2.261,2.647406305845182,2.467206305845182,1582500000.0,phase3_rational
2024-11-15,508068.SH,华夏北京保障房REIT,B,3.16,914478,0.14964772958,0.047356876449367084,2.0948,2.2825,2.640887644936708,2.453187644936708,1580000000.0,phase3_rational
2024-11-18,508068.SH,华夏北京保障房REIT,B,3.173,1822812,0.14964772958,0.047162852057989285,2.1117,2.3175,2.6045852057989283,2.3987852057989283,1586500000.0,phase3_rational
2024-11-19,508068.SH,华夏北京保障房REIT,B,3.162,2241953,0.14964772958,0.04732692270082227,2.0947,2.286,2.637992270082227,2.446692270082227,1581000000.0,phase3_rational
2024-11-20,508068.SH,华夏北京保障房REIT,B,3.149,1541977,0.14964772958,0.04752230218482058,2.1025,2.305,2.649730218482058,2.447230218482058,1574500000.0,phase3_rational
2024-11-21,508068.SH,华夏北京保障房REIT,B,3.148,2484369,0.14964772958,0.04753739821473951,2.0843,2.2751,2.6694398214739516,2.4786398214739513,1574000000.0,phase3_rational
2024-11-22,508068.SH,华夏北京保障房REIT,B,3.15,4241963,0.14964772958,0.04750721573968254,2.0832,2.265,2.6675215739682545,2.4857215739682545,1575000000.0,phase3_rational
2024-11-25,508068.SH,华夏北京保障房REIT,B,3.153,1839694,0.14964772958,0.047462013821757056,2.0682,2.241,2.6780013821757054,2.5052013821757053,1576500000.0,phase3_rational
2024-11-26,508068.SH,华夏北京保障房REIT,B,3.161,836670,0.14964772958,0.047341894837076876,2.0657,2.245,2.668489483707688,2.4891894837076878,1580500000.0,phase3_rational
2024-11-27,508068.SH,华夏北京保障房REIT,B,3.157,1005593,0.14964772958,0.04740187823249921,2.0553,2.25,2.6848878232499214,2.4901878232499213,1578500000.0,phase3_rational
2024-11-28,508068.SH,华夏北京保障房REIT,B,3.152,102826,0.14964772958,0.04747707156725888,2.0304,2.218,2.717307156725888,2.5297071567258884,1576000000.0,phase3_rational
2024-11-29,508068.SH,华夏北京保障房REIT,B,3.163,1798051,0.14964772958,0.04731196003161556,2.0206,2.2025,2.710596003161556,2.528696003161556,1581500000.0,phase3_rational
2024-12-02,508068.SH,华夏北京保障房REIT,B,3.171,5690812,0.14964772958,0.04719259841690319,1.981,2.17,2.7382598416903186,2.5492598416903185,1585500000.0,phase3_rational
2024-12-03,508068.SH,华夏北京保障房REIT,B,3.19,3422979,0.14964772958,0.04691151397492163,1.9886,2.1675,2.7025513974921633,2.5236513974921633,1595000000.0,phase3_rational
2024-12-04,508068.SH,华夏北京保障房REIT,B,3.185,736080,0.14964772958,0.046985158423861854,1.9612,2.1375,2.7373158423861854,2.561015842386185,1592500000.0,phase3_rational
2024-12-05,508068.SH,华夏北京保障房REIT,B,3.184,1189510,0.14964772958,0.046999915069095476,1.9462,2.1425,2.7537915069095478,2.557491506909548,1592000000.0,phase3_rational
2024-12-06,508068.SH,华夏北京保障房REIT,B,3.197,3866063,0.14964772958,0.046808798742571156,1.9539,2.1585,2.7269798742571156,2.5223798742571155,1598500000.0,phase3_rational
2024-12-09,508068.SH,华夏北京保障房REIT,B,3.244,2920426,0.14964772958,0.046130619475955606,1.9168,2.1151,2.69626194759556,2.4979619475955603,1622000000.0,phase3_rational
2024-12-10,508068.SH,华夏北京保障房REIT,B,3.41,4666717,0.14964772958,0.043884964686217005,1.8468,2.0551,2.5416964686217005,2.3333964686217006,1705000000.0,phase3_rational
2024-12-11,508068.SH,华夏北京保障房REIT,B,3.426,4950517,0.14964772958,0.043680014471687095,1.8218,2.0401,2.5462014471687096,2.32790144716871,1713000000.0,phase3_rational
2024-12-12,508068.SH,华夏北京保障房REIT,B,3.414,3765294,0.14964772958,0.04383354703573521,1.8172,2.043,2.5661547035735213,2.340354703573521,1707000000.0,phase3_rational
2024-12-13,508068.SH,华夏北京保障房REIT,B,3.449,2670575,0.14964772958,0.043388729944911573,1.7771,2.005,2.5617729944911574,2.3338729944911574,1724500000.0,phase3_rational
2024-12-16,508068.SH,华夏北京保障房REIT,B,3.516,3630250,0.14964772958,0.042561925364050054,1.7215,1.9526,2.5346925364050055,2.3035925364050054,1758000000.0,phase3_rational
2024-12-17,508068.SH,华夏北京保障房REIT,B,3.489,3224325,0.14964772958,0.04289129537976498,1.7237,1.9591,2.565429537976498,2.3300295379764977,1744500000.0,phase3_rational
2024-12-18,508068.SH,华夏北京保障房REIT,B,3.473,2829416,0.14964772958,0.04308889420673769,1.7564,1.9961,2.552489420673769,2.312789420673769,1736500000.0,phase3_rational
2024-12-19,508068.SH,华夏北京保障房REIT,B,3.492,2070072,0.14964772958,0.04285444718785796,1.7417,1.9926,2.5437447187857964,2.2928447187857963,1746000000.0,phase3_rational
2024-12-20,508068.SH,华夏北京保障房REIT,B,3.511,2371011,0.14964772958,0.042622537618911986,1.7018,1.9526,2.5604537618911984,2.3096537618911985,1755500000.0,phase3_rational
2024-12-23,508068.SH,华夏北京保障房REIT,B,3.514,2630574,0.14964772958,0.04258614956744451,1.7019,1.9526,2.556714956744451,2.3060149567444514,1757000000.0,phase3_rational
2024-12-24,508068.SH,华夏北京保障房REIT,B,3.53,3239305,0.14964772958,0.042393124526912185,1.7166,1.9926,2.522712452691219,2.2467124526912188,1765000000.0,phase3_rational
2024-12-25,508068.SH,华夏北京保障房REIT,B,3.55,1782444,0.14964772958,0.042154290022535214,1.7365,2.007,2.4789290022535213,2.208429002253521,1775000000.0,phase3_rational
2024-12-26,508068.SH,华夏北京保障房REIT,B,3.552,868548,0.14964772958,0.04213055449887387,1.7122,1.9701,2.5008554498873874,2.2429554498873876,1776000000.0,phase3_rational
2024-12-27,508068.SH,华夏北京保障房REIT,B,3.563,1164530,0.14964772958,0.042000485428010104,1.6929,1.9476,2.5071485428010103,2.25244854280101,1781500000.0,phase3_rational
2024-12-30,508068.SH,华夏北京保障房REIT,B,3.587,2756574,0.14964772958,0.041719467404516306,1.7128,1.9476,2.4591467404516307,2.224346740451631,1793500000.0,phase3_rational
2024-12-31,508068.SH,华夏北京保障房REIT,B,3.587,3947624,0.14964772958,0.041719467404516306,1.6752,1.9121,2.4967467404516306,2.259846740451631,1793500000.0,phase3_rational
2025-01-02,508068.SH,华夏北京保障房REIT,B,3.651,3248475,0.14964772958,0.0409881483374418,1.6077,1.8397,2.4911148337441804,2.2591148337441807,1825500000.0,phase3_rational
2025-01-03,508068.SH,华夏北京保障房REIT,B,3.709,5688577,0.14964772958,0.04034719050417902,1.6041,1.8501,2.430619050417903,2.1846190504179024,1854500000.0,phase3_rational
2025-01-06,508068.SH,华夏北京保障房REIT,B,3.702,3144869,0.14964772958,0.04042348178822258,1.5966,1.8327,2.445748178822258,2.209648178822258,1851000000.0,phase3_rational
2025-01-07,508068.SH,华夏北京保障房REIT,B,3.651,2373334,0.14964772958,0.0409881483374418,1.6093,1.8602,2.48951483374418,2.2386148337441805,1825500000.0,phase3_rational
2025-01-08,508068.SH,华夏北京保障房REIT,B,3.698,1377175,0.14964772958,0.040467206484586266,1.6069,1.8702,2.439820648458627,2.176520648458627,1849000000.0,phase3_rational
2025-01-09,508068.SH,华夏北京保障房REIT,B,3.765,3560396,0.14964772958,0.03974707292961487,1.6368,1.8932,2.337907292961487,2.0815072929614873,1882500000.0,phase3_rational
2025-01-10,508068.SH,华夏北京保障房REIT,B,3.771,2357290,0.14964772958,0.039683831763457966,1.6338,1.8752,2.334583176345797,2.093183176345797,1885500000.0,phase3_rational
2025-01-13,508068.SH,华夏北京保障房REIT,B,3.733,2726271,0.14964772958,0.040087792547548885,1.6592,1.9051,2.3495792547548886,2.103679254754889,1866500000.0,phase3_rational
2025-01-14,508068.SH,华夏北京保障房REIT,B,3.74,4946200,0.14964772958,0.040012761919786095,1.6446,1.8652,2.3566761919786097,2.13607619197861,1870000000.0,phase3_rational
2025-01-15,508068.SH,华夏北京保障房REIT,B,3.772,3117260,0.14964772958,0.03967331112937434,1.633,1.8602,2.3343311129374342,2.1071311129374344,1886000000.0,phase3_rational
2025-01-16,508068.SH,华夏北京保障房REIT,B,3.797,2330725,0.14964772958,0.03941209628127469,1.6394,1.8677,2.3018096281274696,2.0735096281274696,1898500000.0,phase3_rational
2025-01-17,508068.SH,华夏北京保障房REIT,B,3.803,4019029,0.14964772958,0.039349915745464106,1.6593,1.915,2.2756915745464106,2.0199915745464105,1901500000.0,phase3_rational
2025-01-20,508068.SH,华夏北京保障房REIT,B,3.911,2241144,0.14964772958,0.03826329061109691,1.6747,1.9225,2.151629061109691,1.9038290611096909,1955500000.0,phase3_rational
2025-01-21,508068.SH,华夏北京保障房REIT,B,3.921,3250830,0.14964772958,0.03816570507013517,1.6496,1.89,2.166970507013517,1.926570507013517,1960500000.0,phase3_rational
2025-01-22,508068.SH,华夏北京保障房REIT,B,3.965,2061366,0.14964772958,0.03774217643883985,1.6602,1.9,2.114017643883985,1.874217643883985,1982500000.0,phase3_rational
2025-01-23,508068.SH,华夏北京保障房REIT,B,3.949,1421312,0.14964772958,0.03789509485439352,1.6645,1.9,2.1250094854393513,1.8895094854393517,1974500000.0,phase3_rational
2025-01-24,508068.SH,华夏北京保障房REIT,B,3.911,2456288,0.14964772958,0.03826329061109691,1.6565,1.89,2.1698290611096906,1.936329061109691,1955500000.0,phase3_rational
2025-01-27,508068.SH,华夏北京保障房REIT,B,3.962,3250927,0.14964772958,0.03777075456335184,1.6299,1.8675,2.1471754563351846,1.9095754563351843,1981000000.0,phase3_rational
2025-02-05,508068.SH,华夏北京保障房REIT,B,4.14,2789142,0.14964772958,0.036146794584541064,1.6207,1.8375,1.9939794584541064,1.7771794584541065,2069999999.9999998,phase3_rational
2025-02-06,508068.SH,华夏北京保障房REIT,B,4.035,4140051,0.14964772958,0.037087417491945475,1.5958,1.805,2.1129417491945475,1.9037417491945476,2017500000.0,phase3_rational
2025-02-07,508068.SH,华夏北京保障房REIT,B,4.013,6743509,0.14964772958,0.037290737498131075,1.6032,1.8025,2.125873749813108,1.9265737498131077,2006500000.0,phase3_rational
2025-02-10,508068.SH,华夏北京保障房REIT,B,3.954,5887948,0.14964772958,0.03784717490642387,1.6342,1.825,2.150517490642387,1.9597174906423873,1977000000.0,phase3_rational
2025-02-11,508068.SH,华夏北京保障房REIT,B,3.963,5506230,0.14964772958,0.037761223714357806,1.6274,1.8075,2.148722371435781,1.9686223714357807,1981500000.0,phase3_rational
2025-02-12,508068.SH,华夏北京保障房REIT,B,3.946,6479756,0.14964772958,0.03792390511403953,1.6336,1.809,2.1587905114039527,1.9833905114039527,1973000000.0,phase3_rational
2025-02-13,508068.SH,华夏北京保障房REIT,B,3.882,4025396,0.14964772958,0.038549131782586295,1.6346,1.799,2.220313178258629,2.0559131782586295,1941000000.0,phase3_rational
2025-02-14,508068.SH,华夏北京保障房REIT,B,3.905,6574575,0.14964772958,0.03832208183866838,1.6546,1.82,2.1776081838668375,2.0122081838668375,1952500000.0,phase3_rational
2025-02-17,508068.SH,华夏北京保障房REIT,B,3.924,4393919,0.14964772958,0.03813652639653415,1.6934,1.86,2.120252639653415,1.9536526396534148,1962000000.0,phase3_rational
2025-02-18,508068.SH,华夏北京保障房REIT,B,3.902,2300493,0.14964772958,0.03835154525371604,1.7006,1.86,2.1345545253716045,1.975154525371604,1951000000.0,phase3_rational
2025-02-19,508068.SH,华夏北京保障房REIT,B,3.876,3897148,0.14964772958,0.03860880536119711,1.6626,1.84,2.198280536119711,2.0208805361197113,1938000000.0,phase3_rational
2025-02-20,508068.SH,华夏北京保障房REIT,B,3.8,5937082,0.14964772958,0.039380981468421054,1.685,1.87,2.253098146842105,2.068098146842105,1900000000.0,phase3_rational
2025-02-21,508068.SH,华夏北京保障房REIT,B,3.784,4464823,0.14964772958,0.03954749724630021,1.72,1.905,2.2347497246300208,2.049749724630021,1892000000.0,phase3_rational
2025-02-24,508068.SH,华夏北京保障房REIT,B,3.747,3241403,0.14964772958,0.03993801163063784,1.7625,1.945,2.231301163063784,2.048801163063784,1873500000.0,phase3_rational
2025-02-25,508068.SH,华夏北京保障房REIT,B,3.712,6897245,0.14964772958,0.04031458232219828,1.7275,1.915,2.303958232219828,2.116458232219828,1856000000.0,phase3_rational
2025-02-26,508068.SH,华夏北京保障房REIT,B,3.757,4548938,0.14964772958,0.0398317086984296,1.7251,1.91,2.2580708698429595,2.0731708698429596,1878500000.0,phase3_rational
2025-02-27,508068.SH,华夏北京保障房REIT,B,3.775,5446287,0.14964772958,0.039641782670198675,1.7576,1.935,2.2065782670198675,2.0291782670198675,1887500000.0,phase3_rational
2025-02-28,508068.SH,华夏北京保障房REIT,B,3.823,6971064,0.14964772958,0.03914405691341878,1.7152,1.905,2.199205691341878,2.009405691341878,1911500000.0,phase3_rational
2025-03-03,508068.SH,华夏北京保障房REIT,B,3.94,4943238,0.14964772958,0.03798165725380711,1.6955,1.89,2.102665725380711,1.9081657253807112,1970000000.0,phase3_rational
2025-03-04,508068.SH,华夏北京保障房REIT,B,3.882,7016318,0.14964772958,0.038549131782586295,1.7079,1.9,2.1470131782586295,1.9549131782586295,1941000000.0,phase3_rational
2025-03-05,508068.SH,华夏北京保障房REIT,B,3.912,5039073,0.14964772958,0.03825350960633947,1.7083,1.8925,2.117050960633947,1.9328509606339468,1956000000.0,phase3_rational
2025-03-06,508068.SH,华夏北京保障房REIT,B,3.894,10168273,0.14964772958,0.038430336307139185,1.7455,1.9325,2.0975336307139187,1.9105336307139185,1947000000.0,phase3_rational
2025-03-07,508068.SH,华夏北京保障房REIT,B,3.86,9837536,0.14964772958,0.038768841860103626,1.8002,1.975,2.076684186010363,1.9018841860103626,1930000000.0,phase3_rational
2025-03-10,508068.SH,华夏北京保障房REIT,B,3.828,4649033,0.14964772958,0.039092928312434695,1.8128,1.985,2.096492831243469,1.9242928312434693,1914000000.0,phase3_rational
2025-03-11,508068.SH,华夏北京保障房REIT,B,3.79,5465169,0.14964772958,0.039484889071240106,1.8853,2.035,2.063188907124011,1.9134889071240107,1895000000.0,phase3_rational
2025-03-12,508068.SH,华夏北京保障房REIT,B,3.772,6657654,0.14964772958,0.03967331112937434,1.8334,2.0125,2.133931112937434,1.954831112937434,1886000000.0,phase3_rational
2025-03-13,508068.SH,华夏北京保障房REIT,B,3.76,5463098,0.14964772958,0.03979992807978724,1.8565,2.04,2.1234928079787236,1.9399928079787236,1880000000.0,phase3_rational
2025-03-14,508068.SH,华夏北京保障房REIT,B,3.771,6183307,0.14964772958,0.039683831763457966,1.8317,2.04,2.1366831763457967,1.9283831763457968,1885500000.0,phase3_rational
2025-03-17,508068.SH,华夏北京保障房REIT,B,3.749,4683695,0.14964772958,0.03991670567618032,1.8957,2.115,2.095970567618032,1.8766705676180315,1874500000.0,phase3_rational
2025-03-18,508068.SH,华夏北京保障房REIT,B,3.757,6773571,0.14964772958,0.0398317086984296,1.8885,2.1151,2.0946708698429597,1.8680708698429598,1878500000.0,phase3_rational
2025-03-19,508068.SH,华夏北京保障房REIT,B,3.81,4029341,0.14964772958,0.039277619312335955,1.8708,2.1051,2.0569619312335954,1.8226619312335952,1905000000.0,phase3_rational
2025-03-20,508068.SH,华夏北京保障房REIT,B,3.834,3569422,0.14964772958,0.03903175002086594,1.8309,2.0526,2.0722750020865934,1.8505750020865936,1917000000.0,phase3_rational
2025-03-21,508068.SH,华夏北京保障房REIT,B,3.83,4233304,0.14964772958,0.03907251425065274,1.8458,2.0676,2.0614514250652736,1.8396514250652736,1915000000.0,phase3_rational
2025-03-24,508068.SH,华夏北京保障房REIT,B,3.871,3382422,0.14964772958,0.038658674652544564,1.8413,2.0501,2.0245674652544565,1.8157674652544564,1935500000.0,phase3_rational
2025-03-25,508068.SH,华夏北京保障房REIT,B,3.868,3735793,0.14964772958,0.03868865811271975,1.8183,2.0276,2.0505658112719747,1.8412658112719749,1934000000.0,phase3_rational
2025-03-26,508068.SH,华夏北京保障房REIT,B,3.868,4277024,0.14964772958,0.03868865811271975,1.7943,2.0001,2.0745658112719747,1.8687658112719747,1934000000.0,phase3_rational
2025-03-27,508068.SH,华夏北京保障房REIT,B,3.921,3681558,0.14964772958,0.03816570507013517,1.8062,2.0101,2.010370507013517,1.806470507013517,1960500000.0,phase3_rational
2025-03-28,508068.SH,华夏北京保障房REIT,B,3.957,5313816,0.14964772958,0.037818481066464495,1.8126,2.0251,1.9692481066464496,1.7567481066464494,1978500000.0,phase3_rational
2025-03-31,508068.SH,华夏北京保障房REIT,B,3.958,3114652,0.14964772958,0.03780892611925214,1.8129,2.0226,1.9679926119252142,1.758292611925214,1979000000.0,phase3_rational
2025-04-01,508068.SH,华夏北京保障房REIT,B,3.944,3197897,0.14964772958,0.03794313630324544,1.8104,2.0201,1.983913630324544,1.7742136303245442,1972000000.0,phase3_rational
2025-04-02,508068.SH,华夏北京保障房REIT,B,3.956,3456331,0.14964772958,0.03782804084428716,1.7887,1.9801,1.9941040844287161,1.802704084428716,1978000000.0,phase3_rational
2025-04-03,508068.SH,华夏北京保障房REIT,B,4.062,5188650,0.14964772958,0.03684089846873461,1.718,1.9052,1.966089846873461,1.7788898468734609,2031000000.0,phase3_rational
2025-04-07,508068.SH,华夏北京保障房REIT,B,4.242,5119748,0.14964772958,0.03527763545025931,1.6318,1.8252,1.8959635450259313,1.7025635450259313,2121000000.0,phase3_rational
2025-04-08,508068.SH,华夏北京保障房REIT,B,4.227,3678679,0.14964772958,0.03540282223326236,1.6633,1.8551,1.876982223326236,1.6851822233262361,2113500000.0000002,phase3_rational
2025-04-09,508068.SH,华夏北京保障房REIT,B,4.199,3271161,0.14964772958,0.035638897256489645,1.6508,1.8552,1.9130897256489645,1.7086897256489646,2099500000.0,phase3_rational
2025-04-10,508068.SH,华夏北京保障房REIT,B,4.2,3171962,0.14964772958,0.035630411804761904,1.6444,1.8602,1.9186411804761905,1.7028411804761905,2100000000.0,phase3_rational
2025-04-11,508068.SH,华夏北京保障房REIT,B,4.211,2972192,0.14964772958,0.03553733782474471,1.6568,1.8627,1.8969337824744712,1.6910337824744712,2105500000.0000002,phase3_rational
2025-04-14,508068.SH,华夏北京保障房REIT,B,4.245,2019409,0.14964772958,0.03525270425912839,1.6584,1.8602,1.8668704259128386,1.6650704259128386,2122500000.0,phase3_rational
2025-04-15,508068.SH,华夏北京保障房REIT,B,4.258,3363895,0.14964772958,0.03514507505401597,1.6583,1.8602,1.856207505401597,1.654307505401597,2129000000.0,phase3_rational
2025-04-16,508068.SH,华夏北京保障房REIT,B,4.255,4973619,0.14964772958,0.03516985419036428,1.643,1.8652,1.8739854190364278,1.6517854190364278,2127500000.0,phase3_rational
2025-04-17,508068.SH,华夏北京保障房REIT,B,4.294,3237177,0.14964772958,0.034850426078248724,1.6522,1.8982,1.8328426078248723,1.586842607824872,2146999999.9999998,phase3_rational
2025-04-21,508068.SH,华夏北京保障房REIT,B,4.228,3587009,0.14964772958,0.03539444881267739,1.6664,1.9227,1.8730448812677392,1.6167448812677392,2114000000.0,phase3_rational
2025-04-22,508068.SH,华夏北京保障房REIT,B,4.242,2915933,0.14964772958,0.03527763545025931,1.6509,1.9052,1.8768635450259312,1.6225635450259313,2121000000.0,phase3_rational
2025-04-23,508068.SH,华夏北京保障房REIT,B,4.202,3137695,0.14964772958,0.03561345301761066,1.6611,1.9279,1.900245301761066,1.6334453017610662,2101000000.0,phase3_rational
2025-04-24,508068.SH,华夏北京保障房REIT,B,4.131,4145896,0.14964772958,0.036225545770999755,1.664,1.9327,1.9585545770999755,1.6898545770999753,2065500000.0,phase3_rational
2025-04-25,508068.SH,华夏北京保障房REIT,B,4.158,3127551,0.14964772958,0.03599031495430495,1.6606,1.9276,1.9384314954304949,1.671431495430495,2079000000.0000002,phase3_rational
2025-04-28,508068.SH,华夏北京保障房REIT,B,4.14,3260062,0.14964772958,0.036146794584541064,1.6483,1.9005,1.9663794584541063,1.7141794584541064,2069999999.9999998,phase3_rational
2025-04-29,508068.SH,华夏北京保障房REIT,B,4.154,2706689,0.14964772958,0.036024971011073666,1.6241,1.8225,1.9783971011073664,1.7799971011073665,2077000000.0,phase3_rational
2025-04-30,508068.SH,华夏北京保障房REIT,B,4.189,2544598,0.14964772958,0.03572397459536882,1.6243,1.824,1.9480974595368823,1.7483974595368823,2094500000.0,phase3_rational
2025-05-06,508068.SH,华夏北京保障房REIT,B,4.234,1608053,0.14964772958,0.03534429135096835,1.6298,1.827,1.9046291350968354,1.7074291350968354,2117000000.0,phase3_rational
2025-05-07,508068.SH,华夏北京保障房REIT,B,4.207,3838804,0.14964772958,0.03557112659377228,1.6418,1.8475,1.9153126593772285,1.7096126593772285,2103500000.0,phase3_rational
2025-05-08,508068.SH,华夏北京保障房REIT,B,4.26,5186320,0.14964772958,0.03512857501877934,1.6331,1.8375,1.8797575018779342,1.6753575018779343,2130000000.0,phase3_rational
2025-05-09,508068.SH,华夏北京保障房REIT,B,4.308,4845131,0.14964772958,0.034737170283194056,1.6351,1.8425,1.8386170283194057,1.6312170283194056,2154000000.0,phase3_rational
2025-05-12,508068.SH,华夏北京保障房REIT,B,4.305,2930752,0.14964772958,0.03476137737049942,1.688,1.905,1.788137737049942,1.571137737049942,2152500000.0,phase3_rational
2025-05-13,508068.SH,华夏北京保障房REIT,B,4.28,2441250,0.14964772958,0.03496442279906542,1.6704,1.879,1.8260422799065419,1.617442279906542,2140000000.0,phase3_rational
2025-05-14,508068.SH,华夏北京保障房REIT,B,4.301,4184449,0.14964772958,0.0347937060172053,1.6736,1.8775,1.8057706017205302,1.6018706017205302,2150500000.0,phase3_rational
2025-05-15,508068.SH,华夏北京保障房REIT,B,4.325,3187740,0.14964772958,0.034600631116763,1.6798,1.8825,1.7802631116763001,1.5775631116763,2162500000.0,phase3_rational
2025-05-16,508068.SH,华夏北京保障房REIT,B,4.345,4097863,0.14964772958,0.03444136469044879,1.6793,1.878,1.7648364690448792,1.5661364690448794,2172500000.0,phase3_rational
2025-05-19,508068.SH,华夏北京保障房REIT,B,4.329,4999488,0.14964772958,0.03456866010164011,1.6893,1.861,1.7675660101640107,1.5958660101640108,2164500000.0,phase3_rational
2025-05-20,508068.SH,华夏北京保障房REIT,B,4.321,4137152,0.14964772958,0.03463266132376765,1.7004,1.872,1.7628661323767647,1.5912661323767645,2160500000.0,phase3_rational
2025-05-21,508068.SH,华夏北京保障房REIT,B,4.316,3637917,0.14964772958,0.034672782571825767,1.71,1.885,1.757278257182577,1.5822782571825769,2158000000.0,phase3_rational
2025-05-22,508068.SH,华夏北京保障房REIT,B,4.284,5489900,0.14964772958,0.03493177627917834,1.7186,1.887,1.774577627917834,1.606177627917834,2142000000.0,phase3_rational
2025-05-26,508068.SH,华夏北京保障房REIT,B,4.305,4319930,0.14964772958,0.03476137737049942,1.7201,1.8875,1.756037737049942,1.588637737049942,2152500000.0,phase3_rational
2025-05-27,508068.SH,华夏北京保障房REIT,B,4.299,3771245,0.14964772958,0.03480989290067457,1.7261,1.901,1.7548892900674573,1.5799892900674573,2149500000.0000005,phase3_rational
2025-05-28,508068.SH,华夏北京保障房REIT,B,4.309,2631729,0.14964772958,0.03472910874448828,1.6832,1.906,1.7897108744488277,1.5669108744488278,2154500000.0,phase3_rational
2025-05-29,508068.SH,华夏北京保障房REIT,B,4.306,2660966,0.14964772958,0.034753304593590335,1.6877,1.916,1.7876304593590335,1.5593304593590336,2153000000.0,phase3_rational
2025-05-30,508068.SH,华夏北京保障房REIT,B,4.297,2432300,0.14964772958,0.03482609485222248,1.6712,1.896,1.8114094852222482,1.5866094852222483,2148499999.9999995,phase3_rational
2025-06-03,508068.SH,华夏北京保障房REIT,B,4.285,1196374,0.14964772958,0.03492362417269545,1.6764,1.895,1.8159624172695448,1.5973624172695446,2142500000.0,phase3_rational
2025-06-04,508068.SH,华夏北京保障房REIT,B,4.285,2458984,0.14964772958,0.03492362417269545,1.6704,1.891,1.8219624172695446,1.6013624172695446,2142500000.0,phase3_rational
2025-06-05,508068.SH,华夏北京保障房REIT,B,4.289,1797153,0.14964772958,0.0348910537607834,1.6741,1.896,1.81500537607834,1.59310537607834,2144499999.9999998,phase3_rational
2025-06-06,508068.SH,华夏北京保障房REIT,B,4.299,2326391,0.14964772958,0.03480989290067457,1.6547,1.876,1.8262892900674572,1.6049892900674574,2149500000.0000005,phase3_rational
2025-06-09,508068.SH,华夏北京保障房REIT,B,4.297,4052968,0.14964772958,0.03482609485222248,1.6559,1.87,1.8267094852222483,1.6126094852222481,2148499999.9999995,phase3_rational
2025-06-10,508068.SH,华夏北京保障房REIT,B,4.299,3187719,0.14964772958,0.03480989290067457,1.6569,1.8695,1.8240892900674572,1.6114892900674573,2149500000.0000005,phase3_rational
2025-06-11,508068.SH,华夏北京保障房REIT,B,4.315,2681677,0.14964772958,0.03468081797914252,1.642,1.849,1.8260817979142518,1.6190817979142518,2157500000.0000005,phase3_rational
2025-06-12,508068.SH,华夏北京保障房REIT,B,4.359,1987791,0.14964772958,0.034330747781601285,1.6475,1.8485,1.7855747781601288,1.5845747781601287,2179500000.0,phase3_rational
2025-06-13,508068.SH,华夏北京保障房REIT,B,4.4,4350350,0.14964772958,0.03401084763181818,1.644,1.8495,1.7570847631818178,1.5515847631818178,2200000000.0000005,phase3_rational
2025-06-16,508068.SH,华夏北京保障房REIT,B,4.442,3174783,0.14964772958,0.03368926825303917,1.6432,1.851,1.7257268253039169,1.5179268253039169,2221000000.0,phase3_rational
2025-06-17,508068.SH,华夏北京保障房REIT,B,4.453,5193508,0.14964772958,0.03360604751403548,1.6364,1.8425,1.7242047514035481,1.5181047514035482,2226500000.0000005,phase3_rational
2025-06-18,508068.SH,华夏北京保障房REIT,B,4.498,4448081,0.14964772958,0.03326983761227212,1.6384,1.8455,1.6885837612272117,1.4814837612272118,2249000000.0,phase3_rational
2025-06-19,508068.SH,华夏北京保障房REIT,B,4.479,5879756,0.14964772958,0.033410968872516184,1.6425,1.8431,1.6985968872516182,1.4979968872516183,2239500000.0,phase3_rational
2025-06-20,508068.SH,华夏北京保障房REIT,B,4.519,5746527,0.14964772958,0.03311523115290994,1.6396,1.8376,1.671923115290994,1.473923115290994,2259500000.0,phase3_rational
2025-06-23,508068.SH,华夏北京保障房REIT,B,4.511,4557409,0.14964772958,0.03317395911771226,1.6418,1.8381,1.675595911771226,1.4792959117712259,2255500000.0,phase3_rational
2025-06-24,508068.SH,华夏北京保障房REIT,B,4.501,3169775,0.14964772958,0.033247662648300376,1.648,1.8506,1.6767662648300379,1.4741662648300378,2250500000.0000005,phase3_rational
2025-06-25,508068.SH,华夏北京保障房REIT,B,4.519,2686545,0.14964772958,0.03311523115290994,1.6544,1.8621,1.6571231152909938,1.4494231152909938,2259500000.0,phase3_rational
2025-06-26,508068.SH,华夏北京保障房REIT,B,4.489,3416160,0.14964772958,0.03333654033860548,1.6462,1.8491,1.6874540338605482,1.4845540338605483,2244500000.0,phase3_rational
2025-06-27,508068.SH,华夏北京保障房REIT,B,4.465,3147294,0.14964772958,0.033515728909294516,1.6462,1.8496,1.7053728909294514,1.5019728909294516,2232500000.0,phase3_rational
2025-06-30,508068.SH,华夏北京保障房REIT,B,4.443,2580432,0.14964772958,0.033681685703353594,1.6469,1.8611,1.7212685703353592,1.5070685703353592,2221499999.9999995,phase3_rational
2025-07-01,508068.SH,华夏北京保障房REIT,B,4.406,4154378,0.14964772958,0.03396453236041762,1.6433,1.8516,1.7531532360417619,1.544853236041762,2202999999.9999995,phase3_rational
2025-07-02,508068.SH,华夏北京保障房REIT,B,4.428,7926120,0.14964772958,0.033795783554652216,1.6396,1.8451,1.7399783554652217,1.5344783554652217,2214000000.0,phase3_rational
2025-07-03,508068.SH,华夏北京保障房REIT,B,4.41,4697787,0.14964772958,0.03393372552834467,1.6407,1.8486,1.7526725528344673,1.5447725528344673,2205000000.0,phase3_rational
2025-07-04,508068.SH,华夏北京保障房REIT,B,4.389,7365925,0.14964772958,0.0340960878514468,1.6433,1.8516,1.76630878514468,1.55800878514468,2194500000.0,phase3_rational
2025-07-07,508068.SH,华夏北京保障房REIT,B,4.362,3390026,0.14964772958,0.03430713653828519,1.6406,1.8536,1.7901136538285187,1.5771136538285189,2181000000.0,phase3_rational
2025-07-08,508068.SH,华夏北京保障房REIT,B,4.299,6789512,0.14964772958,0.03480989290067457,1.6444,1.8596,1.8365892900674572,1.6213892900674574,2149500000.0000005,phase3_rational
2025-07-09,508068.SH,华夏北京保障房REIT,B,4.269,4390420,0.14964772958,0.03505451618177559,1.6446,1.8566,1.8608516181775587,1.6488516181775588,2134500000.0,phase3_rational
2025-07-10,508068.SH,华夏北京保障房REIT,B,4.285,4286320,0.14964772958,0.03492362417269545,1.6616,1.8746,1.8307624172695447,1.6177624172695446,2142500000.0,phase3_rational
2025-07-11,508068.SH,华夏北京保障房REIT,B,4.297,9765743,0.14964772958,0.03482609485222248,1.6653,1.8741,1.8173094852222482,1.6085094852222481,2148499999.9999995,phase3_rational
2025-07-14,508068.SH,华夏北京保障房REIT,B,4.3,5025047,0.14964772958,0.03480179757674419,1.6726,1.8821,1.8075797576744188,1.5980797576744188,2150000000.0,phase3_rational
2025-07-15,508068.SH,华夏北京保障房REIT,B,4.345,6556322,0.14964772958,0.03444136469044879,1.6557,1.8601,1.7884364690448793,1.5840364690448792,2172500000.0,phase3_rational
2025-07-16,508068.SH,华夏北京保障房REIT,B,4.349,5845491,0.14964772958,0.03440968718785928,1.6617,1.8661,1.779268718785928,1.5748687187859278,2174500000.0,phase3_rational
2025-07-17,508068.SH,华夏北京保障房REIT,B,4.33,5309158,0.14964772958,0.03456067657736721,1.663,1.883,1.7930676577367206,1.5730676577367206,2165000000.0,phase3_rational
2025-07-18,508068.SH,华夏北京保障房REIT,B,4.33,3532676,0.14964772958,0.03456067657736721,1.6652,1.8885,1.7908676577367206,1.5675676577367206,2165000000.0,phase3_rational
2025-07-21,508068.SH,华夏北京保障房REIT,B,4.315,2722968,0.14964772958,0.03468081797914252,1.6774,1.9115,1.7906817979142517,1.5565817979142518,2157500000.0000005,phase3_rational
2025-07-22,508068.SH,华夏北京保障房REIT,B,4.282,3345786,0.14964772958,0.03494809191499299,1.6907,1.9335,1.804109191499299,1.5613091914992991,2141000000.0,phase3_rational
2025-07-23,508068.SH,华夏北京保障房REIT,B,4.239,8866077,0.14964772958,0.0353026019297004,1.7041,1.938,1.8261601929700402,1.5922601929700402,2119500000.0,phase3_rational
2025-07-24,508068.SH,华夏北京保障房REIT,B,4.235,2275782,0.14964772958,0.035335945591499406,1.7376,1.979,1.7959945591499404,1.5545945591499404,2117500000.0000002,phase3_rational
2025-07-25,508068.SH,华夏北京保障房REIT,B,4.221,3231667,0.14964772958,0.03545314607438996,1.7324,1.9725,1.812914607438996,1.572814607438996,2110500000.0,phase3_rational
2025-07-28,508068.SH,华夏北京保障房REIT,B,4.278,4253128,0.14964772958,0.034980768952781675,1.7146,1.9525,1.7834768952781674,1.5455768952781674,2138999999.9999998,phase3_rational
2025-07-29,508068.SH,华夏北京保障房REIT,B,4.247,1917692,0.14964772958,0.035236103032728984,1.7466,1.998,1.7770103032728986,1.5256103032728985,2123500000.0,phase3_rational
2025-07-30,508068.SH,华夏北京保障房REIT,B,4.276,3827222,0.14964772958,0.03499713039756782,1.718,1.96,1.7817130397567822,1.5397130397567822,2138000000.0,phase3_rational
2025-07-31,508068.SH,华夏北京保障房REIT,B,4.338,5699430,0.14964772958,0.03449694088981097,1.7044,1.945,1.7452940889810973,1.5046940889810971,2169000000.0,phase3_rational
2025-08-01,508068.SH,华夏北京保障房REIT,B,4.344,5030338,0.14964772958,0.03444929318139963,1.7059,1.949,1.739029318139963,1.4959293181399629,2172000000.0000005,phase3_rational
2025-08-04,508068.SH,华夏北京保障房REIT,B,4.303,4651816,0.14964772958,0.03477753418080409,1.7083,1.95,1.7694534180804093,1.5277534180804093,2151500000.0,phase3_rational
2025-08-05,508068.SH,华夏北京保障房REIT,B,4.299,3398951,0.14964772958,0.03480989290067457,1.7061,1.9585,1.7748892900674573,1.5224892900674574,2149500000.0000005,phase3_rational
2025-08-06,508068.SH,华夏北京保障房REIT,B,4.295,2290877,0.14964772958,0.03484231189289872,1.6999,1.958,1.784331189289872,1.5262311892898721,2147500000.0,phase3_rational
2025-08-07,508068.SH,华夏北京保障房REIT,B,4.293,3901260,0.14964772958,0.03485854404379222,1.6894,1.951,1.7964544043792219,1.5348544043792218,2146500000.0,phase3_rational
2025-08-08,508068.SH,华夏北京保障房REIT,B,4.263,2355411,0.14964772958,0.03510385399483931,1.6891,1.96,1.821285399483931,1.5503853994839312,2131500000.0,phase3_rational
2025-08-11,508068.SH,华夏北京保障房REIT,B,4.247,2955654,0.14964772958,0.035236103032728984,1.7203,1.995,1.8033103032728985,1.5286103032728984,2123500000.0,phase3_rational
2025-08-12,508068.SH,华夏北京保障房REIT,B,4.245,709205,0.14964772958,0.03525270425912839,1.7271,2.017,1.7981704259128386,1.5082704259128388,2122500000.0,phase3_rational
2025-08-13,508068.SH,华夏北京保障房REIT,B,4.248,2313408,0.14964772958,0.03522780828154425,1.7262,2.02,1.796580828154425,1.502780828154425,2124000000.0,phase3_rational
2025-08-14,508068.SH,华夏北京保障房REIT,B,4.233,2431738,0.14964772958,0.035352641053626274,1.7341,2.0275,1.8011641053626273,1.5077641053626274,2116499999.9999998,phase3_rational
2025-08-15,508068.SH,华夏北京保障房REIT,B,4.2,6973409,0.14964772958,0.035630411804761904,1.7465,2.0475,1.8165411804761906,1.5155411804761907,2100000000.0,phase3_rational
2025-08-18,508068.SH,华夏北京保障房REIT,B,4.073,2061154,0.14964772958,0.03674140181193223,1.7872,2.1145,1.8869401811932232,1.559640181193223,2036500000.0000002,phase3_rational
2025-08-19,508068.SH,华夏北京保障房REIT,B,3.961,6225346,0.14964772958,0.03778029022469074,1.7725,2.0975,2.005529022469074,1.6805290224690737,1980500000.0,phase3_rational
2025-08-20,508068.SH,华夏北京保障房REIT,B,3.972,4230374,0.14964772958,0.03767566202920443,1.782,2.105,1.985566202920443,1.662566202920443,1986000000.0,phase3_rational
2025-08-21,508068.SH,华夏北京保障房REIT,B,4.007,2565842,0.14964772958,0.037346575887197406,1.7667,2.075,1.9679575887197405,1.6596575887197402,2003499999.9999998,phase3_rational
2025-08-22,508068.SH,华夏北京保障房REIT,B,4.013,2918918,0.14964772958,0.037290737498131075,1.7818,2.0775,1.9472737498131076,1.6515737498131076,2006500000.0,phase3_rational
2025-08-25,508068.SH,华夏北京保障房REIT,B,4.1,2886538,0.14964772958,0.036499446239024395,1.7643,2.05,1.8856446239024396,1.5999446239024397,2049999999.9999998,phase3_rational
2025-08-26,508068.SH,华夏北京保障房REIT,B,4.183,3385612,0.14964772958,0.035775216251494144,1.7598,2.035,1.8177216251494144,1.5425216251494143,2091500000.0,phase3_rational
2025-08-27,508068.SH,华夏北京保障房REIT,B,4.199,2663711,0.14964772958,0.035638897256489645,1.7988,2.07,1.7650897256489646,1.4938897256489647,2099500000.0,phase3_rational
2025-08-28,508068.SH,华夏北京保障房REIT,B,4.16,2083732,0.14964772958,0.03597301191826923,1.8478,2.1108,1.749501191826923,1.4865011918269233,2080000000.0,phase3_rational
2025-08-29,508068.SH,华夏北京保障房REIT,B,4.109,2037938,0.14964772958,0.03641950099294232,1.8379,2.1375,1.8040500992942319,1.5044500992942318,2054500000.0,phase3_rational
2025-09-01,508068.SH,华夏北京保障房REIT,B,4.1,3733607,0.14964772958,0.036499446239024395,1.8257,2.1165,1.8242446239024395,1.5334446239024397,2049999999.9999998,phase3_rational
2025-09-02,508068.SH,华夏北京保障房REIT,B,4.189,2256938,0.14964772958,0.03572397459536882,1.8167,2.1,1.7556974595368824,1.4723974595368823,2094500000.0,phase3_rational
2025-09-03,508068.SH,华夏北京保障房REIT,B,4.208,1163299,0.14964772958,0.035562673379277564,1.7984,2.075,1.7578673379277565,1.4812673379277563,2104000000.0,phase3_rational
2025-09-04,508068.SH,华夏北京保障房REIT,B,4.302,6729509,0.14964772958,0.03478561821943282,1.806,2.085,1.6725618219432823,1.3935618219432824,2150999999.9999995,phase3_rational
2025-09-05,508068.SH,华夏北京保障房REIT,B,4.202,3806832,0.14964772958,0.03561345301761066,1.826,2.1125,1.735345301761066,1.4488453017610663,2101000000.0,phase3_rational
2025-09-08,508068.SH,华夏北京保障房REIT,B,4.184,3830015,0.14964772958,0.03576666576959847,1.8514,2.1475,1.7252665769598474,1.4291665769598474,2092000000.0,phase3_rational
2025-09-09,508068.SH,华夏北京保障房REIT,B,4.198,1467305,0.14964772958,0.035647386750833725,1.8641,2.171,1.7006386750833724,1.3937386750833727,2099000000.0000002,phase3_rational
2025-09-10,508068.SH,华夏北京保障房REIT,B,4.18,2536848,0.14964772958,0.03580089224401914,1.8992,2.204,1.680889224401914,1.3760892244019138,2090000000.0,phase3_rational
2025-09-11,508068.SH,华夏北京保障房REIT,B,4.185,2792639,0.14964772958,0.0357581193739546,1.8743,2.208,1.7015119373954601,1.36781193739546,2092499999.9999998,phase3_rational
2025-09-12,508068.SH,华夏北京保障房REIT,B,4.186,1367551,0.14964772958,0.03574957706163402,1.867,2.184,1.7079577061634024,1.3909577061634022,2093000000.0,phase3_rational
2025-09-15,508068.SH,华夏北京保障房REIT,B,4.182,1002754,0.14964772958,0.035783770822572926,1.8724,2.1875,1.7059770822572926,1.3908770822572927,2091000000.0000002,phase3_rational
2025-09-16,508068.SH,华夏北京保障房REIT,B,4.13,3001597,0.14964772958,0.03623431708958838,1.8527,2.1675,1.770731708958838,1.455931708958838,2065000000.0,phase3_rational
2025-09-17,508068.SH,华夏北京保障房REIT,B,4.121,3685465,0.14964772958,0.03631345051686483,1.8349,2.15,1.7964450516864832,1.4813450516864832,2060500000.0000002,phase3_rational
2025-09-18,508068.SH,华夏北京保障房REIT,B,4.11,3569376,0.14964772958,0.036410639800486616,1.8546,2.1701,1.7864639800486617,1.4709639800486616,2055000000.0000002,phase3_rational
2025-09-19,508068.SH,华夏北京保障房REIT,B,4.111,2267857,0.14964772958,0.036401782918997816,1.8789,2.1996,1.7612782918997814,1.4405782918997811,2055500000.0,phase3_rational
2025-09-22,508068.SH,华夏北京保障房REIT,B,4.116,638609,0.14964772958,0.03635756306608358,1.8647,2.189,1.771056306608358,1.446756306608358,2057999999.9999998,phase3_rational
2025-09-23,508068.SH,华夏北京保障房REIT,B,4.104,1567388,0.14964772958,0.03646387173001949,1.877,2.215,1.769387173001949,1.4313871730019492,2052000000.0,phase3_rational
2025-09-24,508068.SH,华夏北京保障房REIT,B,4.092,629657,0.14964772958,0.036570803905180846,1.9022,2.2501,1.7548803905180848,1.4069803905180844,2045999999.9999998,phase3_rational
2025-09-25,508068.SH,华夏北京保障房REIT,B,4.085,1945066,0.14964772958,0.03663347113341493,1.884,2.23,1.7793471133414935,1.4333471133414935,2042500000.0,phase3_rational
2025-09-26,508068.SH,华夏北京保障房REIT,B,4.093,1498178,0.14964772958,0.03656186894209626,1.8768,2.217,1.7793868942096258,1.4391868942096258,2046500000.0,phase3_rational
2025-09-29,508068.SH,华夏北京保障房REIT,B,4.08,1041381,0.14964772958,0.03667836509313725,1.887,2.242,1.7808365093137253,1.4258365093137253,2040000000.0,phase3_rational
2025-09-30,508068.SH,华夏北京保障房REIT,B,4.087,720934,0.14964772958,0.03661554430633717,1.8605,2.2461,1.8010544306337168,1.4154544306337167,2043500000.0,phase3_rational
2025-10-09,508068.SH,华夏北京保障房REIT,B,4.055,1503584,0.14964772958,0.03690449558076449,1.8466,2.2629,1.8438495580764487,1.4275495580764486,2027500000.0,phase3_rational
2025-10-10,508068.SH,华夏北京保障房REIT,B,4.038,2473095,0.14964772958,0.037059863689945516,1.846,2.2829,1.8599863689945515,1.4230863689945514,2019000000.0,phase3_rational
2025-10-13,508068.SH,华夏北京保障房REIT,B,4.033,4135931,0.14964772958,0.037105809466898086,1.8383,2.2729,1.8722809466898085,1.4376809466898086,2016500000.0000002,phase3_rational
2025-10-14,508068.SH,华夏北京保障房REIT,B,4.034,2615580,0.14964772958,0.03709661119980169,1.8368,2.2678,1.872861119980169,1.4418611199801692,2017000000.0,phase3_rational
2025-10-15,508068.SH,华夏北京保障房REIT,B,4.001,2966971,0.14964772958,0.037402581749562604,1.8449,2.2603,1.8953581749562605,1.4799581749562605,2000500000.0000002,phase3_rational
2025-10-16,508068.SH,华夏北京保障房REIT,B,3.999,1819757,0.14964772958,0.03742128771692923,1.8407,2.2414,1.901428771692923,1.500728771692923,1999500000.0,phase3_rational
2025-10-17,508068.SH,华夏北京保障房REIT,B,3.98,4015849,0.14964772958,0.03759993205527638,1.8246,2.2002,1.9353932055276382,1.559793205527638,1990000000.0,phase3_rational
2025-10-20,508068.SH,华夏北京保障房REIT,B,3.971,2971812,0.14964772958,0.03768514973054646,1.8498,2.2162,1.9187149730546458,1.5523149730546457,1985500000.0,phase3_rational
2025-10-21,508068.SH,华夏北京保障房REIT,B,3.98,2723866,0.14964772958,0.03759993205527638,1.8357,2.1871,1.924293205527638,1.5728932055276381,1990000000.0,phase3_rational
2025-10-22,508068.SH,华夏北京保障房REIT,B,3.99,4241015,0.14964772958,0.03750569663659148,1.8293,2.1821,1.9212696636591478,1.5684696636591475,1995000000.0,phase3_rational
2025-10-23,508068.SH,华夏北京保障房REIT,B,4.038,3810639,0.14964772958,0.037059863689945516,1.8391,2.1946,1.8668863689945516,1.5113863689945517,2019000000.0,phase3_rational
2025-10-24,508068.SH,华夏北京保障房REIT,B,4.068,2182262,0.14964772958,0.03678656086037365,1.8486,2.2126,1.830056086037365,1.4660560860373648,2033999999.9999998,phase3_rational
2025-10-27,508068.SH,华夏北京保障房REIT,B,4.087,3018997,0.14964772958,0.03661554430633717,1.8423,2.2031,1.8192544306337168,1.4584544306337168,2043500000.0,phase3_rational
2025-10-28,508068.SH,华夏北京保障房REIT,B,4.149,4853077,0.14964772958,0.03606838505181972,1.8179,2.17,1.7889385051819715,1.4368385051819716,2074500000.0,phase3_rational
2025-10-29,508068.SH,华夏北京保障房REIT,B,4.177,5019147,0.14964772958,0.035826605118506105,1.8208,2.177,1.7618605118506105,1.4056605118506105,2088499999.9999998,phase3_rational
2025-10-30,508068.SH,华夏北京保障房REIT,B,4.177,2069712,0.14964772958,0.035826605118506105,1.8098,2.1625,1.7728605118506104,1.4201605118506104,2088499999.9999998,phase3_rational
2025-10-31,508068.SH,华夏北京保障房REIT,B,4.136,2962305,0.14964772958,0.03618175279980657,1.7954,2.1431,1.8227752799806571,1.4750752799806572,2068000000.0,phase3_rational
2025-11-03,508068.SH,华夏北京保障房REIT,B,4.12,3638617,0.14964772958,0.03632226446116505,1.7944,2.1376,1.8378264461165053,1.4946264461165053,2060000000.0,phase3_rational
2025-11-04,508068.SH,华夏北京保障房REIT,B,4.076,1895613,0.14964772958,0.036714359563297355,1.7984,2.1421,1.8730359563297356,1.5293359563297355,2037999999.9999998,phase3_rational
2025-11-05,508068.SH,华夏北京保障房REIT,B,4.085,3249576,0.14964772958,0.03663347113341493,1.7964,2.1391,1.8669471133414934,1.5242471133414934,2042500000.0,phase3_rational
2025-11-06,508068.SH,华夏北京保障房REIT,B,4.112,2447417,0.14964772958,0.03639293034533074,1.81,2.1596,1.829293034533074,1.4796930345330739,2056000000.0,phase3_rational
2025-11-07,508068.SH,华夏北京保障房REIT,B,4.148,670130,0.14964772958,0.03607708041947927,1.8142,2.1581,1.7935080419479266,1.4496080419479265,2073999999.9999998,phase3_rational
2025-11-10,508068.SH,华夏北京保障房REIT,B,4.16,1299573,0.14964772958,0.03597301191826923,1.8139,2.1476,1.783401191826923,1.449701191826923,2080000000.0,phase3_rational
2025-11-11,508068.SH,华夏北京保障房REIT,B,4.174,2005791,0.14964772958,0.03585235495448011,1.8119,2.1537,1.773335495448011,1.4315354954480108,2087000000.0000002,phase3_rational
2025-11-12,508068.SH,华夏北京保障房REIT,B,4.168,2127927,0.14964772958,0.03590396583013435,1.8071,2.1431,1.7832965830134355,1.4472965830134354,2084000000.0,phase3_rational
2025-11-13,508068.SH,华夏北京保障房REIT,B,4.176,1748782,0.14964772958,0.03583518428639847,1.8126,2.1491,1.7709184286398465,1.4344184286398467,2088000000.0,phase3_rational
2025-11-14,508068.SH,华夏北京保障房REIT,B,4.188,2977034,0.14964772958,0.03573250467526266,1.814,2.1481,1.7592504675262655,1.4251504675262656,2094000000.0,phase3_rational
2025-11-17,508068.SH,华夏北京保障房REIT,B,4.2,1387487,0.14964772958,0.035630411804761904,1.8109,2.1391,1.7521411804761906,1.4239411804761906,2100000000.0,phase3_rational
2025-11-18,508068.SH,华夏北京保障房REIT,B,4.18,1970204,0.14964772958,0.03580089224401914,1.8121,2.1381,1.767989224401914,1.441989224401914,2090000000.0,phase3_rational
2025-11-19,508068.SH,华夏北京保障房REIT,B,4.171,2611281,0.14964772958,0.035878141831695035,1.8179,2.1506,1.7699141831695033,1.4372141831695036,2085500000.0,phase3_rational
2025-11-20,508068.SH,华夏北京保障房REIT,B,4.162,2114858,0.14964772958,0.03595572551177319,1.8135,2.1531,1.7820725511773188,1.4424725511773189,2081000000.0,phase3_rational
2025-11-21,508068.SH,华夏北京保障房REIT,B,4.135,1183451,0.14964772958,0.03619050292140266,1.8166,2.1576,1.8024502921402663,1.4614502921402663,2067500000.0,phase3_rational
2025-11-24,508068.SH,华夏北京保障房REIT,B,4.181,2807944,0.14964772958,0.03579232948576896,1.821,2.1586,1.758232948576896,1.420632948576896,2090500000.0,phase3_rational
2025-11-25,508068.SH,华夏北京保障房REIT,B,4.2,4989805,0.14964772958,0.035630411804761904,1.8301,2.1751,1.7329411804761905,1.3879411804761905,2100000000.0,phase3_rational
2025-11-26,508068.SH,华夏北京保障房REIT,B,4.238,5012812,0.14964772958,0.035310931944313353,1.8462,2.1926,1.6848931944313352,1.3384931944313352,2119000000.0000002,phase3_rational
2025-11-27,508068.SH,华夏北京保障房REIT,B,4.218,3671043,0.14964772958,0.03547836168326221,1.8537,2.2001,1.6941361683262213,1.3477361683262212,2109000000.0,phase3_rational
2025-11-28,508068.SH,华夏北京保障房REIT,B,4.239,1382745,0.14964772958,0.0353026019297004,1.8412,2.1851,1.6890601929700402,1.3451601929700403,2119500000.0,phase3_rational
2025-12-01,508068.SH,华夏北京保障房REIT,B,4.18,1488003,0.14964772958,0.03580089224401914,1.8366,2.1901,1.743489224401914,1.3899892244019139,2090000000.0,phase3_rational
2025-12-02,508068.SH,华夏北京保障房REIT,B,4.14,2116114,0.14964772958,0.036146794584541064,1.8442,2.2051,1.7704794584541064,1.4095794584541066,2069999999.9999998,phase3_rational
2025-12-03,508068.SH,华夏北京保障房REIT,B,4.142,1705422,0.14964772958,0.03612934079671656,1.8519,2.2351,1.7610340796716555,1.3778340796716555,2071000000.0000002,phase3_rational
2025-12-04,508068.SH,华夏北京保障房REIT,B,4.1,2692227,0.14964772958,0.036499446239024395,1.8718,2.2761,1.7781446239024397,1.3738446239024396,2049999999.9999998,phase3_rational
2025-12-05,508068.SH,华夏北京保障房REIT,B,4.101,1478850,0.14964772958,0.036490546105827845,1.848,2.2571,1.8010546105827843,1.3919546105827845,2050500000.0,phase3_rational
2025-12-08,508068.SH,华夏北京保障房REIT,B,4.065,1871939,0.14964772958,0.036813709613776134,1.8499,2.2577,1.8314709613776132,1.4236709613776135,2032500000.0000002,phase3_rational
2025-12-09,508068.SH,华夏北京保障房REIT,B,4.035,817856,0.14964772958,0.037087417491945475,1.8425,2.2527,1.8662417491945476,1.4560417491945477,2017500000.0,phase3_rational
2025-12-10,508068.SH,华夏北京保障房REIT,B,4.154,2210934,0.14964772958,0.036024971011073666,1.8447,2.2412,1.7577971011073665,1.3612971011073665,2077000000.0,phase3_rational
2025-12-11,508068.SH,华夏北京保障房REIT,B,4.15,1160647,0.14964772958,0.03605969387469879,1.8404,2.2252,1.7655693874698788,1.3807693874698788,2075000000.0000002,phase3_rational
2025-12-12,508068.SH,华夏北京保障房REIT,B,4.128,2523960,0.14964772958,0.036251872475775195,1.8396,2.2487,1.7855872475775194,1.3764872475775194,2064000000.0,phase3_rational
2025-12-15,508068.SH,华夏北京保障房REIT,B,4.128,1506902,0.14964772958,0.036251872475775195,1.8488,2.2792,1.7763872475775193,1.3459872475775194,2064000000.0,phase3_rational
2025-12-16,508068.SH,华夏北京保障房REIT,B,4.116,1724295,0.14964772958,0.03635756306608358,1.8458,2.2802,1.789956306608358,1.3555563066083582,2057999999.9999998,phase3_rational
2025-12-17,508068.SH,华夏北京保障房REIT,B,4.094,2507814,0.14964772958,0.03655293834391793,1.834,2.2422,1.8212938343917928,1.413093834391793,2047000000.0000002,phase3_rational
2025-12-18,508068.SH,华夏北京保障房REIT,B,4.045,1812912,0.14964772958,0.03699573042768851,1.8356,2.2512,1.8639730427688508,1.4483730427688508,2022500000.0,phase3_rational
2025-12-19,508068.SH,华夏北京保障房REIT,B,4.037,1489242,0.14964772958,0.03706904374040129,1.8308,2.2252,1.8761043740401293,1.4817043740401292,2018500000.0,phase3_rational
2025-12-22,508068.SH,华夏北京保障房REIT,B,4.059,1302111,0.14964772958,0.03686812751416605,1.8415,2.2412,1.8453127514166052,1.445612751416605,2029500000.0,phase3_rational
2025-12-23,508068.SH,华夏北京保障房REIT,B,3.937,3778534,0.14964772958,0.03801059933451867,1.8352,2.2232,1.965859933451867,1.577859933451867,1968500000.0,phase3_rational
2025-12-24,508068.SH,华夏北京保障房REIT,B,4.062,2928314,0.14964772958,0.03684089846873461,1.8356,2.2202,1.848489846873461,1.4638898468734607,2031000000.0,phase3_rational
2025-12-25,508068.SH,华夏北京保障房REIT,B,4.094,2084966,0.14964772958,0.03655293834391793,1.8386,2.2252,1.8166938343917929,1.4300938343917928,2047000000.0000002,phase3_rational
2025-12-26,508068.SH,华夏北京保障房REIT,B,4.124,1734252,0.14964772958,0.03628703433074685,1.8376,2.2233,1.791103433074685,1.4054034330746847,2061999999.9999998,phase3_rational
2025-12-29,508068.SH,华夏北京保障房REIT,B,4.072,1946911,0.14964772958,0.03675042474950884,1.8584,2.2583,1.8166424749508838,1.4167424749508837,2036000000.0,phase3_rational
2025-12-30,508068.SH,华夏北京保障房REIT,B,4.072,850593,0.14964772958,0.03675042474950884,1.8582,2.2628,1.8168424749508838,1.412242474950884,2036000000.0,phase3_rational
2025-12-31,508068.SH,华夏北京保障房REIT,B,4.087,1204712,0.14964772958,0.03661554430633717,1.8473,2.2674,1.814254430633717,1.394154430633717,2043500000.0,phase3_rational
2026-01-05,508068.SH,华夏北京保障房REIT,B,4.095,2477176,0.14964772958,0.03654401210744811,1.8584,2.2822,1.7960012107448105,1.3722012107448105,2047500000.0,phase3_rational
2026-01-06,508068.SH,华夏北京保障房REIT,B,4.109,3967532,0.14964772958,0.03641950099294232,1.8829,2.3104,1.759050099294232,1.331550099294232,2054500000.0,phase3_rational
2026-01-07,508068.SH,华夏北京保障房REIT,B,4.111,2327507,0.14964772958,0.036401782918997816,1.9019,2.3345,1.7382782918997814,1.3056782918997816,2055500000.0,phase3_rational
2026-01-08,508068.SH,华夏北京保障房REIT,B,4.12,2630525,0.14964772958,0.03632226446116505,1.8905,2.319,1.7417264461165052,1.3132264461165053,2060000000.0,phase3_rational
2026-01-09,508068.SH,华夏北京保障房REIT,B,4.095,1810705,0.14964772958,0.03654401210744811,1.8782,2.3024,1.7762012107448104,1.3520012107448105,2047500000.0,phase3_rational
2026-01-12,508068.SH,华夏北京保障房REIT,B,4.037,1361148,0.14964772958,0.03706904374040129,1.8585,2.292,1.8484043740401292,1.4149043740401295,2018500000.0,phase3_rational
2026-01-13,508068.SH,华夏北京保障房REIT,B,4.017,2816319,0.14964772958,0.03725360457555389,1.8519,2.2926,1.8734604575553893,1.4327604575553892,2008500000.0000002,phase3_rational
2026-01-14,508068.SH,华夏北京保障房REIT,B,4.024,3056647,0.14964772958,0.03718879959741551,1.8494,2.3028,1.869479959741551,1.416079959741551,2012000000.0,phase3_rational
2026-01-15,508068.SH,华夏北京保障房REIT,B,4.023,3543140,0.14964772958,0.03719804364404673,1.8544,2.3058,1.8654043644046734,1.4140043644046734,2011499999.9999998,phase3_rational
2026-01-16,508068.SH,华夏北京保障房REIT,B,4.018,2358423,0.14964772958,0.03724433289696367,1.8424,2.3036,1.8820332896963667,1.420833289696367,2009000000.0,phase3_rational
2026-01-19,508068.SH,华夏北京保障房REIT,B,4.001,1464238,0.14964772958,0.037402581749562604,1.8393,2.3417,1.9009581749562605,1.3985581749562606,2000500000.0000002,phase3_rational
2026-01-20,508068.SH,华夏北京保障房REIT,B,4.05,2390723,0.14964772958,0.036950056686419756,1.8326,2.3351,1.8624056686419757,1.3599056686419755,2025000000.0,phase3_rational
2026-01-21,508068.SH,华夏北京保障房REIT,B,4.094,1416232,0.14964772958,0.03655293834391793,1.8312,2.3026,1.824093834391793,1.352693834391793,2047000000.0000002,phase3_rational
2026-01-22,508068.SH,华夏北京保障房REIT,B,4.08,2072940,0.14964772958,0.03667836509313725,1.8425,2.3101,1.8253365093137253,1.3577365093137255,2040000000.0,phase3_rational
2026-01-23,508068.SH,华夏北京保障房REIT,B,4.158,3706944,0.14964772958,0.03599031495430495,1.8298,2.2871,1.7692314954304948,1.3119314954304948,2079000000.0000002,phase3_rational
2026-01-26,508068.SH,华夏北京保障房REIT,B,4.122,969934,0.14964772958,0.03630464084910238,1.8242,2.27,1.8062640849102378,1.3604640849102378,2061000000.0,phase3_rational
2026-01-27,508068.SH,华夏北京保障房REIT,B,4.115,2834729,0.14964772958,0.03636639843985419,1.8311,2.285,1.8055398439854191,1.351639843985419,2057500000.0,phase3_rational
2026-01-28,508068.SH,华夏北京保障房REIT,B,4.134,1995071,0.14964772958,0.03619925727624576,1.8164,2.277,1.803525727624576,1.3429257276245758,2067000000.0000002,phase3_rational
2026-01-29,508068.SH,华夏北京保障房REIT,B,4.174,1685694,0.14964772958,0.03585235495448011,1.8174,2.28,1.767835495448011,1.3052354954480112,2087000000.0000002,phase3_rational
2026-01-30,508068.SH,华夏北京保障房REIT,B,4.149,1461950,0.14964772958,0.03606838505181972,1.8112,2.289,1.7956385051819717,1.3178385051819714,2074500000.0,phase3_rational
2026-02-02,508068.SH,华夏北京保障房REIT,B,4.105,1429594,0.14964772958,0.03645498893544458,1.82,2.281,1.8254988935444578,1.3644988935444577,2052500000.0000002,phase3_rational
2026-02-03,508068.SH,华夏北京保障房REIT,B,4.126,2763234,0.14964772958,0.03626944488124091,1.8172,2.28,1.8097444881240914,1.3469444881240915,2063000000.0000002,phase3_rational
2026-02-04,508068.SH,华夏北京保障房REIT,B,4.121,2111105,0.14964772958,0.03631345051686483,1.8193,2.283,1.8120450516864832,1.3483450516864832,2060500000.0000002,phase3_rational
2026-02-05,508068.SH,华夏北京保障房REIT,B,4.116,1930133,0.14964772958,0.03635756306608358,1.8169,2.271,1.818856306608358,1.3647563066083581,2057999999.9999998,phase3_rational
2026-02-06,508068.SH,华夏北京保障房REIT,B,4.112,1879085,0.14964772958,0.03639293034533074,1.8102,2.251,1.829093034533074,1.3882930345330742,2056000000.0,phase3_rational
2026-02-09,508068.SH,华夏北京保障房REIT,B,4.097,1418168,0.14964772958,0.03652617270685867,1.8114,2.248,1.8412172706858674,1.404617270685867,2048500000.0000002,phase3_rational
2026-02-10,508068.SH,华夏北京保障房REIT,B,4.095,1491516,0.14964772958,0.03654401210744811,1.8094,2.247,1.8450012107448106,1.4074012107448106,2047500000.0,phase3_rational
2026-02-11,508068.SH,华夏北京保障房REIT,B,4.102,3175421,0.14964772958,0.0364816503120429,1.7994,2.2455,1.8487650312042903,1.4026650312042905,2051000000.0000002,phase3_rational
2026-02-12,508068.SH,华夏北京保障房REIT,B,4.104,1089559,0.14964772958,0.03646387173001949,1.7893,2.246,1.8570871730019491,1.400387173001949,2052000000.0,phase3_rational
2026-02-13,508068.SH,华夏北京保障房REIT,B,4.106,1027537,0.14964772958,0.03644611046760838,1.7928,2.244,1.8518110467608382,1.400611046760838,2053000000.0,phase3_rational
2026-02-24,508068.SH,华夏北京保障房REIT,B,4.092,1193525,0.14964772958,0.036570803905180846,1.8023,2.2426,1.8547803905180846,1.4144803905180847,2045999999.9999998,phase3_rational
2026-02-25,508068.SH,华夏北京保障房REIT,B,4.1,1097950,0.14964772958,0.036499446239024395,1.8158,2.255,1.8341446239024395,1.3949446239024397,2049999999.9999998,phase3_rational
2026-02-26,508068.SH,华夏北京保障房REIT,B,4.088,2012006,0.14964772958,0.03660658747064579,1.8288,2.2951,1.8318587470645789,1.3655587470645787,2044000000.0,phase3_rational
2026-02-27,508068.SH,华夏北京保障房REIT,B,4.047,3470931,0.14964772958,0.03697744738818878,1.7877,2.2896,1.9100447388188782,1.4081447388188781,2023499999.9999998,phase3_rational
2026-03-02,508068.SH,华夏北京保障房REIT,B,3.987,5876979,0.14964772958,0.037533917627288686,1.7761,2.2696,1.9772917627288686,1.4837917627288686,1993500000.0,phase3_rational
2026-03-03,508068.SH,华夏北京保障房REIT,B,4.005,3117041,0.14964772958,0.03736522586267166,1.7807,2.2827,1.9558225862671659,1.4538225862671657,2002500000.0,phase3_rational
2026-03-04,508068.SH,华夏北京保障房REIT,B,4.029,1921469,0.14964772958,0.03714264819558203,1.7768,2.2752,1.9374648195582032,1.4390648195582032,2014500000.0,phase3_rational
2026-03-05,508068.SH,华夏北京保障房REIT,B,3.979,2797062,0.14964772958,0.03760938164865544,1.7779,2.2717,1.9830381648655437,1.4892381648655437,1989500000.0,phase3_rational
2026-03-06,508068.SH,华夏北京保障房REIT,B,3.967,1903813,0.14964772958,0.03772314836904462,1.781,2.2812,1.991314836904462,1.4911148369044618,1983500000.0,phase3_rational
2026-03-09,508068.SH,华夏北京保障房REIT,B,3.923,2518017,0.14964772958,0.038146247662503185,1.8054,2.3292,2.009224766250319,1.4854247662503184,1961500000.0,phase3_rational
2026-03-10,508068.SH,华夏北京保障房REIT,B,3.931,2468461,0.14964772958,0.03806861602136861,1.8055,2.3328,2.0013616021368605,1.4740616021368607,1965500000.0,phase3_rational
2026-03-11,508068.SH,华夏北京保障房REIT,B,3.94,2755300,0.14964772958,0.03798165725380711,1.8075,2.3503,1.990665725380711,1.4478657253807112,1970000000.0,phase3_rational
2026-03-12,508068.SH,华夏北京保障房REIT,B,3.933,2518229,0.14964772958,0.038049257457411646,1.8052,2.3404,1.9997257457411648,1.464525745741165,1966500000.0,phase3_rational
2026-03-13,508068.SH,华夏北京保障房REIT,B,3.937,2176827,0.14964772958,0.03801059933451867,1.8143,2.3665,1.9867599334518669,1.434559933451867,1968500000.0,phase3_rational
2026-03-16,508068.SH,华夏北京保障房REIT,B,3.911,1187407,0.14964772958,0.03826329061109691,1.8312,2.3917,1.995129061109691,1.4346290611096908,1955500000.0,phase3_rational
2026-03-17,508068.SH,华夏北京保障房REIT,B,3.949,1406599,0.14964772958,0.03789509485439352,1.8314,2.3806,1.9581094854393517,1.4089094854393518,1974500000.0,phase3_rational
2026-03-18,508068.SH,华夏北京保障房REIT,B,4.01,1735531,0.14964772958,0.037318635805486285,1.8175,2.3607,1.9143635805486285,1.3711635805486284,2005000000.0,phase3_rational
2026-03-19,508068.SH,华夏北京保障房REIT,B,4.031,1472337,0.14964772958,0.037124219692384025,1.8252,2.391,1.8872219692384025,1.3214219692384024,2015499999.9999998,phase3_rational
2026-03-20,508068.SH,华夏北京保障房REIT,B,4.046,1088568,0.14964772958,0.036986586648541764,1.8299,2.3881,1.868758664854176,1.310558664854176,2023000000.0,phase3_rational
2026-03-23,508068.SH,华夏北京保障房REIT,B,3.999,2974391,0.14964772958,0.03742128771692923,1.8316,2.373,1.9105287716929231,1.3691287716929228,1999500000.0,phase3_rational
2026-03-24,508068.SH,华夏北京保障房REIT,B,4.0,3316626,0.14964772958,0.037411932395,1.8272,2.3457,1.9139932394999999,1.3954932395,2000000000.0,phase3_rational
2026-03-25,508068.SH,华夏北京保障房REIT,B,3.975,1013999,0.14964772958,0.0376472275672956,1.8233,2.3457,1.9414227567295599,1.41902275672956,1987500000.0,phase3_rational
2026-03-26,508068.SH,华夏北京保障房REIT,B,3.984,2041508,0.14964772958,0.037562181119477914,1.8194,2.3498,1.9368181119477916,1.4064181119477914,1992000000.0,phase3_rational
2026-03-27,508068.SH,华夏北京保障房REIT,B,3.994,1385742,0.14964772958,0.03746813459689534,1.8172,2.3497,1.929613459689534,1.397113459689534,1997000000.0,phase3_rational
2026-03-30,508068.SH,华夏北京保障房REIT,B,4.014,2813655,0.14964772958,0.03728144732934728,1.8063,2.3286,1.921844732934728,1.3995447329347281,2007000000.0,phase3_rational
2026-03-31,508068.SH,华夏北京保障房REIT,B,4.02,1932598,0.14964772958,0.037225803378109455,1.8171,2.3521,1.9054803378109457,1.3704803378109456,2009999999.9999998,phase3_rational
2026-04-01,508068.SH,华夏北京保障房REIT,B,4.019,1396706,0.14964772958,0.03723506583229659,1.8244,2.3667,1.8991065832296592,1.3568065832296594,2009500000.0,phase3_rational
2026-04-02,508068.SH,华夏北京保障房REIT,B,4.013,144223,0.14964772958,0.037290737498131075,1.8209,2.3733,1.9081737498131077,1.3557737498131077,2006500000.0,phase3_rational
2026-04-03,508068.SH,华夏北京保障房REIT,B,4.032,1642477,0.14964772958,0.03711501229662698,1.8199,2.3725,1.8916012296626983,1.3390012296626983,2016000000.0,phase3_rational
2026-04-07,508068.SH,华夏北京保障房REIT,B,4.055,2113229,0.14964772958,0.03690449558076449,1.8171,2.3597,1.8733495580764488,1.3307495580764486,2027500000.0,phase3_rational
2026-04-08,508068.SH,华夏北京保障房REIT,B,4.086,2016253,0.14964772958,0.03662450552618698,1.8136,2.3377,1.8488505526186976,1.3247505526186978,2043000000.0000002,phase3_rational
2026-04-09,508068.SH,华夏北京保障房REIT,B,4.039,1273885,0.14964772958,0.03705068818519436,1.8192,2.3393,1.885868818519436,1.3657688185194359,2019499999.9999998,phase3_rational
2026-04-10,508068.SH,华夏北京保障房REIT,B,4.026,935107,0.14964772958,0.03717032528067561,1.8128,2.3055,1.9042325280675614,1.4115325280675615,2013000000.0,phase3_rational
2026-04-13,508068.SH,华夏北京保障房REIT,B,4.026,2185962,0.14964772958,0.03717032528067561,1.7933,2.2816,1.9237325280675615,1.4354325280675613,2013000000.0,phase3_rational
2026-04-14,508068.SH,华夏北京保障房REIT,B,4.09,3499860,0.14964772958,0.036588686938875306,1.7829,2.2805,1.8759686938875306,1.3783686938875306,2045000000.0,phase3_rational
2026-04-15,508068.SH,华夏北京保障房REIT,B,4.096,2442014,0.14964772958,0.03653509022949219,1.7809,2.2784,1.8726090229492187,1.3751090229492187,2048000000.0,phase3_rational
2026-04-16,508068.SH,华夏北京保障房REIT,B,4.105,3368504,0.14964772958,0.03645498893544458,1.7812,2.281,1.864298893544458,1.3644988935444577,2052500000.0000002,phase3_rational
2026-04-17,508068.SH,华夏北京保障房REIT,B,4.105,1443964,0.14964772958,0.03645498893544458,1.7623,2.25,1.883198893544458,1.3954988935444579,2052500000.0000002,phase3_rational
2026-04-20,508068.SH,华夏北京保障房REIT,B,4.119,3955070,0.14964772958,0.03633108268511775,1.7627,2.2556,1.8704082685117747,1.3775082685117748,2059500000.0,phase3_rational
2026-04-21,508068.SH,华夏北京保障房REIT,B,4.083,1502991,0.14964772958,0.03665141552289983,1.751,2.2375,1.914141552289983,1.427641552289983,2041500000.0,phase3_rational
2026-04-22,508068.SH,华夏北京保障房REIT,B,4.15,2514311,0.14964772958,0.03605969387469879,1.7389,2.2137,1.867069387469879,1.392269387469879,2075000000.0000002,phase3_rational
2026-04-23,508068.SH,华夏北京保障房REIT,B,4.139,2340743,0.14964772958,0.036155527803817346,1.7548,2.2353,1.8607527803817345,1.3802527803817344,2069500000.0,phase3_rational
2026-04-24,508068.SH,华夏北京保障房REIT,B,4.105,2134185,0.14964772958,0.03645498893544458,1.7601,2.2472,1.8853988935444579,1.398298893544458,2052500000.0000002,phase3_rational
2026-04-27,508068.SH,华夏北京保障房REIT,B,4.077,1281268,0.14964772958,0.03670535432425803,1.7697,2.2557,1.9008354324258032,1.4148354324258032,2038500000.0,phase3_rational
2026-04-28,508068.SH,华夏北京保障房REIT,B,4.093,1736520,0.14964772958,0.03656186894209626,1.7654,2.242,1.8907868942096258,1.4141868942096258,2046500000.0,phase3_rational
2026-04-29,508068.SH,华夏北京保障房REIT,B,4.082,1206470,0.14964772958,0.03666039431161196,1.7444,2.219,1.9216394311611957,1.4470394311611958,2041000000.0,phase3_rational
2026-04-30,508068.SH,华夏北京保障房REIT,B,4.059,1315570,0.14964772958,0.03686812751416605,1.7473,2.218,1.939512751416605,1.4688127514166052,2029500000.0,phase3_rational
2026-05-06,508068.SH,华夏北京保障房REIT,B,4.039,1690533,0.14964772958,0.03705068818519436,1.7654,2.239,1.939668818519436,1.4660688185194362,2019499999.9999998,phase3_rational
2026-05-07,508068.SH,华夏北京保障房REIT,B,4.019,358342,0.14964772958,0.03723506583229659,1.7631,2.238,1.9604065832296593,1.4855065832296592,2009500000.0,phase3_rational
2026-05-08,508068.SH,华夏北京保障房REIT,B,4.079,1018356,0.14964772958,0.03668735709242461,1.7648,2.2455,1.9039357092424616,1.4232357092424617,2039500000.0,phase3_rational
2026-05-11,508068.SH,华夏北京保障房REIT,B,4.083,2301819,0.14964772958,0.03665141552289983,1.7622,2.2361,1.9029415522899829,1.4290415522899829,2041500000.0,phase3_rational
2026-05-12,508068.SH,华夏北京保障房REIT,B,4.063,8065012,0.14964772958,0.03683183105587005,1.7592,2.232,1.9239831055870045,1.4511831055870044,2031500000.0,phase3_rational
2026-05-13,508068.SH,华夏北京保障房REIT,B,4.043,1332403,0.14964772958,0.037014031555775415,1.7514,2.234,1.9500031555775414,1.4674031555775415,2021500000.0,phase3_rational
2026-05-14,508068.SH,华夏北京保障房REIT,B,4.03,1325345,0.14964772958,0.03713343165756824,1.7588,2.241,1.954543165756824,1.4723431657568238,2015000000.0,phase3_rational
2026-05-15,508068.SH,华夏北京保障房REIT,B,4.04,114859,0.14964772958,0.037041517222772276,1.7658,2.253,1.9383517222772277,1.4511517222772277,2020000000.0,phase3_rational
2026-05-18,508068.SH,华夏北京保障房REIT,B,3.98,1670416,0.14964772958,0.03759993205527638,1.7585,2.244,2.0014932055276384,1.515993205527638,1990000000.0,phase3_rational
2026-05-19,508068.SH,华夏北京保障房REIT,B,4.056,6744318,0.14964772958,0.03689539683925049,1.7345,2.221,1.9550396839250495,1.4685396839250493,2028000000.0,phase3_rational
2026-05-20,508068.SH,华夏北京保障房REIT,B,4.02,1998019,0.14964772958,0.037225803378109455,1.7382,2.2311,1.9843803378109457,1.4914803378109456,2009999999.9999998,phase3_rational
2026-05-21,508068.SH,华夏北京保障房REIT,B,4.02,2211032,0.14964772958,0.037225803378109455,1.7448,2.231,1.9777803378109458,1.4915803378109458,2009999999.9999998,phase3_rational
2026-05-22,508068.SH,华夏北京保障房REIT,B,4.01,599006,0.14964772958,0.037318635805486285,1.7519,2.2345,1.9799635805486284,1.4973635805486283,2005000000.0,phase3_rational
2026-05-25,508068.SH,华夏北京保障房REIT,B,3.992,922002,0.14964772958,0.03748690620741483,1.7484,2.226,2.000290620741483,1.522690620741483,1996000000.0,phase3_rational
2026-05-26,508068.SH,华夏北京保障房REIT,B,4.006,1851710,0.14964772958,0.03735589854717923,1.7405,2.2205,1.9950898547179232,1.5150898547179232,2003000000.0,phase3_rational
2026-05-27,508068.SH,华夏北京保障房REIT,B,4.005,390140,0.14964772958,0.03736522586267166,1.7216,2.208,2.014922586267166,1.5285225862671656,2002500000.0,phase3_rational
2026-05-28,508068.SH,华夏北京保障房REIT,B,4.017,908765,0.14964772958,0.03725360457555389,1.7193,2.2095,2.0060604575553893,1.5158604575553896,2008500000.0000002,phase3_rational
2026-05-29,508068.SH,华夏北京保障房REIT,B,4.007,2081439,0.14964772958,0.037346575887197406,1.709,2.205,2.0256575887197403,1.5296575887197403,2003499999.9999998,phase3_rational
2026-06-01,508068.SH,华夏北京保障房REIT,B,4.018,383482,0.14964772958,0.03724433289696367,1.7009,2.191,2.023533289696367,1.533433289696367,2009000000.0,phase3_rational
2026-06-02,508068.SH,华夏北京保障房REIT,B,4.016,1604006,0.14964772958,0.03726288087151394,1.7036,2.191,2.022688087151394,1.5352880871513945,2008000000.0,phase3_rational
2026-06-03,508068.SH,华夏北京保障房REIT,B,4.019,1600890,0.14964772958,0.03723506583229659,1.7128,2.205,2.010706583229659,1.5185065832296591,2009500000.0,phase3_rational
2026-06-04,508068.SH,华夏北京保障房REIT,B,4.048,1292331,0.14964772958,0.03696831264328063,1.7081,2.191,1.9887312643280635,1.5058312643280636,2024000000.0,phase3_rational
2026-06-05,508068.SH,华夏北京保障房REIT,B,4.063,1032498,0.14964772958,0.03683183105587005,1.7207,2.204,1.9624831055870047,1.4791831055870044,2031500000.0,phase3_rational
2026-06-08,508068.SH,华夏北京保障房REIT,B,4.048,1657819,0.14964772958,0.03696831264328063,1.7275,2.213,1.9693312643280634,1.4838312643280633,2024000000.0,phase3_rational
2026-06-09,508068.SH,华夏北京保障房REIT,B,4.049,120747,0.14964772958,0.03695918241047172,1.7376,2.22,1.9583182410471718,1.4759182410471716,2024500000.0000002,phase3_rational
2026-06-10,508068.SH,华夏北京保障房REIT,B,4.038,1116726,0.14964772958,0.037059863689945516,1.7476,2.235,1.9583863689945515,1.4709863689945517,2019000000.0,phase3_rational
2026-06-11,508068.SH,华夏北京保障房REIT,B,4.039,1980652,0.14964772958,0.03705068818519436,1.7475,2.238,1.957568818519436,1.467068818519436,2019499999.9999998,phase3_rational
2026-06-12,508068.SH,华夏北京保障房REIT,B,4.018,1260120,0.14964772958,0.03724433289696367,1.7427,2.2215,1.9817332896963669,1.502933289696367,2009000000.0,phase3_rational
2026-06-15,508068.SH,华夏北京保障房REIT,B,4.013,1258839,0.14964772958,0.037290737498131075,1.7446,2.2215,1.9844737498131078,1.5075737498131079,2006500000.0,phase3_rational
2026-06-16,508068.SH,华夏北京保障房REIT,B,4.012,1778020,0.14964772958,0.03730003229810569,1.7324,2.2175,1.9976032298105688,1.512503229810569,2005999999.9999998,phase3_rational
2026-06-17,508068.SH,华夏北京保障房REIT,B,3.999,1694136,0.14964772958,0.03742128771692923,1.727,2.2181,2.0151287716929227,1.5240287716929228,1999500000.0,phase3_rational
2026-06-18,508068.SH,华夏北京保障房REIT,B,3.956,3216285,0.14964772958,0.03782804084428716,1.7299,2.2201,2.0529040844287163,1.5627040844287161,1978000000.0,phase3_rational
2026-06-22,508068.SH,华夏北京保障房REIT,B,3.916,6551868,0.14964772958,0.038214435541368746,1.7375,2.2216,2.0839435541368747,1.5998435541368745,1958000000.0,phase3_rational
2026-06-23,508068.SH,华夏北京保障房REIT,B,3.92,2692548,0.14964772958,0.038175441219387755,1.7437,2.2291,2.0738441219387753,1.5884441219387755,1960000000.0,phase3_rational
2026-06-24,508068.SH,华夏北京保障房REIT,B,3.884,4136381,0.14964772958,0.03852928156024717,1.7454,2.2311,2.1075281560247165,1.6218281560247165,1942000000.0,phase3_rational
2026-06-25,508068.SH,华夏北京保障房REIT,B,3.912,1911150,0.14964772958,0.03825350960633947,1.7351,2.2201,2.0902509606339468,1.605250960633947,1956000000.0,phase3_rational
2026-06-26,508068.SH,华夏北京保障房REIT,B,3.939,1620866,0.14964772958,0.037991299715663875,1.7314,2.2176,2.0677299715663873,1.5815299715663875,1969500000.0,phase3_rational
2026-06-29,508068.SH,华夏北京保障房REIT,B,3.975,1435914,0.14964772958,0.0376472275672956,1.717,2.209,2.0477227567295597,1.5557227567295597,1987500000.0,phase3_rational
2026-06-30,508068.SH,华夏北京保障房REIT,B,3.993,1414834,0.14964772958,0.03747751805159028,1.733,2.236,2.0147518051590283,1.5117518051590282,1996500000.0,phase3_rational
2026-07-01,508068.SH,华夏北京保障房REIT,B,3.996,1233220,0.14964772958,0.03744938177677678,1.7448,2.2525,2.0001381776776777,1.4924381776776778,1998000000.0,phase3_rational
2026-07-02,508068.SH,华夏北京保障房REIT,B,3.997,1626448,0.14964772958,0.03744001240430323,1.741,2.258,2.003001240430323,1.4860012404303231,1998500000.0,phase3_rational
2026-07-03,508068.SH,华夏北京保障房REIT,B,4.0,1917766,0.14964772958,0.037411932395,1.7463,2.2685,1.9948932394999999,1.4726932394999999,2000000000.0,phase3_rational
2026-07-06,508068.SH,华夏北京保障房REIT,B,3.996,653151,0.14964772958,0.03744938177677678,1.7379,2.255,2.0070381776776776,1.4899381776776779,1998000000.0,phase3_rational
2026-07-07,508068.SH,华夏北京保障房REIT,B,3.971,1372829,0.14964772958,0.03768514973054646,1.7406,2.2605,2.0279149730546457,1.508014973054646,1985500000.0,phase3_rational
2026-07-08,508068.SH,华夏北京保障房REIT,B,3.936,659632,0.14964772958,0.03802025649898374,1.7385,2.2545,2.0635256498983736,1.5475256498983736,1968000000.0,phase3_rational
2026-07-09,508068.SH,华夏北京保障房REIT,B,3.943,1136010,0.14964772958,0.0379527592137966,1.7376,2.2515,2.0576759213796603,1.5437759213796602,1971500000.0,phase3_rational
2026-07-10,508068.SH,华夏北京保障房REIT,B,3.933,876228,0.14964772958,0.038049257457411646,1.7398,2.253,2.065125745741165,1.5519257457411646,1966500000.0,phase3_rational
2026-07-13,508068.SH,华夏北京保障房REIT,B,3.936,1299414,0.14964772958,0.03802025649898374,1.7442,2.263,2.0578256498983736,1.5390256498983739,1968000000.0,phase3_rational
2026-07-14,508068.SH,华夏北京保障房REIT,B,3.943,8677870,0.14964772958,0.0379527592137966,1.7402,2.2555,2.05507592137966,1.5397759213796602,1971500000.0,phase3_rational
2026-07-15,508068.SH,华夏北京保障房REIT,B,3.92,2236325,0.14964772958,0.038175441219387755,1.7406,2.247,2.0769441219387756,1.5705441219387755,1960000000.0,phase3_rational
2026-07-16,508068.SH,华夏北京保障房REIT,B,3.91,5695991,0.14964772958,0.03827307661892583,1.7437,2.2515,2.083607661892583,1.5758076618925831,1955000000.0,phase3_rational
2026-07-17,508068.SH,华夏北京保障房REIT,B,3.833,3824136,0.14964772958,0.03904193310200887,1.7404,2.2425,2.1637933102008864,1.6616933102008864,1916500000.0,phase3_rational
2026-07-20,508068.SH,华夏北京保障房REIT,B,3.812,3077039,0.14964772958,0.039257011956977964,1.7453,2.2495,2.1804011956977964,1.6762011956977965,1906000000.0,phase3_rational
2026-07-21,508068.SH,华夏北京保障房REIT,B,3.819,2429154,0.14964772958,0.039185056187483636,1.745,2.2475,2.1735056187483632,1.6710056187483633,1909500000.0,phase3_rational
2026-07-22,508068.SH,华夏北京保障房REIT,B,3.784,2662822,0.14964772958,0.03954749724630021,1.7297,2.212,2.225049724630021,1.7427497246300208,1892000000.0,phase3_rational
2026-07-23,508068.SH,华夏北京保障房REIT,B,3.793,4303622,0.14964772958,0.03945365926179805,1.7325,2.2045,2.212865926179805,1.7408659261798052,1896500000.0,phase3_rational
2026-07-24,508068.SH,华夏北京保障房REIT,B,3.834,3711417,0.14964772958,0.03903175002086594,1.7282,2.187,2.174975002086594,1.7161750020865938,1917000000.0,phase3_rational
2026-07-27,508068.SH,华夏北京保障房REIT,B,3.838,3080531,0.14964772958,0.03899107076081292,1.7337,2.193,2.1654070760812925,1.7061070760812922,1919000000.0,phase3_rational
2026-07-28,508068.SH,华夏北京保障房REIT,B,3.86,3435019,0.14964772958,0.038768841860103626,1.7351,2.194,2.1417841860103626,1.6828841860103627,1930000000.0,phase3_rational
2026-07-29,508068.SH,华夏北京保障房REIT,B,3.861,703562,0.14964772958,0.03875880072002072,1.7329,2.206,2.1429800720020715,1.669880072002072,1930500000.0,phase3_rational
2026-07-30,508068.SH,华夏北京保障房REIT,B,3.893,2878305,0.14964772958,0.038440207957873104,1.7196,2.1851,2.1244207957873105,1.6589207957873104,1946500000.0,phase3_rational
2026-07-31,508068.SH,华夏北京保障房REIT,B,3.91,1961582,0.14964772958,0.03827307661892583,1.7141,2.1876,2.1132076618925835,1.639707661892583,1955000000.0,phase3_rational
2026-08-03,508068.SH,华夏北京保障房REIT,B,3.898,2442921,0.14964772958,0.03839090035402771,1.7169,2.1891,2.122190035402771,1.6499900354027712,1949000000.0,phase3_rational
2026-08-04,508068.SH,华夏北京保障房REIT,B,3.863,1182696,0.14964772958,0.03873873403572353,1.7126,2.1841,2.161273403572353,1.689773403572353,1931500000.0,phase3_rational
2026-08-05,508068.SH,华夏北京保障房REIT,B,3.868,1228554,0.14964772958,0.03868865811271975,1.7137,2.1871,2.155165811271975,1.6817658112719749,1934000000.0,phase3_rational
2026-08-06,508068.SH,华夏北京保障房REIT,B,3.866,988173,0.14964772958,0.03870867293843766,1.7143,2.1886,2.156567293843766,1.6822672938437657,1933000000.0,phase3_rational
2026-08-07,508068.SH,华夏北京保障房REIT,B,3.872,1744048,0.14964772958,0.03864869049070248,1.7114,2.1781,2.1534690490702477,1.6867690490702478,1936000000.0,phase3_rational
2026-08-10,508068.SH,华夏北京保障房REIT,B,3.86,1053391,0.14964772958,0.038768841860103626,1.7074,2.1581,2.1694841860103624,1.7187841860103625,1930000000.0,phase3_rational
2022-12-09,508077.SH,华夏基金华润有巢REIT,A,2.824,65899041,0.1011198193799999,0.03580730148016994,2.8903,3.2843,0.6904301480169939,0.29643014801699374,1412000000.0,phase2_correction
2022-12-12,508077.SH,华夏基金华润有巢REIT,A,2.807,7438705,0.1011198193799999,0.03602416080513,2.8902,3.2844,0.7122160805129996,0.31801608051299946,1403500000.0,phase2_correction
2022-12-13,508077.SH,华夏基金华润有巢REIT,A,2.801,8033998,0.1011198193799999,0.03610132787575862,2.8952,3.2896,0.714932787575862,0.3205327875758619,1400500000.0,phase2_correction
2022-12-14,508077.SH,华夏基金华润有巢REIT,A,2.778,2466656,0.1011198193799999,0.03640022295896325,2.8655,3.2621,0.7745222958963254,0.3779222958963251,1389000000.0,phase2_correction
2022-12-15,508077.SH,华夏基金华润有巢REIT,A,2.754,1904467,0.1011198193799999,0.03671743623093678,2.8829,3.277,0.7888436230936784,0.39474362309367805,1377000000.0,phase2_correction
2022-12-16,508077.SH,华夏基金华润有巢REIT,A,2.741,2443087,0.1011198193799999,0.03689157948923747,2.8856,3.2697,0.8035579489237468,0.4194579489237471,1370500000.0,phase2_correction
2022-12-19,508077.SH,华夏基金华润有巢REIT,A,2.708,2888707,0.1011198193799999,0.037341144527326404,2.8632,3.2525,0.8709144527326407,0.4816144527326407,1354000000.0,phase2_correction
2022-12-20,508077.SH,华夏基金华润有巢REIT,A,2.696,3156142,0.1011198193799999,0.037507351402077116,2.8732,3.2474,0.8775351402077116,0.503335140207712,1348000000.0,phase2_correction
2022-12-21,508077.SH,华夏基金华润有巢REIT,A,2.704,5646442,0.1011198193799999,0.0373963829068047,2.8606,3.2375,0.8790382906804703,0.5021382906804703,1352000000.0,phase2_correction
2022-12-22,508077.SH,华夏基金华润有巢REIT,A,2.697,4941381,0.1011198193799999,0.03749344433815347,2.8503,3.23,0.8990444338153472,0.519344433815347,1348500000.0,phase2_correction
2022-12-23,508077.SH,华夏基金华润有巢REIT,A,2.75,5046208,0.1011198193799999,0.036770843410909054,2.8251,3.2152,0.8519843410909056,0.4618843410909057,1375000000.0,phase2_correction
2022-12-26,508077.SH,华夏基金华润有巢REIT,A,2.741,1355285,0.1011198193799999,0.03689157948923747,2.8378,3.2202,0.8513579489237468,0.46895794892374676,1370500000.0,phase2_correction
2022-12-27,508077.SH,华夏基金华润有巢REIT,A,2.705,1562220,0.1011198193799999,0.037382557996303106,2.8657,3.2175,0.8725557996303106,0.5207557996303107,1352500000.0,phase2_correction
2022-12-28,508077.SH,华夏基金华润有巢REIT,A,2.636,4918245,0.1011198193799999,0.03836108474203335,2.8503,3.2127,0.9858084742033348,0.6234084742033348,1318000000.0,phase2_correction
2022-12-29,508077.SH,华夏基金华润有巢REIT,A,2.58,3659343,0.1011198193799999,0.03919372844186043,2.8376,3.1926,1.0817728441860428,0.7267728441860428,1290000000.0,phase2_correction
2022-12-30,508077.SH,华夏基金华润有巢REIT,A,2.578,3411296,0.1011198193799999,0.039224134747866526,2.8353,3.1952,1.0871134747866527,0.727213474786653,1288999999.9999998,phase2_correction
2023-01-03,508077.SH,华夏基金华润有巢REIT,A,2.566,1933705,0.1011198193799999,0.03940756795791111,2.8228,3.193,1.1179567957911107,0.7477567957911107,1282999999.9999998,phase2_correction
2023-01-04,508077.SH,华夏基金华润有巢REIT,A,2.572,2293348,0.1011198193799999,0.03931563739502329,2.8103,3.1931,1.1212637395023295,0.7384637395023295,1286000000.0,phase2_correction
2023-01-05,508077.SH,华夏基金华润有巢REIT,A,2.57,3681921,0.1011198193799999,0.03934623322178985,2.8304,3.2056,1.104223322178985,0.729023322178985,1284999999.9999998,phase2_correction
2023-01-06,508077.SH,华夏基金华润有巢REIT,A,2.588,5156839,0.1011198193799999,0.0390725731761978,2.8328,3.2106,1.0744573176197796,0.6966573176197799,1294000000.0,phase2_correction
2023-01-09,508077.SH,华夏基金华润有巢REIT,A,2.583,1995348,0.1011198193799999,0.03914820727061553,2.8428,3.2156,1.072020727061553,0.6992207270615531,1291500000.0000002,phase2_correction
2023-01-10,508077.SH,华夏基金华润有巢REIT,A,2.592,3297437,0.1011198193799999,0.039012275995370334,2.8602,3.2331,1.0410275995370335,0.6681275995370335,1296000000.0,phase2_correction
2023-01-11,508077.SH,华夏基金华润有巢REIT,A,2.6,4025139,0.1011198193799999,0.038892238223076886,2.8603,3.2331,1.0289238223076884,0.6561238223076886,1300000000.0,phase2_correction
2023-01-12,508077.SH,华夏基金华润有巢REIT,A,2.594,1009831,0.1011198193799999,0.03898219713955278,2.8778,3.2378,1.020419713955278,0.6604197139552781,1297000000.0,phase2_correction
2023-01-13,508077.SH,华夏基金华润有巢REIT,A,2.576,2264968,0.1011198193799999,0.039254588268633504,2.901,3.2476,1.0244588268633508,0.6778588268633507,1288000000.0,phase2_correction
2023-01-16,508077.SH,华夏基金华润有巢REIT,A,2.559,2010186,0.1011198193799999,0.03951536513481825,2.9167,3.2677,1.034836513481825,0.683836513481825,1279500000.0000002,phase2_correction
2023-01-17,508077.SH,华夏基金华润有巢REIT,A,2.563,747712,0.1011198193799999,0.03945369464689813,2.9017,3.2531,1.0436694646898133,0.6922694646898133,1281500000.0000002,phase2_correction
2023-01-18,508077.SH,华夏基金华润有巢REIT,A,2.564,925802,0.1011198193799999,0.039438307090483585,2.9222,3.2754,1.0216307090483583,0.6684307090483586,1282000000.0,phase2_correction
2023-01-19,508077.SH,华夏基金华润有巢REIT,A,2.563,1150165,0.1011198193799999,0.03945369464689813,2.9145,3.273,1.0308694646898133,0.6723694646898131,1281500000.0000002,phase2_correction
2023-01-20,508077.SH,华夏基金华润有巢REIT,A,2.586,1036591,0.1011198193799999,0.03910279171693732,2.9331,3.2779,0.9771791716937321,0.6323791716937324,1292999999.9999998,phase2_correction
2023-01-30,508077.SH,华夏基金华润有巢REIT,A,2.595,3236526,0.1011198193799999,0.038967175098265854,2.9133,3.2782,0.9834175098265852,0.6185175098265852,1297500000.0000002,phase2_correction
2023-01-31,508077.SH,华夏基金华润有巢REIT,A,2.628,2375498,0.1011198193799999,0.03847786125570773,2.8977,3.2793,0.9500861255707727,0.5684861255707725,1314000000.0,phase2_correction
2023-02-01,508077.SH,华夏基金华润有巢REIT,A,2.65,2421401,0.1011198193799999,0.03815842240754713,2.9101,3.2889,0.9057422407547131,0.5269422407547131,1325000000.0,phase2_correction
2023-02-02,508077.SH,华夏基金华润有巢REIT,A,2.631,1609519,0.1011198193799999,0.0384339868415051,2.897,3.2853,0.9463986841505099,0.5580986841505098,1315500000.0,phase2_correction
2023-02-03,508077.SH,华夏基金华润有巢REIT,A,2.626,854205,0.1011198193799999,0.038507166557501867,2.8943,3.283,0.956416655750187,0.5677166557501869,1313000000.0,phase2_correction
2023-02-06,508077.SH,华夏基金华润有巢REIT,A,2.616,1938238,0.1011198193799999,0.03865436520642198,2.9017,3.2879,0.9637365206421982,0.5775365206421981,1308000000.0,phase2_correction
2023-02-07,508077.SH,华夏基金华润有巢REIT,A,2.626,1570543,0.1011198193799999,0.038507166557501867,2.8964,3.2827,0.954316655750187,0.5680166557501867,1313000000.0,phase2_correction
2023-02-08,508077.SH,华夏基金华润有巢REIT,A,2.626,1075970,0.1011198193799999,0.038507166557501867,2.8973,3.2808,0.9534166557501869,0.5699166557501867,1313000000.0,phase2_correction
2023-02-09,508077.SH,华夏基金华润有巢REIT,A,2.649,1134148,0.1011198193799999,0.038172827248018085,2.8912,3.2784,0.9260827248018084,0.5388827248018084,1324500000.0,phase2_correction
2023-02-10,508077.SH,华夏基金华润有巢REIT,A,2.647,1835621,0.1011198193799999,0.038201669580657314,2.9003,3.2857,0.9198669580657315,0.5344669580657317,1323500000.0,phase2_correction
2023-02-13,508077.SH,华夏基金华润有巢REIT,A,2.67,2217268,0.1011198193799999,0.037872591528089854,2.8943,3.2829,0.8929591528089853,0.504359152808985,1335000000.0,phase2_correction
2023-02-14,508077.SH,华夏基金华润有巢REIT,A,2.688,4503093,0.1011198193799999,0.03761898042410711,2.8914,3.281,0.8704980424107109,0.48089804241071077,1344000000.0,phase2_correction
2023-02-15,508077.SH,华夏基金华润有巢REIT,A,2.685,6568199,0.1011198193799999,0.037661012804469235,2.8918,3.2816,0.8743012804469235,0.4845012804469233,1342500000.0,phase2_correction
2023-02-16,508077.SH,华夏基金华润有巢REIT,A,2.68,1941510,0.1011198193799999,0.03773127588805966,2.8907,3.283,0.8824275888059665,0.4901275888059664,1340000000.0,phase2_correction
2023-02-17,508077.SH,华夏基金华润有巢REIT,A,2.675,2255249,0.1011198193799999,0.03780180163738314,2.892,3.283,0.8881801637383142,0.4971801637383142,1337500000.0,phase2_correction
2023-02-20,508077.SH,华夏基金华润有巢REIT,A,2.671,2718524,0.1011198193799999,0.03785841234743539,2.917,3.2977,0.868841234743539,0.488141234743539,1335500000.0,phase2_correction
2023-02-21,508077.SH,华夏基金华润有巢REIT,A,2.678,2213764,0.1011198193799999,0.03775945458551154,2.919,3.3025,0.856945458551154,0.47344545855115383,1339000000.0,phase2_correction
2023-02-22,508077.SH,华夏基金华润有巢REIT,A,2.675,1059216,0.1011198193799999,0.03780180163738314,2.9175,3.3025,0.8626801637383141,0.4776801637383139,1337500000.0,phase2_correction
2023-02-23,508077.SH,华夏基金华润有巢REIT,A,2.667,1195026,0.1011198193799999,0.03791519286839142,2.922,3.3053,0.8695192868391421,0.4862192868391424,1333500000.0,phase2_correction
2023-02-24,508077.SH,华夏基金华润有巢REIT,A,2.65,1206667,0.1011198193799999,0.03815842240754713,2.9126,3.3016,0.9032422407547132,0.5142422407547129,1325000000.0,phase2_correction
2023-02-27,508077.SH,华夏基金华润有巢REIT,A,2.636,1462127,0.1011198193799999,0.03836108474203335,2.9117,3.3051,0.9244084742033345,0.5310084742033347,1318000000.0,phase2_correction
2023-02-28,508077.SH,华夏基金华润有巢REIT,A,2.642,569707,0.1011198193799999,0.03827396645722934,2.9017,3.3029,0.9256966457229336,0.5244966457229334,1321000000.0,phase2_correction
2023-03-01,508077.SH,华夏基金华润有巢REIT,A,2.64,471214,0.1011198193799999,0.0383029618863636,2.8977,3.3049,0.9325961886363596,0.5253961886363596,1320000000.0,phase2_correction
2023-03-02,508077.SH,华夏基金华润有巢REIT,A,2.643,771752,0.1011198193799999,0.03825948519863788,2.9111,3.31,0.9148485198637881,0.5159485198637879,1321500000.0,phase2_correction
2023-03-03,508077.SH,华夏基金华润有巢REIT,A,2.643,1181509,0.1011198193799999,0.03825948519863788,2.9026,3.3079,0.9233485198637879,0.5180485198637879,1321500000.0,phase2_correction
2023-03-06,508077.SH,华夏基金华润有巢REIT,A,2.658,741109,0.1011198193799999,0.038043573882618476,2.8826,3.2897,0.9217573882618475,0.5146573882618477,1329000000.0,phase2_correction
2023-03-07,508077.SH,华夏基金华润有巢REIT,A,2.662,863278,0.1011198193799999,0.03798640848234407,2.8726,3.286,0.9260408482344067,0.5126408482344065,1331000000.0,phase2_correction
2023-03-08,508077.SH,华夏基金华润有巢REIT,A,2.694,2268226,0.1011198193799999,0.03753519650334072,2.8828,3.2907,0.8707196503340722,0.462819650334072,1347000000.0,phase2_correction
2023-03-09,508077.SH,华夏基金华润有巢REIT,A,2.68,1957145,0.1011198193799999,0.03773127588805966,2.8752,3.2854,0.8979275888059663,0.48772758880596623,1340000000.0,phase2_correction
2023-03-10,508077.SH,华夏基金华润有巢REIT,A,2.691,1275361,0.1011198193799999,0.03757704176142695,2.8627,3.2735,0.8950041761426948,0.48420417614269473,1345500000.0,phase2_correction
2023-03-13,508077.SH,华夏基金华润有巢REIT,A,2.684,2632015,0.1011198193799999,0.03767504447839042,2.8703,3.2764,0.8972044478390422,0.49110444783904184,1342000000.0,phase2_correction
2023-03-14,508077.SH,华夏基金华润有巢REIT,A,2.669,733167,0.1011198193799999,0.03788678133383286,2.8652,3.271,0.9234781333832855,0.5176781333832858,1334500000.0,phase2_correction
2023-03-15,508077.SH,华夏基金华润有巢REIT,A,2.663,1036585,0.1011198193799999,0.03797214396545247,2.8652,3.2724,0.9320143965452465,0.5248143965452465,1331500000.0,phase2_correction
2023-03-16,508077.SH,华夏基金华润有巢REIT,A,2.647,657652,0.1011198193799999,0.038201669580657314,2.8552,3.2517,0.9649669580657316,0.5684669580657316,1323500000.0,phase2_correction
2023-03-17,508077.SH,华夏基金华润有巢REIT,A,2.666,2030694,0.1011198193799999,0.037929414621155254,2.8602,3.2381,0.9327414621155254,0.5548414621155251,1333000000.0,phase2_correction
2023-03-20,508077.SH,华夏基金华润有巢REIT,A,2.659,432757,0.1011198193799999,0.03802926640842419,2.8504,3.2237,0.9525266408424189,0.5792266408424189,1329500000.0,phase2_correction
2023-03-21,508077.SH,华夏基金华润有巢REIT,A,2.648,903643,0.1011198193799999,0.038187242968277905,2.8604,3.227,0.9583242968277905,0.5917242968277905,1324000000.0,phase2_correction
2023-03-22,508077.SH,华夏基金华润有巢REIT,A,2.646,369032,0.1011198193799999,0.038216107097505635,2.8577,3.2276,0.9639107097505635,0.5940107097505636,1323000000.0,phase2_correction
2023-03-23,508077.SH,华夏基金华润有巢REIT,A,2.645,454387,0.1011198193799999,0.03823055553119089,2.8652,3.2366,0.9578555531190887,0.5864555531190887,1322500000.0,phase2_correction
2023-03-24,508077.SH,华夏基金华润有巢REIT,A,2.654,1938183,0.1011198193799999,0.038100911597588515,2.8676,3.2419,0.9424911597588514,0.5681911597588516,1327000000.0,phase2_correction
2023-03-27,508077.SH,华夏基金华润有巢REIT,A,2.66,921748,0.1011198193799999,0.03801496969172929,2.8551,3.2319,0.9463969691729286,0.5695969691729288,1330000000.0,phase2_correction
2023-03-28,508077.SH,华夏基金华润有巢REIT,A,2.651,1155903,0.1011198193799999,0.038144028434552966,2.8556,3.2319,0.9588028434552966,0.5825028434552966,1325500000.0,phase2_correction
2023-03-29,508077.SH,华夏基金华润有巢REIT,A,2.635,767082,0.1011198193799999,0.03837564302846297,2.8532,3.2286,0.9843643028462967,0.6089643028462968,1317500000.0,phase2_correction
2023-03-30,508077.SH,华夏基金华润有巢REIT,A,2.655,1440937,0.1011198193799999,0.03808656097175138,2.8603,3.2295,0.9483560971751377,0.5791560971751379,1327500000.0,phase2_correction
2023-03-31,508077.SH,华夏基金华润有巢REIT,A,2.669,1543279,0.1011198193799999,0.03788678133383286,2.8528,3.2332,0.935878133383286,0.5554781333832857,1334500000.0,phase2_correction
2023-04-03,508077.SH,华夏基金华润有巢REIT,A,2.66,844740,0.1011198193799999,0.03801496969172929,2.8604,3.2407,0.941096969172929,0.5607969691729289,1330000000.0,phase2_correction
2023-04-04,508077.SH,华夏基金华润有巢REIT,A,2.649,464413,0.1011198193799999,0.038172827248018085,2.8584,3.2421,0.9588827248018084,0.5751827248018082,1324500000.0,phase2_correction
2023-04-06,508077.SH,华夏基金华润有巢REIT,A,2.647,743773,0.1011198193799999,0.038201669580657314,2.8605,3.2463,0.9596669580657315,0.5738669580657314,1323500000.0,phase2_correction
2023-04-07,508077.SH,华夏基金华润有巢REIT,A,2.649,394439,0.1011198193799999,0.038172827248018085,2.8464,3.236,0.9708827248018084,0.5812827248018082,1324500000.0,phase2_correction
2023-04-10,508077.SH,华夏基金华润有巢REIT,A,2.638,631382,0.1011198193799999,0.038332001281273655,2.8455,3.2347,0.9877001281273654,0.5985001281273652,1319000000.0,phase2_correction
2023-04-11,508077.SH,华夏基金华润有巢REIT,A,2.634,836463,0.1011198193799999,0.03839021236902047,2.8203,3.2173,1.0187212369020466,0.6217212369020468,1317000000.0,phase2_correction
2023-04-12,508077.SH,华夏基金华润有巢REIT,A,2.633,1382284,0.1011198193799999,0.03840479277630076,2.8158,3.1977,1.0246792776300762,0.6427792776300758,1316500000.0,phase2_correction
2023-04-13,508077.SH,华夏基金华润有巢REIT,A,2.599,1821795,0.1011198193799999,0.038907202531742936,2.8277,3.2031,1.0630202531742934,0.6876202531742934,1299500000.0000002,phase2_correction
2023-04-14,508077.SH,华夏基金华润有巢REIT,A,2.589,1833511,0.1011198193799999,0.0390574814136732,2.8281,3.2032,1.0776481413673196,0.7025481413673198,1294500000.0,phase2_correction
2023-04-17,508077.SH,华夏基金华润有巢REIT,A,2.605,2022511,0.1011198193799999,0.03881758901343566,2.8432,3.2136,1.038558901343566,0.668158901343566,1302500000.0,phase2_correction
2023-04-18,508077.SH,华夏基金华润有巢REIT,A,2.611,3415117,0.1011198193799999,0.03872838735350437,2.8319,3.2056,1.0409387353504367,0.6672387353504368,1305500000.0000002,phase2_correction
2023-04-19,508077.SH,华夏基金华润有巢REIT,A,2.612,4016984,0.1011198193799999,0.0387135602526799,2.8333,3.1875,1.03805602526799,0.6838560252679899,1306000000.0,phase2_correction
2023-04-20,508077.SH,华夏基金华润有巢REIT,A,2.601,2542808,0.1011198193799999,0.03887728542099189,2.8332,3.1775,1.054528542099189,0.710228542099189,1300500000.0,phase2_correction
2023-04-21,508077.SH,华夏基金华润有巢REIT,A,2.593,5390826,0.1011198193799999,0.03899723076745079,2.8258,3.1726,1.073923076745079,0.7271230767450789,1296500000.0,phase2_correction
2023-04-24,508077.SH,华夏基金华润有巢REIT,A,2.621,3476952,0.1011198193799999,0.03858062547882484,2.8176,3.1608,1.040462547882484,0.6972625478824841,1310500000.0,phase2_correction
2023-04-25,508077.SH,华夏基金华润有巢REIT,A,2.615,1595666,0.1011198193799999,0.03866914699043973,2.8157,3.1584,1.0512146990439732,0.7085146990439735,1307500000.0000002,phase2_correction
2023-04-26,508077.SH,华夏基金华润有巢REIT,A,2.613,1323303,0.1011198193799999,0.03869874450057402,2.8058,3.1574,1.0640744500574018,0.7124744500574018,1306500000.0,phase2_correction
2023-04-27,508077.SH,华夏基金华润有巢REIT,A,2.603,4656419,0.1011198193799999,0.038847414283518976,2.7852,3.1379,1.0995414283518974,0.7468414283518974,1301500000.0000002,phase2_correction
2023-04-28,508077.SH,华夏基金华润有巢REIT,A,2.585,2128143,0.1011198193799999,0.03911791852224368,2.7788,3.1355,1.132991852224368,0.776291852224368,1292500000.0,phase2_correction
2023-05-04,508077.SH,华夏基金华润有巢REIT,A,2.557,2978227,0.1011198193799999,0.039546272733672234,2.7613,3.1182,1.1933272733672236,0.8364272733672236,1278500000.0,phase2_correction
2023-05-05,508077.SH,华夏基金华润有巢REIT,A,2.543,2640377,0.1011198193799999,0.03976398717263071,2.7338,3.0831,1.2425987172630708,0.8932987172630709,1271500000.0000002,phase2_correction
2023-05-08,508077.SH,华夏基金华润有巢REIT,A,2.53,752613,0.1011198193799999,0.03996830805533593,2.7484,3.1058,1.248430805533593,0.8910308055335934,1264999999.9999998,phase2_correction
2023-05-09,508077.SH,华夏基金华润有巢REIT,A,2.54,2279678,0.1011198193799999,0.039810952511810986,2.7383,3.0998,1.2427952511810982,0.8812952511810983,1270000000.0,phase2_correction
2023-05-10,508077.SH,华夏基金华润有巢REIT,A,2.6,3821369,0.1011198193799999,0.038892238223076886,2.721,3.0849,1.1682238223076884,0.8043238223076883,1300000000.0,phase2_correction
2023-05-11,508077.SH,华夏基金华润有巢REIT,A,2.622,4111479,0.1011198193799999,0.0385659112814645,2.701,3.0672,1.1555911281464497,0.7893911281464496,1311000000.0,phase2_correction
2023-05-12,508077.SH,华夏基金华润有巢REIT,A,2.606,3400979,0.1011198193799999,0.03880269354566382,2.7058,3.0608,1.1744693545663818,0.8194693545663818,1303000000.0,phase2_correction
2023-05-15,508077.SH,华夏基金华润有巢REIT,A,2.565,1991300,0.1011198193799999,0.03942293153216371,2.719,3.0649,1.223293153216371,0.8773931532163708,1282500000.0,phase2_correction
2023-05-16,508077.SH,华夏基金华润有巢REIT,A,2.578,1606201,0.1011198193799999,0.039224134747866526,2.7129,3.066,1.209513474786653,0.856413474786653,1288999999.9999998,phase2_correction
2023-05-17,508077.SH,华夏基金华润有巢REIT,A,2.576,3126347,0.1011198193799999,0.039254588268633504,2.721,3.081,1.2044588268633505,0.8444588268633506,1288000000.0,phase2_correction
2023-05-18,508077.SH,华夏基金华润有巢REIT,A,2.564,1348727,0.1011198193799999,0.039438307090483585,2.7184,3.081,1.2254307090483585,0.8628307090483585,1282000000.0,phase2_correction
2023-05-19,508077.SH,华夏基金华润有巢REIT,A,2.562,2234497,0.1011198193799999,0.03946909421545664,2.7151,3.0773,1.2318094215456643,0.8696094215456642,1280999999.9999998,phase2_correction
2023-05-22,508077.SH,华夏基金华润有巢REIT,A,2.552,1678781,0.1011198193799999,0.03962375367554855,2.7132,3.0762,1.2491753675548551,0.8861753675548552,1276000000.0,phase2_correction
2023-05-23,508077.SH,华夏基金华润有巢REIT,A,2.55,1848470,0.1011198193799999,0.03965483112941173,2.6962,3.0687,1.269283112941173,0.896783112941173,1274999999.9999998,phase2_correction
2023-05-24,508077.SH,华夏基金华润有巢REIT,A,2.533,2548677,0.1011198193799999,0.03992097093564939,2.7037,3.0723,1.2883970935649391,0.9197970935649393,1266500000.0,phase2_correction
2023-05-25,508077.SH,华夏基金华润有巢REIT,A,2.529,1200476,0.1011198193799999,0.03998411205219451,2.7065,3.0773,1.2919112052194506,0.9211112052194506,1264500000.0,phase2_correction
2023-05-26,508077.SH,华夏基金华润有巢REIT,A,2.533,1966389,0.1011198193799999,0.03992097093564939,2.7205,3.0913,1.2715970935649392,0.9007970935649392,1266500000.0,phase2_correction
2023-05-29,508077.SH,华夏基金华润有巢REIT,A,2.522,818301,0.1011198193799999,0.04009509095162566,2.695,3.0839,1.3145090951625664,0.9256090951625664,1260999999.9999998,phase2_correction
2023-05-30,508077.SH,华夏基金华润有巢REIT,A,2.498,3242196,0.1011198193799999,0.04048031200160124,2.7,3.0839,1.3480312001601238,0.9641312001601241,1249000000.0000002,phase2_correction
2023-05-31,508077.SH,华夏基金华润有巢REIT,A,2.448,3326348,0.1011198193799999,0.041307115759803885,2.685,3.0733,1.4457115759803885,1.0574115759803884,1224000000.0,phase2_correction
2023-06-01,508077.SH,华夏基金华润有巢REIT,A,2.423,2344031,0.1011198193799999,0.04173331381758147,2.6825,3.0694,1.490831381758147,1.103931381758147,1211500000.0,phase2_correction
2023-06-02,508077.SH,华夏基金华润有巢REIT,A,2.422,2098667,0.1011198193799999,0.04175054474814199,2.6951,3.0784,1.4799544748141997,1.0966544748142,1211000000.0000002,phase2_correction
2023-06-05,508077.SH,华夏基金华润有巢REIT,A,2.373,2688879,0.1011198193799999,0.04261265039190893,2.6926,3.079,1.568665039190893,1.1822650391908929,1186500000.0000002,phase2_correction
2023-06-06,508077.SH,华夏基金华润有巢REIT,A,2.354,4584743,0.1011198193799999,0.04295659276975357,2.6826,3.0716,1.6130592769753571,1.2240592769753569,1177000000.0,phase2_correction
2023-06-07,508077.SH,华夏基金华润有巢REIT,A,2.39,3053782,0.1011198193799999,0.04230954785774054,2.6827,3.0645,1.5482547857740543,1.1664547857740546,1195000000.0,phase2_correction
2023-06-08,508077.SH,华夏基金华润有巢REIT,A,2.443,2034934,0.1011198193799999,0.04139165754400324,2.6822,3.0651,1.4569657544003238,1.0740657544003236,1221500000.0,phase2_correction
2023-06-09,508077.SH,华夏基金华润有巢REIT,A,2.455,3331492,0.1011198193799999,0.04118933579633397,2.6703,3.044,1.4486335796333973,1.0749335796333974,1227500000.0,phase2_correction
2023-06-12,508077.SH,华夏基金华润有巢REIT,A,2.438,3496071,0.1011198193799999,0.041476546095159925,2.6704,3.0391,1.4772546095159926,1.1085546095159926,1219000000.0000002,phase2_correction
2023-06-13,508077.SH,华夏基金华润有巢REIT,A,2.452,2735902,0.1011198193799999,0.04123973057911905,2.6227,3.0064,1.501273057911905,1.1175730579119048,1226000000.0,phase2_correction
2023-06-14,508077.SH,华夏基金华润有巢REIT,A,2.443,1128265,0.1011198193799999,0.04139165754400324,2.6178,2.9963,1.5213657544003238,1.1428657544003236,1221500000.0,phase2_correction
2023-06-15,508077.SH,华夏基金华润有巢REIT,A,2.439,1815554,0.1011198193799999,0.041459540541205375,2.6482,3.0267,1.497754054120537,1.1192540541205371,1219500000.0,phase2_correction
2023-06-16,508077.SH,华夏基金华润有巢REIT,A,2.445,1254988,0.1011198193799999,0.04135779933742328,2.6626,3.0419,1.4731799337423275,1.0938799337423273,1222499999.9999998,phase2_correction
2023-06-19,508077.SH,华夏基金华润有巢REIT,A,2.424,1209482,0.1011198193799999,0.04171609710396036,2.6876,3.0619,1.4840097103960361,1.1097097103960363,1212000000.0,phase2_correction
2023-06-20,508077.SH,华夏基金华润有巢REIT,A,2.425,1136249,0.1011198193799999,0.041698894589690685,2.6751,3.0444,1.4947894589690685,1.1254894589690685,1212499999.9999998,phase2_correction
2023-06-21,508077.SH,华夏基金华润有巢REIT,A,2.425,2063522,0.1011198193799999,0.041698894589690685,2.6701,3.042,1.4997894589690683,1.1278894589690687,1212499999.9999998,phase2_correction
2023-06-26,508077.SH,华夏基金华润有巢REIT,A,2.411,1278606,0.1011198193799999,0.04194102836167561,2.6677,3.0346,1.526402836167561,1.1595028361675608,1205500000.0,phase2_correction
2023-06-27,508077.SH,华夏基金华润有巢REIT,A,2.422,6416231,0.1011198193799999,0.04175054474814199,2.6676,3.0295,1.5074544748141996,1.1455544748141997,1211000000.0000002,phase2_correction
2023-06-28,508077.SH,华夏基金华润有巢REIT,A,2.45,4562967,0.1011198193799999,0.04127339566530608,2.6651,3.0271,1.4622395665306085,1.1002395665306084,1225000000.0000002,phase2_correction
2023-06-29,508077.SH,华夏基金华润有巢REIT,A,2.466,4564348,0.1011198193799999,0.0410056039659367,2.6526,3.0171,1.4479603965936696,1.0834603965936696,1233000000.0000002,phase2_correction
2023-06-30,508077.SH,华夏基金华润有巢REIT,A,2.452,2017057,0.1011198193799999,0.04123973057911905,2.6351,3.0072,1.488873057911905,1.1167730579119048,1226000000.0,phase2_correction
2023-07-03,508077.SH,华夏基金华润有巢REIT,A,2.423,1840378,0.1011198193799999,0.04173331381758147,2.6402,3.0133,1.533131381758147,1.160031381758147,1211500000.0,phase2_correction
2023-07-04,508077.SH,华夏基金华润有巢REIT,A,2.427,473163,0.1011198193799999,0.04166453208899872,2.6477,3.0225,1.5187532088998723,1.1439532088998723,1213500000.0,phase2_correction
2023-07-05,508077.SH,华夏基金华润有巢REIT,A,2.385,3673165,0.1011198193799999,0.04239824711949682,2.6402,3.0176,1.5996247119496818,1.222224711949682,1192499999.9999998,phase2_correction
2023-07-06,508077.SH,华夏基金华润有巢REIT,A,2.44,4385341,0.1011198193799999,0.04144254892622947,2.6392,3.018,1.505054892622947,1.1262548926229474,1220000000.0,phase2_correction
2023-07-07,508077.SH,华夏基金华润有巢REIT,A,2.481,3278304,0.1011198193799999,0.04075768616686816,2.6403,3.013,1.4354686166868165,1.0627686166868164,1240500000.0,phase2_correction
2023-07-10,508077.SH,华夏基金华润有巢REIT,A,2.467,2235511,0.1011198193799999,0.04098898231860555,2.6403,3.0091,1.458598231860555,1.0897982318605548,1233500000.0,phase2_correction
2023-07-11,508077.SH,华夏基金华润有巢REIT,A,2.46,2238020,0.1011198193799999,0.0411056176341463,2.6353,3.0011,1.47526176341463,1.1094617634146298,1230000000.0,phase2_correction
2023-07-12,508077.SH,华夏基金华润有巢REIT,A,2.452,920601,0.1011198193799999,0.04123973057911905,2.6378,3.0011,1.486173057911905,1.1228730579119048,1226000000.0,phase2_correction
2023-07-13,508077.SH,华夏基金华润有巢REIT,A,2.479,5639015,0.1011198193799999,0.04079056852763207,2.6413,3.0084,1.437756852763207,1.0706568527632072,1239500000.0,phase2_correction
2023-07-14,508077.SH,华夏基金华润有巢REIT,A,2.501,3654095,0.1011198193799999,0.04043175504997997,2.6444,3.0144,1.3987755049979969,1.0287755049979967,1250500000.0,phase2_correction
2023-07-17,508077.SH,华夏基金华润有巢REIT,A,2.54,5368651,0.1011198193799999,0.039810952511810986,2.6364,3.0085,1.3446952511810983,0.9725952511810982,1270000000.0,phase2_correction
2023-07-18,508077.SH,华夏基金华润有巢REIT,A,2.602,7036738,0.1011198193799999,0.038862344112221336,2.6234,2.9965,1.2628344112221335,0.8897344112221335,1301000000.0,phase2_correction
2023-07-19,508077.SH,华夏基金华润有巢REIT,A,2.578,5452635,0.1011198193799999,0.039224134747866526,2.6233,2.9987,1.2991134747866528,0.9237134747866529,1288999999.9999998,phase2_correction
2023-07-20,508077.SH,华夏基金华润有巢REIT,A,2.553,4138254,0.1011198193799999,0.03960823320799056,2.6214,2.9967,1.3394233207990562,0.964123320799056,1276500000.0,phase2_correction
2023-07-21,508077.SH,华夏基金华润有巢REIT,A,2.584,5037051,0.1011198193799999,0.03913305703560368,2.6079,2.9828,1.3054057035603681,0.9305057035603679,1292000000.0,phase2_correction
2023-07-24,508077.SH,华夏基金华润有巢REIT,A,2.609,5272018,0.1011198193799999,0.03875807565350706,2.5934,2.9588,1.2824075653507059,0.9170075653507057,1304500000.0,phase2_correction
2023-07-25,508077.SH,华夏基金华润有巢REIT,A,2.617,6030948,0.1011198193799999,0.03863959471914402,2.663,3.0156,1.2009594719144023,0.8483594719144021,1308500000.0,phase2_correction
2023-07-26,508077.SH,华夏基金华润有巢REIT,A,2.621,4197020,0.1011198193799999,0.03858062547882484,2.643,3.0003,1.2150625478824844,0.857762547882484,1310500000.0,phase2_correction
2023-07-27,508077.SH,华夏基金华润有巢REIT,A,2.613,2447173,0.1011198193799999,0.03869874450057402,2.6395,2.9948,1.2303744500574019,0.8750744500574017,1306500000.0,phase2_correction
2023-07-28,508077.SH,华夏基金华润有巢REIT,A,2.627,4995201,0.1011198193799999,0.03849250832889224,2.6533,3.0061,1.195950832889224,0.8431508328892243,1313500000.0,phase2_correction
2023-07-31,508077.SH,华夏基金华润有巢REIT,A,2.636,6450976,0.1011198193799999,0.03836108474203335,2.6597,3.0103,1.1764084742033347,0.8258084742033347,1318000000.0,phase2_correction
2023-08-01,508077.SH,华夏基金华润有巢REIT,A,2.639,7327822,0.1011198193799999,0.038317476081849156,2.6607,3.0119,1.171047608184916,0.819847608184916,1319500000.0,phase2_correction
2023-08-02,508077.SH,华夏基金华润有巢REIT,A,2.636,8375340,0.1011198193799999,0.03836108474203335,2.6525,2.9989,1.1836084742033348,0.8372084742033348,1318000000.0,phase2_correction
2023-08-03,508077.SH,华夏基金华润有巢REIT,A,2.64,4971681,0.1011198193799999,0.0383029618863636,2.6435,2.9927,1.1867961886363596,0.8375961886363594,1320000000.0,phase2_correction
2023-08-04,508077.SH,华夏基金华润有巢REIT,A,2.625,4484659,0.1011198193799999,0.038521835954285676,2.6469,2.9927,1.2052835954285674,0.8594835954285673,1312500000.0,phase2_correction
2023-08-07,508077.SH,华夏基金华润有巢REIT,A,2.629,3869089,0.1011198193799999,0.03846322532521868,2.6462,2.9904,1.2001225325218683,0.855922532521868,1314500000.0,phase2_correction
2023-08-08,508077.SH,华夏基金华润有巢REIT,A,2.636,7774884,0.1011198193799999,0.03836108474203335,2.6454,2.9879,1.1907084742033347,0.8482084742033349,1318000000.0,phase2_correction
2023-08-09,508077.SH,华夏基金华润有巢REIT,A,2.628,5228877,0.1011198193799999,0.03847786125570773,2.6461,2.9896,1.2016861255707725,0.8581861255707728,1314000000.0,phase2_correction
2023-08-10,508077.SH,华夏基金华润有巢REIT,A,2.623,3440932,0.1011198193799999,0.038551208303469274,2.6475,2.992,1.2076208303469276,0.8631208303469275,1311500000.0,phase2_correction
2023-08-11,508077.SH,华夏基金华润有巢REIT,A,2.625,4225169,0.1011198193799999,0.038521835954285676,2.6381,2.985,1.2140835954285674,0.8671835954285676,1312500000.0,phase2_correction
2023-08-14,508077.SH,华夏基金华润有巢REIT,A,2.629,2195130,0.1011198193799999,0.03846322532521868,2.6212,2.971,1.2251225325218682,0.8753225325218681,1314500000.0,phase2_correction
2023-08-15,508077.SH,华夏基金华润有巢REIT,A,2.64,5156188,0.1011198193799999,0.0383029618863636,2.5759,2.9342,1.2543961886363597,0.8960961886363594,1320000000.0,phase2_correction
2023-08-16,508077.SH,华夏基金华润有巢REIT,A,2.636,3373078,0.1011198193799999,0.03836108474203335,2.5649,2.9259,1.2712084742033345,0.9102084742033347,1318000000.0,phase2_correction
2023-08-17,508077.SH,华夏基金华润有巢REIT,A,2.638,4589843,0.1011198193799999,0.038332001281273655,2.5678,2.9285,1.2654001281273652,0.9047001281273652,1319000000.0,phase2_correction
2023-08-18,508077.SH,华夏基金华润有巢REIT,A,2.672,3413343,0.1011198193799999,0.037844243779940084,2.5639,2.9225,1.2205243779940087,0.8619243779940087,1336000000.0,phase2_correction
2023-08-21,508077.SH,华夏基金华润有巢REIT,A,2.684,3177586,0.1011198193799999,0.03767504447839042,2.5403,2.8894,1.2272044478390423,0.8781044478390418,1342000000.0,phase2_correction
2023-08-22,508077.SH,华夏基金华润有巢REIT,A,2.591,5852860,0.1011198193799999,0.039027332836742534,2.5564,2.8938,1.3463332836742534,1.0089332836742533,1295500000.0000002,phase2_correction
2023-08-23,508077.SH,华夏基金华润有巢REIT,A,2.583,4637024,0.1011198193799999,0.03914820727061553,2.5535,2.8834,1.3613207270615528,1.031420727061553,1291500000.0000002,phase2_correction
2023-08-24,508077.SH,华夏基金华润有巢REIT,A,2.63,5891312,0.1011198193799999,0.03844860052471479,2.5543,2.8812,1.2905600524714793,0.9636600524714791,1315000000.0,phase2_correction
2023-08-25,508077.SH,华夏基金华润有巢REIT,A,2.617,4664563,0.1011198193799999,0.03863959471914402,2.5702,2.8877,1.2937594719144023,0.976259471914402,1308500000.0,phase2_correction
2023-08-28,508077.SH,华夏基金华润有巢REIT,A,2.613,6557515,0.1011198193799999,0.03869874450057402,2.5837,2.8955,1.286174450057402,0.9743744500574016,1306500000.0,phase2_correction
2023-08-29,508077.SH,华夏基金华润有巢REIT,A,2.588,3954738,0.1011198193799999,0.0390725731761978,2.57,2.9006,1.33725731761978,1.00665731761978,1294000000.0,phase2_correction
2023-08-30,508077.SH,华夏基金华润有巢REIT,A,2.589,2678393,0.1011198193799999,0.0390574814136732,2.56,2.9026,1.3457481413673196,1.0031481413673196,1294500000.0,phase2_correction
2023-08-31,508077.SH,华夏基金华润有巢REIT,A,2.577,6647089,0.1011198193799999,0.03923935559953431,2.5575,2.9027,1.3664355599534308,1.021235559953431,1288500000.0,phase2_correction
2023-09-01,508077.SH,华夏基金华润有巢REIT,A,2.556,3248075,0.1011198193799999,0.03956174467136146,2.585,2.928,1.371174467136146,1.0281744671361461,1278000000.0,phase2_correction
2023-09-04,508077.SH,华夏基金华润有巢REIT,A,2.566,2233158,0.1011198193799999,0.03940756795791111,2.6124,2.9611,1.3283567957911107,0.9796567957911106,1282999999.9999998,phase2_correction
2023-09-05,508077.SH,华夏基金华润有巢REIT,A,2.562,2514815,0.1011198193799999,0.03946909421545664,2.615,2.9666,1.3319094215456642,0.9803094215456643,1280999999.9999998,phase2_correction
2023-09-06,508077.SH,华夏基金华润有巢REIT,A,2.562,2658319,0.1011198193799999,0.03946909421545664,2.6375,2.9869,1.3094094215456642,0.9600094215456645,1280999999.9999998,phase2_correction
2023-09-07,508077.SH,华夏基金华润有巢REIT,A,2.594,1722456,0.1011198193799999,0.03898219713955278,2.635,2.9834,1.2632197139552783,0.9148197139552781,1297000000.0,phase2_correction
2023-09-08,508077.SH,华夏基金华润有巢REIT,A,2.578,3357611,0.1011198193799999,0.039224134747866526,2.6375,2.9849,1.2849134747866526,0.9375134747866527,1288999999.9999998,phase2_correction
2023-09-11,508077.SH,华夏基金华润有巢REIT,A,2.594,6115377,0.1011198193799999,0.03898219713955278,2.63,2.983,1.2682197139552782,0.915219713955278,1297000000.0,phase2_correction
2023-09-12,508077.SH,华夏基金华润有巢REIT,A,2.586,4921380,0.1011198193799999,0.03910279171693732,2.623,2.9824,1.287279171693732,0.927879171693732,1292999999.9999998,phase2_correction
2023-09-13,508077.SH,华夏基金华润有巢REIT,A,2.585,3250917,0.1011198193799999,0.03911791852224368,2.615,2.9732,1.2967918522243678,0.9385918522243681,1292500000.0,phase2_correction
2023-09-14,508077.SH,华夏基金华润有巢REIT,A,2.585,1659649,0.1011198193799999,0.03911791852224368,2.6075,2.9545,1.304291852224368,0.9572918522243681,1292500000.0,phase2_correction
2023-09-15,508077.SH,华夏基金华润有巢REIT,A,2.584,1817261,0.1011198193799999,0.03913305703560368,2.64,2.984,1.2733057035603679,0.929305703560368,1292000000.0,phase2_correction
2023-09-18,508077.SH,华夏基金华润有巢REIT,A,2.575,2252665,0.1011198193799999,0.039269832768932,2.65,2.9841,1.2769832768932,0.9428832768931996,1287500000.0000002,phase2_correction
2023-09-19,508077.SH,华夏基金华润有巢REIT,A,2.574,2474990,0.1011198193799999,0.03928508911421908,2.6625,2.9895,1.266008911421908,0.939008911421908,1286999999.9999998,phase2_correction
2023-09-20,508077.SH,华夏基金华润有巢REIT,A,2.573,1500227,0.1011198193799999,0.039300357318305446,2.665,2.9919,1.2650357318305447,0.938135731830545,1286500000.0,phase2_correction
2023-09-21,508077.SH,华夏基金华润有巢REIT,A,2.569,1992272,0.1011198193799999,0.03936154899961071,2.6576,2.984,1.2785548999610712,0.9521548999610712,1284500000.0,phase2_correction
2023-09-22,508077.SH,华夏基金华润有巢REIT,A,2.576,1796589,0.1011198193799999,0.039254588268633504,2.6776,2.9971,1.2478588268633506,0.9283588268633505,1288000000.0,phase2_correction
2023-09-25,508077.SH,华夏基金华润有巢REIT,A,2.575,1863974,0.1011198193799999,0.039269832768932,2.6976,3.0119,1.2293832768931998,0.9150832768932,1287500000.0000002,phase2_correction
2023-09-26,508077.SH,华夏基金华润有巢REIT,A,2.566,2191843,0.1011198193799999,0.03940756795791111,2.6951,3.0068,1.2456567957911107,0.9339567957911106,1282999999.9999998,phase2_correction
2023-09-27,508077.SH,华夏基金华润有巢REIT,A,2.568,1422633,0.1011198193799999,0.03937687670560744,2.6877,3.007,1.2499876705607438,0.9306876705607436,1284000000.0,phase2_correction
2023-09-28,508077.SH,华夏基金华润有巢REIT,A,2.567,3234961,0.1011198193799999,0.039392216353720255,2.6751,3.0022,1.2641216353720255,0.9370216353720253,1283500000.0000002,phase2_correction
2023-10-09,508077.SH,华夏基金华润有巢REIT,A,2.57,1607201,0.1011198193799999,0.03934623322178985,2.6702,2.999,1.2644233221789851,0.9356233221789849,1284999999.9999998,phase2_correction
2023-10-10,508077.SH,华夏基金华润有巢REIT,A,2.573,1301228,0.1011198193799999,0.039300357318305446,2.6811,3.0019,1.248935731830545,0.9281357318305448,1286500000.0,phase2_correction
2023-10-11,508077.SH,华夏基金华润有巢REIT,A,2.569,1787962,0.1011198193799999,0.03936154899961071,2.6976,3.0153,1.2385548999610712,0.9208548999610713,1284500000.0,phase2_correction
2023-10-12,508077.SH,华夏基金华润有巢REIT,A,2.572,1578361,0.1011198193799999,0.03931563739502329,2.6911,3.0139,1.2404637395023292,0.9176637395023293,1286000000.0,phase2_correction
2023-10-13,508077.SH,华夏基金华润有巢REIT,A,2.572,2694861,0.1011198193799999,0.03931563739502329,2.6702,2.9952,1.2613637395023294,0.9363637395023292,1286000000.0,phase2_correction
2023-10-16,508077.SH,华夏基金华润有巢REIT,A,2.559,1536577,0.1011198193799999,0.03951536513481825,2.6777,2.9997,1.2738365134818248,0.9518365134818252,1279500000.0000002,phase2_correction
2023-10-17,508077.SH,华夏基金华润有巢REIT,A,2.52,3522930,0.1011198193799999,0.04012691245238092,2.6882,3.0021,1.3244912452380913,1.0105912452380914,1260000000.0,phase2_correction
2023-10-18,508077.SH,华夏基金华润有巢REIT,A,2.485,3392013,0.1011198193799999,0.04069208023340037,2.7052,3.0021,1.3640080233400362,1.0671080233400363,1242500000.0,phase2_correction
2023-10-19,508077.SH,华夏基金华润有巢REIT,A,2.465,997435,0.1011198193799999,0.04102223909939145,2.7177,3.0077,1.384523909939145,1.094523909939145,1232500000.0,phase2_correction
2023-10-20,508077.SH,华夏基金华润有巢REIT,A,2.426,1675672,0.1011198193799999,0.04168170625721348,2.7052,2.9962,1.4629706257213475,1.1719706257213476,1213000000.0000002,phase2_correction
2023-10-23,508077.SH,华夏基金华润有巢REIT,A,2.395,1771833,0.1011198193799999,0.04222121894780789,2.7047,2.9903,1.5174218947807896,1.2318218947807895,1197500000.0,phase2_correction
2023-10-24,508077.SH,华夏基金华润有巢REIT,A,2.429,2372085,0.1011198193799999,0.04163022617538078,2.7177,2.9978,1.4453226175380784,1.1652226175380784,1214499999.9999998,phase2_correction
2023-10-25,508077.SH,华夏基金华润有巢REIT,A,2.439,2963420,0.1011198193799999,0.041459540541205375,2.7052,3.0004,1.440754054120537,1.1455540541205371,1219500000.0,phase2_correction
2023-10-26,508077.SH,华夏基金华润有巢REIT,A,2.426,2357058,0.1011198193799999,0.04168170625721348,2.7152,3.0054,1.4529706257213477,1.1627706257213477,1213000000.0000002,phase2_correction
2023-10-27,508077.SH,华夏基金华润有巢REIT,A,2.426,1439834,0.1011198193799999,0.04168170625721348,2.7133,3.0104,1.4548706257213477,1.1577706257213474,1213000000.0000002,phase2_correction
2023-10-30,508077.SH,华夏基金华润有巢REIT,A,2.413,1186200,0.1011198193799999,0.0419062658019063,2.7141,3.0106,1.4765265801906304,1.1800265801906304,1206499999.9999998,phase2_correction
2023-10-31,508077.SH,华夏基金华润有巢REIT,A,2.405,1868699,0.1011198193799999,0.042045662943866906,2.6938,2.9956,1.5107662943866909,1.2089662943866908,1202499999.9999998,phase2_correction
2023-11-01,508077.SH,华夏基金华润有巢REIT,A,2.379,2252869,0.1011198193799999,0.04250517838587638,2.6853,2.9911,1.565217838587638,1.259417838587638,1189500000.0,phase2_correction
2023-11-02,508077.SH,华夏基金华润有巢REIT,A,2.372,396490,0.1011198193799999,0.04263061525295106,2.6553,2.9666,1.6077615252951056,1.2964615252951055,1186000000.0,phase2_correction
2023-11-03,508077.SH,华夏基金华润有巢REIT,A,2.379,1082272,0.1011198193799999,0.04250517838587638,2.6613,2.9727,1.5892178385876377,1.2778178385876378,1189500000.0,phase2_correction
2023-11-06,508077.SH,华夏基金华润有巢REIT,A,2.405,1362389,0.1011198193799999,0.042045662943866906,2.6554,2.9683,1.5491662943866906,1.2362662943866907,1202499999.9999998,phase2_correction
2023-11-07,508077.SH,华夏基金华润有巢REIT,A,2.41,2050839,0.1011198193799999,0.04195843127800826,2.6632,2.9718,1.5326431278008261,1.224043127800826,1205000000.0,phase2_correction
2023-11-08,508077.SH,华夏基金华润有巢REIT,A,2.444,1874788,0.1011198193799999,0.04137472151391158,2.6464,2.9583,1.4910721513911582,1.1791721513911582,1222000000.0,phase2_correction
2023-11-09,508077.SH,华夏基金华润有巢REIT,A,2.472,2279222,0.1011198193799999,0.04090607580097084,2.6494,2.9584,1.4412075800970836,1.1322075800970834,1236000000.0,phase2_correction
2023-11-10,508077.SH,华夏基金华润有巢REIT,A,2.441,2635804,0.1011198193799999,0.04142557123310115,2.6444,2.9459,1.498157123310115,1.196657123310115,1220499999.9999998,phase2_correction
2023-11-13,508077.SH,华夏基金华润有巢REIT,A,2.421,1361868,0.1011198193799999,0.04176778991325895,2.6454,2.9385,1.5313789913258948,1.238278991325895,1210499999.9999998,phase2_correction
2023-11-14,508077.SH,华夏基金华润有巢REIT,A,2.411,871304,0.1011198193799999,0.04194102836167561,2.6573,2.9439,1.5368028361675607,1.2502028361675608,1205500000.0,phase2_correction
2023-11-15,508077.SH,华夏基金华润有巢REIT,A,2.4,503775,0.1011198193799999,0.042133258074999964,2.6633,2.9485,1.5500258074999969,1.2648258074999967,1200000000.0,phase2_correction
2023-11-16,508077.SH,华夏基金华润有巢REIT,A,2.394,613936,0.1011198193799999,0.04223885521303254,2.6558,2.944,1.5680855213032538,1.279885521303254,1197000000.0,phase2_correction
2023-11-17,508077.SH,华夏基金华润有巢REIT,A,2.394,302975,0.1011198193799999,0.04223885521303254,2.6524,2.9336,1.571485521303254,1.2902855213032538,1197000000.0,phase2_correction
2023-11-20,508077.SH,华夏基金华润有巢REIT,A,2.389,828521,0.1011198193799999,0.0423272580075345,2.6584,2.9321,1.5743258007534497,1.3006258007534495,1194499999.9999998,phase2_correction
2023-11-21,508077.SH,华夏基金华润有巢REIT,A,2.373,673445,0.1011198193799999,0.04261265039190893,2.6684,2.9388,1.592865039190893,1.322465039190893,1186500000.0000002,phase2_correction
2023-11-22,508077.SH,华夏基金华润有巢REIT,A,2.344,1590700,0.1011198193799999,0.0431398546843003,2.6823,2.9538,1.6316854684300304,1.3601854684300303,1172000000.0,phase2_correction
2023-11-23,508077.SH,华夏基金华润有巢REIT,A,2.292,2253534,0.1011198193799999,0.0441185948429319,2.7023,2.9704,1.70955948429319,1.44145948429319,1145999999.9999998,phase2_correction
2023-11-24,508077.SH,华夏基金华润有巢REIT,A,2.251,2212867,0.1011198193799999,0.04492217653487335,2.7053,2.9684,1.7869176534873348,1.5238176534873347,1125500000.0,phase2_correction
2023-11-27,508077.SH,华夏基金华润有巢REIT,A,2.204,2169385,0.1011198193799999,0.04588013583484569,2.7108,2.9745,1.8772135834845693,1.6135135834845693,1102000000.0000002,phase2_correction
2023-11-28,508077.SH,华夏基金华润有巢REIT,A,2.197,1177958,0.1011198193799999,0.04602631742375963,2.6898,2.954,1.912831742375963,1.6486317423759629,1098500000.0,phase2_correction
2023-11-29,508077.SH,华夏基金华润有巢REIT,A,2.22,1203690,0.1011198193799999,0.045549468189189146,2.6826,2.9525,1.8723468189189143,1.602446818918914,1110000000.0000002,phase2_correction
2023-11-30,508077.SH,华夏基金华润有巢REIT,A,2.285,2674544,0.1011198193799999,0.044253750275711115,2.668,2.9405,1.7573750275711113,1.4848750275711113,1142500000.0,phase2_correction
2023-12-01,508077.SH,华夏基金华润有巢REIT,A,2.33,1893113,0.1011198193799999,0.04339906411158794,2.6625,2.9445,1.677406411158794,1.395406411158794,1165000000.0,phase2_correction
2023-12-04,508077.SH,华夏基金华润有巢REIT,A,2.296,1494154,0.1011198193799999,0.044041733179442474,2.6725,2.9537,1.7316733179442472,1.450473317944247,1147999999.9999998,phase2_correction
2023-12-05,508077.SH,华夏基金华润有巢REIT,A,2.228,1983275,0.1011198193799999,0.04538591534111306,2.665,2.9487,1.8735915341113056,1.5898915341113056,1114000000.0000002,phase2_correction
2023-12-06,508077.SH,华夏基金华润有巢REIT,A,2.235,958798,0.1011198193799999,0.045243767060402645,2.6725,2.9517,1.8518767060402648,1.5726767060402644,1117500000.0,phase2_correction
2023-12-07,508077.SH,华夏基金华润有巢REIT,A,2.232,901816,0.1011198193799999,0.04530457857526877,2.664,2.9457,1.866457857526877,1.5847578575268773,1116000000.0000002,phase2_correction
2023-12-08,508077.SH,华夏基金华润有巢REIT,A,2.237,913282,0.1011198193799999,0.04520331666517653,2.6636,2.9428,1.856731666517653,1.577531666517653,1118500000.0,phase2_correction
2023-12-11,508077.SH,华夏基金华润有巢REIT,A,2.234,523228,0.1011198193799999,0.04526401941808411,2.644,2.9288,1.8824019418084106,1.5976019418084109,1117000000.0,phase2_correction
2023-12-12,508077.SH,华夏基金华润有巢REIT,A,2.242,523415,0.1011198193799999,0.0451025064139161,2.6375,2.9293,1.87275064139161,1.5809506413916101,1121000000.0,phase2_correction
2023-12-13,508077.SH,华夏基金华润有巢REIT,A,2.225,711981,0.1011198193799999,0.045447109833707824,2.6226,2.9148,1.9221109833707826,1.6299109833707823,1112500000.0,phase2_correction
2023-12-14,508077.SH,华夏基金华润有巢REIT,A,2.228,476225,0.1011198193799999,0.04538591534111306,2.6376,2.9219,1.9009915341113057,1.6166915341113057,1114000000.0000002,phase2_correction
2023-12-15,508077.SH,华夏基金华润有巢REIT,A,2.255,787023,0.1011198193799999,0.044842491964523244,2.6227,2.9039,1.8615491964523248,1.5803491964523246,1127500000.0,phase2_correction
2023-12-18,508077.SH,华夏基金华润有巢REIT,A,2.27,1305228,0.1011198193799999,0.04454617593832595,2.6126,2.8869,1.8420175938325953,1.5677175938325956,1135000000.0,phase2_correction
2023-12-19,508077.SH,华夏基金华润有巢REIT,A,2.272,283241,0.1011198193799999,0.044506962755281654,2.6191,2.892,1.8315962755281654,1.5586962755281655,1135999999.9999998,phase2_correction
2023-12-20,508077.SH,华夏基金华润有巢REIT,A,2.308,927938,0.1011198193799999,0.04381274669844017,2.6222,2.8849,1.7590746698440172,1.496374669844017,1153999999.9999998,phase2_correction
2023-12-21,508077.SH,华夏基金华润有巢REIT,A,2.353,1755866,0.1011198193799999,0.042974848865278324,2.5901,2.8492,1.7073848865278323,1.4482848865278322,1176500000.0000002,phase2_correction
2023-12-22,508077.SH,华夏基金华润有巢REIT,A,2.389,2903386,0.1011198193799999,0.0423272580075345,2.5877,2.8341,1.6450258007534497,1.3986258007534498,1194499999.9999998,phase2_correction
2023-12-25,508077.SH,华夏基金华润有巢REIT,A,2.365,5818233,0.1011198193799999,0.042756794663847734,2.5678,2.8077,1.7078794663847736,1.4679794663847736,1182500000.0000002,phase2_correction
2023-12-26,508077.SH,华夏基金华润有巢REIT,A,2.34,3942905,0.1011198193799999,0.04321359802564099,2.5804,2.8267,1.7409598025640989,1.4946598025640987,1170000000.0,phase2_correction
2023-12-27,508077.SH,华夏基金华润有巢REIT,A,2.31,4063854,0.1011198193799999,0.04377481358441554,2.5577,2.8167,1.819781358441554,1.5607813584415542,1155000000.0,phase2_correction
2023-12-28,508077.SH,华夏基金华润有巢REIT,A,2.304,2854910,0.1011198193799999,0.04388881049479163,2.5694,2.8288,1.8194810494791636,1.5600810494791633,1151999999.9999998,phase2_correction
2023-12-29,508077.SH,华夏基金华润有巢REIT,A,2.362,2637246,0.1011198193799999,0.042811100499576586,2.5553,2.8269,1.7258100499576585,1.4542100499576582,1181000000.0,phase2_correction
2024-01-02,508077.SH,华夏基金华润有巢REIT,A,2.358,1417946,0.1011198193799999,0.04288372323155212,2.5601,2.8422,1.7282723231552128,1.4461723231552126,1179000000.0,phase2_correction
2024-01-03,508077.SH,华夏基金华润有巢REIT,A,2.36,2979549,0.1011198193799999,0.0428473810932203,2.5531,2.8402,1.7316381093220303,1.4445381093220306,1180000000.0,phase2_correction
2024-01-04,508077.SH,华夏基金华润有巢REIT,A,2.32,6011246,0.1011198193799999,0.04358612904310341,2.5368,2.817,1.8218129043103413,1.541612904310341,1159999999.9999998,phase2_correction
2024-01-05,508077.SH,华夏基金华润有巢REIT,A,2.315,3476817,0.1011198193799999,0.0436802675507559,2.5175,2.8043,1.85052675507559,1.56372675507559,1157500000.0,phase2_correction
2024-01-08,508077.SH,华夏基金华润有巢REIT,A,2.289,2489127,0.1011198193799999,0.04417641737876798,2.5136,2.802,1.9040417378767978,1.6156417378767975,1144500000.0000002,phase2_correction
2024-01-09,508077.SH,华夏基金华润有巢REIT,A,2.233,5732024,0.1011198193799999,0.04528428991491263,2.4862,2.7693,2.042228991491263,1.7591289914912633,1116500000.0,phase2_correction
2024-01-10,508077.SH,华夏基金华润有巢REIT,A,2.156,4560928,0.1011198193799999,0.046901585983302366,2.4982,2.7758,2.191958598330236,1.9143585983302365,1078000000.0,phase2_correction
2024-01-11,508077.SH,华夏基金华润有巢REIT,A,2.121,5275387,0.1011198193799999,0.04767553954738327,2.4992,2.7769,2.268353954738327,1.990653954738327,1060500000.0,phase2_correction
2024-01-12,508077.SH,华夏基金华润有巢REIT,A,2.057,5387450,0.1011198193799999,0.04915888156538644,2.5172,2.793,2.398688156538644,2.122888156538644,1028500000.0,phase2_correction
2024-01-15,508077.SH,华夏基金华润有巢REIT,A,2.036,2968125,0.1011198193799999,0.04966592307465614,2.5212,2.7856,2.4453923074656143,2.180992307465614,1018000000.0,phase2_correction
2024-01-16,508077.SH,华夏基金华润有巢REIT,A,2.074,3201340,0.1011198193799999,0.048755939913211144,2.5252,2.7897,2.3503939913211145,2.0858939913211145,1036999999.9999999,phase2_correction
2024-01-17,508077.SH,华夏基金华润有巢REIT,A,2.143,4028058,0.1011198193799999,0.04718610330377971,2.5077,2.7747,2.2109103303779714,1.943910330377971,1071499999.9999999,phase2_correction
2024-01-18,508077.SH,华夏基金华润有巢REIT,A,2.13,3630793,0.1011198193799999,0.04747409360563376,2.5092,2.7732,2.238209360563376,1.9742093605633757,1065000000.0,phase2_correction
2024-01-19,508077.SH,华夏基金华润有巢REIT,A,2.146,3287289,0.1011198193799999,0.04712013950605774,2.5027,2.7583,2.2093139506057744,1.9537139506057741,1073000000.0,phase2_correction
2024-01-22,508077.SH,华夏基金华润有巢REIT,A,2.13,2696023,0.1011198193799999,0.04747409360563376,2.4922,2.7224,2.255209360563376,2.025009360563376,1065000000.0,phase2_correction
2024-01-23,508077.SH,华夏基金华润有巢REIT,A,2.104,2173948,0.1011198193799999,0.04806075065589349,2.5042,2.7327,2.301875065589349,2.073375065589349,1052000000.0,phase2_correction
2024-01-24,508077.SH,华夏基金华润有巢REIT,A,2.111,3353388,0.1011198193799999,0.04790138293699663,2.5042,2.738,2.2859382936996635,2.0521382936996635,1055500000.0000001,phase2_correction
2024-01-25,508077.SH,华夏基金华润有巢REIT,A,2.13,4366379,0.1011198193799999,0.04747409360563376,2.4984,2.7321,2.2490093605633756,2.015309360563376,1065000000.0,phase2_correction
2024-01-26,508077.SH,华夏基金华润有巢REIT,A,2.15,987963,0.1011198193799999,0.04703247413023252,2.4994,2.7331,2.2038474130232513,1.9701474130232515,1075000000.0,phase2_correction
2024-01-29,508077.SH,华夏基金华润有巢REIT,A,2.16,2782953,0.1011198193799999,0.046814731194444396,2.494,2.7272,2.1874731194444395,1.9542731194444398,1080000000.0,phase2_correction
2024-01-30,508077.SH,华夏基金华润有巢REIT,A,2.169,3616311,0.1011198193799999,0.04662047919778695,2.4557,2.6831,2.206347919778695,1.9789479197786952,1084500000.0,phase2_correction
2024-01-31,508077.SH,华夏基金华润有巢REIT,A,2.16,3004257,0.1011198193799999,0.046814731194444396,2.433,2.6482,2.24847311944444,2.0332731194444396,1080000000.0,phase2_correction
2024-02-01,508077.SH,华夏基金华润有巢REIT,A,2.155,2873275,0.1011198193799999,0.04692335006032479,2.4354,2.6472,2.2569350060324793,2.045135006032479,1077499999.9999998,phase3_rational
2024-02-02,508077.SH,华夏基金华润有巢REIT,A,2.151,2853452,0.1011198193799999,0.047010608730822835,2.4244,2.6353,2.276660873082284,2.065760873082284,1075499999.9999998,phase3_rational
2024-02-05,508077.SH,华夏基金华润有巢REIT,A,2.145,764534,0.1011198193799999,0.047142106937062896,2.4002,2.5974,2.3140106937062894,2.1168106937062894,1072500000.0,phase3_rational
2024-02-06,508077.SH,华夏基金华润有巢REIT,A,2.149,946605,0.1011198193799999,0.04705435987901345,2.4525,2.6579,2.252935987901345,2.047535987901345,1074500000.0,phase3_rational
2024-02-07,508077.SH,华夏基金华润有巢REIT,A,2.162,3240522,0.1011198193799999,0.046771424320073966,2.4153,2.6214,2.261842432007397,2.055742432007397,1081000000.0,phase3_rational
2024-02-08,508077.SH,华夏基金华润有巢REIT,A,2.248,3117561,0.1011198193799999,0.04498212605871881,2.4379,2.6505,2.0603126058718813,1.8477126058718811,1124000000.0000002,phase3_rational
2024-02-19,508077.SH,华夏基金华润有巢REIT,A,2.346,3822163,0.1011198193799999,0.043103077314577964,2.4344,2.627,1.8759077314577963,1.6833077314577967,1173000000.0,phase3_rational
2024-02-20,508077.SH,华夏基金华润有巢REIT,A,2.322,3880796,0.1011198193799999,0.0435485871576227,2.4134,2.6004,1.9414587157622698,1.75445871576227,1161000000.0,phase3_rational
2024-02-21,508077.SH,华夏基金华润有巢REIT,A,2.326,7772549,0.1011198193799999,0.04347369706792773,2.4119,2.601,1.935469706792773,1.7463697067927733,1163000000.0,phase3_rational
2024-02-22,508077.SH,华夏基金华润有巢REIT,A,2.365,5208006,0.1011198193799999,0.042756794663847734,2.4033,2.591,1.8723794663847735,1.6846794663847735,1182500000.0000002,phase3_rational
2024-02-23,508077.SH,华夏基金华润有巢REIT,A,2.432,6835434,0.1011198193799999,0.04157887310032891,2.4009,2.5809,1.7569873100328905,1.5769873100328904,1216000000.0,phase3_rational
2024-02-26,508077.SH,华夏基金华润有巢REIT,A,2.474,9433050,0.1011198193799999,0.04087300702506059,2.3789,2.54,1.7084007025060588,1.5473007025060586,1237000000.0000002,phase3_rational
2024-02-27,508077.SH,华夏基金华润有巢REIT,A,2.48,7880863,0.1011198193799999,0.0407741207177419,2.3809,2.5224,1.69651207177419,1.5550120717741898,1240000000.0,phase3_rational
2024-02-28,508077.SH,华夏基金华润有巢REIT,A,2.441,6416945,0.1011198193799999,0.04142557123310115,2.3376,2.4868,1.804957123310115,1.655757123310115,1220499999.9999998,phase3_rational
2024-02-29,508077.SH,华夏基金华润有巢REIT,A,2.456,9504163,0.1011198193799999,0.04117256489413677,2.3375,2.4616,1.779756489413677,1.6556564894136772,1228000000.0,phase3_rational
2024-03-01,508077.SH,华夏基金华润有巢REIT,A,2.501,6504658,0.1011198193799999,0.04043175504997997,2.3675,2.4915,1.6756755049979968,1.5516755049979971,1250500000.0,phase3_rational
2024-03-04,508077.SH,华夏基金华润有巢REIT,A,2.56,7067354,0.1011198193799999,0.039499929445312464,2.3475,2.4738,1.6024929445312464,1.4761929445312463,1280000000.0,phase3_rational
2024-03-05,508077.SH,华夏基金华润有巢REIT,A,2.54,12411158,0.1011198193799999,0.039810952511810986,2.3169,2.4794,1.6641952511810985,1.5016952511810984,1270000000.0,phase3_rational
2024-03-06,508077.SH,华夏基金华润有巢REIT,A,2.495,7188289,0.1011198193799999,0.040528985723446855,2.265,2.4274,1.7878985723446852,1.6254985723446853,1247500000.0,phase3_rational
2024-03-07,508077.SH,华夏基金华润有巢REIT,A,2.45,8959206,0.1011198193799999,0.04127339566530608,2.2776,2.431,1.8497395665306082,1.6963395665306082,1225000000.0000002,phase3_rational
2024-03-08,508077.SH,华夏基金华润有巢REIT,A,2.45,7850838,0.1011198193799999,0.04127339566530608,2.2825,2.4335,1.844839566530608,1.6938395665306083,1225000000.0000002,phase3_rational
2024-03-11,508077.SH,华夏基金华润有巢REIT,A,2.479,7186291,0.1011198193799999,0.04079056852763207,2.305,2.4766,1.774056852763207,1.6024568527632073,1239500000.0,phase3_rational
2024-03-12,508077.SH,华夏基金华润有巢REIT,A,2.474,3139765,0.1011198193799999,0.04087300702506059,2.3476,2.5415,1.7397007025060587,1.5458007025060585,1237000000.0000002,phase3_rational
2024-03-13,508077.SH,华夏基金华润有巢REIT,A,2.469,4935726,0.1011198193799999,0.04095577941676789,2.3326,2.5313,1.7629779416767888,1.5642779416767887,1234500000.0,phase3_rational
2024-03-14,508077.SH,华夏基金华润有巢REIT,A,2.466,6136165,0.1011198193799999,0.0410056039659367,2.3425,2.5343,1.7580603965936699,1.5662603965936697,1233000000.0000002,phase3_rational
2024-03-15,508077.SH,华夏基金华润有巢REIT,A,2.476,4502714,0.1011198193799999,0.040839991672051656,2.32,2.5094,1.7639991672051658,1.5745991672051658,1238000000.0,phase3_rational
2024-03-18,508077.SH,华夏基金华润有巢REIT,A,2.459,1107840,0.1011198193799999,0.041122334030093494,2.2926,2.4857,1.819633403009349,1.6265334030093492,1229500000.0,phase3_rational
2024-03-19,508077.SH,华夏基金华润有巢REIT,A,2.473,5890705,0.1011198193799999,0.040889534727052125,2.2801,2.4485,1.8088534727052128,1.6404534727052127,1236500000.0,phase3_rational
2024-03-20,508077.SH,华夏基金华润有巢REIT,A,2.498,2635527,0.1011198193799999,0.04048031200160124,2.2951,2.466,1.7529312001601238,1.5820312001601238,1249000000.0000002,phase3_rational
2024-03-21,508077.SH,华夏基金华润有巢REIT,A,2.471,2664848,0.1011198193799999,0.04092263026305136,2.2851,2.4615,1.807163026305136,1.6307630263051358,1235500000.0,phase3_rational
2024-03-22,508077.SH,华夏基金华润有巢REIT,A,2.454,5961986,0.1011198193799999,0.041206120366748124,2.3051,2.4832,1.815512036674812,1.637412036674812,1227000000.0000002,phase3_rational
2024-03-25,508077.SH,华夏基金华润有巢REIT,A,2.423,1545204,0.1011198193799999,0.04173331381758147,2.3151,2.4962,1.8582313817581468,1.677131381758147,1211500000.0,phase3_rational
2024-03-26,508077.SH,华夏基金华润有巢REIT,A,2.445,3651043,0.1011198193799999,0.04135779933742328,2.3175,2.4982,1.8182799337423274,1.6375799337423271,1222499999.9999998,phase3_rational
2024-03-27,508077.SH,华夏基金华润有巢REIT,A,2.501,5635630,0.1011198193799999,0.04043175504997997,2.2876,2.4636,1.755575504997997,1.579575504997997,1250500000.0,phase3_rational
2024-03-28,508077.SH,华夏基金华润有巢REIT,A,2.485,2995478,0.1011198193799999,0.04069208023340037,2.3026,2.4664,1.7666080233400363,1.6028080233400361,1242500000.0,phase3_rational
2024-03-29,508077.SH,华夏基金华润有巢REIT,A,2.482,2803671,0.1011198193799999,0.04074126485898465,2.2901,2.4594,1.7840264858984645,1.6147264858984642,1241000000.0000002,phase3_rational
2024-04-01,508077.SH,华夏基金华润有巢REIT,A,2.5,3402847,0.1011198193799999,0.040447927751999964,2.3082,2.4848,1.736592775199997,1.559992775199997,1250000000.0,phase3_rational
2024-04-02,508077.SH,华夏基金华润有巢REIT,A,2.502,4475659,0.1011198193799999,0.04041559527577934,2.2927,2.475,1.7488595275779346,1.5665595275779345,1250999999.9999998,phase3_rational
2024-04-03,508077.SH,华夏基金华润有巢REIT,A,2.505,5831595,0.1011198193799999,0.04036719336526943,2.2837,2.4635,1.7530193365269429,1.5732193365269431,1252500000.0,phase3_rational
2024-04-08,508077.SH,华夏基金华润有巢REIT,A,2.507,4867455,0.1011198193799999,0.04033498978061424,2.2822,2.4656,1.7512989780614245,1.5678989780614248,1253500000.0,phase3_rational
2024-04-09,508077.SH,华夏基金华润有巢REIT,A,2.496,3806852,0.1011198193799999,0.04051274814903842,2.2802,2.4637,1.7710748149038427,1.5875748149038427,1248000000.0,phase3_rational
2024-04-10,508077.SH,华夏基金华润有巢REIT,A,2.439,4692508,0.1011198193799999,0.041459540541205375,2.2972,2.4891,1.848754054120537,1.656854054120537,1219500000.0,phase3_rational
2024-04-11,508077.SH,华夏基金华润有巢REIT,A,2.455,4552930,0.1011198193799999,0.04118933579633397,2.2928,2.4928,1.8261335796333973,1.6261335796333976,1227500000.0,phase3_rational
2024-04-12,508077.SH,华夏基金华润有巢REIT,A,2.446,3738617,0.1011198193799999,0.041340890997546974,2.2837,2.487,1.8503890997546972,1.6470890997546972,1223000000.0000002,phase3_rational
2024-04-15,508077.SH,华夏基金华润有巢REIT,A,2.428,3988929,0.1011198193799999,0.04164737206754527,2.2798,2.4863,1.8849372067545271,1.678437206754527,1214000000.0,phase3_rational
2024-04-16,508077.SH,华夏基金华润有巢REIT,A,2.419,2958959,0.1011198193799999,0.0418023230177759,2.2723,2.4717,1.9079323017775898,1.70853230177759,1209500000.0,phase3_rational
2024-04-17,508077.SH,华夏基金华润有巢REIT,A,2.43,3224673,0.1011198193799999,0.04161309439506169,2.2608,2.4556,1.9005094395061684,1.7057094395061685,1215000000.0000002,phase3_rational
2024-04-18,508077.SH,华夏基金华润有巢REIT,A,2.434,2360877,0.1011198193799999,0.04154470804437136,2.2537,2.4466,1.9007708044371365,1.7078708044371362,1217000000.0000002,phase3_rational
2024-04-19,508077.SH,华夏基金华润有巢REIT,A,2.427,1947483,0.1011198193799999,0.04166453208899872,2.254,2.4411,1.9124532088998722,1.7253532088998722,1213500000.0,phase3_rational
2024-04-22,508077.SH,华夏基金华润有巢REIT,A,2.464,3598395,0.1011198193799999,0.04103888773538957,2.2435,2.4341,1.8603887735389568,1.669788773538957,1232000000.0,phase3_rational
2024-04-23,508077.SH,华夏基金华润有巢REIT,A,2.491,2468835,0.1011198193799999,0.040594066391007586,2.226,2.4211,1.8334066391007582,1.6383066391007581,1245500000.0,phase3_rational
2024-04-24,508077.SH,华夏基金华润有巢REIT,A,2.512,3304545,0.1011198193799999,0.04025470516719742,2.2727,2.4791,1.752770516719742,1.5463705167197421,1256000000.0,phase3_rational
2024-04-25,508077.SH,华夏基金华润有巢REIT,A,2.543,2743799,0.1011198193799999,0.03976398717263071,2.2612,2.4841,1.7151987172630707,1.4922987172630706,1271500000.0000002,phase3_rational
2024-04-26,508077.SH,华夏基金华润有巢REIT,A,2.56,3863783,0.1011198193799999,0.039499929445312464,2.3084,2.5257,1.6415929445312467,1.4242929445312464,1280000000.0,phase3_rational
2024-04-29,508077.SH,华夏基金华润有巢REIT,A,2.545,5949192,0.1011198193799999,0.039732738459724914,2.353,2.5833,1.6202738459724912,1.3899738459724915,1272500000.0,phase3_rational
2024-04-30,508077.SH,华夏基金华润有巢REIT,A,2.538,2553392,0.1011198193799999,0.03984232442080375,2.3028,2.5382,1.681432442080375,1.4460324420803752,1268999999.9999998,phase3_rational
2024-05-06,508077.SH,华夏基金华润有巢REIT,A,2.562,2234023,0.1011198193799999,0.03946909421545664,2.3081,2.5587,1.6388094215456643,1.3882094215456644,1280999999.9999998,phase3_rational
2024-05-07,508077.SH,华夏基金华润有巢REIT,A,2.584,2707986,0.1011198193799999,0.03913305703560368,2.2896,2.5413,1.623705703560368,1.3720057035603679,1292000000.0,phase3_rational
2024-05-08,508077.SH,华夏基金华润有巢REIT,A,2.571,1642804,0.1011198193799999,0.03933092935822633,2.2955,2.55,1.6375929358226329,1.3830929358226332,1285500000.0000002,phase3_rational
2024-05-09,508077.SH,华夏基金华润有巢REIT,A,2.589,3532881,0.1011198193799999,0.0390574814136732,2.3186,2.5726,1.5871481413673196,1.3331481413673196,1294500000.0,phase3_rational
2024-05-10,508077.SH,华夏基金华润有巢REIT,A,2.593,1009642,0.1011198193799999,0.03899723076745079,2.3122,2.5826,1.5875230767450792,1.3171230767450792,1296500000.0,phase3_rational
2024-05-13,508077.SH,华夏基金华润有巢REIT,A,2.57,2970882,0.1011198193799999,0.03934623322178985,2.29,2.5661,1.644623322178985,1.368523322178985,1284999999.9999998,phase3_rational
2024-05-14,508077.SH,华夏基金华润有巢REIT,A,2.575,1448992,0.1011198193799999,0.039269832768932,2.2938,2.5631,1.6331832768931998,1.3638832768931999,1287500000.0000002,phase3_rational
2024-05-15,508077.SH,华夏基金华润有巢REIT,A,2.568,1954630,0.1011198193799999,0.03937687670560744,2.302,2.5681,1.6356876705607437,1.369587670560744,1284000000.0,phase3_rational
2024-05-16,508077.SH,华夏基金华润有巢REIT,A,2.604,2431794,0.1011198193799999,0.03883249592165895,2.3147,2.5811,1.568549592165895,1.302149592165895,1302000000.0,phase3_rational
2024-05-17,508077.SH,华夏基金华润有巢REIT,A,2.591,1679177,0.1011198193799999,0.039027332836742534,2.3077,2.5867,1.5950332836742533,1.3160332836742534,1295500000.0000002,phase3_rational
2024-05-20,508077.SH,华夏基金华润有巢REIT,A,2.559,1926341,0.1011198193799999,0.03951536513481825,2.3105,2.5917,1.6410365134818248,1.359836513481825,1279500000.0000002,phase3_rational
2024-05-21,508077.SH,华夏基金华润有巢REIT,A,2.579,1839564,0.1011198193799999,0.039208925699883636,2.3141,2.5927,1.6067925699883636,1.3281925699883637,1289500000.0000002,phase3_rational
2024-05-22,508077.SH,华夏基金华润有巢REIT,A,2.573,2622222,0.1011198193799999,0.039300357318305446,2.3123,2.57,1.6177357318305448,1.360035731830545,1286500000.0,phase3_rational
2024-05-23,508077.SH,华夏基金华润有巢REIT,A,2.543,5243383,0.1011198193799999,0.03976398717263071,2.3063,2.5451,1.670098717263071,1.4312987172630707,1271500000.0000002,phase3_rational
2024-05-24,508077.SH,华夏基金华润有巢REIT,A,2.547,1573675,0.1011198193799999,0.03970153882214366,2.3134,2.5515,1.6567538822143657,1.418653882214366,1273500000.0000002,phase3_rational
2024-05-27,508077.SH,华夏基金华润有巢REIT,A,2.542,1824117,0.1011198193799999,0.039779629968528685,2.3084,2.5452,1.6695629968528687,1.4327629968528686,1270999999.9999998,phase3_rational
2024-05-28,508077.SH,华夏基金华润有巢REIT,A,2.545,1993144,0.1011198193799999,0.039732738459724914,2.2994,2.5302,1.6738738459724916,1.4430738459724917,1272500000.0,phase3_rational
2024-05-29,508077.SH,华夏基金华润有巢REIT,A,2.527,4165552,0.1011198193799999,0.04001575757024135,2.2776,2.5242,1.7239757570241356,1.4773757570241357,1263500000.0,phase3_rational
2024-05-30,508077.SH,华夏基金华润有巢REIT,A,2.514,3202017,0.1011198193799999,0.04022268073985677,2.2826,2.5327,1.7396680739856767,1.4895680739856765,1256999999.9999998,phase3_rational
2024-05-31,508077.SH,华夏基金华润有巢REIT,A,2.527,1720594,0.1011198193799999,0.04001575757024135,2.2926,2.5552,1.7089757570241355,1.4463757570241356,1263500000.0,phase3_rational
2024-06-03,508077.SH,华夏基金华润有巢REIT,A,2.542,1310804,0.1011198193799999,0.039779629968528685,2.2853,2.5473,1.6926629968528686,1.4306629968528686,1270999999.9999998,phase3_rational
2024-06-04,508077.SH,华夏基金华润有巢REIT,A,2.564,3232413,0.1011198193799999,0.039438307090483585,2.2854,2.5453,1.6584307090483583,1.3985307090483583,1282000000.0,phase3_rational
2024-06-05,508077.SH,华夏基金华润有巢REIT,A,2.575,2005638,0.1011198193799999,0.039269832768932,2.2808,2.5378,1.6461832768931997,1.3891832768932,1287500000.0000002,phase3_rational
2024-06-06,508077.SH,华夏基金华润有巢REIT,A,2.579,2169016,0.1011198193799999,0.039208925699883636,2.2828,2.5378,1.6380925699883635,1.3830925699883636,1289500000.0000002,phase3_rational
2024-06-07,508077.SH,华夏基金华润有巢REIT,A,2.569,1353736,0.1011198193799999,0.03936154899961071,2.2833,2.5303,1.652854899961071,1.4058548999610712,1284500000.0,phase3_rational
2024-06-11,508077.SH,华夏基金华润有巢REIT,A,2.567,1230090,0.1011198193799999,0.039392216353720255,2.2791,2.5195,1.6601216353720254,1.4197216353720257,1283500000.0000002,phase3_rational
2024-06-12,508077.SH,华夏基金华润有巢REIT,A,2.57,3769680,0.1011198193799999,0.03934623322178985,2.276,2.5235,1.6586233221789852,1.4111233221789852,1284999999.9999998,phase3_rational
2024-06-13,508077.SH,华夏基金华润有巢REIT,A,2.592,2326471,0.1011198193799999,0.039012275995370334,2.2678,2.5175,1.6334275995370335,1.3837275995370333,1296000000.0,phase3_rational
2024-06-14,508077.SH,华夏基金华润有巢REIT,A,2.595,3120819,0.1011198193799999,0.038967175098265854,2.2558,2.499,1.6409175098265854,1.397717509826585,1297500000.0000002,phase3_rational
2024-06-17,508077.SH,华夏基金华润有巢REIT,A,2.588,1697390,0.1011198193799999,0.0390725731761978,2.2609,2.5057,1.6463573176197799,1.4015573176197798,1294000000.0,phase3_rational
2024-06-18,508077.SH,华夏基金华润有巢REIT,A,2.584,1518065,0.1011198193799999,0.03913305703560368,2.2537,2.4887,1.6596057035603682,1.4246057035603679,1292000000.0,phase3_rational
2024-06-19,508077.SH,华夏基金华润有巢REIT,A,2.571,2325060,0.1011198193799999,0.03933092935822633,2.2429,2.4797,1.6901929358226329,1.4533929358226332,1285500000.0000002,phase3_rational
2024-06-20,508077.SH,华夏基金华润有巢REIT,A,2.564,3514156,0.1011198193799999,0.039438307090483585,2.2445,2.4708,1.6993307090483585,1.4730307090483583,1282000000.0,phase3_rational
2024-06-21,508077.SH,华夏基金华润有巢REIT,A,2.57,2218529,0.1011198193799999,0.03934623322178985,2.2571,2.4797,1.6775233221789851,1.4549233221789852,1284999999.9999998,phase3_rational
2024-06-24,508077.SH,华夏基金华润有巢REIT,A,2.57,1529366,0.1011198193799999,0.03934623322178985,2.2451,2.4607,1.6895233221789852,1.473923322178985,1284999999.9999998,phase3_rational
2024-06-25,508077.SH,华夏基金华润有巢REIT,A,2.56,3531660,0.1011198193799999,0.039499929445312464,2.235,2.4477,1.7149929445312466,1.5022929445312463,1280000000.0,phase3_rational
2024-06-26,508077.SH,华夏基金华润有巢REIT,A,2.561,3547118,0.1011198193799999,0.039484505810230344,2.2225,2.4442,1.7259505810230342,1.5042505810230344,1280500000.0,phase3_rational
2024-06-27,508077.SH,华夏基金华润有巢REIT,A,2.604,3538544,0.1011198193799999,0.03883249592165895,2.2081,2.4282,1.6751495921658952,1.4550495921658952,1302000000.0,phase3_rational
2024-06-28,508077.SH,华夏基金华润有巢REIT,A,2.602,4104684,0.1011198193799999,0.038862344112221336,2.2058,2.4282,1.6804344112221337,1.4580344112221337,1301000000.0,phase3_rational
2024-07-01,508077.SH,华夏基金华润有巢REIT,A,2.612,2832740,0.1011198193799999,0.0387135602526799,2.2486,2.4782,1.6227560252679898,1.3931560252679898,1306000000.0,phase3_rational
2024-07-02,508077.SH,华夏基金华润有巢REIT,A,2.646,2577448,0.1011198193799999,0.038216107097505635,2.2369,2.4692,1.5847107097505635,1.3524107097505635,1323000000.0,phase3_rational
2024-07-03,508077.SH,华夏基金华润有巢REIT,A,2.646,3200275,0.1011198193799999,0.038216107097505635,2.2426,2.4738,1.5790107097505635,1.3478107097505632,1323000000.0,phase3_rational
2024-07-04,508077.SH,华夏基金华润有巢REIT,A,2.645,2565413,0.1011198193799999,0.03823055553119089,2.2502,2.4798,1.5728555531190889,1.3432555531190888,1322500000.0,phase3_rational
2024-07-05,508077.SH,华夏基金华润有巢REIT,A,2.639,2599255,0.1011198193799999,0.038317476081849156,2.2754,2.513,1.556347608184916,1.3187476081849159,1319500000.0,phase3_rational
2024-07-08,508077.SH,华夏基金华润有巢REIT,A,2.616,2805325,0.1011198193799999,0.03865436520642198,2.2904,2.5205,1.5750365206421981,1.344936520642198,1308000000.0,phase3_rational
2024-07-09,508077.SH,华夏基金华润有巢REIT,A,2.622,2876163,0.1011198193799999,0.0385659112814645,2.2698,2.5017,1.5867911281464497,1.3548911281464497,1311000000.0,phase3_rational
2024-07-10,508077.SH,华夏基金华润有巢REIT,A,2.649,2607311,0.1011198193799999,0.038172827248018085,2.2707,2.5068,1.5465827248018083,1.3104827248018083,1324500000.0,phase3_rational
2024-07-11,508077.SH,华夏基金华润有巢REIT,A,2.647,2518963,0.1011198193799999,0.038201669580657314,2.2648,2.5025,1.5553669580657314,1.3176669580657316,1323500000.0,phase3_rational
2024-07-12,508077.SH,华夏基金华润有巢REIT,A,2.68,1612097,0.1011198193799999,0.03773127588805966,2.2604,2.4921,1.5127275888059661,1.2810275888059661,1340000000.0,phase3_rational
2024-07-15,508077.SH,华夏基金华润有巢REIT,A,2.71,3080265,0.1011198193799999,0.037313586487084834,2.2541,2.4772,1.4772586487084833,1.2541586487084837,1355000000.0,phase3_rational
2024-07-16,508077.SH,华夏基金华润有巢REIT,A,2.701,4120214,0.1011198193799999,0.03743791905960752,2.2613,2.4801,1.4824919059607522,1.2636919059607519,1350500000.0,phase3_rational
2024-07-17,508077.SH,华夏基金华润有巢REIT,A,2.696,1863426,0.1011198193799999,0.037507351402077116,2.2598,2.4812,1.490935140207712,1.269535140207712,1348000000.0,phase3_rational
2024-07-18,508077.SH,华夏基金华润有巢REIT,A,2.71,1997388,0.1011198193799999,0.037313586487084834,2.2673,2.4901,1.4640586487084835,1.2412586487084836,1355000000.0,phase3_rational
2024-07-19,508077.SH,华夏基金华润有巢REIT,A,2.696,2194491,0.1011198193799999,0.037507351402077116,2.2614,2.4842,1.4893351402077117,1.2665351402077119,1348000000.0,phase3_rational
2024-07-22,508077.SH,华夏基金华润有巢REIT,A,2.69,2098673,0.1011198193799999,0.03759101092193305,2.2461,2.4712,1.513001092193305,1.2879010921933052,1345000000.0,phase3_rational
2024-07-23,508077.SH,华夏基金华润有巢REIT,A,2.689,2949982,0.1011198193799999,0.0376049904722945,2.2322,2.4691,1.5282990472294498,1.2913990472294499,1344500000.0,phase3_rational
2024-07-24,508077.SH,华夏基金华润有巢REIT,A,2.688,2365070,0.1011198193799999,0.03761898042410711,2.2381,2.4676,1.5237980424107107,1.294298042410711,1344000000.0,phase3_rational
2024-07-25,508077.SH,华夏基金华润有巢REIT,A,2.686,2277238,0.1011198193799999,0.03764699157855544,2.2168,2.4357,1.5478991578555434,1.3289991578555433,1343000000.0,phase3_rational
2024-07-26,508077.SH,华夏基金华润有巢REIT,A,2.72,3847394,0.1011198193799999,0.037176404183823494,2.1944,2.4226,1.5232404183823496,1.2950404183823494,1360000000.0,phase3_rational
2024-07-29,508077.SH,华夏基金华润有巢REIT,A,2.714,1438573,0.1011198193799999,0.037258592254974174,2.1574,2.39,1.5684592254974175,1.3358592254974173,1357000000.0,phase3_rational
2024-07-30,508077.SH,华夏基金华润有巢REIT,A,2.729,3386476,0.1011198193799999,0.0370537996995236,2.148,2.3765,1.5573799699523594,1.3288799699523595,1364500000.0,phase3_rational
2024-07-31,508077.SH,华夏基金华润有巢REIT,A,2.733,2565400,0.1011198193799999,0.0369995680131723,2.1494,2.3825,1.5505568013172302,1.3174568013172303,1366500000.0,phase3_rational
2024-08-01,508077.SH,华夏基金华润有巢REIT,A,2.743,2419596,0.1011198193799999,0.03686468078016767,2.1297,2.3651,1.5567680780167668,1.321368078016767,1371500000.0,phase3_rational
2024-08-02,508077.SH,华夏基金华润有巢REIT,A,2.748,2943745,0.1011198193799999,0.03679760530567682,2.1277,2.3465,1.5520605305676822,1.3332605305676823,1374000000.0,phase3_rational
2024-08-05,508077.SH,华夏基金华润有巢REIT,A,2.756,2970033,0.1011198193799999,0.03669079077648763,2.1376,2.3375,1.5314790776487635,1.3315790776487635,1378000000.0,phase3_rational
2024-08-06,508077.SH,华夏基金华润有巢REIT,A,2.728,2142125,0.1011198193799999,0.03706738247067445,2.1491,2.355,1.557638247067445,1.3517382470674448,1364000000.0,phase3_rational
2024-08-07,508077.SH,华夏基金华润有巢REIT,A,2.752,4685989,0.1011198193799999,0.03674412041424416,2.1414,2.335,1.5330120414244157,1.3394120414244157,1376000000.0,phase3_rational
2024-08-08,508077.SH,华夏基金华润有巢REIT,A,2.739,2973807,0.1011198193799999,0.036918517480832386,2.181,2.37,1.5108517480832386,1.3218517480832386,1369500000.0,phase3_rational
2024-08-09,508077.SH,华夏基金华润有巢REIT,A,2.747,3009219,0.1011198193799999,0.03681100086639968,2.1986,2.38,1.482500086639968,1.301100086639968,1373500000.0,phase3_rational
2024-08-12,508077.SH,华夏基金华润有巢REIT,A,2.744,2043777,0.1011198193799999,0.03685124612973757,2.2508,2.435,1.4343246129737572,1.250124612973757,1372000000.0,phase3_rational
2024-08-13,508077.SH,华夏基金华润有巢REIT,A,2.723,2986890,0.1011198193799999,0.03713544597135509,2.2255,2.4075,1.488044597135509,1.3060445971355086,1361500000.0,phase3_rational
2024-08-14,508077.SH,华夏基金华润有巢REIT,A,2.738,3734009,0.1011198193799999,0.036932001234477686,2.1966,2.3751,1.4966001234477684,1.3181001234477683,1369000000.0,phase3_rational
2024-08-15,508077.SH,华夏基金华润有巢REIT,A,2.751,2782288,0.1011198193799999,0.036757477055616106,2.205,2.39,1.4707477055616103,1.2857477055616102,1375500000.0,phase3_rational
2024-08-16,508077.SH,华夏基金华润有巢REIT,A,2.725,1283306,0.1011198193799999,0.0371081905981651,2.1978,2.39,1.5130190598165099,1.3208190598165097,1362500000.0,phase3_rational
2024-08-19,508077.SH,华夏基金华润有巢REIT,A,2.722,1754769,0.1011198193799999,0.03714908867744302,2.1816,2.3675,1.533308867744302,1.347408867744302,1361000000.0,phase3_rational
2024-08-20,508077.SH,华夏基金华润有巢REIT,A,2.721,2922582,0.1011198193799999,0.03716274141124583,2.171,2.36,1.5452741411245832,1.356274141124583,1360500000.0,phase3_rational
2024-08-21,508077.SH,华夏基金华润有巢REIT,A,2.699,2543199,0.1011198193799999,0.03746566112634306,2.167,2.3551,1.5795661126343061,1.3914661126343058,1349500000.0,phase3_rational
2024-08-22,508077.SH,华夏基金华润有巢REIT,A,2.747,2745123,0.1011198193799999,0.03681100086639968,2.1582,2.3476,1.522900086639968,1.333500086639968,1373500000.0,phase3_rational
2024-08-23,508077.SH,华夏基金华润有巢REIT,A,2.791,2693460,0.1011198193799999,0.03623067695449656,2.1547,2.3401,1.4683676954496563,1.2829676954496563,1395500000.0,phase3_rational
2024-08-26,508077.SH,华夏基金华润有巢REIT,A,2.78,1548629,0.1011198193799999,0.03637403574820141,2.1628,2.3475,1.474603574820141,1.2899035748201406,1390000000.0,phase3_rational
2024-08-27,508077.SH,华夏基金华润有巢REIT,A,2.779,2324965,0.1011198193799999,0.03638712464195751,2.1903,2.3825,1.4484124641957505,1.2562124641957508,1389500000.0,phase3_rational
2024-08-28,508077.SH,华夏基金华润有巢REIT,A,2.746,2622718,0.1011198193799999,0.03682440618353966,2.1673,2.355,1.515140618353966,1.327440618353966,1373000000.0,phase3_rational
2024-08-29,508077.SH,华夏基金华润有巢REIT,A,2.712,1649609,0.1011198193799999,0.037286069092920315,2.1703,2.365,1.5583069092920314,1.3636069092920313,1356000000.0,phase3_rational
2024-08-30,508077.SH,华夏基金华润有巢REIT,A,2.689,1985853,0.1011198193799999,0.0376049904722945,2.1704,2.3651,1.59009904722945,1.39539904722945,1344500000.0,phase3_rational
2024-09-02,508077.SH,华夏基金华润有巢REIT,A,2.717,1695355,0.1011198193799999,0.03721745284504965,2.1457,2.3425,1.576045284504965,1.3792452845049654,1358500000.0,phase3_rational
2024-09-03,508077.SH,华夏基金华润有巢REIT,A,2.709,2405808,0.1011198193799999,0.03732736042081945,2.1432,2.339,1.5895360420819449,1.3937360420819451,1354500000.0,phase3_rational
2024-09-04,508077.SH,华夏基金华润有巢REIT,A,2.705,916095,0.1011198193799999,0.037382557996303106,2.1336,2.3225,1.6046557996303106,1.4157557996303107,1352500000.0,phase3_rational
2024-09-05,508077.SH,华夏基金华润有巢REIT,A,2.707,2948810,0.1011198193799999,0.03735493881787954,2.1338,2.3125,1.6016938817879538,1.4229938817879537,1353500000.0,phase3_rational
2024-09-06,508077.SH,华夏基金华润有巢REIT,A,2.697,2861941,0.1011198193799999,0.03749344433815347,2.1388,2.309,1.6105444338153472,1.4403444338153468,1348500000.0,phase3_rational
2024-09-09,508077.SH,华夏基金华润有巢REIT,A,2.713,2413041,0.1011198193799999,0.03727232561002577,2.1267,2.29,1.6005325610025767,1.4372325610025767,1356500000.0,phase3_rational
2024-09-10,508077.SH,华夏基金华润有巢REIT,A,2.718,1207558,0.1011198193799999,0.03720375988962469,2.1143,2.267,1.606075988962469,1.4533759889624691,1359000000.0,phase3_rational
2024-09-11,508077.SH,华夏基金华润有巢REIT,A,2.715,2565709,0.1011198193799999,0.037244869016574554,2.1044,2.263,1.6200869016574555,1.4614869016574557,1357500000.0,phase3_rational
2024-09-12,508077.SH,华夏基金华润有巢REIT,A,2.681,2464686,0.1011198193799999,0.03771720230511,2.0998,2.2471,1.6719202305109997,1.5246202305109997,1340500000.0,phase3_rational
2024-09-13,508077.SH,华夏基金华润有巢REIT,A,2.685,1911964,0.1011198193799999,0.037661012804469235,2.0724,2.2176,1.6937012804469234,1.5485012804469234,1342500000.0,phase3_rational
2024-09-18,508077.SH,华夏基金华润有巢REIT,A,2.689,1004492,0.1011198193799999,0.0376049904722945,2.0403,2.165,1.7201990472294502,1.59549904722945,1344500000.0,phase3_rational
2024-09-19,508077.SH,华夏基金华润有巢REIT,A,2.682,2400263,0.1011198193799999,0.037703139217002204,2.045,2.17,1.7253139217002205,1.6003139217002205,1341000000.0,phase3_rational
2024-09-20,508077.SH,华夏基金华润有巢REIT,A,2.665,1273052,0.1011198193799999,0.037943647046904276,2.0431,2.15,1.7512647046904277,1.6443647046904277,1332500000.0,phase3_rational
2024-09-23,508077.SH,华夏基金华润有巢REIT,A,2.637,3078764,0.1011198193799999,0.03834653749715582,2.0381,2.14,1.7965537497155823,1.6946537497155822,1318500000.0,phase3_rational
2024-09-24,508077.SH,华夏基金华润有巢REIT,A,2.678,876548,0.1011198193799999,0.03775945458551154,2.0728,2.19,1.703145458551154,1.585945458551154,1339000000.0,phase3_rational
2024-09-25,508077.SH,华夏基金华润有巢REIT,A,2.713,2516055,0.1011198193799999,0.03727232561002577,2.0437,2.155,1.6835325610025769,1.572232561002577,1356500000.0,phase3_rational
2024-09-26,508077.SH,华夏基金华润有巢REIT,A,2.738,2989907,0.1011198193799999,0.036932001234477686,2.0787,2.22,1.6145001234477685,1.4732001234477683,1369000000.0,phase3_rational
2024-09-27,508077.SH,华夏基金华润有巢REIT,A,2.703,1299809,0.1011198193799999,0.03741021804661484,2.1714,2.3475,1.5696218046614838,1.393521804661484,1351500000.0,phase3_rational
2024-09-30,508077.SH,华夏基金华润有巢REIT,A,2.7,2218583,0.1011198193799999,0.03745178495555552,2.1518,2.355,1.5933784955555517,1.3901784955555518,1350000000.0,phase3_rational
2024-10-08,508077.SH,华夏基金华润有巢REIT,A,2.676,1775860,0.1011198193799999,0.037787675403587406,2.1928,2.38,1.5859675403587405,1.3987675403587407,1338000000.0,phase3_rational
2024-10-09,508077.SH,华夏基金华润有巢REIT,A,2.627,3552036,0.1011198193799999,0.03849250832889224,2.176,2.3576,1.6732508328892242,1.4916508328892242,1313500000.0,phase3_rational
2024-10-10,508077.SH,华夏基金华润有巢REIT,A,2.603,3574129,0.1011198193799999,0.038847414283518976,2.1441,2.29,1.7406414283518976,1.5947414283518975,1301500000.0000002,phase3_rational
2024-10-11,508077.SH,华夏基金华润有巢REIT,A,2.622,2652750,0.1011198193799999,0.0385659112814645,2.1392,2.3,1.7173911281464496,1.55659112814645,1311000000.0,phase3_rational
2024-10-14,508077.SH,华夏基金华润有巢REIT,A,2.599,3286715,0.1011198193799999,0.038907202531742936,2.1368,2.3126,1.7539202531742935,1.5781202531742933,1299500000.0000002,phase3_rational
2024-10-15,508077.SH,华夏基金华润有巢REIT,A,2.595,2233538,0.1011198193799999,0.038967175098265854,2.1254,2.3125,1.7713175098265852,1.5842175098265852,1297500000.0000002,phase3_rational
2024-10-16,508077.SH,华夏基金华润有巢REIT,A,2.575,3152553,0.1011198193799999,0.039269832768932,2.1331,2.328,1.7938832768931996,1.5989832768932,1287500000.0000002,phase3_rational
2024-10-17,508077.SH,华夏基金华润有巢REIT,A,2.576,1033525,0.1011198193799999,0.039254588268633504,2.1084,2.295,1.8170588268633505,1.6304588268633506,1288000000.0,phase3_rational
2024-10-18,508077.SH,华夏基金华润有巢REIT,A,2.586,1459628,0.1011198193799999,0.03910279171693732,2.1209,2.305,1.7893791716937324,1.605279171693732,1292999999.9999998,phase3_rational
2024-10-21,508077.SH,华夏基金华润有巢REIT,A,2.57,3244156,0.1011198193799999,0.03934623322178985,2.1211,2.3075,1.8135233221789848,1.627123322178985,1284999999.9999998,phase3_rational
2024-10-22,508077.SH,华夏基金华润有巢REIT,A,2.57,2697488,0.1011198193799999,0.03934623322178985,2.1458,2.34,1.788823322178985,1.5946233221789852,1284999999.9999998,phase3_rational
2024-10-23,508077.SH,华夏基金华润有巢REIT,A,2.57,3298861,0.1011198193799999,0.03934623322178985,2.1559,2.355,1.778723322178985,1.579623322178985,1284999999.9999998,phase3_rational
2024-10-24,508077.SH,华夏基金华润有巢REIT,A,2.543,2732983,0.1011198193799999,0.03976398717263071,2.1661,2.355,1.8102987172630707,1.6213987172630708,1271500000.0000002,phase3_rational
2024-10-25,508077.SH,华夏基金华润有巢REIT,A,2.525,3740475,0.1011198193799999,0.040047453219801944,2.1539,2.36,1.8508453219801941,1.6447453219801944,1262500000.0,phase3_rational
2024-10-28,508077.SH,华夏基金华润有巢REIT,A,2.488,1784327,0.1011198193799999,0.0406430142202572,2.1617,2.38,1.9026014220257195,1.6843014220257198,1244000000.0,phase3_rational
2024-10-29,508077.SH,华夏基金华润有巢REIT,A,2.502,4136936,0.1011198193799999,0.04041559527577934,2.1598,2.366,1.8817595275779344,1.6755595275779345,1250999999.9999998,phase3_rational
2024-10-30,508077.SH,华夏基金华润有巢REIT,A,2.506,3302971,0.1011198193799999,0.04035108514764562,2.1597,2.36,1.8754085147645618,1.675108514764562,1252999999.9999998,phase3_rational
2024-10-31,508077.SH,华夏基金华润有巢REIT,A,2.5,3808625,0.1011198193799999,0.040447927751999964,2.1476,2.335,1.8971927751999966,1.7097927751999968,1250000000.0,phase3_rational
2024-11-01,508077.SH,华夏基金华润有巢REIT,A,2.486,2457153,0.1011198193799999,0.040675711737731254,2.1406,2.3175,1.9269711737731257,1.7500711737731258,1243000000.0000002,phase3_rational
2024-11-04,508077.SH,华夏基金华润有巢REIT,A,2.481,3000977,0.1011198193799999,0.04075768616686816,2.1275,2.305,1.9482686166868164,1.7707686166868162,1240500000.0,phase3_rational
2024-11-05,508077.SH,华夏基金华润有巢REIT,A,2.469,3448477,0.1011198193799999,0.04095577941676789,2.1106,2.2825,1.9849779416767888,1.8130779416767884,1234500000.0,phase3_rational
2024-11-06,508077.SH,华夏基金华润有巢REIT,A,2.466,3429679,0.1011198193799999,0.0410056039659367,2.1234,2.29,1.9771603965936695,1.8105603965936696,1233000000.0000002,phase3_rational
2024-11-07,508077.SH,华夏基金华润有巢REIT,A,2.532,2844197,0.1011198193799999,0.03993673751184831,2.1115,2.28,1.8821737511848307,1.7136737511848308,1266000000.0,phase3_rational
2024-11-08,508077.SH,华夏基金华润有巢REIT,A,2.585,2787891,0.1011198193799999,0.03911791852224368,2.1067,2.2775,1.805091852224368,1.6342918522243681,1292500000.0,phase3_rational
2024-11-11,508077.SH,华夏基金华润有巢REIT,A,2.626,2327020,0.1011198193799999,0.038507166557501867,2.092,2.2575,1.7587166557501868,1.593216655750187,1313000000.0,phase3_rational
2024-11-12,508077.SH,华夏基金华润有巢REIT,A,2.623,3153760,0.1011198193799999,0.038551208303469274,2.0729,2.236,1.7822208303469274,1.6191208303469273,1311500000.0,phase3_rational
2024-11-13,508077.SH,华夏基金华润有巢REIT,A,2.626,3571690,0.1011198193799999,0.038507166557501867,2.0876,2.26,1.7631166557501867,1.590716655750187,1313000000.0,phase3_rational
2024-11-14,508077.SH,华夏基金华润有巢REIT,A,2.632,3523769,0.1011198193799999,0.0384193842629179,2.0808,2.261,1.7611384262917897,1.5809384262917896,1316000000.0,phase3_rational
2024-11-15,508077.SH,华夏基金华润有巢REIT,A,2.599,3645266,0.1011198193799999,0.038907202531742936,2.0948,2.2825,1.7959202531742933,1.6082202531742933,1299500000.0000002,phase3_rational
2024-11-18,508077.SH,华夏基金华润有巢REIT,A,2.599,1795523,0.1011198193799999,0.038907202531742936,2.1117,2.3175,1.7790202531742936,1.5732202531742936,1299500000.0000002,phase3_rational
2024-11-19,508077.SH,华夏基金华润有巢REIT,A,2.574,3142337,0.1011198193799999,0.03928508911421908,2.0947,2.286,1.833808911421908,1.642508911421908,1286999999.9999998,phase3_rational
2024-11-20,508077.SH,华夏基金华润有巢REIT,A,2.567,4082936,0.1011198193799999,0.039392216353720255,2.1025,2.305,1.8367216353720255,1.6342216353720254,1283500000.0000002,phase3_rational
2024-11-21,508077.SH,华夏基金华润有巢REIT,A,2.59,2620943,0.1011198193799999,0.03904240130501927,2.0843,2.2751,1.8199401305019274,1.629140130501927,1295000000.0,phase3_rational
2024-11-22,508077.SH,华夏基金华润有巢REIT,A,2.564,3490326,0.1011198193799999,0.039438307090483585,2.0832,2.265,1.8606307090483583,1.6788307090483583,1282000000.0,phase3_rational
2024-11-25,508077.SH,华夏基金华润有巢REIT,A,2.564,2299711,0.1011198193799999,0.039438307090483585,2.0682,2.241,1.8756307090483584,1.7028307090483583,1282000000.0,phase3_rational
2024-11-26,508077.SH,华夏基金华润有巢REIT,A,2.573,4065814,0.1011198193799999,0.039300357318305446,2.0657,2.245,1.8643357318305447,1.6850357318305447,1286500000.0,phase3_rational
2024-11-27,508077.SH,华夏基金华润有巢REIT,A,2.58,3492642,0.1011198193799999,0.03919372844186043,2.0553,2.25,1.864072844186043,1.669372844186043,1290000000.0,phase3_rational
2024-11-28,508077.SH,华夏基金华润有巢REIT,A,2.587,2081239,0.1011198193799999,0.03908767660610742,2.0304,2.218,1.878367660610742,1.6907676606107422,1293500000.0000002,phase3_rational
2024-11-29,508077.SH,华夏基金华润有巢REIT,A,2.568,4791928,0.1011198193799999,0.03937687670560744,2.0206,2.2025,1.9170876705607438,1.7351876705607436,1284000000.0,phase3_rational
2024-12-02,508077.SH,华夏基金华润有巢REIT,A,2.582,2973965,0.1011198193799999,0.03916336924089849,1.981,2.17,1.9353369240898493,1.7463369240898494,1290999999.9999998,phase3_rational
2024-12-03,508077.SH,华夏基金华润有巢REIT,A,2.607,976783,0.1011198193799999,0.03878780950517833,1.9886,2.1675,1.8901809505178329,1.7112809505178328,1303500000.0000002,phase3_rational
2024-12-04,508077.SH,华夏基金华润有巢REIT,A,2.619,2037202,0.1011198193799999,0.038610087583046925,1.9612,2.1375,1.8998087583046923,1.7235087583046922,1309500000.0000002,phase3_rational
2024-12-05,508077.SH,华夏基金华润有巢REIT,A,2.618,2390531,0.1011198193799999,0.038624835515660774,1.9462,2.1425,1.9162835515660774,1.7199835515660773,1309000000.0,phase3_rational
2024-12-06,508077.SH,华夏基金华润有巢REIT,A,2.617,3164724,0.1011198193799999,0.03863959471914402,1.9539,2.1585,1.9100594719144022,1.705459471914402,1308500000.0,phase3_rational
2024-12-09,508077.SH,华夏基金华润有巢REIT,A,2.607,16635693,0.1011198193799999,0.03878780950517833,1.9168,2.1151,1.9619809505178327,1.7636809505178328,1303500000.0000002,phase3_rational
2024-12-10,508077.SH,华夏基金华润有巢REIT,A,2.701,7924242,0.1011198193799999,0.03743791905960752,1.8468,2.0551,1.896991905960752,1.6886919059607521,1350500000.0,phase3_rational
2024-12-11,508077.SH,华夏基金华润有巢REIT,A,2.756,7397370,0.1011198193799999,0.03669079077648763,1.8218,2.0401,1.8472790776487633,1.6289790776487636,1378000000.0,phase3_rational
2024-12-12,508077.SH,华夏基金华润有巢REIT,A,2.742,5561453,0.1011198193799999,0.036878125229759265,1.8172,2.043,1.8706125229759267,1.6448125229759265,1371000000.0,phase3_rational
2024-12-13,508077.SH,华夏基金华润有巢REIT,A,2.75,5354513,0.1011198193799999,0.036770843410909054,1.7771,2.005,1.8999843410909056,1.6720843410909056,1375000000.0,phase3_rational
2024-12-16,508077.SH,华夏基金华润有巢REIT,A,2.881,5260775,0.1011198193799999,0.035098861291218295,1.7215,1.9526,1.7883861291218295,1.5572861291218296,1440500000.0,phase3_rational
2024-12-17,508077.SH,华夏基金华润有巢REIT,A,2.857,3655274,0.1011198193799999,0.035393706468323384,1.7237,1.9591,1.8156706468323383,1.5802706468323382,1428500000.0,phase3_rational
2024-12-18,508077.SH,华夏基金华润有巢REIT,A,2.819,5277770,0.1011198193799999,0.03587081212486694,1.7564,1.9961,1.830681212486694,1.590981212486694,1409500000.0,phase3_rational
2024-12-19,508077.SH,华夏基金华润有巢REIT,A,2.812,7694476,0.1011198193799999,0.03596010646514933,1.7417,1.9926,1.8543106465149328,1.603410646514933,1406000000.0,phase3_rational
2024-12-20,508077.SH,华夏基金华润有巢REIT,A,2.83,13913555,0.1011198193799999,0.03573138493992929,1.7018,1.9526,1.8713384939929294,1.6205384939929295,1415000000.0,phase3_rational
2024-12-23,508077.SH,华夏基金华润有巢REIT,A,2.876,9687353,0.1011198193799999,0.035159881564673125,1.7019,1.9526,1.8140881564673126,1.5633881564673127,1438000000.0,phase3_rational
2024-12-24,508077.SH,华夏基金华润有巢REIT,A,2.875,5163332,0.1011198193799999,0.03517211108869562,1.7166,1.9926,1.800611108869562,1.524611108869562,1437500000.0,phase3_rational
2024-12-25,508077.SH,华夏基金华润有巢REIT,A,2.839,3407773,0.1011198193799999,0.035618111792884787,1.7365,2.007,1.8253111792884789,1.5548111792884787,1419500000.0,phase3_rational
2024-12-26,508077.SH,华夏基金华润有巢REIT,A,2.85,9004199,0.1011198193799999,0.035480638378947334,1.7122,1.9701,1.8358638378947336,1.5779638378947336,1425000000.0,phase3_rational
2024-12-27,508077.SH,华夏基金华润有巢REIT,A,2.861,7390805,0.1011198193799999,0.03534422208318766,1.6929,1.9476,1.841522208318766,1.586822208318766,1430500000.0,phase3_rational
2024-12-30,508077.SH,华夏基金华润有巢REIT,A,2.869,3875897,0.1011198193799999,0.03524566726385497,1.7128,1.9476,1.8117667263854966,1.5769667263854967,1434500000.0,phase3_rational
2024-12-31,508077.SH,华夏基金华润有巢REIT,A,2.9,5072364,0.1011198193799999,0.034868903234482725,1.6752,1.9121,1.8116903234482724,1.5747903234482725,1450000000.0,phase3_rational
2025-01-02,508077.SH,华夏基金华润有巢REIT,A,2.985,3243441,0.1011198193799999,0.03387598639195977,1.6077,1.8397,1.7798986391959768,1.5478986391959768,1492500000.0,phase3_rational
2025-01-03,508077.SH,华夏基金华润有巢REIT,A,3.022,5634916,0.1011198193799999,0.03346122414956979,1.6041,1.8501,1.7420224149569792,1.4960224149569792,1511000000.0,phase3_rational
2025-01-06,508077.SH,华夏基金华润有巢REIT,A,3.025,3201692,0.1011198193799999,0.03342803946446278,1.5966,1.8327,1.7462039464462782,1.5101039464462782,1512500000.0,phase3_rational
2025-01-07,508077.SH,华夏基金华润有巢REIT,A,2.98,3039923,0.1011198193799999,0.033932825295301984,1.6093,1.8602,1.7839825295301985,1.5330825295301984,1490000000.0,phase3_rational
2025-01-08,508077.SH,华夏基金华润有巢REIT,A,3.0,4393237,0.1011198193799999,0.03370660645999997,1.6069,1.8702,1.763760645999997,1.500460645999997,1500000000.0,phase3_rational
2025-01-09,508077.SH,华夏基金华润有巢REIT,A,3.055,5544635,0.1011198193799999,0.033099777211129264,1.6368,1.8932,1.6731777211129262,1.4167777211129262,1527500000.0,phase3_rational
2025-01-10,508077.SH,华夏基金华润有巢REIT,A,3.066,3177890,0.1011198193799999,0.03298102393346377,1.6338,1.8752,1.664302393346377,1.422902393346377,1533000000.0,phase3_rational
2025-01-13,508077.SH,华夏基金华润有巢REIT,A,3.076,6553431,0.1011198193799999,0.03287380343953183,1.6592,1.9051,1.6281803439531826,1.3822803439531826,1538000000.0,phase3_rational
2025-01-14,508077.SH,华夏基金华润有巢REIT,A,3.032,4183383,0.1011198193799999,0.03335086391160947,1.6446,1.8652,1.6904863911609471,1.4698863911609472,1516000000.0,phase3_rational
2025-01-15,508077.SH,华夏基金华润有巢REIT,A,3.057,6217568,0.1011198193799999,0.033078122139352274,1.633,1.8602,1.6748122139352275,1.4476122139352274,1528500000.0,phase3_rational
2025-01-16,508077.SH,华夏基金华润有巢REIT,A,3.044,3406072,0.1011198193799999,0.03321938875821285,1.6394,1.8677,1.6825388758212851,1.4542388758212852,1522000000.0,phase3_rational
2025-01-17,508077.SH,华夏基金华润有巢REIT,A,3.041,2914225,0.1011198193799999,0.03325216026964811,1.6593,1.915,1.665916026964811,1.410216026964811,1520500000.0,phase3_rational
2025-01-20,508077.SH,华夏基金华润有巢REIT,A,3.046,3553806,0.1011198193799999,0.033197576946815466,1.6747,1.9225,1.6450576946815465,1.3972576946815465,1523000000.0,phase3_rational
2025-01-21,508077.SH,华夏基金华润有巢REIT,A,3.058,2967647,0.1011198193799999,0.033067305225637646,1.6496,1.89,1.6571305225637647,1.4167305225637647,1529000000.0,phase3_rational
2025-01-22,508077.SH,华夏基金华润有巢REIT,A,3.112,4141231,0.1011198193799999,0.0324935152249357,1.6602,1.9,1.5891515224935702,1.3493515224935702,1556000000.0,phase3_rational
2025-01-23,508077.SH,华夏基金华润有巢REIT,A,3.106,2850527,0.1011198193799999,0.032556284410817746,1.6645,1.9,1.5911284410817743,1.3556284410817745,1553000000.0,phase3_rational
2025-01-24,508077.SH,华夏基金华润有巢REIT,A,3.079,2472410,0.1011198193799999,0.03284177310165635,1.6565,1.89,1.6276773101656345,1.3941773101656347,1539500000.0,phase3_rational
2025-01-27,508077.SH,华夏基金华润有巢REIT,A,3.077,855012,0.1011198193799999,0.032863119720506956,1.6299,1.8675,1.6564119720506956,1.4188119720506955,1538500000.0,phase3_rational
2025-02-05,508077.SH,华夏基金华润有巢REIT,A,3.119,885252,0.1011198193799999,0.03242058973388903,1.6207,1.8375,1.6213589733889033,1.4045589733889035,1559500000.0,phase3_rational
2025-02-06,508077.SH,华夏基金华润有巢REIT,A,3.146,2456367,0.1011198193799999,0.03214234563890652,1.5958,1.805,1.618434563890652,1.4092345638906523,1573000000.0,phase3_rational
2025-02-07,508077.SH,华夏基金华润有巢REIT,A,3.148,921934,0.1011198193799999,0.03212192483481573,1.6032,1.8025,1.6089924834815725,1.4096924834815725,1574000000.0,phase3_rational
2025-02-10,508077.SH,华夏基金华润有巢REIT,A,3.157,2994751,0.1011198193799999,0.032030351403230885,1.6342,1.825,1.5688351403230885,1.3780351403230886,1578500000.0,phase3_rational
2025-02-11,508077.SH,华夏基金华润有巢REIT,A,3.275,2494532,0.1011198193799999,0.03087628072671753,1.6274,1.8075,1.4602280726717531,1.280128072671753,1637500000.0,phase3_rational
2025-02-12,508077.SH,华夏基金华润有巢REIT,A,3.191,3052697,0.1011198193799999,0.03168906906298963,1.6336,1.809,1.5353069062989628,1.3599069062989628,1595500000.0,phase3_rational
2025-02-13,508077.SH,华夏基金华润有巢REIT,A,3.07,2378794,0.1011198193799999,0.032938051915309415,1.6346,1.799,1.6592051915309416,1.4948051915309417,1535000000.0,phase3_rational
2025-02-14,508077.SH,华夏基金华润有巢REIT,A,3.08,5082255,0.1011198193799999,0.032831110188311655,1.6546,1.82,1.6285110188311653,1.4631110188311653,1540000000.0,phase3_rational
2025-02-17,508077.SH,华夏基金华润有巢REIT,A,3.101,1623147,0.1011198193799999,0.03260877761367298,1.6934,1.86,1.5674777613672979,1.4008777613672978,1550500000.0,phase3_rational
2025-02-18,508077.SH,华夏基金华润有巢REIT,A,3.1,3079317,0.1011198193799999,0.03261929657419352,1.7006,1.86,1.5613296574193518,1.4019296574193516,1550000000.0,phase3_rational
2025-02-19,508077.SH,华夏基金华润有巢REIT,A,3.098,3037496,0.1011198193799999,0.032640354867656526,1.6626,1.84,1.6014354867656524,1.4240354867656524,1549000000.0,phase3_rational
2025-02-20,508077.SH,华夏基金华润有巢REIT,A,3.139,5110103,0.1011198193799999,0.03221402337687159,1.685,1.87,1.536402337687159,1.351402337687159,1569500000.0,phase3_rational
2025-02-21,508077.SH,华夏基金华润有巢REIT,A,3.158,5809825,0.1011198193799999,0.03202020879670675,1.72,1.905,1.482020879670675,1.297020879670675,1579000000.0,phase3_rational
2025-02-24,508077.SH,华夏基金华润有巢REIT,A,3.15,3875941,0.1011198193799999,0.03210152996190473,1.7625,1.945,1.4476529961904732,1.265152996190473,1575000000.0,phase3_rational
2025-02-25,508077.SH,华夏基金华润有巢REIT,A,3.085,1857297,0.1011198193799999,0.03277789931280386,1.7275,1.915,1.550289931280386,1.362789931280386,1542500000.0,phase3_rational
2025-02-26,508077.SH,华夏基金华润有巢REIT,A,3.118,3913962,0.1011198193799999,0.03243098761385501,1.7251,1.91,1.517998761385501,1.3330987613855012,1559000000.0,phase3_rational
2025-02-27,508077.SH,华夏基金华润有巢REIT,A,3.096,3682781,0.1011198193799999,0.032661440368217026,1.7576,1.935,1.5085440368217027,1.3311440368217027,1548000000.0,phase3_rational
2025-02-28,508077.SH,华夏基金华润有巢REIT,A,3.084,2678251,0.1011198193799999,0.03278852768482487,1.7152,1.905,1.5636527684824866,1.3738527684824866,1542000000.0,phase3_rational
2025-03-03,508077.SH,华夏基金华润有巢REIT,A,3.112,1023102,0.1011198193799999,0.0324935152249357,1.6955,1.89,1.55385152249357,1.3593515224935702,1556000000.0,phase3_rational
2025-03-04,508077.SH,华夏基金华润有巢REIT,A,3.116,3878004,0.1011198193799999,0.03245180339537866,1.7079,1.9,1.5372803395378662,1.3451803395378663,1558000000.0,phase3_rational
2025-03-05,508077.SH,华夏基金华润有巢REIT,A,3.1,3810504,0.1011198193799999,0.03261929657419352,1.7083,1.8925,1.5536296574193518,1.3694296574193516,1550000000.0,phase3_rational
2025-03-06,508077.SH,华夏基金华润有巢REIT,A,3.061,3852406,0.1011198193799999,0.03303489688990523,1.7455,1.9325,1.5579896889905227,1.3709896889905226,1530500000.0,phase3_rational
2025-03-07,508077.SH,华夏基金华润有巢REIT,A,3.069,5142788,0.1011198193799999,0.03294878441837729,1.8002,1.975,1.4946784418377292,1.3198784418377292,1534500000.0,phase3_rational
2025-03-10,508077.SH,华夏基金华润有巢REIT,A,3.067,3157641,0.1011198193799999,0.03297027042060642,1.8128,1.985,1.484227042060642,1.312027042060642,1533500000.0,phase3_rational
2025-03-11,508077.SH,华夏基金华润有巢REIT,A,3.033,2765684,0.1011198193799999,0.03333986791295744,1.8853,2.035,1.448686791295744,1.2989867912957438,1516500000.0,phase3_rational
2025-03-12,508077.SH,华夏基金华润有巢REIT,A,3.002,5697875,0.1011198193799999,0.033684150359760134,1.8334,2.0125,1.5350150359760135,1.3559150359760133,1501000000.0,phase3_rational
2025-03-13,508077.SH,华夏基金华润有巢REIT,A,3.0,6871309,0.1011198193799999,0.03370660645999997,1.8565,2.04,1.514160645999997,1.330660645999997,1500000000.0,phase3_rational
2025-03-14,508077.SH,华夏基金华润有巢REIT,A,3.001,2542663,0.1011198193799999,0.03369537466844382,1.8317,2.04,1.537837466844382,1.329537466844382,1500500000.0,phase3_rational
2025-03-17,508077.SH,华夏基金华润有巢REIT,A,2.992,906416,0.1011198193799999,0.03379673107620318,1.8957,2.115,1.483973107620318,1.2646731076203177,1496000000.0,phase3_rational
2025-03-18,508077.SH,华夏基金华润有巢REIT,A,3.029,3353631,0.1011198193799999,0.033383895470452264,1.8885,2.1151,1.4498895470452262,1.2232895470452263,1514500000.0,phase3_rational
2025-03-19,508077.SH,华夏基金华润有巢REIT,A,3.088,3394624,0.1011198193799999,0.03274605549870463,1.8708,2.1051,1.4038055498704631,1.169505549870463,1544000000.0,phase3_rational
2025-03-20,508077.SH,华夏基金华润有巢REIT,A,3.092,3140317,0.1011198193799999,0.032703693201811095,1.8309,2.0526,1.4394693201811093,1.2177693201811093,1546000000.0,phase3_rational
2025-03-21,508077.SH,华夏基金华润有巢REIT,A,3.052,2707615,0.1011198193799999,0.03313231303407598,1.8458,2.0676,1.467431303407598,1.245631303407598,1526000000.0,phase3_rational
2025-03-24,508077.SH,华夏基金华润有巢REIT,A,3.07,1791964,0.1011198193799999,0.032938051915309415,1.8413,2.0501,1.4525051915309417,1.2437051915309416,1535000000.0,phase3_rational
2025-03-25,508077.SH,华夏基金华润有巢REIT,A,3.108,1844797,0.1011198193799999,0.03253533442084939,1.8183,2.0276,1.4352334420849389,1.2259334420849388,1554000000.0,phase3_rational
2025-03-26,508077.SH,华夏基金华润有巢REIT,A,3.1,2373842,0.1011198193799999,0.03261929657419352,1.7943,2.0001,1.4676296574193517,1.2618296574193515,1550000000.0,phase3_rational
2025-03-27,508077.SH,华夏基金华润有巢REIT,A,3.117,2863903,0.1011198193799999,0.03244139216554376,1.8062,2.0101,1.4379392165543758,1.2340392165543759,1558500000.0,phase3_rational
2025-03-28,508077.SH,华夏基金华润有巢REIT,A,3.194,1119033,0.1011198193799999,0.03165930475266121,1.8126,2.0251,1.353330475266121,1.140830475266121,1597000000.0,phase3_rational
2025-03-31,508077.SH,华夏基金华润有巢REIT,A,3.195,4132097,0.1011198193799999,0.03164939573708917,1.8129,2.0226,1.3520395737089173,1.142339573708917,1597500000.0,phase3_rational
2025-04-01,508077.SH,华夏基金华润有巢REIT,A,3.2,2591454,0.1011198193799999,0.03159994355624997,1.8104,2.0201,1.3495943556249967,1.139894355624997,1600000000.0,phase3_rational
2025-04-02,508077.SH,华夏基金华润有巢REIT,A,3.215,1577446,0.1011198193799999,0.03145250991601863,1.7887,1.9801,1.3565509916018632,1.1651509916018632,1607500000.0,phase3_rational
2025-04-03,508077.SH,华夏基金华润有巢REIT,A,3.296,1501650,0.1011198193799999,0.030679556850728127,1.718,1.9052,1.3499556850728127,1.1627556850728127,1648000000.0,phase3_rational
2025-04-07,508077.SH,华夏基金华润有巢REIT,A,3.283,3322253,0.1011198193799999,0.030801041541273198,1.6318,1.8252,1.4483041541273198,1.2549041541273198,1641500000.0,phase3_rational
2025-04-08,508077.SH,华夏基金华润有巢REIT,A,3.241,1814812,0.1011198193799999,0.031200191107682785,1.6633,1.8551,1.4567191107682786,1.2649191107682787,1620500000.0,phase3_rational
2025-04-09,508077.SH,华夏基金华润有巢REIT,A,3.224,1452197,0.1011198193799999,0.03136470824441684,1.6508,1.8552,1.4856708244416839,1.281270824441684,1612000000.0,phase3_rational
2025-04-10,508077.SH,华夏基金华润有巢REIT,A,3.267,1537927,0.1011198193799999,0.03095188839302109,1.6444,1.8602,1.450788839302109,1.234988839302109,1633500000.0,phase3_rational
2025-04-11,508077.SH,华夏基金华润有巢REIT,A,3.286,3063223,0.1011198193799999,0.03077292129640898,1.6568,1.8627,1.4204921296408979,1.214592129640898,1643000000.0,phase3_rational
2025-04-14,508077.SH,华夏基金华润有巢REIT,A,3.292,2793882,0.1011198193799999,0.030716834562575915,1.6584,1.8602,1.4132834562575913,1.2114834562575914,1646000000.0,phase3_rational
2025-04-15,508077.SH,华夏基金华润有巢REIT,A,3.311,872461,0.1011198193799999,0.030540567617034102,1.6583,1.8602,1.3957567617034101,1.1938567617034102,1655500000.0,phase3_rational
2025-04-16,508077.SH,华夏基金华润有巢REIT,A,3.31,3000804,0.1011198193799999,0.030549794374622328,1.643,1.8652,1.411979437462233,1.189779437462233,1655000000.0,phase3_rational
2025-04-17,508077.SH,华夏基金华润有巢REIT,A,3.327,2113073,0.1011198193799999,0.030393693832281306,1.6522,1.8982,1.3871693832281309,1.1411693832281307,1663500000.0,phase3_rational
2025-04-18,508077.SH,华夏基金华润有巢REIT,A,3.32,316998,0.1011198193799999,0.03045777692168672,1.6493,1.9042,1.396477692168672,1.141577692168672,1660000000.0,phase3_rational
2025-04-21,508077.SH,华夏基金华润有巢REIT,A,3.305,1104602,0.1011198193799999,0.030596011915279848,1.6664,1.9227,1.3932011915279847,1.1369011915279847,1652500000.0,phase3_rational
2025-04-22,508077.SH,华夏基金华润有巢REIT,A,3.297,1944746,0.1011198193799999,0.030670251555959933,1.6509,1.9052,1.4161251555959935,1.1618251555959935,1648500000.0,phase3_rational
2025-04-23,508077.SH,华夏基金华润有巢REIT,A,3.29,447432,0.1011198193799999,0.030735507410334317,1.6611,1.9279,1.412450741033432,1.145650741033432,1645000000.0,phase3_rational
2025-04-24,508077.SH,华夏基金华润有巢REIT,A,3.25,4293904,0.1011198193799999,0.03111379057846151,1.664,1.9327,1.447379057846151,1.1786790578461508,1625000000.0,phase3_rational
2025-04-25,508077.SH,华夏基金华润有巢REIT,A,3.259,2053764,0.1011198193799999,0.031027867253758792,1.6606,1.9276,1.4421867253758793,1.1751867253758794,1629500000.0,phase3_rational
2025-04-28,508077.SH,华夏基金华润有巢REIT,A,3.24,689749,0.1011198193799999,0.031209820796296264,1.6483,1.9005,1.4726820796296265,1.2204820796296265,1620000000.0,phase3_rational
2025-04-29,508077.SH,华夏基金华润有巢REIT,A,3.242,536736,0.1011198193799999,0.031190567359654506,1.6241,1.8225,1.4949567359654508,1.2965567359654508,1621000000.0,phase3_rational
2025-04-30,508077.SH,华夏基金华润有巢REIT,A,3.26,2216486,0.1011198193799999,0.031018349503067456,1.6243,1.824,1.4775349503067454,1.2778349503067454,1630000000.0,phase3_rational
2025-05-06,508077.SH,华夏基金华润有巢REIT,A,3.276,813034,0.1011198193799999,0.030866855732600704,1.6298,1.827,1.4568855732600707,1.2596855732600707,1638000000.0,phase3_rational
2025-05-07,508077.SH,华夏基金华润有巢REIT,A,3.296,2146251,0.1011198193799999,0.030679556850728127,1.6418,1.8475,1.4261556850728128,1.2204556850728128,1648000000.0,phase3_rational
2025-05-08,508077.SH,华夏基金华润有巢REIT,A,3.309,1753306,0.1011198193799999,0.030559026708975492,1.6331,1.8375,1.4228026708975492,1.2184026708975493,1654500000.0,phase3_rational
2025-05-09,508077.SH,华夏基金华润有巢REIT,A,3.359,785320,0.1011198193799999,0.030104143905924353,1.6351,1.8425,1.3753143905924352,1.1679143905924352,1679500000.0,phase3_rational
2025-05-12,508077.SH,华夏基金华润有巢REIT,A,3.374,1834759,0.1011198193799999,0.029970308055720183,1.688,1.905,1.3090308055720186,1.0920308055720185,1687000000.0,phase3_rational
2025-05-13,508077.SH,华夏基金华润有巢REIT,A,3.412,2071725,0.1011198193799999,0.029636523851113688,1.6704,1.879,1.2932523851113686,1.0846523851113687,1706000000.0,phase3_rational
2025-05-14,508077.SH,华夏基金华润有巢REIT,A,3.425,2189707,0.1011198193799999,0.029524034855474425,1.6736,1.8775,1.2788034855474426,1.0749034855474426,1712500000.0,phase3_rational
2025-05-15,508077.SH,华夏基金华润有巢REIT,A,3.457,1204059,0.1011198193799999,0.02925074323980327,1.6798,1.8825,1.245274323980327,1.042574323980327,1728500000.0,phase3_rational
2025-05-16,508077.SH,华夏基金华润有巢REIT,A,3.465,1910310,0.1011198193799999,0.02918320905627703,1.6793,1.878,1.239020905627703,1.0403209056277032,1732500000.0,phase3_rational
2025-05-19,508077.SH,华夏基金华润有巢REIT,A,3.465,2349916,0.1011198193799999,0.02918320905627703,1.6893,1.861,1.229020905627703,1.057320905627703,1732500000.0,phase3_rational
2025-05-20,508077.SH,华夏基金华润有巢REIT,A,3.48,1908858,0.1011198193799999,0.02905741936206894,1.7004,1.872,1.2053419362068938,1.0337419362068936,1740000000.0,phase3_rational
2025-05-21,508077.SH,华夏基金华润有巢REIT,A,3.474,2161672,0.1011198193799999,0.029107604887737448,1.71,1.885,1.2007604887737449,1.0257604887737448,1737000000.0,phase3_rational
2025-05-22,508077.SH,华夏基金华润有巢REIT,A,3.436,1431415,0.1011198193799999,0.02942951669965073,1.7186,1.887,1.2243516699650732,1.055951669965073,1718000000.0,phase3_rational
2025-05-23,508077.SH,华夏基金华润有巢REIT,A,3.445,1818173,0.1011198193799999,0.029352632621190106,1.7208,1.889,1.2144632621190103,1.0462632621190104,1722500000.0,phase3_rational
2025-05-26,508077.SH,华夏基金华润有巢REIT,A,3.449,3546494,0.1011198193799999,0.029318590716149583,1.7201,1.8875,1.2117590716149582,1.0443590716149582,1724500000.0,phase3_rational
2025-05-27,508077.SH,华夏基金华润有巢REIT,A,3.443,589601,0.1011198193799999,0.029369683235550365,1.7261,1.901,1.2108683235550364,1.0359683235550363,1721500000.0,phase3_rational
2025-05-28,508077.SH,华夏基金华润有巢REIT,A,3.435,194824,0.1011198193799999,0.029438084244541456,1.6832,1.906,1.2606084244541458,1.037808424454146,1717500000.0,phase3_rational
2025-05-29,508077.SH,华夏基金华润有巢REIT,A,3.413,1768411,0.1011198193799999,0.029627840427776123,1.6877,1.916,1.2750840427776122,1.0467840427776123,1706500000.0,phase3_rational
2025-05-30,508077.SH,华夏基金华润有巢REIT,A,3.414,687933,0.1011198193799999,0.029619162091388374,1.6712,1.896,1.2907162091388373,1.0659162091388374,1707000000.0,phase3_rational
2025-06-03,508077.SH,华夏基金华润有巢REIT,A,3.415,1376090,0.1011198193799999,0.02961048883748167,1.6764,1.895,1.284648883748167,1.066048883748167,1707500000.0,phase3_rational
2025-06-04,508077.SH,华夏基金华润有巢REIT,A,3.426,650358,0.1011198193799999,0.02951541721541153,1.6704,1.891,1.2811417215411531,1.0605417215411532,1713000000.0,phase3_rational
2025-06-05,508077.SH,华夏基金华润有巢REIT,A,3.43,832076,0.1011198193799999,0.02948099690379006,1.6741,1.896,1.273999690379006,1.052099690379006,1715000000.0,phase3_rational
2025-06-06,508077.SH,华夏基金华润有巢REIT,A,3.429,406174,0.1011198193799999,0.029489594453193324,1.6547,1.876,1.2942594453193323,1.0729594453193325,1714500000.0,phase3_rational
2025-06-09,508077.SH,华夏基金华润有巢REIT,A,3.438,1495155,0.1011198193799999,0.029412396561954594,1.6559,1.87,1.2853396561954593,1.0712396561954591,1719000000.0,phase3_rational
2025-06-10,508077.SH,华夏基金华润有巢REIT,A,3.486,1332970,0.1011198193799999,0.029007406592082587,1.6569,1.8695,1.2438406592082585,1.0312406592082586,1743000000.0,phase3_rational
2025-06-11,508077.SH,华夏基金华润有巢REIT,A,3.469,2404554,0.1011198193799999,0.02914955877198037,1.642,1.849,1.2729558771980374,1.0659558771980373,1734500000.0,phase3_rational
2025-06-12,508077.SH,华夏基金华润有巢REIT,A,3.478,2378630,0.1011198193799999,0.029074128631397324,1.6475,1.8485,1.2599128631397325,1.0589128631397324,1739000000.0,phase3_rational
2025-06-13,508077.SH,华夏基金华润有巢REIT,A,3.577,3736392,0.1011198193799999,0.028269449085826084,1.644,1.8495,1.1829449085826085,0.9774449085826085,1788500000.0,phase3_rational
2025-06-16,508077.SH,华夏基金华润有巢REIT,A,3.6,1695339,0.1011198193799999,0.02808883871666664,1.6432,1.851,1.165683871666664,0.957883871666664,1800000000.0,phase3_rational
2025-06-17,508077.SH,华夏基金华润有巢REIT,A,3.646,796695,0.1011198193799999,0.0277344540263302,1.6364,1.8425,1.13704540263302,0.93094540263302,1823000000.0,phase3_rational
2025-06-18,508077.SH,华夏基金华润有巢REIT,A,3.794,567393,0.1011198193799999,0.02665256177648917,1.6384,1.8455,1.0268561776489171,0.8197561776489173,1897000000.0,phase3_rational
2025-06-19,508077.SH,华夏基金华润有巢REIT,A,3.816,2496529,0.1011198193799999,0.02649890444968551,1.6425,1.8431,1.007390444968551,0.806790444968551,1908000000.0,phase3_rational
2025-06-20,508077.SH,华夏基金华润有巢REIT,A,3.855,1343011,0.1011198193799999,0.0262308221478599,1.6396,1.8376,0.9834822147859901,0.7854822147859901,1927500000.0,phase3_rational
2025-06-23,508077.SH,华夏基金华润有巢REIT,A,3.875,1838336,0.1011198193799999,0.026095437259354815,1.6418,1.8381,0.9677437259354815,0.7714437259354814,1937500000.0,phase3_rational
2025-06-24,508077.SH,华夏基金华润有巢REIT,A,3.837,2463456,0.1011198193799999,0.026353875261923353,1.648,1.8506,0.9873875261923353,0.7847875261923352,1918500000.0,phase3_rational
2025-06-25,508077.SH,华夏基金华润有巢REIT,A,3.833,856364,0.1011198193799999,0.026381377349334698,1.6544,1.8621,0.9837377349334695,0.7760377349334695,1916500000.0,phase3_rational
2025-06-26,508077.SH,华夏基金华润有巢REIT,A,3.824,1455787,0.1011198193799999,0.026443467411087843,1.6462,1.8491,0.9981467411087841,0.7952467411087842,1912000000.0,phase3_rational
2025-06-27,508077.SH,华夏基金华润有巢REIT,A,3.82,1799731,0.1011198193799999,0.02647115690575914,1.6462,1.8496,1.000915690575914,0.7975156905759142,1910000000.0,phase3_rational
2025-06-30,508077.SH,华夏基金华润有巢REIT,A,3.821,1393248,0.1011198193799999,0.026464229097094977,1.6469,1.8611,0.9995229097094978,0.7853229097094978,1910500000.0,phase3_rational
2025-07-01,508077.SH,华夏基金华润有巢REIT,A,3.79,1260095,0.1011198193799999,0.026680691129287573,1.6433,1.8516,1.0247691129287575,0.8164691129287576,1895000000.0,phase3_rational
2025-07-02,508077.SH,华夏基金华润有巢REIT,A,3.836,1243877,0.1011198193799999,0.026360745406673596,1.6396,1.8451,0.9964745406673596,0.7909745406673596,1918000000.0,phase3_rational
2025-07-03,508077.SH,华夏基金华润有巢REIT,A,3.836,1577200,0.1011198193799999,0.026360745406673596,1.6407,1.8486,0.9953745406673595,0.7874745406673596,1918000000.0,phase3_rational
2025-07-04,508077.SH,华夏基金华润有巢REIT,A,3.842,1122197,0.1011198193799999,0.026319578183237873,1.6433,1.8516,0.9886578183237873,0.7803578183237874,1921000000.0,phase3_rational
2025-07-07,508077.SH,华夏基金华润有巢REIT,A,3.83,568952,0.1011198193799999,0.026402041613577,1.6406,1.8536,0.9996041613576998,0.7866041613577,1915000000.0,phase3_rational
2025-07-08,508077.SH,华夏基金华润有巢REIT,A,3.753,2171039,0.1011198193799999,0.02694373018385289,1.6444,1.8596,1.049973018385289,0.8347730183852891,1876500000.0,phase3_rational
2025-07-09,508077.SH,华夏基金华润有巢REIT,A,3.714,3330769,0.1011198193799999,0.027226661114701105,1.6446,1.8566,1.0780661114701107,0.8660661114701107,1857000000.0,phase3_rational
2025-07-10,508077.SH,华夏基金华润有巢REIT,A,3.718,2064294,0.1011198193799999,0.027197369386767055,1.6616,1.8746,1.0581369386767054,0.8451369386767054,1859000000.0,phase3_rational
2025-07-11,508077.SH,华夏基金华润有巢REIT,A,3.704,2635089,0.1011198193799999,0.027300167219222436,1.6653,1.8741,1.0647167219222438,0.8559167219222437,1852000000.0,phase3_rational
2025-07-14,508077.SH,华夏基金华润有巢REIT,A,3.682,672203,0.1011198193799999,0.027463286089081995,1.6726,1.8821,1.0737286089081994,0.8642286089081994,1841000000.0,phase3_rational
2025-07-15,508077.SH,华夏基金华润有巢REIT,A,3.731,1981189,0.1011198193799999,0.02710260503350306,1.6557,1.8601,1.0545605033503058,0.8501605033503057,1865500000.0,phase3_rational
2025-07-16,508077.SH,华夏基金华润有巢REIT,A,3.723,1811747,0.1011198193799999,0.027160843239323103,1.6617,1.8661,1.0543843239323103,0.8499843239323102,1861500000.0,phase3_rational
2025-07-17,508077.SH,华夏基金华润有巢REIT,A,3.703,1232478,0.1011198193799999,0.02730753966513635,1.663,1.883,1.0677539665136349,0.8477539665136349,1851500000.0,phase3_rational
2025-07-18,508077.SH,华夏基金华润有巢REIT,A,3.653,1193276,0.1011198193799999,0.027681308343826965,1.6652,1.8885,1.1029308343826965,0.8796308343826964,1826500000.0,phase3_rational
2025-07-21,508077.SH,华夏基金华润有巢REIT,A,3.627,1603624,0.1011198193799999,0.027879740661703862,1.6774,1.9115,1.1105740661703862,0.8764740661703863,1813500000.0,phase3_rational
2025-07-22,508077.SH,华夏基金华润有巢REIT,A,3.587,1501050,0.1011198193799999,0.028190638243657626,1.6907,1.9335,1.1283638243657625,0.8855638243657626,1793500000.0,phase3_rational
2025-07-23,508077.SH,华夏基金华润有巢REIT,A,3.564,2737529,0.1011198193799999,0.028372564360269335,1.7041,1.938,1.1331564360269337,0.8992564360269337,1782000000.0,phase3_rational
2025-07-24,508077.SH,华夏基金华润有巢REIT,A,3.545,1268597,0.1011198193799999,0.02852463170098728,1.7376,1.979,1.1148631700987282,0.8734631700987281,1772500000.0,phase3_rational
2025-07-25,508077.SH,华夏基金华润有巢REIT,A,3.542,1515739,0.1011198193799999,0.028548791468097096,1.7324,1.9725,1.1224791468097097,0.8823791468097097,1771000000.0,phase3_rational
2025-07-28,508077.SH,华夏基金华润有巢REIT,A,3.578,1820742,0.1011198193799999,0.02826154817775291,1.7146,1.9525,1.111554817775291,0.873654817775291,1789000000.0,phase3_rational
2025-07-29,508077.SH,华夏基金华润有巢REIT,A,3.571,582969,0.1011198193799999,0.028316947460095183,1.7466,1.998,1.0850947460095184,0.8336947460095183,1785500000.0,phase3_rational
2025-07-30,508077.SH,华夏基金华润有巢REIT,A,3.571,2012997,0.1011198193799999,0.028316947460095183,1.718,1.96,1.1136947460095183,0.8716947460095184,1785500000.0,phase3_rational
2025-07-31,508077.SH,华夏基金华润有巢REIT,A,3.665,3135437,0.1011198193799999,0.0275906737735334,1.7044,1.945,1.0546673773533402,0.81406737735334,1832500000.0,phase3_rational
2025-08-01,508077.SH,华夏基金华润有巢REIT,A,3.698,4342144,0.1011198193799999,0.027344461703623556,1.7059,1.949,1.0285461703623555,0.7854461703623554,1849000000.0,phase3_rational
2025-08-04,508077.SH,华夏基金华润有巢REIT,A,3.68,2383218,0.1011198193799999,0.027478211788043452,1.7083,1.95,1.0395211788043452,0.7978211788043452,1840000000.0,phase3_rational
2025-08-05,508077.SH,华夏基金华润有巢REIT,A,3.663,1287006,0.1011198193799999,0.027605738296478274,1.7061,1.9585,1.0544738296478273,0.8020738296478274,1831500000.0,phase3_rational
2025-08-06,508077.SH,华夏基金华润有巢REIT,A,3.678,819130,0.1011198193799999,0.0274931537194127,1.6999,1.958,1.04941537194127,0.79131537194127,1839000000.0,phase3_rational
2025-08-07,508077.SH,华夏基金华润有巢REIT,A,3.68,2147940,0.1011198193799999,0.027478211788043452,1.6894,1.951,1.0584211788043452,0.7968211788043451,1840000000.0,phase3_rational
2025-08-08,508077.SH,华夏基金华润有巢REIT,A,3.666,1387929,0.1011198193799999,0.027583147675941055,1.6891,1.96,1.0692147675941055,0.7983147675941056,1833000000.0,phase3_rational
2025-08-11,508077.SH,华夏基金华润有巢REIT,A,3.645,1519897,0.1011198193799999,0.027742062930041125,1.7203,1.995,1.0539062930041125,0.7792062930041124,1822500000.0,phase3_rational
2025-08-12,508077.SH,华夏基金华润有巢REIT,A,3.652,1648812,0.1011198193799999,0.02768888811062429,1.7271,2.017,1.0417888110624287,0.7518888110624289,1826000000.0,phase3_rational
2025-08-13,508077.SH,华夏基金华润有巢REIT,A,3.596,2077098,0.1011198193799999,0.0281200832536151,1.7262,2.02,1.0858083253615103,0.7920083253615102,1798000000.0,phase3_rational
2025-08-14,508077.SH,华夏基金华润有巢REIT,A,3.548,4492311,0.1011198193799999,0.02850051279030437,1.7341,2.0275,1.1159512790304371,0.8225512790304372,1774000000.0,phase3_rational
2025-08-15,508077.SH,华夏基金华润有巢REIT,A,3.508,3170917,0.1011198193799999,0.028825490131128822,1.7465,2.0475,1.1360490131128824,0.8350490131128825,1754000000.0,phase3_rational
2025-08-18,508077.SH,华夏基金华润有巢REIT,A,3.42,2567656,0.1011198193799999,0.02956719864912278,1.7872,2.1145,1.169519864912278,0.8422198649122778,1710000000.0,phase3_rational
2025-08-19,508077.SH,华夏基金华润有巢REIT,A,3.368,8079027,0.1011198193799999,0.03002369934085508,1.7725,2.0975,1.2298699340855084,0.9048699340855082,1684000000.0,phase3_rational
2025-08-20,508077.SH,华夏基金华润有巢REIT,A,3.363,3538041,0.1011198193799999,0.030068337609277403,1.782,2.105,1.2248337609277402,0.9018337609277403,1681500000.0,phase3_rational
2025-08-21,508077.SH,华夏基金华润有巢REIT,A,3.363,5026365,0.1011198193799999,0.030068337609277403,1.7667,2.075,1.2401337609277403,0.9318337609277401,1681500000.0,phase3_rational
2025-08-22,508077.SH,华夏基金华润有巢REIT,A,3.374,3579704,0.1011198193799999,0.029970308055720183,1.7818,2.0775,1.2152308055720185,0.9195308055720184,1687000000.0,phase3_rational
2025-08-25,508077.SH,华夏基金华润有巢REIT,A,3.378,4615314,0.1011198193799999,0.02993481923623443,1.7643,2.05,1.2291819236234431,0.9434819236234433,1689000000.0,phase3_rational
2025-08-26,508077.SH,华夏基金华润有巢REIT,A,3.419,8525819,0.1011198193799999,0.029575846557472918,1.7598,2.035,1.1977846557472918,0.9225846557472916,1709500000.0,phase3_rational
2025-08-27,508077.SH,华夏基金华润有巢REIT,A,3.431,4341595,0.1011198193799999,0.029472404366074,1.7988,2.07,1.1484404366074004,0.8772404366074005,1715500000.0,phase3_rational
2025-08-28,508077.SH,华夏基金华润有巢REIT,A,3.43,2487699,0.1011198193799999,0.02948099690379006,1.8478,2.1108,1.1002996903790059,0.8372996903790062,1715000000.0,phase3_rational
2025-08-29,508077.SH,华夏基金华润有巢REIT,A,3.437,3783974,0.1011198193799999,0.029420954140238553,1.8379,2.1375,1.1041954140238552,0.8045954140238551,1718500000.0,phase3_rational
2025-09-01,508077.SH,华夏基金华润有巢REIT,A,3.428,272788,0.1011198193799999,0.02949819701866975,1.8257,2.1165,1.1241197018669749,0.8333197018669751,1714000000.0,phase3_rational
2025-09-02,508077.SH,华夏基金华润有巢REIT,A,3.422,3951502,0.1011198193799999,0.029549917995324342,1.8167,2.1,1.1382917995324342,0.8549917995324341,1711000000.0,phase3_rational
2025-09-03,508077.SH,华夏基金华润有巢REIT,A,3.42,3689556,0.1011198193799999,0.02956719864912278,1.7984,2.075,1.158319864912278,0.8817198649122777,1710000000.0,phase3_rational
2025-09-04,508077.SH,华夏基金华润有巢REIT,A,3.452,5050321,0.1011198193799999,0.0292931110602549,1.806,2.085,1.12331110602549,0.84431110602549,1726000000.0,phase3_rational
2025-09-05,508077.SH,华夏基金华润有巢REIT,A,3.395,3936576,0.1011198193799999,0.029784924706921918,1.826,2.1125,1.1524924706921915,0.8659924706921918,1697500000.0,phase3_rational
2025-09-08,508077.SH,华夏基金华润有巢REIT,A,3.354,3814935,0.1011198193799999,0.030149021878354176,1.8514,2.1475,1.1635021878354177,0.8674021878354177,1677000000.0,phase3_rational
2025-09-09,508077.SH,华夏基金华润有巢REIT,A,3.353,3145245,0.1011198193799999,0.030158013534148494,1.8641,2.171,1.1517013534148495,0.8448013534148497,1676500000.0,phase3_rational
2025-09-10,508077.SH,华夏基金华润有巢REIT,A,3.311,2220573,0.1011198193799999,0.030540567617034102,1.8992,2.204,1.1548567617034102,0.85005676170341,1655500000.0,phase3_rational
2025-09-11,508077.SH,华夏基金华润有巢REIT,A,3.297,3610805,0.1011198193799999,0.030670251555959933,1.8743,2.208,1.1927251555959935,0.8590251555959934,1648500000.0,phase3_rational
2025-09-12,508077.SH,华夏基金华润有巢REIT,A,3.359,1038131,0.1011198193799999,0.030104143905924353,1.867,2.184,1.1434143905924352,0.826414390592435,1679500000.0,phase3_rational
2025-09-15,508077.SH,华夏基金华润有巢REIT,A,3.353,716543,0.1011198193799999,0.030158013534148494,1.8724,2.1875,1.1434013534148495,0.8283013534148496,1676500000.0,phase3_rational
2025-09-16,508077.SH,华夏基金华润有巢REIT,A,3.367,2412334,0.1011198193799999,0.03003261638847636,1.8527,2.1675,1.1505616388476358,0.8357616388476359,1683500000.0,phase3_rational
2025-09-17,508077.SH,华夏基金华润有巢REIT,A,3.38,4493006,0.1011198193799999,0.02991710632544376,1.8349,2.15,1.1568106325443763,0.8417106325443764,1690000000.0,phase3_rational
2025-09-18,508077.SH,华夏基金华润有巢REIT,A,3.429,4346089,0.1011198193799999,0.029489594453193324,1.8546,2.1701,1.0943594453193324,0.7788594453193323,1714500000.0,phase3_rational
2025-09-19,508077.SH,华夏基金华润有巢REIT,A,3.433,2894002,0.1011198193799999,0.029455234308185235,1.8789,2.1996,1.0666234308185236,0.7459234308185234,1716500000.0,phase3_rational
2025-09-22,508077.SH,华夏基金华润有巢REIT,A,3.42,1387385,0.1011198193799999,0.02956719864912278,1.8647,2.189,1.0920198649122779,0.7677198649122778,1710000000.0,phase3_rational
2025-09-23,508077.SH,华夏基金华润有巢REIT,A,3.412,1959139,0.1011198193799999,0.029636523851113688,1.877,2.215,1.0866523851113687,0.7486523851113689,1706000000.0,phase3_rational
2025-09-24,508077.SH,华夏基金华润有巢REIT,A,3.403,330289,0.1011198193799999,0.0297149043138407,1.9022,2.2501,1.06929043138407,0.7213904313840698,1701500000.0,phase3_rational
2025-09-25,508077.SH,华夏基金华润有巢REIT,A,3.389,1101372,0.1011198193799999,0.029837656943051023,1.884,2.23,1.0997656943051024,0.7537656943051023,1694500000.0,phase3_rational
2025-09-26,508077.SH,华夏基金华润有巢REIT,A,3.381,2704162,0.1011198193799999,0.02990825772848267,1.8768,2.217,1.1140257728482672,0.7738257728482671,1690500000.0,phase3_rational
2025-09-29,508077.SH,华夏基金华润有巢REIT,A,3.381,816336,0.1011198193799999,0.02990825772848267,1.887,2.242,1.1038257728482672,0.7488257728482672,1690500000.0,phase3_rational
2025-09-30,508077.SH,华夏基金华润有巢REIT,A,3.403,208400,0.1011198193799999,0.0297149043138407,1.8605,2.2461,1.11099043138407,0.7253904313840698,1701500000.0,phase3_rational
2025-10-09,508077.SH,华夏基金华润有巢REIT,A,3.402,610459,0.1011198193799999,0.02972363885361549,1.8466,2.2629,1.125763885361549,0.7094638853615489,1701000000.0,phase3_rational
2025-10-10,508077.SH,华夏基金华润有巢REIT,A,3.407,2239956,0.1011198193799999,0.029680017428822984,1.846,2.2829,1.1220017428822984,0.6851017428822983,1703500000.0,phase3_rational
2025-10-13,508077.SH,华夏基金华润有巢REIT,A,3.409,2423985,0.1011198193799999,0.029662604687591642,1.8383,2.2729,1.127960468759164,0.6933604687591641,1704500000.0,phase3_rational
2025-10-14,508077.SH,华夏基金华润有巢REIT,A,3.388,2372425,0.1011198193799999,0.029846463807556053,1.8368,2.2678,1.1478463807556054,0.7168463807556056,1694000000.0,phase3_rational
2025-10-15,508077.SH,华夏基金华润有巢REIT,A,3.364,2788881,0.1011198193799999,0.030059399340071315,1.8449,2.2603,1.1610399340071313,0.7456399340071314,1682000000.0,phase3_rational
2025-10-16,508077.SH,华夏基金华润有巢REIT,A,3.338,4268479,0.1011198193799999,0.030293534865188706,1.8407,2.2414,1.1886534865188705,0.7879534865188704,1669000000.0,phase3_rational
2025-10-17,508077.SH,华夏基金华润有巢REIT,A,3.262,4215251,0.1011198193799999,0.030999331508277102,1.8246,2.2002,1.2753331508277104,0.8997331508277102,1631000000.0,phase3_rational
2025-10-20,508077.SH,华夏基金华润有巢REIT,A,3.147,4140620,0.1011198193799999,0.032132131992373664,1.8498,2.2162,1.3634131992373661,0.9970131992373661,1573500000.0,phase3_rational
2025-10-21,508077.SH,华夏基金华润有巢REIT,A,3.148,4147791,0.1011198193799999,0.03212192483481573,1.8357,2.1871,1.3764924834815724,1.0250924834815724,1574000000.0,phase3_rational
2025-10-22,508077.SH,华夏基金华润有巢REIT,A,3.148,5471125,0.1011198193799999,0.03212192483481573,1.8293,2.1821,1.3828924834815726,1.0300924834815723,1574000000.0,phase3_rational
2025-10-23,508077.SH,华夏基金华润有巢REIT,A,3.149,2770200,0.1011198193799999,0.03211172416005078,1.8391,2.1946,1.372072416005078,1.016572416005078,1574500000.0,phase3_rational
2025-10-24,508077.SH,华夏基金华润有巢REIT,A,3.2,5063362,0.1011198193799999,0.03159994355624997,1.8486,2.2126,1.3113943556249967,0.9473943556249966,1600000000.0,phase3_rational
2025-10-27,508077.SH,华夏基金华润有巢REIT,A,3.17,1579868,0.1011198193799999,0.03189899664984224,1.8423,2.2031,1.3475996649842241,0.9867996649842241,1585000000.0,phase3_rational
2025-10-28,508077.SH,华夏基金华润有巢REIT,A,3.2,8968254,0.1011198193799999,0.03159994355624997,1.8179,2.17,1.3420943556249967,0.9899943556249968,1600000000.0,phase3_rational
2025-10-29,508077.SH,华夏基金华润有巢REIT,A,3.193,4163163,0.1011198193799999,0.031669219974945165,1.8208,2.177,1.3461219974945167,0.9899219974945166,1596500000.0,phase3_rational
2025-10-30,508077.SH,华夏基金华润有巢REIT,A,3.184,1580997,0.1011198193799999,0.03175873724246228,1.8098,2.1625,1.366073724246228,1.013373724246228,1592000000.0,phase3_rational
2025-10-31,508077.SH,华夏基金华润有巢REIT,A,3.177,9589711,0.1011198193799999,0.03182871242681772,1.7954,2.1431,1.387471242681772,1.039771242681772,1588500000.0,phase3_rational
2025-11-03,508077.SH,华夏基金华润有巢REIT,A,3.126,4737666,0.1011198193799999,0.032347990844529724,1.7944,2.1376,1.4403990844529724,1.0971990844529724,1563000000.0,phase3_rational
2025-11-04,508077.SH,华夏基金华润有巢REIT,A,3.1,11833245,0.1011198193799999,0.03261929657419352,1.7984,2.1421,1.4635296574193517,1.1198296574193516,1550000000.0,phase3_rational
2025-11-05,508077.SH,华夏基金华润有巢REIT,A,3.06,5514535,0.1011198193799999,0.033045692607843104,1.7964,2.1391,1.5081692607843105,1.1654692607843105,1530000000.0,phase3_rational
2025-11-06,508077.SH,华夏基金华润有巢REIT,A,3.049,4826902,0.1011198193799999,0.0331649128829124,1.81,2.1596,1.5064912882912398,1.1568912882912397,1524500000.0,phase3_rational
2025-11-07,508077.SH,华夏基金华润有巢REIT,A,3.075,5675699,0.1011198193799999,0.03288449410731704,1.8142,2.1581,1.4742494107317037,1.1303494107317036,1537500000.0,phase3_rational
2025-11-10,508077.SH,华夏基金华润有巢REIT,A,3.144,9178176,0.1011198193799999,0.03216279242366409,1.8139,2.1476,1.4023792423664092,1.068679242366409,1572000000.0,phase3_rational
2025-11-11,508077.SH,华夏基金华润有巢REIT,A,3.183,8460076,0.1011198193799999,0.031768714853911376,1.8119,2.1537,1.3649714853911377,1.0231714853911376,1591500000.0,phase3_rational
2025-11-12,508077.SH,华夏基金华润有巢REIT,A,3.151,2386702,0.1011198193799999,0.03209134223421133,1.8071,2.1431,1.4020342234211334,1.0660342234211333,1575500000.0,phase3_rational
2025-11-13,508077.SH,华夏基金华润有巢REIT,A,3.155,3913021,0.1011198193799999,0.03205065590491281,1.8126,2.1491,1.392465590491281,1.0559655904912812,1577500000.0,phase3_rational
2025-11-14,508077.SH,华夏基金华润有巢REIT,A,3.155,4933731,0.1011198193799999,0.03205065590491281,1.814,2.1481,1.391065590491281,1.0569655904912811,1577500000.0,phase3_rational
2025-11-17,508077.SH,华夏基金华润有巢REIT,A,3.12,3176014,0.1011198193799999,0.032410198519230736,1.8109,2.1391,1.4301198519230736,1.1019198519230735,1560000000.0,phase3_rational
2025-11-18,508077.SH,华夏基金华润有巢REIT,A,3.131,7557528,0.1011198193799999,0.03229633324177576,1.8121,2.1381,1.417533324177576,1.091533324177576,1565500000.0,phase3_rational
2025-11-19,508077.SH,华夏基金华润有巢REIT,A,3.087,6433031,0.1011198193799999,0.0327566632264334,1.8179,2.1506,1.4577663226433397,1.12506632264334,1543500000.0,phase3_rational
2025-11-20,508077.SH,华夏基金华润有巢REIT,A,3.063,9734788,0.1011198193799999,0.03301332660137117,1.8135,2.1531,1.487832660137117,1.1482326601371171,1531500000.0,phase3_rational
2025-11-21,508077.SH,华夏基金华润有巢REIT,A,3.065,14825119,0.1011198193799999,0.03299178446329524,1.8166,2.1576,1.482578446329524,1.141578446329524,1532500000.0,phase3_rational
2025-11-24,508077.SH,华夏基金华润有巢REIT,A,3.061,7587087,0.1011198193799999,0.03303489688990523,1.821,2.1586,1.4824896889905228,1.144889688990523,1530500000.0,phase3_rational
2025-11-25,508077.SH,华夏基金华润有巢REIT,A,3.077,19140660,0.1011198193799999,0.032863119720506956,1.8301,2.1751,1.4562119720506954,1.1112119720506954,1538500000.0,phase3_rational
2025-11-26,508077.SH,华夏基金华润有巢REIT,A,3.08,15906662,0.1011198193799999,0.032831110188311655,1.8462,2.1926,1.4369110188311653,1.0905110188311653,1540000000.0,phase3_rational
2025-11-27,508077.SH,华夏基金华润有巢REIT,A,3.083,7078123,0.1011198193799999,0.032799162951670416,1.8537,2.2001,1.4262162951670416,1.0798162951670416,1541500000.0,phase3_rational
2025-11-28,508077.SH,华夏基金华润有巢REIT,A,3.07,6574542,0.1011198193799999,0.032938051915309415,1.8412,2.1851,1.4526051915309417,1.1087051915309418,1535000000.0,phase3_rational
2025-12-02,508077.SH,华夏基金华润有巢REIT,A,3.048,12789052,0.1011198193799999,0.03317579375984249,1.8442,2.2051,1.4733793759842488,1.112479375984249,1524000000.0,phase3_rational
2025-12-03,508077.SH,华夏基金华润有巢REIT,A,3.064,6912464,0.1011198193799999,0.03300255201697125,1.8519,2.2351,1.4483552016971246,1.0651552016971246,1532000000.0,phase3_rational
2025-12-04,508077.SH,华夏基金华润有巢REIT,A,3.074,6639665,0.1011198193799999,0.032895191730644084,1.8718,2.2761,1.4177191730644085,1.0134191730644084,1537000000.0,phase3_rational
2025-12-05,508077.SH,华夏基金华润有巢REIT,A,3.135,4004002,0.1011198193799999,0.032255125799043036,1.848,2.2571,1.3775125799043033,0.9684125799043035,1567500000.0,phase3_rational
2025-12-16,508077.SH,华夏基金华润有巢REIT,A,2.834,3333123,0.1011198193799999,0.03568095249823568,1.8458,2.2802,1.7222952498235675,1.2878952498235678,1417000000.0,phase3_rational
2025-12-17,508077.SH,华夏基金华润有巢REIT,A,2.82,4099299,0.1011198193799999,0.035858091978723375,1.834,2.2422,1.7518091978723374,1.3436091978723375,1410000000.0,phase3_rational
2025-12-18,508077.SH,华夏基金华润有巢REIT,A,2.814,2280918,0.1011198193799999,0.03593454846481873,1.8356,2.2512,1.757854846481873,1.342254846481873,1407000000.0,phase3_rational
2025-12-19,508077.SH,华夏基金华润有巢REIT,A,2.806,3399388,0.1011198193799999,0.0360369990662865,1.8308,2.2252,1.7728999066286497,1.3784999066286496,1403000000.0,phase3_rational
2025-12-22,508077.SH,华夏基金华润有巢REIT,A,2.802,2077533,0.1011198193799999,0.036088443747323305,1.8415,2.2412,1.7673443747323305,1.3676443747323304,1401000000.0,phase3_rational
2025-12-23,508077.SH,华夏基金华润有巢REIT,A,2.78,3984962,0.1011198193799999,0.03637403574820141,1.8352,2.2232,1.8022035748201408,1.414203574820141,1390000000.0,phase3_rational
2025-12-24,508077.SH,华夏基金华润有巢REIT,A,2.904,4664531,0.1011198193799999,0.03482087444214873,1.8356,2.2202,1.646487444214873,1.2618874442148726,1452000000.0,phase3_rational
2025-12-25,508077.SH,华夏基金华润有巢REIT,A,2.98,5663178,0.1011198193799999,0.033932825295301984,1.8386,2.2252,1.5546825295301985,1.1680825295301984,1490000000.0,phase3_rational
2025-12-26,508077.SH,华夏基金华润有巢REIT,A,2.974,2230586,0.1011198193799999,0.03400128425689304,1.8376,2.2233,1.5625284256893044,1.1768284256893042,1487000000.0,phase3_rational
2025-12-29,508077.SH,华夏基金华润有巢REIT,A,2.955,4481813,0.1011198193799999,0.03421990503553296,1.8584,2.2583,1.563590503553296,1.1636905035532958,1477500000.0,phase3_rational
2025-12-30,508077.SH,华夏基金华润有巢REIT,A,2.958,2393769,0.1011198193799999,0.03418519924949286,1.8582,2.2628,1.5603199249492863,1.1557199249492864,1479000000.0,phase3_rational
2025-12-31,508077.SH,华夏基金华润有巢REIT,A,2.959,841094,0.1011198193799999,0.03417364629266641,1.8473,2.2674,1.5700646292666407,1.1499646292666408,1479500000.0,phase3_rational
2026-01-05,508077.SH,华夏基金华润有巢REIT,A,2.97,3135608,0.1011198193799999,0.0340470772323232,1.8584,2.2822,1.5463077232323195,1.1225077232323195,1485000000.0,phase3_rational
2026-01-06,508077.SH,华夏基金华润有巢REIT,A,2.971,3534922,0.1011198193799999,0.03403561742847523,1.8829,2.3104,1.5206617428475233,1.0931617428475233,1485500000.0,phase3_rational
2026-01-07,508077.SH,华夏基金华润有巢REIT,A,2.97,5019933,0.1011198193799999,0.0340470772323232,1.9019,2.3345,1.5028077232323196,1.0702077232323197,1485000000.0,phase3_rational
2026-01-08,508077.SH,华夏基金华润有巢REIT,A,2.95,4063841,0.1011198193799999,0.034277904874576236,1.8905,2.319,1.5372904874576234,1.1087904874576235,1475000000.0,phase3_rational
2026-01-09,508077.SH,华夏基金华润有巢REIT,A,2.929,3606721,0.1011198193799999,0.034523666568794784,1.8782,2.3024,1.5741666568794783,1.1499666568794784,1464500000.0,phase3_rational
2026-01-12,508077.SH,华夏基金华润有巢REIT,A,2.917,3576009,0.1011198193799999,0.03466569056564961,1.8585,2.292,1.608069056564961,1.1745690565649611,1458500000.0,phase3_rational
2026-01-13,508077.SH,华夏基金华润有巢REIT,A,2.89,3670468,0.1011198193799999,0.0349895568788927,1.8519,2.2926,1.64705568788927,1.2063556878892698,1445000000.0,phase3_rational
2026-01-14,508077.SH,华夏基金华润有巢REIT,A,2.889,4797574,0.1011198193799999,0.03500166818276217,1.8494,2.3028,1.6507668182762172,1.1973668182762172,1444500000.0,phase3_rational
2026-01-15,508077.SH,华夏基金华润有巢REIT,A,2.892,2603652,0.1011198193799999,0.034965359398340216,1.8544,2.3058,1.6421359398340214,1.1907359398340214,1446000000.0,phase3_rational
2026-01-16,508077.SH,华夏基金华润有巢REIT,A,2.892,1719717,0.1011198193799999,0.034965359398340216,1.8424,2.3036,1.6541359398340214,1.1929359398340216,1446000000.0,phase3_rational
2026-01-19,508077.SH,华夏基金华润有巢REIT,A,2.87,3212775,0.1011198193799999,0.03523338654355397,1.8393,2.3417,1.6840386543553973,1.1816386543553974,1435000000.0,phase3_rational
2026-01-20,508077.SH,华夏基金华润有巢REIT,A,2.899,4537896,0.1011198193799999,0.03488093114177299,1.8326,2.3351,1.6554931141772993,1.152993114177299,1449500000.0,phase3_rational
2026-01-21,508077.SH,华夏基金华润有巢REIT,A,2.916,4042645,0.1011198193799999,0.03467757866255141,1.8312,2.3026,1.6365578662551412,1.1651578662551412,1458000000.0,phase3_rational
2026-01-22,508077.SH,华夏基金华润有巢REIT,A,2.91,3207237,0.1011198193799999,0.034749078824742236,1.8425,2.3101,1.6324078824742234,1.1648078824742236,1455000000.0,phase3_rational
2026-01-23,508077.SH,华夏基金华润有巢REIT,A,2.901,3101530,0.1011198193799999,0.034856883619441545,1.8298,2.2871,1.6558883619441542,1.1985883619441542,1450500000.0,phase3_rational
2026-01-26,508077.SH,华夏基金华润有巢REIT,A,2.9,851017,0.1011198193799999,0.034868903234482725,1.8242,2.27,1.6626903234482724,1.2168903234482724,1450000000.0,phase3_rational
2026-01-27,508077.SH,华夏基金华润有巢REIT,A,2.932,3746728,0.1011198193799999,0.03448834221691675,1.8311,2.285,1.6177342216916746,1.1638342216916744,1466000000.0,phase3_rational
2026-01-28,508077.SH,华夏基金华润有巢REIT,A,2.95,3794880,0.1011198193799999,0.034277904874576236,1.8164,2.277,1.6113904874576235,1.1507904874576234,1475000000.0,phase3_rational
2026-01-29,508077.SH,华夏基金华润有巢REIT,A,2.972,5052800,0.1011198193799999,0.034024165336473726,1.8174,2.28,1.5850165336473727,1.1224165336473728,1486000000.0,phase3_rational
2026-01-30,508077.SH,华夏基金华润有巢REIT,A,2.957,2491890,0.1011198193799999,0.0341967600202908,1.8112,2.289,1.6084760020290805,1.1306760020290803,1478500000.0,phase3_rational
2026-02-02,508077.SH,华夏基金华润有巢REIT,A,2.922,1618859,0.1011198193799999,0.03460637213552358,1.82,2.281,1.6406372135523581,1.179637213552358,1461000000.0,phase3_rational
2026-02-03,508077.SH,华夏基金华润有巢REIT,A,2.932,3157865,0.1011198193799999,0.03448834221691675,1.8172,2.28,1.6316342216916746,1.1688342216916747,1466000000.0,phase3_rational
2026-02-04,508077.SH,华夏基金华润有巢REIT,A,2.928,1940373,0.1011198193799999,0.034535457438524556,1.8193,2.283,1.6342457438524558,1.1705457438524558,1464000000.0,phase3_rational
2026-02-05,508077.SH,华夏基金华润有巢REIT,A,2.916,1758380,0.1011198193799999,0.03467757866255141,1.8169,2.271,1.6508578662551412,1.1967578662551412,1458000000.0,phase3_rational
2026-02-06,508077.SH,华夏基金华润有巢REIT,A,2.909,638662,0.1011198193799999,0.03476102419388103,1.8102,2.251,1.665902419388103,1.225102419388103,1454500000.0,phase3_rational
2026-02-09,508077.SH,华夏基金华润有巢REIT,A,2.897,2168194,0.1011198193799999,0.03490501186744906,1.8114,2.248,1.679101186744906,1.2425011867449056,1448500000.0,phase3_rational
2026-02-10,508077.SH,华夏基金华润有巢REIT,A,2.894,2261302,0.1011198193799999,0.034941195362819595,1.8094,2.247,1.6847195362819598,1.2471195362819598,1447000000.0,phase3_rational
2026-02-11,508077.SH,华夏基金华润有巢REIT,A,2.902,3009035,0.1011198193799999,0.03484487228807715,1.7994,2.2455,1.685087228807715,1.2389872288077153,1451000000.0,phase3_rational
2026-02-12,508077.SH,华夏基金华润有巢REIT,A,2.899,1370092,0.1011198193799999,0.03488093114177299,1.7893,2.246,1.6987931141772994,1.2420931141772993,1449500000.0,phase3_rational
2026-02-13,508077.SH,华夏基金华润有巢REIT,A,2.894,331717,0.1011198193799999,0.034941195362819595,1.7928,2.244,1.7013195362819598,1.2501195362819595,1447000000.0,phase3_rational
2026-02-24,508077.SH,华夏基金华润有巢REIT,A,2.898,463422,0.1011198193799999,0.03489296734989645,1.8023,2.2426,1.686996734989645,1.2466967349896452,1449000000.0,phase3_rational
2026-02-25,508077.SH,华夏基金华润有巢REIT,A,2.9,2916099,0.1011198193799999,0.034868903234482725,1.8158,2.255,1.6710903234482724,1.2318903234482725,1450000000.0,phase3_rational
2026-02-26,508077.SH,华夏基金华润有巢REIT,A,2.874,3490124,0.1011198193799999,0.035184349123173246,1.8288,2.2951,1.6896349123173244,1.2233349123173243,1437000000.0,phase3_rational
2026-02-27,508077.SH,华夏基金华润有巢REIT,A,2.84,3813054,0.1011198193799999,0.03560557020422532,1.7877,2.2896,1.7728570204225318,1.2709570204225318,1420000000.0,phase3_rational
2026-03-02,508077.SH,华夏基金华润有巢REIT,A,2.804,2016647,0.1011198193799999,0.036062703059914374,1.7761,2.2696,1.8301703059914374,1.3366703059914373,1402000000.0,phase3_rational
2026-03-03,508077.SH,华夏基金华润有巢REIT,A,2.825,3361497,0.1011198193799999,0.03579462632920351,1.7807,2.2827,1.7987626329203508,1.2967626329203505,1412500000.0,phase3_rational
2026-03-04,508077.SH,华夏基金华润有巢REIT,A,2.838,1265198,0.1011198193799999,0.03563066221987311,1.7768,2.2752,1.7862662219873113,1.2878662219873114,1419000000.0,phase3_rational
2026-03-05,508077.SH,华夏基金华润有巢REIT,A,2.818,2661795,0.1011198193799999,0.03588354129879344,1.7779,2.2717,1.810454129879344,1.316654129879344,1409000000.0,phase3_rational
2026-03-06,508077.SH,华夏基金华润有巢REIT,A,2.79,3481547,0.1011198193799999,0.03624366286021502,1.781,2.2812,1.8433662860215019,1.3431662860215017,1395000000.0,phase3_rational
2026-03-09,508077.SH,华夏基金华润有巢REIT,A,2.79,2445327,0.1011198193799999,0.03624366286021502,1.8054,2.3292,1.818966286021502,1.2951662860215016,1395000000.0,phase3_rational
2026-03-10,508077.SH,华夏基金华润有巢REIT,A,2.812,3528513,0.1011198193799999,0.03596010646514933,1.8055,2.3328,1.7905106465149327,1.2632106465149326,1406000000.0,phase3_rational
2026-03-11,508077.SH,华夏基金华润有巢REIT,A,2.794,5553430,0.1011198193799999,0.03619177501073726,1.8075,2.3503,1.811677501073726,1.2688775010737263,1397000000.0,phase3_rational
2026-03-12,508077.SH,华夏基金华润有巢REIT,A,2.765,2383847,0.1011198193799999,0.03657136324773957,1.8052,2.3404,1.8519363247739566,1.3167363247739567,1382500000.0,phase3_rational
2026-03-13,508077.SH,华夏基金华润有巢REIT,A,2.776,3415875,0.1011198193799999,0.036426447903458184,1.8143,2.3665,1.8283447903458183,1.2761447903458185,1388000000.0,phase3_rational
2026-03-16,508077.SH,华夏基金华润有巢REIT,A,2.745,1221141,0.1011198193799999,0.03683782126775953,1.8312,2.3917,1.8525821267759532,1.292082126775953,1372500000.0,phase3_rational
2026-03-17,508077.SH,华夏基金华润有巢REIT,A,2.755,1317584,0.1011198193799999,0.03670410866787656,1.8314,2.3806,1.839010866787656,1.289810866787656,1377500000.0,phase3_rational
2026-03-18,508077.SH,华夏基金华润有巢REIT,A,2.775,2847226,0.1011198193799999,0.03643957455135132,1.8175,2.3607,1.8264574551351322,1.2832574551351321,1387500000.0,phase3_rational
2026-03-19,508077.SH,华夏基金华润有巢REIT,A,2.765,3365883,0.1011198193799999,0.03657136324773957,1.8252,2.391,1.8319363247739566,1.2661363247739565,1382500000.0,phase3_rational
2026-03-20,508077.SH,华夏基金华润有巢REIT,A,2.763,2718596,0.1011198193799999,0.036597835461454904,1.8299,2.3881,1.8298835461454905,1.2716835461454905,1381500000.0,phase3_rational
2026-03-23,508077.SH,华夏基金华润有巢REIT,A,2.753,2026607,0.1011198193799999,0.03673077347620774,1.8316,2.373,1.8414773476207742,1.3000773476207739,1376500000.0,phase3_rational
2026-03-24,508077.SH,华夏基金华润有巢REIT,A,2.753,1246760,0.1011198193799999,0.03673077347620774,1.8272,2.3457,1.8458773476207742,1.3273773476207742,1376500000.0,phase3_rational
2026-03-25,508077.SH,华夏基金华润有巢REIT,A,2.754,1638347,0.1011198193799999,0.03671743623093678,1.8233,2.3457,1.8484436230936783,1.3260436230936783,1377000000.0,phase3_rational
2026-03-26,508077.SH,华夏基金华润有巢REIT,A,2.766,3446812,0.1011198193799999,0.03655814149674617,1.8194,2.3498,1.8364141496746167,1.3060141496746165,1383000000.0,phase3_rational
2026-03-27,508077.SH,华夏基金华润有巢REIT,A,2.758,1185988,0.1011198193799999,0.036664183966642463,1.8172,2.3497,1.8492183966642466,1.3167183966642466,1379000000.0,phase3_rational
2026-03-30,508077.SH,华夏基金华润有巢REIT,A,2.757,1135641,0.1011198193799999,0.036677482546245886,1.8063,2.3286,1.8614482546245885,1.3391482546245888,1378500000.0,phase3_rational
2026-03-31,508077.SH,华夏基金华润有巢REIT,A,2.748,953127,0.1011198193799999,0.03679760530567682,1.8171,2.3521,1.8626605305676822,1.327660530567682,1374000000.0,phase3_rational
2026-04-01,508077.SH,华夏基金华润有巢REIT,A,2.748,1363492,0.1011198193799999,0.03679760530567682,1.8244,2.3667,1.8553605305676821,1.3130605305676823,1374000000.0,phase3_rational
2026-04-02,508077.SH,华夏基金华润有巢REIT,A,2.735,3118477,0.1011198193799999,0.0369725116563071,1.8209,2.3733,1.8763511656307097,1.3239511656307097,1367500000.0,phase3_rational
2026-04-03,508077.SH,华夏基金华润有巢REIT,A,2.795,2769762,0.1011198193799999,0.036178826254025014,1.8199,2.3725,1.797982625402501,1.245382625402501,1397500000.0,phase3_rational
2026-04-07,508077.SH,华夏基金华润有巢REIT,A,2.782,2692409,0.1011198193799999,0.036347886189791484,1.8171,2.3597,1.8176886189791484,1.2750886189791482,1391000000.0,phase3_rational
2026-04-08,508077.SH,华夏基金华润有巢REIT,A,2.799,2734996,0.1011198193799999,0.03612712375133973,1.8136,2.3377,1.7991123751339728,1.275012375133973,1399500000.0,phase3_rational
2026-04-09,508077.SH,华夏基金华润有巢REIT,A,2.78,986308,0.1011198193799999,0.03637403574820141,1.8192,2.3393,1.8182035748201408,1.2981035748201406,1390000000.0,phase3_rational
2026-04-10,508077.SH,华夏基金华润有巢REIT,A,2.77,1460392,0.1011198193799999,0.036505349956678666,1.8128,2.3055,1.8377349956678668,1.3450349956678669,1385000000.0,phase3_rational
2026-04-13,508077.SH,华夏基金华润有巢REIT,A,2.783,3099556,0.1011198193799999,0.03633482550485085,1.7933,2.2816,1.840182550485085,1.3518825504850849,1391500000.0,phase3_rational
2026-04-14,508077.SH,华夏基金华润有巢REIT,A,2.819,4461970,0.1011198193799999,0.03587081212486694,1.7829,2.2805,1.804181212486694,1.306581212486694,1409500000.0,phase3_rational
2026-04-15,508077.SH,华夏基金华润有巢REIT,A,2.825,7882686,0.1011198193799999,0.03579462632920351,1.7809,2.2784,1.7985626329203508,1.3010626329203507,1412500000.0,phase3_rational
2026-04-16,508077.SH,华夏基金华润有巢REIT,A,2.844,5020693,0.1011198193799999,0.03555549204641347,1.7812,2.281,1.7743492046413472,1.274549204641347,1422000000.0,phase3_rational
2026-04-17,508077.SH,华夏基金华润有巢REIT,A,2.854,1357355,0.1011198193799999,0.035430910784863316,1.7623,2.25,1.7807910784863317,1.2930910784863316,1427000000.0,phase3_rational
2026-04-20,508077.SH,华夏基金华润有巢REIT,A,2.865,4710228,0.1011198193799999,0.035294875874345516,1.7627,2.2556,1.7667875874345518,1.2738875874345519,1432500000.0,phase3_rational
2026-04-21,508077.SH,华夏基金华润有巢REIT,A,2.848,2203024,0.1011198193799999,0.03550555455758424,1.751,2.2375,1.7995554557584237,1.3130554557584238,1424000000.0,phase3_rational
2026-04-22,508077.SH,华夏基金华润有巢REIT,A,2.83,7275624,0.1011198193799999,0.03573138493992929,1.7389,2.2137,1.8342384939929295,1.3594384939929296,1415000000.0,phase3_rational
2026-04-23,508077.SH,华夏基金华润有巢REIT,A,2.8,2295186,0.1011198193799999,0.036114221207142826,1.7548,2.2353,1.8566221207142828,1.3761221207142826,1400000000.0,phase3_rational
2026-04-24,508077.SH,华夏基金华润有巢REIT,A,2.794,1936263,0.1011198193799999,0.03619177501073726,1.7601,2.2472,1.8590775010737262,1.3719775010737263,1397000000.0,phase3_rational
2026-04-27,508077.SH,华夏基金华润有巢REIT,A,2.767,1287330,0.1011198193799999,0.036544929302493645,1.7697,2.2557,1.8847929302493645,1.3987929302493645,1383500000.0,phase3_rational
2026-04-28,508077.SH,华夏基金华润有巢REIT,A,2.737,2511653,0.1011198193799999,0.03694549484106682,1.7654,2.242,1.929149484106682,1.4525494841066822,1368500000.0,phase3_rational
2026-04-29,508077.SH,华夏基金华润有巢REIT,A,2.726,4337076,0.1011198193799999,0.03709457790902418,1.7444,2.219,1.9650577909024178,1.490457790902418,1363000000.0,phase3_rational
2026-04-30,508077.SH,华夏基金华润有巢REIT,A,2.704,2874096,0.1011198193799999,0.0373963829068047,1.7473,2.218,1.99233829068047,1.5216382906804702,1352000000.0,phase3_rational
2026-05-06,508077.SH,华夏基金华润有巢REIT,A,2.661,3042084,0.1011198193799999,0.038000683720405826,1.7654,2.239,2.0346683720405827,1.561068372040583,1330500000.0,phase3_rational
2026-05-07,508077.SH,华夏基金华润有巢REIT,A,2.674,4338251,0.1011198193799999,0.03781593843679877,1.7631,2.238,2.0184938436798774,1.543593843679877,1337000000.0,phase3_rational
2026-05-08,508077.SH,华夏基金华润有巢REIT,A,2.705,3427624,0.1011198193799999,0.037382557996303106,1.7648,2.2455,1.9734557996303106,1.4927557996303107,1352500000.0,phase3_rational
2026-05-11,508077.SH,华夏基金华润有巢REIT,A,2.689,1865492,0.1011198193799999,0.0376049904722945,1.7622,2.2361,1.99829904722945,1.52439904722945,1344500000.0,phase3_rational
2026-05-12,508077.SH,华夏基金华润有巢REIT,A,2.683,1482168,0.1011198193799999,0.03768908661200146,1.7592,2.232,2.009708661200146,1.5369086612001457,1341500000.0,phase3_rational
2026-05-13,508077.SH,华夏基金华润有巢REIT,A,2.642,1662692,0.1011198193799999,0.03827396645722934,1.7514,2.234,2.0759966457229337,1.5933966457229336,1321000000.0,phase3_rational
2026-05-14,508077.SH,华夏基金华润有巢REIT,A,2.605,3222542,0.1011198193799999,0.03881758901343566,1.7588,2.241,2.122958901343566,1.640758901343566,1302500000.0,phase3_rational
2026-05-15,508077.SH,华夏基金华润有巢REIT,A,2.605,3092149,0.1011198193799999,0.03881758901343566,1.7658,2.253,2.115958901343566,1.628758901343566,1302500000.0,phase3_rational
2026-05-18,508077.SH,华夏基金华润有巢REIT,A,2.633,8252400,0.1011198193799999,0.03840479277630076,1.7585,2.244,2.081979277630076,1.5964792776300758,1316500000.0,phase3_rational
2026-05-19,508077.SH,华夏基金华润有巢REIT,A,2.74,12034888,0.1011198193799999,0.03690504356934303,1.7345,2.221,1.9560043569343029,1.4695043569343027,1370000000.0,phase3_rational
2026-05-20,508077.SH,华夏基金华润有巢REIT,A,2.744,9701885,0.1011198193799999,0.03685124612973757,1.7382,2.2311,1.9469246129737572,1.454024612973757,1372000000.0,phase3_rational
2026-05-21,508077.SH,华夏基金华润有巢REIT,A,2.749,2464212,0.1011198193799999,0.036784219490723864,1.7448,2.231,1.9336219490723867,1.4474219490723867,1374500000.0,phase3_rational
2026-05-22,508077.SH,华夏基金华润有巢REIT,A,2.748,4542160,0.1011198193799999,0.03679760530567682,1.7519,2.2345,1.9278605305676821,1.445260530567682,1374000000.0,phase3_rational
2026-05-25,508077.SH,华夏基金华润有巢REIT,A,2.707,1287377,0.1011198193799999,0.03735493881787954,1.7484,2.226,1.9870938817879538,1.5094938817879537,1353500000.0,phase3_rational
2026-05-26,508077.SH,华夏基金华润有巢REIT,A,2.685,1168659,0.1011198193799999,0.037661012804469235,1.7405,2.2205,2.0256012804469234,1.5456012804469235,1342500000.0,phase3_rational
2026-05-27,508077.SH,华夏基金华润有巢REIT,A,2.676,3301225,0.1011198193799999,0.037787675403587406,1.7216,2.208,2.0571675403587406,1.5707675403587404,1338000000.0,phase3_rational
2026-05-28,508077.SH,华夏基金华润有巢REIT,A,2.649,876787,0.1011198193799999,0.038172827248018085,1.7193,2.2095,2.0979827248018084,1.6077827248018086,1324500000.0,phase3_rational
2026-05-29,508077.SH,华夏基金华润有巢REIT,A,2.666,1740198,0.1011198193799999,0.037929414621155254,1.709,2.205,2.0839414621155252,1.5879414621155252,1333000000.0,phase3_rational
2026-06-01,508077.SH,华夏基金华润有巢REIT,A,2.708,4904688,0.1011198193799999,0.037341144527326404,1.7009,2.191,2.033214452732641,1.5431144527326408,1354000000.0,phase3_rational
2026-06-02,508077.SH,华夏基金华润有巢REIT,A,2.708,1658197,0.1011198193799999,0.037341144527326404,1.7036,2.191,2.030514452732641,1.5431144527326408,1354000000.0,phase3_rational
2026-06-03,508077.SH,华夏基金华润有巢REIT,A,2.72,3400903,0.1011198193799999,0.037176404183823494,1.7128,2.205,2.0048404183823494,1.5126404183823494,1360000000.0,phase3_rational
2026-06-04,508077.SH,华夏基金华润有巢REIT,A,2.726,7784794,0.1011198193799999,0.03709457790902418,1.7081,2.191,2.001357790902418,1.518457790902418,1363000000.0,phase3_rational
2026-06-05,508077.SH,华夏基金华润有巢REIT,A,2.741,5354357,0.1011198193799999,0.03689157948923747,1.7207,2.204,1.968457948923747,1.4851579489237468,1370500000.0,phase3_rational
2026-06-08,508077.SH,华夏基金华润有巢REIT,A,2.74,11090046,0.1011198193799999,0.03690504356934303,1.7275,2.213,1.9630043569343028,1.4775043569343027,1370000000.0,phase3_rational
2026-06-09,508077.SH,华夏基金华润有巢REIT,A,2.735,5167319,0.1011198193799999,0.0369725116563071,1.7376,2.22,1.9596511656307096,1.4772511656307095,1367500000.0,phase3_rational
2026-06-10,508077.SH,华夏基金华润有巢REIT,A,2.717,1464789,0.1011198193799999,0.03721745284504965,1.7476,2.235,1.9741452845049652,1.4867452845049653,1358500000.0,phase3_rational
2026-06-11,508077.SH,华夏基金华润有巢REIT,A,2.719,5197802,0.1011198193799999,0.037190077006252265,1.7475,2.238,1.9715077006252266,1.4810077006252267,1359500000.0,phase3_rational
2026-06-12,508077.SH,华夏基金华润有巢REIT,A,2.72,4548054,0.1011198193799999,0.037176404183823494,1.7427,2.2215,1.9749404183823496,1.4961404183823497,1360000000.0,phase3_rational
2026-06-15,508077.SH,华夏基金华润有巢REIT,A,2.718,3139075,0.1011198193799999,0.03720375988962469,1.7446,2.2215,1.975775988962469,1.4988759889624692,1359000000.0,phase3_rational
2026-06-16,508077.SH,华夏基金华润有巢REIT,A,2.696,1542550,0.1011198193799999,0.037507351402077116,1.7324,2.2175,2.0183351402077117,1.533235140207712,1348000000.0,phase3_rational
2026-06-17,508077.SH,华夏基金华润有巢REIT,A,2.7,709400,0.1011198193799999,0.03745178495555552,1.727,2.2181,2.018178495555552,1.5270784955555516,1350000000.0,phase3_rational
2026-06-18,508077.SH,华夏基金华润有巢REIT,A,2.66,3834437,0.1011198193799999,0.03801496969172929,1.7299,2.2201,2.071596969172929,1.5813969691729288,1330000000.0,phase3_rational
2026-06-22,508077.SH,华夏基金华润有巢REIT,A,2.594,3043812,0.1011198193799999,0.03898219713955278,1.7375,2.2216,2.1607197139552783,1.676619713955278,1297000000.0,phase3_rational
2026-06-23,508077.SH,华夏基金华润有巢REIT,A,2.596,7283609,0.1011198193799999,0.03895216463020027,1.7437,2.2291,2.151516463020027,1.6661164630200274,1298000000.0,phase3_rational
2026-06-24,508077.SH,华夏基金华润有巢REIT,A,2.592,6600854,0.1011198193799999,0.039012275995370334,1.7454,2.2311,2.1558275995370333,1.6701275995370333,1296000000.0,phase3_rational
2026-06-25,508077.SH,华夏基金华润有巢REIT,A,2.648,12470484,0.1011198193799999,0.038187242968277905,1.7351,2.2201,2.0836242968277903,1.5986242968277904,1324000000.0,phase3_rational
2026-06-26,508077.SH,华夏基金华润有巢REIT,A,2.642,6011628,0.1011198193799999,0.03827396645722934,1.7314,2.2176,2.0959966457229333,1.6097966457229336,1321000000.0,phase3_rational
2026-06-29,508077.SH,华夏基金华润有巢REIT,A,2.71,5269884,0.1011198193799999,0.037313586487084834,1.717,2.209,2.0143586487084835,1.5223586487084835,1355000000.0,phase3_rational
2026-06-30,508077.SH,华夏基金华润有巢REIT,A,2.769,6841235,0.1011198193799999,0.0365185335427952,1.733,2.236,1.9188533542795194,1.4158533542795193,1384500000.0,phase3_rational
2026-07-01,508077.SH,华夏基金华润有巢REIT,A,2.75,3566253,0.1011198193799999,0.036770843410909054,1.7448,2.2525,1.9322843410909056,1.4245843410909056,1375000000.0,phase3_rational
2026-07-02,508077.SH,华夏基金华润有巢REIT,A,2.704,1817839,0.1011198193799999,0.0373963829068047,1.741,2.258,1.99863829068047,1.4816382906804701,1352000000.0,phase3_rational
2026-07-03,508077.SH,华夏基金华润有巢REIT,A,2.763,1402352,0.1011198193799999,0.036597835461454904,1.7463,2.2685,1.9134835461454907,1.3912835461454907,1381500000.0,phase3_rational
2026-07-06,508077.SH,华夏基金华润有巢REIT,A,2.763,3457861,0.1011198193799999,0.036597835461454904,1.7379,2.255,1.9218835461454906,1.4047835461454907,1381500000.0,phase3_rational
2026-07-07,508077.SH,华夏基金华润有巢REIT,A,2.728,2364338,0.1011198193799999,0.03706738247067445,1.7406,2.2605,1.9661382470674449,1.4462382470674449,1364000000.0,phase3_rational
2026-07-08,508077.SH,华夏基金华润有巢REIT,A,2.711,3702105,0.1011198193799999,0.03729982271486533,1.7385,2.2545,1.991482271486533,1.4754822714865328,1355500000.0,phase3_rational
2026-07-09,508077.SH,华夏基金华润有巢REIT,A,2.73,3717898,0.1011198193799999,0.03704022687912085,1.7376,2.2515,1.9664226879120847,1.4525226879120847,1365000000.0,phase3_rational
2026-07-10,508077.SH,华夏基金华润有巢REIT,A,2.734,4733977,0.1011198193799999,0.036986034886612985,1.7398,2.253,1.9588034886612984,1.4456034886612983,1367000000.0,phase3_rational
2026-07-13,508077.SH,华夏基金华润有巢REIT,A,2.705,1573588,0.1011198193799999,0.037382557996303106,1.7442,2.263,1.9940557996303105,1.4752557996303106,1352500000.0,phase3_rational
2026-07-14,508077.SH,华夏基金华润有巢REIT,A,2.721,2806862,0.1011198193799999,0.03716274141124583,1.7402,2.2555,1.976074141124583,1.460774141124583,1360500000.0,phase3_rational
2026-07-15,508077.SH,华夏基金华润有巢REIT,A,2.723,3127830,0.1011198193799999,0.03713544597135509,1.7406,2.247,1.9729445971355088,1.4665445971355089,1361500000.0,phase3_rational
2026-07-16,508077.SH,华夏基金华润有巢REIT,A,2.715,2375092,0.1011198193799999,0.037244869016574554,1.7437,2.2515,1.9807869016574555,1.4729869016574555,1357500000.0,phase3_rational
2026-07-17,508077.SH,华夏基金华润有巢REIT,A,2.718,11555171,0.1011198193799999,0.03720375988962469,1.7404,2.2425,1.979975988962469,1.4778759889624689,1359000000.0,phase3_rational
2026-07-20,508077.SH,华夏基金华润有巢REIT,A,2.684,1798729,0.1011198193799999,0.03767504447839042,1.7453,2.2495,2.0222044478390417,1.5180044478390422,1342000000.0,phase3_rational
2026-07-21,508077.SH,华夏基金华润有巢REIT,A,2.678,2433821,0.1011198193799999,0.03775945458551154,1.745,2.2475,2.030945458551154,1.528445458551154,1339000000.0,phase3_rational
2026-07-22,508077.SH,华夏基金华润有巢REIT,A,2.63,4845116,0.1011198193799999,0.03844860052471479,1.7297,2.212,2.115160052471479,1.6328600524714791,1315000000.0,phase3_rational
2026-07-23,508077.SH,华夏基金华润有巢REIT,A,2.619,14742197,0.1011198193799999,0.038610087583046925,1.7325,2.2045,2.1285087583046924,1.6565087583046925,1309500000.0000002,phase3_rational
2026-07-24,508077.SH,华夏基金华润有巢REIT,A,2.623,3277640,0.1011198193799999,0.038551208303469274,1.7282,2.187,2.1269208303469274,1.6681208303469277,1311500000.0,phase3_rational
2026-07-27,508077.SH,华夏基金华润有巢REIT,A,2.62,1821659,0.1011198193799999,0.03859535090839691,1.7337,2.193,2.125835090839691,1.6665350908396905,1310000000.0,phase3_rational
2026-07-28,508077.SH,华夏基金华润有巢REIT,A,2.645,2362972,0.1011198193799999,0.03823055553119089,1.7351,2.194,2.0879555531190888,1.629055553119089,1322500000.0,phase3_rational
2026-07-29,508077.SH,华夏基金华润有巢REIT,A,2.657,1781496,0.1011198193799999,0.038057892126458374,1.7329,2.206,2.072889212645837,1.5997892126458373,1328500000.0,phase3_rational
2026-07-30,508077.SH,华夏基金华润有巢REIT,A,2.659,2255695,0.1011198193799999,0.03802926640842419,1.7196,2.1851,2.0833266408424187,1.6178266408424191,1329500000.0,phase3_rational
2026-07-31,508077.SH,华夏基金华润有巢REIT,A,2.713,2987935,0.1011198193799999,0.03727232561002577,1.7141,2.1876,2.0131325610025765,1.5396325610025765,1356500000.0,phase3_rational
2026-08-03,508077.SH,华夏基金华润有巢REIT,A,2.678,3197944,0.1011198193799999,0.03775945458551154,1.7169,2.1891,2.0590454585511537,1.5868454585511542,1339000000.0,phase3_rational
2026-08-04,508077.SH,华夏基金华润有巢REIT,A,2.661,1689216,0.1011198193799999,0.038000683720405826,1.7126,2.1841,2.0874683720405827,1.6159683720405829,1330500000.0,phase3_rational
2026-08-05,508077.SH,华夏基金华润有巢REIT,A,2.651,1445192,0.1011198193799999,0.038144028434552966,1.7137,2.1871,2.100702843455297,1.6273028434552965,1325500000.0,phase3_rational
2026-08-06,508077.SH,华夏基金华润有巢REIT,A,2.662,756511,0.1011198193799999,0.03798640848234407,1.7143,2.1886,2.0843408482344064,1.6100408482344064,1331000000.0,phase3_rational
2026-08-07,508077.SH,华夏基金华润有巢REIT,A,2.698,563250,0.1011198193799999,0.03747954758339507,1.7114,2.1781,2.0365547583395074,1.569854758339507,1349000000.0,phase3_rational
2026-08-10,508077.SH,华夏基金华润有巢REIT,A,2.678,5979377,0.1011198193799999,0.03775945458551154,1.7074,2.1581,2.068545458551154,1.617845458551154,1339000000.0,phase3_rational
2025-05-21,508085.SH,华泰苏州恒泰租赁住房REIT,B,3.554,1038147,0.0758256392399999,0.021335295227912183,1.71,1.885,0.42352952279121814,0.2485295227912181,1777000000.0,phase3_rational
2025-05-22,508085.SH,华泰苏州恒泰租赁住房REIT,B,3.909,7822937,0.0758256392399999,0.019397707659247865,1.7186,1.887,0.22117076592478657,0.05277076592478647,1954500000.0,phase3_rational
2025-05-23,508085.SH,华泰苏州恒泰租赁住房REIT,B,4.178,25272180,0.0758256392399999,0.01814878871230251,1.7208,1.889,0.09407887123025094,-0.07412112876974897,2089000000.0,phase3_rational
2025-05-26,508085.SH,华泰苏州恒泰租赁住房REIT,B,4.133,8042075,0.0758256392399999,0.018346392267118292,1.7201,1.8875,0.11453922671182926,-0.05286077328817074,2066500000.0,phase3_rational
2025-05-27,508085.SH,华泰苏州恒泰租赁住房REIT,B,4.068,10291665,0.0758256392399999,0.018639537669616495,1.7261,1.901,0.13785376696164953,-0.03704623303835053,2033999999.9999998,phase3_rational
2025-05-28,508085.SH,华泰苏州恒泰租赁住房REIT,B,4.118,5637101,0.0758256392399999,0.018413219825157815,1.6832,1.906,0.15812198251578158,-0.06467801748421831,2059000000.0000002,phase3_rational
2025-05-29,508085.SH,华泰苏州恒泰租赁住房REIT,B,4.115,3660052,0.0758256392399999,0.018426643800729014,1.6877,1.916,0.15496438007290148,-0.07333561992709847,2057500000.0,phase3_rational
2025-05-30,508085.SH,华泰苏州恒泰租赁住房REIT,B,4.103,4147984,0.0758256392399999,0.018480536007799146,1.6712,1.896,0.17685360077991463,-0.047946399220085256,2051500000.0,phase3_rational
2025-06-03,508085.SH,华泰苏州恒泰租赁住房REIT,B,4.096,2858153,0.0758256392399999,0.018512118955078097,1.6764,1.895,0.17481189550780996,-0.04378810449219017,2048000000.0,phase3_rational
2025-06-04,508085.SH,华泰苏州恒泰租赁住房REIT,B,4.107,4076967,0.0758256392399999,0.01846253694667638,1.6704,1.891,0.17585369466763812,-0.04474630533236179,2053500000.0,phase3_rational
2025-06-05,508085.SH,华泰苏州恒泰租赁住房REIT,B,4.102,2704808,0.0758256392399999,0.018485041257922937,1.6741,1.896,0.1744041257922937,-0.04749587420770629,2051000000.0000002,phase3_rational
2025-06-06,508085.SH,华泰苏州恒泰租赁住房REIT,B,4.102,2624157,0.0758256392399999,0.018485041257922937,1.6547,1.876,0.19380412579229356,-0.027495874207706272,2051000000.0000002,phase3_rational
2025-06-09,508085.SH,华泰苏州恒泰租赁住房REIT,B,4.095,3119589,0.0758256392399999,0.018516639619047596,1.6559,1.87,0.19576396190475975,-0.018336038095240426,2047500000.0,phase3_rational
2025-06-10,508085.SH,华泰苏州恒泰租赁住房REIT,B,4.09,2965488,0.0758256392399999,0.018539276097799488,1.6569,1.8695,0.19702760977994882,-0.01557239022005108,2045000000.0,phase3_rational
2025-06-11,508085.SH,华泰苏州恒泰租赁住房REIT,B,4.086,1342281,0.0758256392399999,0.018557425168869282,1.642,1.849,0.21374251688692825,0.006742516886928174,2043000000.0000002,phase3_rational
2025-06-12,508085.SH,华泰苏州恒泰租赁住房REIT,B,4.074,1499585,0.0758256392399999,0.018612086215022066,1.6475,1.8485,0.2137086215022066,0.01270862150220653,2037000000.0,phase3_rational
2025-06-13,508085.SH,华泰苏州恒泰租赁住房REIT,B,4.085,1899598,0.0758256392399999,0.018561967990208053,1.644,1.8495,0.21219679902080535,0.006696799020805333,2042500000.0,phase3_rational
2025-06-16,508085.SH,华泰苏州恒泰租赁住房REIT,B,4.115,3773868,0.0758256392399999,0.018426643800729014,1.6432,1.851,0.19946438007290146,-0.008335619927098525,2057500000.0,phase3_rational
2025-06-17,508085.SH,华泰苏州恒泰租赁住房REIT,B,4.22,3502690,0.0758256392399999,0.01796816095734595,1.6364,1.8425,0.1604160957345948,-0.04568390426540514,2110000000.0,phase3_rational
2025-06-18,508085.SH,华泰苏州恒泰租赁住房REIT,B,4.345,3503878,0.0758256392399999,0.0174512403314154,1.6384,1.8455,0.10672403314153978,-0.10037596685846006,2172500000.0,phase3_rational
2025-06-19,508085.SH,华泰苏州恒泰租赁住房REIT,B,4.363,5138979,0.0758256392399999,0.01737924346550536,1.6425,1.8431,0.09542434655053578,-0.10517565344946411,2181500000.0000005,phase3_rational
2025-06-20,508085.SH,华泰苏州恒泰租赁住房REIT,B,4.384,2480027,0.0758256392399999,0.017295994352189755,1.6396,1.8376,0.08999943521897547,-0.10800056478102449,2192000000.0000005,phase3_rational
2025-06-23,508085.SH,华泰苏州恒泰租赁住房REIT,B,4.37,1329910,0.0758256392399999,0.017351404860411875,1.6418,1.8381,0.0933404860411875,-0.10295951395881264,2185000000.0,phase3_rational
2025-06-24,508085.SH,华泰苏州恒泰租赁住房REIT,B,4.291,5924164,0.0758256392399999,0.017670855101374946,1.648,1.8506,0.11908551013749458,-0.08351448986250554,2145500000.0000002,phase3_rational
2025-06-25,508085.SH,华泰苏州恒泰租赁住房REIT,B,4.257,1725996,0.0758256392399999,0.017811989485553185,1.6544,1.8621,0.12679894855531848,-0.08090105144468152,2128499999.9999998,phase3_rational
2025-06-26,508085.SH,华泰苏州恒泰租赁住房REIT,B,4.238,1831326,0.0758256392399999,0.01789184503067482,1.6462,1.8491,0.1429845030674819,-0.059915496932517964,2119000000.0000002,phase3_rational
2025-06-27,508085.SH,华泰苏州恒泰租赁住房REIT,B,4.198,3491725,0.0758256392399999,0.01806232473558835,1.6462,1.8496,0.16003247355883476,-0.04336752644116504,2099000000.0000002,phase3_rational
2025-06-30,508085.SH,华泰苏州恒泰租赁住房REIT,B,4.185,2136273,0.0758256392399999,0.018118432315412162,1.6469,1.8611,0.16494323154121626,-0.049256768458783684,2092499999.9999998,phase3_rational
2025-07-01,508085.SH,华泰苏州恒泰租赁住房REIT,B,4.179,885402,0.0758256392399999,0.018144445857860705,1.6433,1.8516,0.1711445857860705,-0.03715541421392943,2089500000.0,phase3_rational
2025-07-02,508085.SH,华泰苏州恒泰租赁住房REIT,B,4.28,2034622,0.0758256392399999,0.017716270850467265,1.6396,1.8451,0.13202708504672667,-0.07347291495327335,2140000000.0,phase3_rational
2025-07-03,508085.SH,华泰苏州恒泰租赁住房REIT,B,4.278,1484960,0.0758256392399999,0.01772455335203364,1.6407,1.8486,0.1317553352033638,-0.07614466479663617,2138999999.9999998,phase3_rational
2025-07-04,508085.SH,华泰苏州恒泰租赁住房REIT,B,4.315,1256058,0.0758256392399999,0.017572569928157564,1.6433,1.8516,0.11395699281575644,-0.09434300718424349,2157500000.0000005,phase3_rational
2025-07-07,508085.SH,华泰苏州恒泰租赁住房REIT,B,4.313,495661,0.0758256392399999,0.01758071858103406,1.6406,1.8536,0.11747185810340599,-0.09552814189659387,2156500000.0,phase3_rational
2025-07-08,508085.SH,华泰苏州恒泰租赁住房REIT,B,4.242,1454539,0.0758256392399999,0.017874973889674656,1.6444,1.8596,0.14309738896746538,-0.07210261103253446,2121000000.0,phase3_rational
2025-07-09,508085.SH,华泰苏州恒泰租赁住房REIT,B,4.21,1293160,0.0758256392399999,0.0180108406745843,1.6446,1.8566,0.1564840674584298,-0.05551593254157017,2105000000.0,phase3_rational
2025-07-10,508085.SH,华泰苏州恒泰租赁住房REIT,B,4.21,1151068,0.0758256392399999,0.0180108406745843,1.6616,1.8746,0.1394840674584299,-0.07351593254157018,2105000000.0,phase3_rational
2025-07-11,508085.SH,华泰苏州恒泰租赁住房REIT,B,4.226,488110,0.0758256392399999,0.017942650080454304,1.6653,1.8741,0.12896500804543032,-0.07983499195456978,2113000000.0,phase3_rational
2025-07-14,508085.SH,华泰苏州恒泰租赁住房REIT,B,4.211,513852,0.0758256392399999,0.0180065635810971,1.6726,1.8821,0.12805635810971006,-0.08144364189028996,2105500000.0000002,phase3_rational
2025-07-15,508085.SH,华泰苏州恒泰租赁住房REIT,B,4.235,904365,0.0758256392399999,0.017904519301062547,1.6557,1.8601,0.13475193010625475,-0.06964806989374539,2117500000.0000002,phase3_rational
2025-07-16,508085.SH,华泰苏州恒泰租赁住房REIT,B,4.239,290308,0.0758256392399999,0.01788762426043876,1.6617,1.8661,0.12706242604387596,-0.07733757395612417,2119500000.0,phase3_rational
2025-07-17,508085.SH,华泰苏州恒泰租赁住房REIT,B,4.235,827652,0.0758256392399999,0.017904519301062547,1.663,1.883,0.12745193010625466,-0.09254806989374531,2117500000.0000002,phase3_rational
2025-07-18,508085.SH,华泰苏州恒泰租赁住房REIT,B,4.2,1504977,0.0758256392399999,0.018053723628571404,1.6652,1.8885,0.1401723628571403,-0.08312763714285976,2100000000.0,phase3_rational
2025-07-21,508085.SH,华泰苏州恒泰租赁住房REIT,B,4.163,1436674,0.0758256392399999,0.018214181897669924,1.6774,1.9115,0.14401818976699232,-0.09008181023300765,2081500000.0,phase3_rational
2025-07-22,508085.SH,华泰苏州恒泰租赁住房REIT,B,4.098,1911856,0.0758256392399999,0.01850308424597362,1.6907,1.9335,0.1596084245973619,-0.083191575402638,2049000000.0,phase3_rational
2025-07-23,508085.SH,华泰苏州恒泰租赁住房REIT,B,4.073,4460972,0.0758256392399999,0.018616655840903485,1.7041,1.938,0.1575655840903485,-0.07633441590965151,2036500000.0000002,phase3_rational
2025-07-24,508085.SH,华泰苏州恒泰租赁住房REIT,B,4.046,1684607,0.0758256392399999,0.018740889579831905,1.7376,1.979,0.1364889579831905,-0.10491104201680956,2023000000.0,phase3_rational
2025-07-25,508085.SH,华泰苏州恒泰租赁住房REIT,B,4.046,1073294,0.0758256392399999,0.018740889579831905,1.7324,1.9725,0.1416889579831906,-0.09841104201680939,2023000000.0,phase3_rational
2025-07-28,508085.SH,华泰苏州恒泰租赁住房REIT,B,4.125,889238,0.0758256392399999,0.018381973149090885,1.7146,1.9525,0.12359731490908854,-0.11430268509091146,2062500000.0,phase3_rational
2025-07-29,508085.SH,华泰苏州恒泰租赁住房REIT,B,4.103,1122629,0.0758256392399999,0.018480536007799146,1.7466,1.998,0.10145360077991472,-0.14994639922008535,2051500000.0,phase3_rational
2025-07-30,508085.SH,华泰苏州恒泰租赁住房REIT,B,4.12,633091,0.0758256392399999,0.01840428136893201,1.718,1.96,0.1224281368932012,-0.11957186310679879,2060000000.0,phase3_rational
2025-07-31,508085.SH,华泰苏州恒泰租赁住房REIT,B,4.18,1726061,0.0758256392399999,0.01814010508133969,1.7044,1.945,0.10961050813396889,-0.13098949186603126,2090000000.0,phase3_rational
2025-08-01,508085.SH,华泰苏州恒泰租赁住房REIT,B,4.17,1314309,0.0758256392399999,0.018183606532374077,1.7059,1.949,0.11246065323740773,-0.13063934676259237,2085000000.0,phase3_rational
2025-08-04,508085.SH,华泰苏州恒泰租赁住房REIT,B,4.097,1028066,0.0758256392399999,0.018507600497925283,1.7083,1.95,0.14246004979252835,-0.09923995020747167,2048500000.0000002,phase3_rational
2025-08-05,508085.SH,华泰苏州恒泰租赁住房REIT,B,4.113,996715,0.0758256392399999,0.018435603997082394,1.7061,1.9585,0.13746039970823953,-0.11493960029176042,2056500000.0000002,phase3_rational
2025-08-06,508085.SH,华泰苏州恒泰租赁住房REIT,B,4.115,506994,0.0758256392399999,0.018426643800729014,1.6999,1.958,0.1427643800729015,-0.11533561992709851,2057500000.0,phase3_rational
2025-08-07,508085.SH,华泰苏州恒泰租赁住房REIT,B,4.121,531758,0.0758256392399999,0.01839981539432174,1.6894,1.951,0.1505815394321739,-0.11101846056782616,2060500000.0000002,phase3_rational
2025-08-08,508085.SH,华泰苏州恒泰租赁住房REIT,B,4.112,333596,0.0758256392399999,0.018440087363813203,1.6891,1.96,0.1549087363813202,-0.11599126361867973,2056000000.0,phase3_rational
2025-08-11,508085.SH,华泰苏州恒泰租赁住房REIT,B,4.085,1151385,0.0758256392399999,0.018561967990208053,1.7203,1.995,0.13589679902080531,-0.13880320097919485,2042500000.0,phase3_rational
2025-08-12,508085.SH,华泰苏州恒泰租赁住房REIT,B,4.085,1062100,0.0758256392399999,0.018561967990208053,1.7271,2.017,0.12909679902080518,-0.16080320097919465,2042500000.0,phase3_rational
2025-08-13,508085.SH,华泰苏州恒泰租赁住房REIT,B,4.058,1045602,0.0758256392399999,0.01868547048792506,1.7262,2.02,0.14234704879250604,-0.15145295120749402,2029000000.0,phase3_rational
2025-08-14,508085.SH,华泰苏州恒泰租赁住房REIT,B,4.043,677886,0.0758256392399999,0.018754795755626982,1.7341,2.0275,0.1413795755626983,-0.15202042443730157,2021500000.0,phase3_rational
2025-08-15,508085.SH,华泰苏州恒泰租赁住房REIT,B,4.014,1331900,0.0758256392399999,0.0188902937817638,1.7465,2.0475,0.1425293781763799,-0.15847062182362004,2007000000.0,phase3_rational
2025-08-18,508085.SH,华泰苏州恒泰租赁住房REIT,B,3.863,4975446,0.0758256392399999,0.019628692529122416,1.7872,2.1145,0.17566925291224167,-0.15163074708775848,1931500000.0,phase3_rational
2025-08-19,508085.SH,华泰苏州恒泰租赁住房REIT,B,3.772,3624974,0.0758256392399999,0.02010223733828205,1.7725,2.0975,0.23772373382820522,-0.08727626617179496,1886000000.0,phase3_rational
2025-08-20,508085.SH,华泰苏州恒泰租赁住房REIT,B,3.771,3278403,0.0758256392399999,0.020107568082736647,1.782,2.105,0.22875680827366462,-0.09424319172633533,1885500000.0,phase3_rational
2025-08-21,508085.SH,华泰苏州恒泰租赁住房REIT,B,3.774,3202241,0.0758256392399999,0.020091584324324296,1.7667,2.075,0.2424584324324297,-0.06584156756757054,1887000000.0,phase3_rational
2025-08-22,508085.SH,华泰苏州恒泰租赁住房REIT,B,3.766,3034158,0.0758256392399999,0.020134264269782234,1.7818,2.0775,0.23162642697822333,-0.06407357302177674,1883000000.0,phase3_rational
2025-08-25,508085.SH,华泰苏州恒泰租赁住房REIT,B,3.782,2791479,0.0758256392399999,0.02004908493918559,1.7643,2.05,0.24060849391855887,-0.04509150608144097,1891000000.0,phase3_rational
2025-08-26,508085.SH,华泰苏州恒泰租赁住房REIT,B,3.917,2901257,0.0758256392399999,0.019358090181261143,1.7598,2.035,0.17600901812611425,-0.09919098187388586,1958500000.0,phase3_rational
2025-08-27,508085.SH,华泰苏州恒泰租赁住房REIT,B,3.909,1821927,0.0758256392399999,0.019397707659247865,1.7988,2.07,0.14097076592478652,-0.13022923407521336,1954500000.0,phase3_rational
2025-08-28,508085.SH,华泰苏州恒泰租赁住房REIT,B,3.9,1739142,0.0758256392399999,0.019442471599999973,1.8478,2.1108,0.0964471599999972,-0.16655284000000248,1950000000.0,phase3_rational
2025-08-29,508085.SH,华泰苏州恒泰租赁住房REIT,B,3.86,2898470,0.0758256392399999,0.01964394798963728,1.8379,2.1375,0.12649479896372795,-0.17310520103627214,1930000000.0,phase3_rational
2025-09-01,508085.SH,华泰苏州恒泰租赁住房REIT,B,3.851,1283646,0.0758256392399999,0.019689856982601894,1.8257,2.1165,0.14328569826018933,-0.1475143017398104,1925500000.0,phase3_rational
2025-09-02,508085.SH,华泰苏州恒泰租赁住房REIT,B,3.904,825820,0.0758256392399999,0.01942255103483604,1.8167,2.1,0.125555103483604,-0.15774489651639612,1952000000.0,phase3_rational
2025-09-03,508085.SH,华泰苏州恒泰租赁住房REIT,B,3.934,975149,0.0758256392399999,0.019274438037620713,1.7984,2.075,0.12904380376207136,-0.14755619623792882,1967000000.0,phase3_rational
2025-09-04,508085.SH,华泰苏州恒泰租赁住房REIT,B,3.994,2676129,0.0758256392399999,0.01898488714071104,1.806,2.085,0.09248871407110393,-0.186511285928896,1997000000.0,phase3_rational
2025-09-05,508085.SH,华泰苏州恒泰租赁住房REIT,B,3.959,1266697,0.0758256392399999,0.019152725243748395,1.826,2.1125,0.08927252437483957,-0.1972274756251602,1979500000.0,phase3_rational
2025-09-08,508085.SH,华泰苏州恒泰租赁住房REIT,B,3.943,275641,0.0758256392399999,0.019230443631752445,1.8514,2.1475,0.07164436317524459,-0.22445563682475544,1971500000.0,phase3_rational
2025-09-09,508085.SH,华泰苏州恒泰租赁住房REIT,B,3.954,1493846,0.0758256392399999,0.019176944673748076,1.8641,2.171,0.05359446737480744,-0.2533055326251923,1977000000.0,phase3_rational
2025-09-10,508085.SH,华泰苏州恒泰租赁住房REIT,B,3.95,1432822,0.0758256392399999,0.019196364364556934,1.8992,2.204,0.020436436455693485,-0.2843635635443067,1975000000.0,phase3_rational
2025-09-11,508085.SH,华泰苏州恒泰租赁住房REIT,B,3.948,1497466,0.0758256392399999,0.019206088966565324,1.8743,2.208,0.04630889665653237,-0.28739110334346774,1974000000.0,phase3_rational
2025-09-12,508085.SH,华泰苏州恒泰租赁住房REIT,B,3.944,951863,0.0758256392399999,0.019225567758620662,1.867,2.184,0.05555677586206609,-0.2614432241379341,1972000000.0,phase3_rational
2025-09-15,508085.SH,华泰苏州恒泰租赁住房REIT,B,3.935,829580,0.0758256392399999,0.019269539832274432,1.8724,2.1875,0.05455398322744309,-0.26054601677255684,1967500000.0,phase3_rational
2025-09-16,508085.SH,华泰苏州恒泰租赁住房REIT,B,3.93,676300,0.0758256392399999,0.019294055786259513,1.8527,2.1675,0.0767055786259514,-0.23809442137404857,1965000000.0,phase3_rational
2025-09-17,508085.SH,华泰苏州恒泰租赁住房REIT,B,3.926,105259,0.0758256392399999,0.019313713509933748,1.8349,2.15,0.09647135099337478,-0.21862864900662515,1963000000.0,phase3_rational
2025-09-18,508085.SH,华泰苏州恒泰租赁住房REIT,B,3.927,647170,0.0758256392399999,0.019308795324675297,1.8546,2.1701,0.07627953246752961,-0.2392204675324705,1963500000.0,phase3_rational
2025-09-19,508085.SH,华泰苏州恒泰租赁住房REIT,B,3.929,163447,0.0758256392399999,0.019298966464749275,1.8789,2.1996,0.05099664647492741,-0.2697033535250728,1964500000.0,phase3_rational
2025-09-22,508085.SH,华泰苏州恒泰租赁住房REIT,B,3.92,829988,0.0758256392399999,0.019343275316326503,1.8647,2.189,0.06962753163265023,-0.2546724683673498,1960000000.0,phase3_rational
2025-09-23,508085.SH,华泰苏州恒泰租赁住房REIT,B,3.92,413604,0.0758256392399999,0.019343275316326503,1.877,2.215,0.05732753163265025,-0.2806724683673496,1960000000.0,phase3_rational
2025-09-24,508085.SH,华泰苏州恒泰租赁住房REIT,B,3.916,242092,0.0758256392399999,0.019363033513789554,1.9022,2.2501,0.03410335137895548,-0.31379664862104484,1958000000.0,phase3_rational
2025-09-25,508085.SH,华泰苏州恒泰租赁住房REIT,B,3.88,1746417,0.0758256392399999,0.01954269052577317,1.884,2.23,0.07026905257731708,-0.275730947422683,1940000000.0,phase3_rational
2025-09-26,508085.SH,华泰苏州恒泰租赁住房REIT,B,3.885,405062,0.0758256392399999,0.01951753905791503,1.8768,2.217,0.07495390579150296,-0.2652460942084971,1942500000.0,phase3_rational
2025-09-29,508085.SH,华泰苏州恒泰租赁住房REIT,B,3.851,1555281,0.0758256392399999,0.019689856982601894,1.887,2.242,0.08198569826018942,-0.27301430173981056,1925500000.0,phase3_rational
2025-09-30,508085.SH,华泰苏州恒泰租赁住房REIT,B,3.851,760586,0.0758256392399999,0.019689856982601894,1.8605,2.2461,0.10848569826018939,-0.2771143017398108,1925500000.0,phase3_rational
2025-10-09,508085.SH,华泰苏州恒泰租赁住房REIT,B,3.86,448368,0.0758256392399999,0.01964394798963728,1.8466,2.2629,0.11779479896372802,-0.2985052010362721,1930000000.0,phase3_rational
2025-10-10,508085.SH,华泰苏州恒泰租赁住房REIT,B,3.846,151820,0.0758256392399999,0.019715454820592795,1.846,2.2829,0.1255454820592794,-0.31135451794072067,1923000000.0,phase3_rational
2025-10-13,508085.SH,华泰苏州恒泰租赁住房REIT,B,3.814,418884,0.0758256392399999,0.019880870277923412,1.8383,2.2729,0.1497870277923412,-0.28481297220765867,1907000000.0,phase3_rational
2025-10-14,508085.SH,华泰苏州恒泰租赁住房REIT,B,3.799,899538,0.0758256392399999,0.019959368054751223,1.8368,2.2678,0.15913680547512232,-0.2718631945248775,1899500000.0,phase3_rational
2025-10-15,508085.SH,华泰苏州恒泰租赁住房REIT,B,3.77,884100,0.0758256392399999,0.020112901655172388,1.8449,2.2603,0.16639016551723884,-0.24900983448276115,1885000000.0,phase3_rational
2025-10-16,508085.SH,华泰苏州恒泰租赁住房REIT,B,3.747,815500,0.0758256392399999,0.020236359551641287,1.8407,2.2414,0.18293595516412875,-0.2177640448358713,1873500000.0,phase3_rational
2025-10-17,508085.SH,华泰苏州恒泰租赁住房REIT,B,3.742,1359601,0.0758256392399999,0.020263399048637065,1.8246,2.2002,0.2017399048637063,-0.17386009513629386,1871000000.0,phase3_rational
2025-10-20,508085.SH,华泰苏州恒泰租赁住房REIT,B,3.699,962308,0.0758256392399999,0.020498956269261934,1.8498,2.2162,0.20009562692619332,-0.16630437307380674,1849500000.0,phase3_rational
2025-10-21,508085.SH,华泰苏州恒泰租赁住房REIT,B,3.696,564779,0.0758256392399999,0.020515595032467502,1.8357,2.1871,0.21585950324675007,-0.13554049675324986,1848000000.0,phase3_rational
2025-10-22,508085.SH,华泰苏州恒泰租赁住房REIT,B,3.744,1327352,0.0758256392399999,0.020252574583333304,1.8293,2.1821,0.19595745833333034,-0.1568425416666699,1872000000.0,phase3_rational
2025-10-23,508085.SH,华泰苏州恒泰租赁住房REIT,B,3.768,795558,0.0758256392399999,0.020123577292993605,1.8391,2.1946,0.17325772929936067,-0.18224227070063925,1884000000.0,phase3_rational
2025-10-24,508085.SH,华泰苏州恒泰租赁住房REIT,B,3.828,815682,0.0758256392399999,0.01980816072100311,1.8486,2.2126,0.13221607210031094,-0.23178392789968916,1914000000.0,phase3_rational
2025-10-27,508085.SH,华泰苏州恒泰租赁住房REIT,B,3.8,333964,0.0758256392399999,0.01995411558947366,1.8423,2.2031,0.15311155894736594,-0.20768844105263407,1900000000.0,phase3_rational
2025-10-28,508085.SH,华泰苏州恒泰租赁住房REIT,B,3.845,1627055,0.0758256392399999,0.019720582377113105,1.8179,2.17,0.15415823771131043,-0.19794176228868943,1922500000.0,phase3_rational
2025-10-29,508085.SH,华泰苏州恒泰租赁住房REIT,B,3.875,2220834,0.0758256392399999,0.019567906900645134,1.8208,2.177,0.13599069006451336,-0.2202093099354867,1937500000.0,phase3_rational
2025-10-30,508085.SH,华泰苏州恒泰租赁住房REIT,B,3.864,1358134,0.0758256392399999,0.019623612639751525,1.8098,2.1625,0.15256126397515235,-0.20013873602484766,1932000000.0,phase3_rational
2025-10-31,508085.SH,华泰苏州恒泰租赁住房REIT,B,3.848,1532475,0.0758256392399999,0.019705207702702676,1.7954,2.1431,0.1751207702702675,-0.1725792297297324,1924000000.0,phase3_rational
2025-11-03,508085.SH,华泰苏州恒泰租赁住房REIT,B,3.822,913404,0.0758256392399999,0.01983925673469385,1.7944,2.1376,0.1895256734693851,-0.15367432653061486,1911000000.0,phase3_rational
2025-11-04,508085.SH,华泰苏州恒泰租赁住房REIT,B,3.811,1180901,0.0758256392399999,0.01989652039884542,1.7984,2.1421,0.19125203988454187,-0.15244796011545825,1905500000.0,phase3_rational
2025-11-05,508085.SH,华泰苏州恒泰租赁住房REIT,B,3.827,340909,0.0758256392399999,0.019813336618761404,1.7964,2.1391,0.18493366187614035,-0.15776633812385965,1913500000.0,phase3_rational
2025-11-06,508085.SH,华泰苏州恒泰租赁住房REIT,B,3.818,99857,0.0758256392399999,0.019860041707700338,1.81,2.1596,0.17600417077003372,-0.17359582922996641,1909000000.0,phase3_rational
2025-11-07,508085.SH,华泰苏州恒泰租赁住房REIT,B,3.81,143490,0.0758256392399999,0.01990174258267714,1.8142,2.1581,0.17597425826771396,-0.16792574173228614,1905000000.0,phase3_rational
2025-11-10,508085.SH,华泰苏州恒泰租赁住房REIT,B,3.864,2015290,0.0758256392399999,0.019623612639751525,1.8139,2.1476,0.14846126397515236,-0.18523873602484775,1932000000.0,phase3_rational
2025-11-11,508085.SH,华泰苏州恒泰租赁住房REIT,B,3.883,881886,0.0758256392399999,0.019527591872263685,1.8119,2.1537,0.14085918722636848,-0.20094081277363163,1941500000.0,phase3_rational
2025-11-12,508085.SH,华泰苏州恒泰租赁住房REIT,B,3.889,515324,0.0758256392399999,0.019497464448444305,1.8071,2.1431,0.14264644484443068,-0.1933535551555694,1944500000.0,phase3_rational
2025-11-13,508085.SH,华泰苏州恒泰租赁住房REIT,B,3.884,86152,0.0758256392399999,0.01952256417095775,1.8126,2.1491,0.13965641709577503,-0.19684358290422477,1942000000.0,phase3_rational
2025-11-14,508085.SH,华泰苏州恒泰租赁住房REIT,B,3.884,716456,0.0758256392399999,0.01952256417095775,1.814,2.1481,0.13825641709577496,-0.19584358290422488,1942000000.0,phase3_rational
2025-11-17,508085.SH,华泰苏州恒泰租赁住房REIT,B,3.852,909202,0.0758256392399999,0.019684745389408072,1.8109,2.1391,0.1575745389408072,-0.17062546105919285,1926000000.0,phase3_rational
2025-11-18,508085.SH,华泰苏州恒泰租赁住房REIT,B,3.821,1112602,0.0758256392399999,0.019844448898194162,1.8121,2.1381,0.1723448898194162,-0.15365511018058386,1910500000.0,phase3_rational
2025-11-19,508085.SH,华泰苏州恒泰租赁住房REIT,B,3.82,153585,0.0758256392399999,0.019849643780104686,1.8179,2.1506,0.16706437801046858,-0.1656356219895312,1910000000.0,phase3_rational
2025-11-20,508085.SH,华泰苏州恒泰租赁住房REIT,B,3.809,1863729,0.0758256392399999,0.019906967508532394,1.8135,2.1531,0.1771967508532395,-0.1624032491467604,1904500000.0,phase3_rational
2025-11-21,508085.SH,华泰苏州恒泰租赁住房REIT,B,3.751,260914,0.0758256392399999,0.020214779856038364,1.8166,2.1576,0.2048779856038363,-0.13612201439616367,1875500000.0,phase3_rational
2025-11-24,508085.SH,华泰苏州恒泰租赁住房REIT,B,3.767,1328438,0.0758256392399999,0.02012891936288821,1.821,2.1586,0.19189193628882095,-0.14570806371117895,1883500000.0,phase3_rational
2025-11-25,508085.SH,华泰苏州恒泰租赁住房REIT,B,3.767,1280815,0.0758256392399999,0.02012891936288821,1.8301,2.1751,0.18279193628882084,-0.16220806371117913,1883500000.0,phase3_rational
2025-11-26,508085.SH,华泰苏州恒泰租赁住房REIT,B,3.779,1169152,0.0758256392399999,0.020065001121989917,1.8462,2.1926,0.16030011219899176,-0.18609988780100828,1889500000.0,phase3_rational
2025-11-27,508085.SH,华泰苏州恒泰租赁住房REIT,B,3.797,547140,0.0758256392399999,0.01996988128522515,1.8537,2.2001,0.14328812852251516,-0.20311187147748488,1898500000.0,phase3_rational
2025-11-28,508085.SH,华泰苏州恒泰租赁住房REIT,B,3.793,155300,0.0758256392399999,0.01999094100711835,1.8412,2.1851,0.15789410071183507,-0.1860058992881648,1896500000.0,phase3_rational
2025-12-01,508085.SH,华泰苏州恒泰租赁住房REIT,B,3.779,80650,0.0758256392399999,0.020065001121989917,1.8366,2.1901,0.16990011219899182,-0.18359988780100833,1889500000.0,phase3_rational
2025-12-02,508085.SH,华泰苏州恒泰租赁住房REIT,B,3.753,442419,0.0758256392399999,0.020204007258193418,1.8442,2.2051,0.17620072581934187,-0.1846992741806579,1876500000.0,phase3_rational
2025-12-03,508085.SH,华泰苏州恒泰租赁住房REIT,B,3.758,356770,0.0758256392399999,0.02017712592868544,1.8519,2.2351,0.16581259286854388,-0.2173874071314561,1879000000.0,phase3_rational
2025-12-04,508085.SH,华泰苏州恒泰租赁住房REIT,B,3.745,266591,0.0758256392399999,0.0202471666862483,1.8718,2.2761,0.15291666862483044,-0.25138333137516966,1872500000.0,phase3_rational
2025-12-05,508085.SH,华泰苏州恒泰租赁住房REIT,B,3.741,78202,0.0758256392399999,0.02026881562149155,1.848,2.2571,0.17888156214915507,-0.23021843785084473,1870500000.0,phase3_rational
2025-12-08,508085.SH,华泰苏州恒泰租赁住房REIT,B,3.716,345200,0.0758256392399999,0.02040517740581267,1.8499,2.2577,0.19061774058126724,-0.21718225941873248,1858000000.0,phase3_rational
2025-12-09,508085.SH,华泰苏州恒泰租赁住房REIT,B,3.711,275825,0.0758256392399999,0.02043267023443813,1.8425,2.2527,0.2007670234438128,-0.2094329765561871,1855500000.0,phase3_rational
2025-12-10,508085.SH,华泰苏州恒泰租赁住房REIT,B,3.73,626436,0.0758256392399999,0.02032858960857906,1.8447,2.2412,0.18815896085790618,-0.2083410391420939,1865000000.0,phase3_rational
2025-12-11,508085.SH,华泰苏州恒泰租赁住房REIT,B,3.75,184068,0.0758256392399999,0.020220170463999973,1.8404,2.2252,0.1816170463999971,-0.20318295360000294,1875000000.0,phase3_rational
2025-12-12,508085.SH,华泰苏州恒泰租赁住房REIT,B,3.75,149625,0.0758256392399999,0.020220170463999973,1.8396,2.2487,0.18241704639999723,-0.2266829536000028,1875000000.0,phase3_rational
2025-12-15,508085.SH,华泰苏州恒泰租赁住房REIT,B,3.698,1094254,0.0758256392399999,0.020504499524067035,1.8488,2.2792,0.2016499524067037,-0.2287500475932962,1849000000.0,phase3_rational
2025-12-16,508085.SH,华泰苏州恒泰租赁住房REIT,B,3.68,765161,0.0758256392399999,0.0206047932717391,1.8458,2.2802,0.21467932717391003,-0.21972067282608965,1840000000.0,phase3_rational
2025-12-17,508085.SH,华泰苏州恒泰租赁住房REIT,B,3.662,964800,0.0758256392399999,0.020706072976515538,1.834,2.2422,0.23660729765155386,-0.17159270234844604,1831000000.0,phase3_rational
2025-12-18,508085.SH,华泰苏州恒泰租赁住房REIT,B,3.637,277978,0.0758256392399999,0.020848402320593866,1.8356,2.2512,0.24924023205938672,-0.16635976794061325,1818500000.0,phase3_rational
2025-12-19,508085.SH,华泰苏州恒泰租赁住房REIT,B,3.631,377971,0.0758256392399999,0.020882852999173755,1.8308,2.2252,0.25748529991737534,-0.13691470008262474,1815500000.0,phase3_rational
2025-12-22,508085.SH,华泰苏州恒泰租赁住房REIT,B,3.592,451722,0.0758256392399999,0.02110958776169262,1.8415,2.2412,0.2694587761692624,-0.13024122383073777,1796000000.0,phase3_rational
2025-12-23,508085.SH,华泰苏州恒泰租赁住房REIT,B,3.569,904470,0.0758256392399999,0.021245626012888735,1.8352,2.2232,0.2893626012888735,-0.09863739871112642,1784500000.0,phase3_rational
2025-12-24,508085.SH,华泰苏州恒泰租赁住房REIT,B,3.668,1702976,0.0758256392399999,0.020672202628135194,1.8356,2.2202,0.23162026281351933,-0.15297973718648095,1834000000.0,phase3_rational
2025-12-25,508085.SH,华泰苏州恒泰租赁住房REIT,B,3.688,675609,0.0758256392399999,0.02056009740780908,1.8386,2.2252,0.21740974078090813,-0.16919025921909192,1844000000.0,phase3_rational
2025-12-26,508085.SH,华泰苏州恒泰租赁住房REIT,B,3.68,345500,0.0758256392399999,0.0206047932717391,1.8376,2.2233,0.22287932717391024,-0.16282067282608992,1840000000.0,phase3_rational
2025-12-29,508085.SH,华泰苏州恒泰租赁住房REIT,B,3.66,268790,0.0758256392399999,0.020717387770491775,1.8584,2.2583,0.21333877704917725,-0.1865612229508229,1830000000.0,phase3_rational
2025-12-30,508085.SH,华泰苏州恒泰租赁住房REIT,B,3.674,174123,0.0758256392399999,0.02063844290691342,1.8582,2.2628,0.20564429069134205,-0.1989557093086578,1837000000.0,phase3_rational
2025-12-31,508085.SH,华泰苏州恒泰租赁住房REIT,B,3.634,473378,0.0758256392399999,0.0208656134397358,1.8473,2.2674,0.23926134397358,-0.1808386560264199,1817000000.0,phase3_rational
2026-01-05,508085.SH,华泰苏州恒泰租赁住房REIT,B,3.659,494686,0.0758256392399999,0.020723049805957884,1.8584,2.2822,0.21390498059578844,-0.2098950194042115,1829500000.0,phase3_rational
2026-01-06,508085.SH,华泰苏州恒泰租赁住房REIT,B,3.724,968907,0.0758256392399999,0.020361342438238426,1.8829,2.3104,0.15323424382384254,-0.27426575617615745,1862000000.0,phase3_rational
2026-01-07,508085.SH,华泰苏州恒泰租赁住房REIT,B,3.759,515284,0.0758256392399999,0.02017175824421386,1.9019,2.3345,0.11527582442138584,-0.31732417557861403,1879500000.0,phase3_rational
2026-01-08,508085.SH,华泰苏州恒泰租赁住房REIT,B,3.789,954466,0.0758256392399999,0.02001204519398255,1.8905,2.319,0.11070451939825499,-0.3177954806017449,1894500000.0,phase3_rational
2026-01-09,508085.SH,华泰苏州恒泰租赁住房REIT,B,3.727,1587096,0.0758256392399999,0.020344952841427393,1.8782,2.3024,0.1562952841427392,-0.2679047158572607,1863500000.0,phase3_rational
2026-01-12,508085.SH,华泰苏州恒泰租赁住房REIT,B,3.737,92502,0.0758256392399999,0.020290510901792853,1.8585,2.292,0.17055109017928527,-0.2629489098207145,1868500000.0,phase3_rational
2026-01-13,508085.SH,华泰苏州恒泰租赁住房REIT,B,3.734,474372,0.0758256392399999,0.020306812865559694,1.8519,2.2926,0.17878128655596948,-0.2619187134440306,1867000000.0,phase3_rational
2026-01-14,508085.SH,华泰苏州恒泰租赁住房REIT,B,3.742,805483,0.0758256392399999,0.020263399048637065,1.8494,2.3028,0.17693990486370637,-0.27646009513629366,1871000000.0,phase3_rational
2026-01-15,508085.SH,华泰苏州恒泰租赁住房REIT,B,3.726,479251,0.0758256392399999,0.020350413107890472,1.8544,2.3058,0.180641310789047,-0.27075868921095303,1863000000.0,phase3_rational
2026-01-16,508085.SH,华泰苏州恒泰租赁住房REIT,B,3.725,127681,0.0758256392399999,0.02035587630604024,1.8424,2.3036,0.1931876306040241,-0.2680123693959757,1862500000.0,phase3_rational
2026-01-19,508085.SH,华泰苏州恒泰租赁住房REIT,B,3.73,172587,0.0758256392399999,0.02032858960857906,1.8393,2.3417,0.19355896085790625,-0.3088410391420937,1865000000.0,phase3_rational
2026-01-20,508085.SH,华泰苏州恒泰租赁住房REIT,B,3.754,803615,0.0758256392399999,0.020198625263718673,1.8326,2.3351,0.18726252637186724,-0.3152374736281329,1877000000.0,phase3_rational
2026-01-21,508085.SH,华泰苏州恒泰租赁住房REIT,B,3.792,664900,0.0758256392399999,0.01999621287974681,1.8312,2.3026,0.16842128797468092,-0.3029787120253191,1896000000.0,phase3_rational
2026-01-22,508085.SH,华泰苏州恒泰租赁住房REIT,B,3.837,782612,0.0758256392399999,0.01976169904612976,1.8425,2.3101,0.13366990461297612,-0.3339300953870237,1918500000.0,phase3_rational
2026-01-23,508085.SH,华泰苏州恒泰租赁住房REIT,B,3.868,978751,0.0758256392399999,0.01960331934850049,1.8298,2.2871,0.13053193485004888,-0.32676806514995116,1934000000.0,phase3_rational
2026-01-26,508085.SH,华泰苏州恒泰租赁住房REIT,B,3.828,277745,0.0758256392399999,0.01980816072100311,1.8242,2.27,0.15661607210031092,-0.28918392789968905,1914000000.0,phase3_rational
2026-01-27,508085.SH,华泰苏州恒泰租赁住房REIT,B,3.814,263486,0.0758256392399999,0.019880870277923412,1.8311,2.285,0.1569870277923413,-0.2969129722076589,1907000000.0,phase3_rational
2026-01-28,508085.SH,华泰苏州恒泰租赁住房REIT,B,3.812,462170,0.0758256392399999,0.0198913009548793,1.8164,2.277,0.17273009548793006,-0.28786990451207006,1906000000.0,phase3_rational
2026-01-29,508085.SH,华泰苏州恒泰租赁住房REIT,B,3.831,863071,0.0758256392399999,0.019792649240407176,1.8174,2.28,0.16186492404071773,-0.30073507595928217,1915500000.0,phase3_rational
2026-01-30,508085.SH,华泰苏州恒泰租赁住房REIT,B,3.804,567700,0.0758256392399999,0.019933133343848553,1.8112,2.289,0.18211333438485533,-0.2956866656151449,1902000000.0,phase3_rational
2026-02-02,508085.SH,华泰苏州恒泰租赁住房REIT,B,3.772,266063,0.0758256392399999,0.02010223733828205,1.82,2.281,0.19022373382820512,-0.27077626617179495,1886000000.0,phase3_rational
2026-02-03,508085.SH,华泰苏州恒泰租赁住房REIT,B,3.772,253100,0.0758256392399999,0.02010223733828205,1.8172,2.28,0.19302373382820526,-0.2697762661717946,1886000000.0,phase3_rational
2026-02-04,508085.SH,华泰苏州恒泰租赁住房REIT,B,3.827,1008132,0.0758256392399999,0.019813336618761404,1.8193,2.283,0.16203366187614043,-0.30166633812385957,1913500000.0,phase3_rational
2026-02-05,508085.SH,华泰苏州恒泰租赁住房REIT,B,3.797,152300,0.0758256392399999,0.01996988128522515,1.8169,2.271,0.1800881285225151,-0.27401187147748485,1898500000.0,phase3_rational
2026-02-06,508085.SH,华泰苏州恒泰租赁住房REIT,B,3.759,102939,0.0758256392399999,0.02017175824421386,1.8102,2.251,0.20697582442138573,-0.23382417557861412,1879500000.0,phase3_rational
2026-02-09,508085.SH,华泰苏州恒泰租赁住房REIT,B,3.748,92800,0.0758256392399999,0.02023096030949837,1.8114,2.248,0.21169603094983724,-0.22490396905016308,1874000000.0,phase3_rational
2026-02-10,508085.SH,华泰苏州恒泰租赁住房REIT,B,3.739,303400,0.0758256392399999,0.020279657459213667,1.8094,2.247,0.21856574592136657,-0.21903425407863342,1869500000.0,phase3_rational
2026-02-11,508085.SH,华泰苏州恒泰租赁住房REIT,B,3.778,248738,0.0758256392399999,0.02007031213340389,1.7994,2.2455,0.2076312133403888,-0.2384687866596109,1889000000.0,phase3_rational
2026-02-12,508085.SH,华泰苏州恒泰租赁住房REIT,B,3.772,79548,0.0758256392399999,0.02010223733828205,1.7893,2.246,0.2209237338282053,-0.2357762661717948,1886000000.0,phase3_rational
2026-02-13,508085.SH,华泰苏州恒泰租赁住房REIT,B,3.789,91848,0.0758256392399999,0.02001204519398255,1.7928,2.244,0.2084045193982551,-0.24279548060174516,1894500000.0,phase3_rational
2026-02-24,508085.SH,华泰苏州恒泰租赁住房REIT,B,3.763,168036,0.0758256392399999,0.02015031603507837,1.8023,2.2426,0.21273160350783704,-0.22756839649216287,1881500000.0,phase3_rational
2026-02-25,508085.SH,华泰苏州恒泰租赁住房REIT,B,3.76,562053,0.0758256392399999,0.02016639341489359,1.8158,2.255,0.200839341489359,-0.2383606585106408,1880000000.0,phase3_rational
2026-02-26,508085.SH,华泰苏州恒泰租赁住房REIT,B,3.75,1148152,0.0758256392399999,0.020220170463999973,1.8288,2.2951,0.19321704639999715,-0.273082953600003,1875000000.0,phase3_rational
2026-02-27,508085.SH,华泰苏州恒泰租赁住房REIT,B,3.698,1134640,0.0758256392399999,0.020504499524067035,1.7877,2.2896,0.2627499524067036,-0.2391500475932964,1849000000.0,phase3_rational
2026-03-02,508085.SH,华泰苏州恒泰租赁住房REIT,B,3.662,920500,0.0758256392399999,0.020706072976515538,1.7761,2.2696,0.2945072976515539,-0.19899270234844613,1831000000.0,phase3_rational
2026-03-03,508085.SH,华泰苏州恒泰租赁住房REIT,B,3.662,602710,0.0758256392399999,0.020706072976515538,1.7807,2.2827,0.289907297651554,-0.21209270234844624,1831000000.0,phase3_rational
2026-03-04,508085.SH,华泰苏州恒泰租赁住房REIT,B,3.687,211650,0.0758256392399999,0.020565673783563845,1.7768,2.2752,0.27976737835638477,-0.2186326216436152,1843500000.0,phase3_rational
2026-03-05,508085.SH,华泰苏州恒泰租赁住房REIT,B,3.688,243413,0.0758256392399999,0.02056009740780908,1.7779,2.2717,0.2781097407809081,-0.2156902592190919,1844000000.0,phase3_rational
2026-03-06,508085.SH,华泰苏州恒泰租赁住房REIT,B,3.653,383704,0.0758256392399999,0.020757087117437692,1.781,2.2812,0.29470871174376945,-0.20549128825623075,1826500000.0,phase3_rational
2026-03-09,508085.SH,华泰苏州恒泰租赁住房REIT,B,3.603,638111,0.0758256392399999,0.021045139950041602,1.8054,2.3292,0.29911399500416036,-0.2246860049958399,1801500000.0,phase3_rational
2026-03-10,508085.SH,华泰苏州恒泰租赁住房REIT,B,3.619,1069000,0.0758256392399999,0.020952097054434897,1.8055,2.3328,0.2897097054434894,-0.2375902945565107,1809500000.0,phase3_rational
2026-03-11,508085.SH,华泰苏州恒泰租赁住房REIT,B,3.634,757924,0.0758256392399999,0.0208656134397358,1.8075,2.3503,0.27906134397357985,-0.2637386560264199,1817000000.0,phase3_rational
2026-03-12,508085.SH,华泰苏州恒泰租赁住房REIT,B,3.612,1039245,0.0758256392399999,0.02099270189368768,1.8052,2.3404,0.29407018936876805,-0.24112981063123184,1806000000.0,phase3_rational
2026-03-13,508085.SH,华泰苏州恒泰租赁住房REIT,B,3.577,283921,0.0758256392399999,0.021198109935700277,1.8143,2.3665,0.30551099357002776,-0.24668900642997205,1788500000.0,phase3_rational
2026-03-16,508085.SH,华泰苏州恒泰租赁住房REIT,B,3.545,111241,0.0758256392399999,0.021389460998589533,1.8312,2.3917,0.3077460998589534,-0.2527539001410468,1772500000.0,phase3_rational
2026-03-17,508085.SH,华泰苏州恒泰租赁住房REIT,B,3.533,316320,0.0758256392399999,0.02146211130484005,1.8314,2.3806,0.3148111304840051,-0.2343888695159948,1766500000.0,phase3_rational
2026-03-18,508085.SH,华泰苏州恒泰租赁住房REIT,B,3.544,449562,0.0758256392399999,0.021395496399548502,1.8175,2.3607,0.32204963995485025,-0.22115036004514987,1772000000.0,phase3_rational
2026-03-19,508085.SH,华泰苏州恒泰租赁住房REIT,B,3.565,526324,0.0758256392399999,0.021269464022440364,1.8252,2.391,0.3017464022440366,-0.2640535977559635,1782500000.0,phase3_rational
2026-03-20,508085.SH,华泰苏州恒泰租赁住房REIT,B,3.564,736856,0.0758256392399999,0.021275431885521855,1.8299,2.3881,0.2976431885521855,-0.2605568114478145,1782000000.0,phase3_rational
2026-03-23,508085.SH,华泰苏州恒泰租赁住房REIT,B,3.503,343847,0.0758256392399999,0.021645914713103023,1.8316,2.373,0.3329914713103026,-0.20840852868969773,1751500000.0,phase3_rational
2026-03-24,508085.SH,华泰苏州恒泰租赁住房REIT,B,3.507,186227,0.0758256392399999,0.021621225902480723,1.8272,2.3457,0.33492259024807236,-0.1835774097519276,1753500000.0,phase3_rational
2026-03-25,508085.SH,华泰苏州恒泰租赁住房REIT,B,3.48,331982,0.0758256392399999,0.021788976793103418,1.8233,2.3457,0.3555976793103419,-0.16680232068965806,1740000000.0,phase3_rational
2026-03-26,508085.SH,华泰苏州恒泰租赁住房REIT,B,3.474,564418,0.0758256392399999,0.021826608877374754,1.8194,2.3498,0.36326088773747545,-0.16713911226252476,1737000000.0,phase3_rational
2026-03-27,508085.SH,华泰苏州恒泰租赁住房REIT,B,3.48,133129,0.0758256392399999,0.021788976793103418,1.8172,2.3497,0.3616976793103419,-0.17080232068965806,1740000000.0,phase3_rational
2026-03-30,508085.SH,华泰苏州恒泰租赁住房REIT,B,3.53,722800,0.0758256392399999,0.021480351059490057,1.8063,2.3286,0.3417351059490057,-0.18056489405099407,1765000000.0,phase3_rational
2026-03-31,508085.SH,华泰苏州恒泰租赁住房REIT,B,3.551,896401,0.0758256392399999,0.021353319977471103,1.8171,2.3521,0.3182319977471102,-0.21676800225288995,1775500000.0,phase3_rational
2026-04-01,508085.SH,华泰苏州恒泰租赁住房REIT,B,3.526,167962,0.0758256392399999,0.021504719013045917,1.8244,2.3667,0.32607190130459185,-0.21622809869540793,1763000000.0,phase3_rational
2026-04-02,508085.SH,华泰苏州恒泰租赁住房REIT,B,3.499,751262,0.0758256392399999,0.021670659971420377,1.8209,2.3733,0.3461659971420379,-0.20623400285796212,1749500000.0,phase3_rational
2026-04-03,508085.SH,华泰苏州恒泰租赁住房REIT,B,3.517,100400,0.0758256392399999,0.021559749570656782,1.8199,2.3725,0.33607495706567825,-0.21652504293432173,1758500000.0,phase3_rational
2026-04-07,508085.SH,华泰苏州恒泰租赁住房REIT,B,3.518,93124,0.0758256392399999,0.02155362115974983,1.8171,2.3597,0.33826211597498324,-0.20433788402501696,1759000000.0,phase3_rational
2026-04-08,508085.SH,华泰苏州恒泰租赁住房REIT,B,3.552,321306,0.0758256392399999,0.021347308344594564,1.8136,2.3377,0.32113083445945634,-0.20296916554054345,1776000000.0,phase3_rational
2026-04-09,508085.SH,华泰苏州恒泰租赁住房REIT,B,3.529,86400,0.0758256392399999,0.021486437869084697,1.8192,2.3393,0.32944378690846987,-0.19065621309153036,1764500000.0,phase3_rational
2026-04-10,508085.SH,华泰苏州恒泰租赁住房REIT,B,3.525,57600,0.0758256392399999,0.021510819642553164,1.8128,2.3055,0.33828196425531654,-0.15441803574468338,1762500000.0,phase3_rational
2026-04-13,508085.SH,华泰苏州恒泰租赁住房REIT,B,3.498,211851,0.0758256392399999,0.02167685512864491,1.7933,2.2816,0.37438551286449107,-0.11391448713550911,1749000000.0,phase3_rational
2026-04-14,508085.SH,华泰苏州恒泰租赁住房REIT,B,3.559,876180,0.0758256392399999,0.021305321506040992,1.7829,2.2805,0.34763215060409913,-0.1499678493959009,1779500000.0,phase3_rational
2026-04-15,508085.SH,华泰苏州恒泰租赁住房REIT,B,3.604,1273950,0.0758256392399999,0.021039300566037707,1.7809,2.2784,0.3230300566037707,-0.17446994339622934,1802000000.0,phase3_rational
2026-04-16,508085.SH,华泰苏州恒泰租赁住房REIT,B,3.642,2678179,0.0758256392399999,0.02081978013179569,1.7812,2.281,0.300778013179569,-0.19902198682043126,1821000000.0,phase3_rational
2026-04-17,508085.SH,华泰苏州恒泰租赁住房REIT,B,3.634,268755,0.0758256392399999,0.0208656134397358,1.7623,2.25,0.32426134397358,-0.16343865602642005,1817000000.0,phase3_rational
2026-04-20,508085.SH,华泰苏州恒泰租赁住房REIT,B,3.656,1152520,0.0758256392399999,0.020740054496717696,1.7627,2.2556,0.31130544967176976,-0.18159455032823013,1828000000.0,phase3_rational
2026-04-21,508085.SH,华泰苏州恒泰租赁住房REIT,B,3.649,956837,0.0758256392399999,0.020779840844066838,1.751,2.2375,0.3269840844066838,-0.15951591559331613,1824500000.0,phase3_rational
2026-04-22,508085.SH,华泰苏州恒泰租赁住房REIT,B,3.661,1012400,0.0758256392399999,0.020711728828188992,1.7389,2.2137,0.3322728828188992,-0.14252711718110067,1830500000.0,phase3_rational
2026-04-23,508085.SH,华泰苏州恒泰租赁住房REIT,B,3.61,1638500,0.0758256392399999,0.021004332199445953,1.7548,2.2353,0.3456332199445953,-0.13486678005540487,1805000000.0,phase3_rational
2026-04-24,508085.SH,华泰苏州恒泰租赁住房REIT,B,3.584,759329,0.0758256392399999,0.021156707377232114,1.7601,2.2472,0.35557073772321157,-0.1315292622767883,1792000000.0,phase3_rational
2026-04-27,508085.SH,华泰苏州恒泰租赁住房REIT,B,3.55,585238,0.0758256392399999,0.02135933499718307,1.7697,2.2557,0.36623349971830677,-0.11976650028169322,1775000000.0,phase3_rational
2026-04-28,508085.SH,华泰苏州恒泰租赁住房REIT,B,3.546,323981,0.0758256392399999,0.02138342900169202,1.7654,2.242,0.37294290016920195,-0.10365709983079796,1773000000.0,phase3_rational
2026-04-29,508085.SH,华泰苏州恒泰租赁住房REIT,B,3.528,560998,0.0758256392399999,0.021492528129251672,1.7444,2.219,0.4048528129251674,-0.06974718707483252,1764000000.0,phase3_rational
2026-04-30,508085.SH,华泰苏州恒泰租赁住房REIT,B,3.497,1091201,0.0758256392399999,0.021683053828996254,1.7473,2.218,0.4210053828996254,-0.04969461710037448,1748500000.0,phase3_rational
2026-05-06,508085.SH,华泰苏州恒泰租赁住房REIT,B,3.487,234300,0.0758256392399999,0.021745236375107512,1.7654,2.239,0.409123637510751,-0.06447636248924882,1743500000.0,phase3_rational
2026-05-07,508085.SH,华泰苏州恒泰租赁住房REIT,B,3.491,372403,0.0758256392399999,0.02172032060727582,1.7631,2.238,0.40893206072758237,-0.06596793927241773,1745500000.0,phase3_rational
2026-05-08,508085.SH,华泰苏州恒泰租赁住房REIT,B,3.495,354005,0.0758256392399999,0.021695461871244603,1.7648,2.2455,0.4047461871244604,-0.07595381287553948,1747500000.0,phase3_rational
2026-05-11,508085.SH,华泰苏州恒泰租赁住房REIT,B,3.529,2088405,0.0758256392399999,0.021486437869084697,1.7622,2.2361,0.3864437869084698,-0.08745621309153018,1764500000.0,phase3_rational
2026-05-12,508085.SH,华泰苏州恒泰租赁住房REIT,B,3.534,1440518,0.0758256392399999,0.021456038268251244,1.7592,2.232,0.3864038268251242,-0.08639617317487591,1767000000.0,phase3_rational
2026-05-13,508085.SH,华泰苏州恒泰租赁住房REIT,B,3.529,794101,0.0758256392399999,0.021486437869084697,1.7514,2.234,0.39724378690846973,-0.08535621309153019,1764500000.0,phase3_rational
2026-05-14,508085.SH,华泰苏州恒泰租赁住房REIT,B,3.547,802544,0.0758256392399999,0.02137740040597685,1.7588,2.241,0.37894004059768527,-0.10325995940231492,1773500000.0,phase3_rational
2026-05-15,508085.SH,华泰苏州恒泰租赁住房REIT,B,3.566,1224157,0.0758256392399999,0.021263499506449776,1.7658,2.253,0.36054995064497763,-0.12665004935502244,1783000000.0,phase3_rational
2026-05-18,508085.SH,华泰苏州恒泰租赁住房REIT,B,3.589,500631,0.0758256392399999,0.021127233000835858,1.7585,2.244,0.35422330008358593,-0.13127669991641433,1794500000.0,phase3_rational
2026-05-19,508085.SH,华泰苏州恒泰租赁住房REIT,B,3.628,1809858,0.0758256392399999,0.020900121069459727,1.7345,2.221,0.3555121069459728,-0.13098789305402736,1814000000.0,phase3_rational
2026-05-20,508085.SH,华泰苏州恒泰租赁住房REIT,B,3.632,1805541,0.0758256392399999,0.020877103314977944,1.7382,2.2311,0.34951033149779454,-0.14338966850220558,1816000000.0,phase3_rational
2026-05-21,508085.SH,华泰苏州恒泰租赁住房REIT,B,3.646,1173463,0.0758256392399999,0.020796938902907267,1.7448,2.231,0.3348938902907268,-0.15130610970927316,1823000000.0,phase3_rational
2026-05-22,508085.SH,华泰苏州恒泰租赁住房REIT,B,3.678,706102,0.0758256392399999,0.020615997618270772,1.7519,2.2345,0.30969976182707715,-0.172900238172923,1839000000.0,phase3_rational
2026-05-25,508085.SH,华泰苏州恒泰租赁住房REIT,B,3.661,2164857,0.0758256392399999,0.020711728828188992,1.7484,2.226,0.32277288281889915,-0.15482711718110087,1830500000.0,phase3_rational
2026-05-26,508085.SH,华泰苏州恒泰租赁住房REIT,B,3.655,2131541,0.0758256392399999,0.02074572893023253,1.7405,2.2205,0.33407289302325305,-0.14592710697674693,1827500000.0,phase3_rational
2026-05-27,508085.SH,华泰苏州恒泰租赁住房REIT,B,3.656,689343,0.0758256392399999,0.020740054496717696,1.7216,2.208,0.3524054496717697,-0.1339945503282305,1828000000.0,phase3_rational
2026-05-28,508085.SH,华泰苏州恒泰租赁住房REIT,B,3.537,462285,0.0758256392399999,0.021437839762510572,1.7193,2.2095,0.42448397625105727,-0.06571602374894248,1768500000.0,phase3_rational
2026-05-29,508085.SH,华泰苏州恒泰租赁住房REIT,B,3.513,4005084,0.0758256392399999,0.02158429810418443,1.709,2.205,0.4494298104184429,-0.04657018958155712,1756500000.0,phase3_rational
2026-06-01,508085.SH,华泰苏州恒泰租赁住房REIT,B,3.551,1161523,0.0758256392399999,0.021353319977471103,1.7009,2.191,0.43443199774711005,-0.0556680022528897,1775500000.0,phase3_rational
2026-06-02,508085.SH,华泰苏州恒泰租赁住房REIT,B,3.558,3369805,0.0758256392399999,0.021311309510961187,1.7036,2.191,0.4275309510961185,-0.05986904890388134,1779000000.0,phase3_rational
2026-06-03,508085.SH,华泰苏州恒泰租赁住房REIT,B,3.604,1050900,0.0758256392399999,0.021039300566037707,1.7128,2.205,0.39113005660377054,-0.10106994339622943,1802000000.0,phase3_rational
2026-06-04,508085.SH,华泰苏州恒泰租赁住房REIT,B,3.571,1196800,0.0758256392399999,0.0212337270344441,1.7081,2.191,0.41527270344441014,-0.06762729655558974,1785500000.0,phase3_rational
2026-06-05,508085.SH,华泰苏州恒泰租赁住房REIT,B,3.607,3774305,0.0758256392399999,0.021021801840864954,1.7207,2.204,0.38148018408649564,-0.10181981591350464,1803500000.0,phase3_rational
2026-06-08,508085.SH,华泰苏州恒泰租赁住房REIT,B,3.572,1568109,0.0758256392399999,0.021227782541993253,1.7275,2.213,0.3952782541993254,-0.09022174580067466,1786000000.0,phase3_rational
2026-06-09,508085.SH,华泰苏州恒泰租赁住房REIT,B,3.552,843913,0.0758256392399999,0.021347308344594564,1.7376,2.22,0.3971308344594564,-0.08526916554054376,1776000000.0,phase3_rational
2026-06-10,508085.SH,华泰苏州恒泰租赁住房REIT,B,3.538,733700,0.0758256392399999,0.02143178045223287,1.7476,2.235,0.3955780452232871,-0.09182195477671273,1769000000.0,phase3_rational
2026-06-11,508085.SH,华泰苏州恒泰租赁住房REIT,B,3.493,3357400,0.0758256392399999,0.021707884122530746,1.7475,2.238,0.4232884122530747,-0.06721158774692526,1746500000.0,phase3_rational
2026-06-12,508085.SH,华泰苏州恒泰租赁住房REIT,B,3.497,872264,0.0758256392399999,0.021683053828996254,1.7427,2.2215,0.4256053828996256,-0.05319461710037432,1748500000.0,phase3_rational
2026-06-15,508085.SH,华泰苏州恒泰租赁住房REIT,B,3.493,50188,0.0758256392399999,0.021707884122530746,1.7446,2.2215,0.4261884122530748,-0.05071158774692508,1746500000.0,phase3_rational
2026-06-16,508085.SH,华泰苏州恒泰租赁住房REIT,B,3.459,318379,0.0758256392399999,0.021921260260190777,1.7324,2.2175,0.45972602601907764,-0.025373973980922226,1729500000.0,phase3_rational
2026-06-17,508085.SH,华泰苏州恒泰租赁住房REIT,B,3.49,1655004,0.0758256392399999,0.021726544194842375,1.727,2.2181,0.44565441948423756,-0.04544558051576253,1745000000.0,phase3_rational
2026-06-18,508085.SH,华泰苏州恒泰租赁住房REIT,B,3.459,110100,0.0758256392399999,0.021921260260190777,1.7299,2.2201,0.4622260260190776,-0.027973973980922384,1729500000.0,phase3_rational
2026-06-22,508085.SH,华泰苏州恒泰租赁住房REIT,B,3.377,1460444,0.0758256392399999,0.0224535502635475,1.7375,2.2216,0.5078550263547499,0.02375502635474991,1688500000.0,phase3_rational
2026-06-23,508085.SH,华泰苏州恒泰租赁住房REIT,B,3.368,898830,0.0758256392399999,0.022513550843230375,1.7437,2.2291,0.5076550843230376,0.0222550843230378,1684000000.0,phase3_rational
2026-06-24,508085.SH,华泰苏州恒泰租赁住房REIT,B,3.353,1086617,0.0758256392399999,0.022614267593200087,1.7454,2.2311,0.5160267593200087,0.030326759320008723,1676500000.0,phase3_rational
2026-06-25,508085.SH,华泰苏州恒泰租赁住房REIT,B,3.393,1044627,0.0758256392399999,0.022347668505747098,1.7351,2.2201,0.4996668505747097,0.014666850574709844,1696500000.0,phase3_rational
2026-06-26,508085.SH,华泰苏州恒泰租赁住房REIT,B,3.343,311100,0.0758256392399999,0.022681914220759766,1.7314,2.2176,0.5367914220759766,0.050591422075976666,1671500000.0,phase3_rational
2026-06-29,508085.SH,华泰苏州恒泰租赁住房REIT,B,3.393,2619980,0.0758256392399999,0.022347668505747098,1.717,2.209,0.5177668505747097,0.025766850574709732,1696500000.0,phase3_rational
2026-06-30,508085.SH,华泰苏州恒泰租赁住房REIT,B,3.506,1956105,0.0758256392399999,0.021627392823730718,1.733,2.236,0.4297392823730717,-0.07326071762692843,1753000000.0,phase3_rational
2026-07-01,508085.SH,华泰苏州恒泰租赁住房REIT,B,3.528,1046058,0.0758256392399999,0.021492528129251672,1.7448,2.2525,0.40445281292516744,-0.1032471870748326,1764000000.0,phase3_rational
2026-07-02,508085.SH,华泰苏州恒泰租赁住房REIT,B,3.511,675000,0.0758256392399999,0.02159659334662486,1.741,2.258,0.41865933466248606,-0.09834066533751384,1755500000.0,phase3_rational
2026-07-03,508085.SH,华泰苏州恒泰租赁住房REIT,B,3.529,1067820,0.0758256392399999,0.021486437869084697,1.7463,2.2685,0.40234378690846984,-0.11985621309153016,1764500000.0,phase3_rational
2026-07-06,508085.SH,华泰苏州恒泰租赁住房REIT,B,3.52,1508821,0.0758256392399999,0.021541374784090878,1.7379,2.255,0.41623747840908787,-0.10086252159091202,1760000000.0,phase3_rational
2026-07-07,508085.SH,华泰苏州恒泰租赁住房REIT,B,3.486,1642850,0.0758256392399999,0.021751474251290846,1.7406,2.2605,0.43454742512908484,-0.08535257487091519,1743000000.0,phase3_rational
2026-07-08,508085.SH,华泰苏州恒泰租赁住房REIT,B,3.443,1182227,0.0758256392399999,0.022023130769677577,1.7385,2.2545,0.46381307696775775,-0.05218692303224248,1721500000.0,phase3_rational
2026-07-09,508085.SH,华泰苏州恒泰租赁住房REIT,B,3.428,1188849,0.0758256392399999,0.022119498028004638,1.7376,2.2515,0.47434980280046357,-0.03955019719953645,1714000000.0,phase3_rational
2026-07-10,508085.SH,华泰苏州恒泰租赁住房REIT,B,3.432,2027125,0.0758256392399999,0.022093717727272696,1.7398,2.253,0.4695717727272697,-0.04362822727273041,1716000000.0,phase3_rational
2026-07-13,508085.SH,华泰苏州恒泰租赁住房REIT,B,3.409,596300,0.0758256392399999,0.022242780651217337,1.7442,2.263,0.4800780651217338,-0.03872193487826614,1704500000.0,phase3_rational
2026-07-14,508085.SH,华泰苏州恒泰租赁住房REIT,B,3.431,793000,0.0758256392399999,0.02210015716700667,1.7402,2.2555,0.46981571670066713,-0.04548428329933296,1715500000.0,phase3_rational
2026-07-15,508085.SH,华泰苏州恒泰租赁住房REIT,B,3.412,266100,0.0758256392399999,0.02222322369284874,1.7406,2.247,0.481722369284874,-0.024677630715125964,1706000000.0,phase3_rational
2026-07-16,508085.SH,华泰苏州恒泰租赁住房REIT,B,3.426,1485272,0.0758256392399999,0.02213241075306477,1.7437,2.2515,0.4695410753064766,-0.03825892469352343,1713000000.0,phase3_rational
2026-07-17,508085.SH,华泰苏州恒泰租赁住房REIT,B,3.403,1316929,0.0758256392399999,0.022281998013517455,1.7404,2.2425,0.4877998013517455,-0.014300198648254714,1701500000.0,phase3_rational
2026-07-20,508085.SH,华泰苏州恒泰租赁住房REIT,B,3.365,115537,0.0758256392399999,0.02253362235958392,1.7453,2.2495,0.508062235958392,0.0038622359583921906,1682500000.0,phase3_rational
2026-07-21,508085.SH,华泰苏州恒泰租赁住房REIT,B,3.341,630524,0.0758256392399999,0.022695492140077787,1.745,2.2475,0.5245492140077785,0.022049214007778595,1670500000.0,phase3_rational
2026-07-22,508085.SH,华泰苏州恒泰租赁住房REIT,B,3.327,1092023,0.0758256392399999,0.022790994661857498,1.7297,2.212,0.54939946618575,0.0670994661857498,1663500000.0,phase3_rational
2026-07-23,508085.SH,华泰苏州恒泰租赁住房REIT,B,3.333,1697944,0.0758256392399999,0.022749966768676834,1.7325,2.2045,0.5424966768676835,0.07049667686768357,1666500000.0,phase3_rational
2026-07-24,508085.SH,华泰苏州恒泰租赁住房REIT,B,3.36,1496761,0.0758256392399999,0.022567154535714257,1.7282,2.187,0.5285154535714256,0.06971545357142572,1680000000.0,phase3_rational
2026-07-27,508085.SH,华泰苏州恒泰租赁住房REIT,B,3.362,839707,0.0758256392399999,0.02255372969660913,1.7337,2.193,0.5216729696609128,0.06237296966091277,1681000000.0,phase3_rational
2026-07-28,508085.SH,华泰苏州恒泰租赁住房REIT,B,3.371,810200,0.0758256392399999,0.022493515051913347,1.7351,2.194,0.5142515051913348,0.055351505191334915,1685500000.0,phase3_rational
2026-07-29,508085.SH,华泰苏州恒泰租赁住房REIT,B,3.387,478756,0.0758256392399999,0.02238725693534098,1.7329,2.206,0.5058256935340977,0.03272569353409782,1693500000.0,phase3_rational
2026-07-30,508085.SH,华泰苏州恒泰租赁住房REIT,B,3.389,739591,0.0758256392399999,0.022374045216878104,1.7196,2.1851,0.5178045216878104,0.052304521687810634,1694500000.0,phase3_rational
2026-07-31,508085.SH,华泰苏州恒泰租赁住房REIT,B,3.468,515228,0.0758256392399999,0.021864371176470557,1.7141,2.1876,0.4723371176470559,-0.0011628823529443721,1734000000.0,phase3_rational
2026-08-03,508085.SH,华泰苏州恒泰租赁住房REIT,B,3.49,1718634,0.0758256392399999,0.021726544194842375,1.7169,2.1891,0.45575441948423756,-0.01644558051576217,1745000000.0,phase3_rational
2026-08-04,508085.SH,华泰苏州恒泰租赁住房REIT,B,3.489,259200,0.0758256392399999,0.021732771349956978,1.7126,2.1841,0.46067713499569796,-0.010822865004302074,1744500000.0,phase3_rational
2026-08-05,508085.SH,华泰苏州恒泰租赁住房REIT,B,3.466,113708,0.0758256392399999,0.021876987663012087,1.7137,2.1871,0.47399876630120885,0.0005987663012088085,1733000000.0,phase3_rational
2026-08-06,508085.SH,华泰苏州恒泰租赁住房REIT,B,3.441,66497,0.0758256392399999,0.022035931194420197,1.7143,2.1886,0.4892931194420196,0.01499311944201942,1720500000.0,phase3_rational
2026-08-07,508085.SH,华泰苏州恒泰租赁住房REIT,B,3.46,106269,0.0758256392399999,0.02191492463583812,1.7114,2.1781,0.48009246358381197,0.013392463583811853,1730000000.0,phase3_rational
2026-08-10,508085.SH,华泰苏州恒泰租赁住房REIT,B,3.477,661804,0.0758256392399999,0.021807776600517657,1.7074,2.1581,0.4733776600517656,0.022677660051765525,1738500000.0,phase3_rational
