date,指数代码,指数中文全称,指数中文简称,指数英文全称,指数英文简称,open,high,low,close,涨跌,涨跌幅,volume,成交金额,样本数量,滚动市盈率
2021-09-30,932006,中证REITs（收盘）指数,中证REITs（收盘）,CSI REITs (closing) Index,CSI REITs (closing),,,,1000.0,,0.0,0.0,0.0,,
2021-10-08,932006,中证REITs（收盘）指数,中证REITs（收盘）,CSI REITs (closing) Index,CSI REITs (closing),,,,1003.38,,0.34,0.0,0.0,,
2021-10-11,932006,中证REITs（收盘）指数,中证REITs（收盘）,CSI REITs (closing) Index,CSI REITs (closing),,,,1002.63,,-0.07,0.0,0.0,,
2021-10-12,932006,中证REITs（收盘）指数,中证REITs（收盘）,CSI REITs (closing) Index,CSI REITs (closing),,,,1000.34,,-0.23,0.0,0.0,,
2021-10-13,932006,中证REITs（收盘）指数,中证REITs（收盘）,CSI REITs (closing) Index,CSI REITs (closing),,,,1000.98,,0.06,0.0,0.0,,
2021-10-14,932006,中证REITs（收盘）指数,中证REITs（收盘）,CSI REITs (closing) Index,CSI REITs (closing),,,,1000.56,,-0.04,0.0,0.0,,
2021-10-15,932006,中证REITs（收盘）指数,中证REITs（收盘）,CSI REITs (closing) Index,CSI REITs (closing),,,,1000.99,,0.04,0.0,0.0,,
2021-10-18,932006,中证REITs（收盘）指数,中证REITs（收盘）,CSI REITs (closing) Index,CSI REITs (closing),,,,1001.74,,0.07,0.0,0.0,,
2021-10-19,932006,中证REITs（收盘）指数,中证REITs（收盘）,CSI REITs (closing) Index,CSI REITs (closing),,,,1006.84,,0.51,0.0,0.0,,
2021-10-20,932006,中证REITs（收盘）指数,中证REITs（收盘）,CSI REITs (closing) Index,CSI REITs (closing),,,,1014.39,,0.75,0.0,0.0,,
2021-10-21,932006,中证REITs（收盘）指数,中证REITs（收盘）,CSI REITs (closing) Index,CSI REITs (closing),,,,1023.14,,0.86,0.0,0.0,,
2021-10-22,932006,中证REITs（收盘）指数,中证REITs（收盘）,CSI REITs (closing) Index,CSI REITs (closing),,,,1032.92,,0.96,0.0,0.0,,
2021-10-25,932006,中证REITs（收盘）指数,中证REITs（收盘）,CSI REITs (closing) Index,CSI REITs (closing),,,,1040.59,,0.74,0.0,0.0,,
2021-10-26,932006,中证REITs（收盘）指数,中证REITs（收盘）,CSI REITs (closing) Index,CSI REITs (closing),,,,1035.59,,-0.48,0.0,0.0,,
2021-10-27,932006,中证REITs（收盘）指数,中证REITs（收盘）,CSI REITs (closing) Index,CSI REITs (closing),,,,1043.89,,0.8,0.0,0.0,,
2021-10-28,932006,中证REITs（收盘）指数,中证REITs（收盘）,CSI REITs (closing) Index,CSI REITs (closing),,,,1057.88,,1.34,0.0,0.0,,
2021-10-29,932006,中证REITs（收盘）指数,中证REITs（收盘）,CSI REITs (closing) Index,CSI REITs (closing),,,,1074.16,,1.54,0.0,0.0,,
2021-11-01,932006,中证REITs（收盘）指数,中证REITs（收盘）,CSI REITs (closing) Index,CSI REITs (closing),,,,1069.35,,-0.45,0.0,0.0,,
2021-11-02,932006,中证REITs（收盘）指数,中证REITs（收盘）,CSI REITs (closing) Index,CSI REITs (closing),,,,1051.2,,-1.7,0.0,0.0,,
2021-11-03,932006,中证REITs（收盘）指数,中证REITs（收盘）,CSI REITs (closing) Index,CSI REITs (closing),,,,1045.7,,-0.52,0.0,0.0,,
2021-11-04,932006,中证REITs（收盘）指数,中证REITs（收盘）,CSI REITs (closing) Index,CSI REITs (closing),,,,1046.07,,0.04,0.0,0.0,,
2021-11-05,932006,中证REITs（收盘）指数,中证REITs（收盘）,CSI REITs (closing) Index,CSI REITs (closing),,,,1053.42,,0.7,0.0,0.0,,
2021-11-08,932006,中证REITs（收盘）指数,中证REITs（收盘）,CSI REITs (closing) Index,CSI REITs (closing),,,,1048.11,,-0.5,0.0,0.0,,
2021-11-09,932006,中证REITs（收盘）指数,中证REITs（收盘）,CSI REITs (closing) Index,CSI REITs (closing),,,,1043.87,,-0.4,0.0,0.0,,
2021-11-10,932006,中证REITs（收盘）指数,中证REITs（收盘）,CSI REITs (closing) Index,CSI REITs (closing),,,,1042.14,,-0.17,0.0,0.0,,
2021-11-11,932006,中证REITs（收盘）指数,中证REITs（收盘）,CSI REITs (closing) Index,CSI REITs (closing),,,,1048.93,,0.65,0.0,0.0,,
2021-11-12,932006,中证REITs（收盘）指数,中证REITs（收盘）,CSI REITs (closing) Index,CSI REITs (closing),,,,1054.08,,0.49,0.0,0.0,,
2021-11-15,932006,中证REITs（收盘）指数,中证REITs（收盘）,CSI REITs (closing) Index,CSI REITs (closing),,,,1053.55,,-0.05,0.0,0.0,,
2021-11-16,932006,中证REITs（收盘）指数,中证REITs（收盘）,CSI REITs (closing) Index,CSI REITs (closing),,,,1055.38,,0.17,0.0,0.0,,
2021-11-17,932006,中证REITs（收盘）指数,中证REITs（收盘）,CSI REITs (closing) Index,CSI REITs (closing),,,,1055.63,,0.02,0.0,0.0,,
2021-11-18,932006,中证REITs（收盘）指数,中证REITs（收盘）,CSI REITs (closing) Index,CSI REITs (closing),,,,1054.9,,-0.07,0.0,0.0,,
2021-11-19,932006,中证REITs（收盘）指数,中证REITs（收盘）,CSI REITs (closing) Index,CSI REITs (closing),,,,1053.62,,-0.12,0.0,0.0,,
2021-11-22,932006,中证REITs（收盘）指数,中证REITs（收盘）,CSI REITs (closing) Index,CSI REITs (closing),,,,1046.1,,-0.71,0.0,0.0,,
2021-11-23,932006,中证REITs（收盘）指数,中证REITs（收盘）,CSI REITs (closing) Index,CSI REITs (closing),,,,1044.14,,-0.19,0.0,0.0,,
2021-11-24,932006,中证REITs（收盘）指数,中证REITs（收盘）,CSI REITs (closing) Index,CSI REITs (closing),,,,1047.93,,0.36,0.0,0.0,,
2021-11-25,932006,中证REITs（收盘）指数,中证REITs（收盘）,CSI REITs (closing) Index,CSI REITs (closing),,,,1048.13,,0.02,0.0,0.0,,
2021-11-26,932006,中证REITs（收盘）指数,中证REITs（收盘）,CSI REITs (closing) Index,CSI REITs (closing),,,,1049.58,,0.14,0.0,0.0,,
2021-11-29,932006,中证REITs（收盘）指数,中证REITs（收盘）,CSI REITs (closing) Index,CSI REITs (closing),,,,1049.43,,-0.01,0.0,0.0,,
2021-11-30,932006,中证REITs（收盘）指数,中证REITs（收盘）,CSI REITs (closing) Index,CSI REITs (closing),,,,1052.62,,0.3,0.0,0.0,,
2021-12-01,932006,中证REITs（收盘）指数,中证REITs（收盘）,CSI REITs (closing) Index,CSI REITs (closing),,,,1056.3,,0.35,0.0,0.0,,
2021-12-02,932006,中证REITs（收盘）指数,中证REITs（收盘）,CSI REITs (closing) Index,CSI REITs (closing),,,,1066.83,,1.0,0.0,0.0,,
2021-12-03,932006,中证REITs（收盘）指数,中证REITs（收盘）,CSI REITs (closing) Index,CSI REITs (closing),,,,1068.82,,0.19,0.0,0.0,,
2021-12-06,932006,中证REITs（收盘）指数,中证REITs（收盘）,CSI REITs (closing) Index,CSI REITs (closing),,,,1071.05,,0.21,0.0,0.0,,
2021-12-07,932006,中证REITs（收盘）指数,中证REITs（收盘）,CSI REITs (closing) Index,CSI REITs (closing),,,,1076.7,,0.53,0.0,0.0,,
2021-12-08,932006,中证REITs（收盘）指数,中证REITs（收盘）,CSI REITs (closing) Index,CSI REITs (closing),,,,1081.87,,0.48,0.0,0.0,,
2021-12-09,932006,中证REITs（收盘）指数,中证REITs（收盘）,CSI REITs (closing) Index,CSI REITs (closing),,,,1090.9,,0.84,0.0,0.0,,
2021-12-10,932006,中证REITs（收盘）指数,中证REITs（收盘）,CSI REITs (closing) Index,CSI REITs (closing),,,,1099.22,,0.76,0.0,0.0,,
2021-12-13,932006,中证REITs（收盘）指数,中证REITs（收盘）,CSI REITs (closing) Index,CSI REITs (closing),,,,1106.87,,0.7,0.0,0.0,,
2021-12-14,932006,中证REITs（收盘）指数,中证REITs（收盘）,CSI REITs (closing) Index,CSI REITs (closing),,,,1119.31,,1.12,0.0,0.0,,
2021-12-15,932006,中证REITs（收盘）指数,中证REITs（收盘）,CSI REITs (closing) Index,CSI REITs (closing),,,,1135.94,,1.49,0.0,0.0,,
2021-12-16,932006,中证REITs（收盘）指数,中证REITs（收盘）,CSI REITs (closing) Index,CSI REITs (closing),,,,1112.41,,-2.07,0.0,0.0,,
2021-12-17,932006,中证REITs（收盘）指数,中证REITs（收盘）,CSI REITs (closing) Index,CSI REITs (closing),,,,1111.37,,-0.09,0.0,0.0,,
2021-12-20,932006,中证REITs（收盘）指数,中证REITs（收盘）,CSI REITs (closing) Index,CSI REITs (closing),,,,1104.3,,-0.64,0.0,0.0,,
2021-12-21,932006,中证REITs（收盘）指数,中证REITs（收盘）,CSI REITs (closing) Index,CSI REITs (closing),,,,1103.85,,-0.04,0.0,0.0,,
2021-12-22,932006,中证REITs（收盘）指数,中证REITs（收盘）,CSI REITs (closing) Index,CSI REITs (closing),,,,1109.59,,0.52,0.0,0.0,,
2021-12-23,932006,中证REITs（收盘）指数,中证REITs（收盘）,CSI REITs (closing) Index,CSI REITs (closing),,,,1118.46,,0.8,0.0,0.0,,
2021-12-24,932006,中证REITs（收盘）指数,中证REITs（收盘）,CSI REITs (closing) Index,CSI REITs (closing),,,,1110.39,,-0.72,0.0,0.0,,
2021-12-27,932006,中证REITs（收盘）指数,中证REITs（收盘）,CSI REITs (closing) Index,CSI REITs (closing),,,,1117.31,,0.62,0.0,0.0,,
2021-12-28,932006,中证REITs（收盘）指数,中证REITs（收盘）,CSI REITs (closing) Index,CSI REITs (closing),,,,1115.08,,-0.2,0.0,0.0,,
2021-12-29,932006,中证REITs（收盘）指数,中证REITs（收盘）,CSI REITs (closing) Index,CSI REITs (closing),,,,1107.65,,-0.67,0.0,0.0,,
2021-12-30,932006,中证REITs（收盘）指数,中证REITs（收盘）,CSI REITs (closing) Index,CSI REITs (closing),,,,1098.69,,-0.81,0.0,0.0,,
2021-12-31,932006,中证REITs（收盘）指数,中证REITs（收盘）,CSI REITs (closing) Index,CSI REITs (closing),,,,1095.55,,-0.29,0.0,0.0,,
2022-01-04,932006,中证REITs（收盘）指数,中证REITs（收盘）,CSI REITs (closing) Index,CSI REITs (closing),,,,1102.46,,0.63,0.0,0.0,,
2022-01-05,932006,中证REITs（收盘）指数,中证REITs（收盘）,CSI REITs (closing) Index,CSI REITs (closing),,,,1108.11,,0.51,0.0,0.0,,
2022-01-06,932006,中证REITs（收盘）指数,中证REITs（收盘）,CSI REITs (closing) Index,CSI REITs (closing),,,,1107.78,,-0.03,0.0,0.0,,
2022-01-07,932006,中证REITs（收盘）指数,中证REITs（收盘）,CSI REITs (closing) Index,CSI REITs (closing),,,,1109.71,,0.17,0.0,0.0,,
2022-01-10,932006,中证REITs（收盘）指数,中证REITs（收盘）,CSI REITs (closing) Index,CSI REITs (closing),,,,1111.92,,0.2,0.0,0.0,,
2022-01-11,932006,中证REITs（收盘）指数,中证REITs（收盘）,CSI REITs (closing) Index,CSI REITs (closing),,,,1118.36,,0.58,0.0,0.0,,
2022-01-12,932006,中证REITs（收盘）指数,中证REITs（收盘）,CSI REITs (closing) Index,CSI REITs (closing),,,,1124.54,,0.55,0.0,0.0,,
2022-01-13,932006,中证REITs（收盘）指数,中证REITs（收盘）,CSI REITs (closing) Index,CSI REITs (closing),,,,1126.39,,0.16,0.0,0.0,,
2022-01-14,932006,中证REITs（收盘）指数,中证REITs（收盘）,CSI REITs (closing) Index,CSI REITs (closing),,,,1127.21,,0.07,0.0,0.0,,
2022-01-17,932006,中证REITs（收盘）指数,中证REITs（收盘）,CSI REITs (closing) Index,CSI REITs (closing),,,,1137.44,,0.91,0.0,0.0,,
2022-01-18,932006,中证REITs（收盘）指数,中证REITs（收盘）,CSI REITs (closing) Index,CSI REITs (closing),,,,1127.99,,-0.83,0.0,0.0,,
2022-01-19,932006,中证REITs（收盘）指数,中证REITs（收盘）,CSI REITs (closing) Index,CSI REITs (closing),,,,1130.67,,0.24,0.0,0.0,,
2022-01-20,932006,中证REITs（收盘）指数,中证REITs（收盘）,CSI REITs (closing) Index,CSI REITs (closing),,,,1140.72,,0.89,0.0,0.0,,
2022-01-21,932006,中证REITs（收盘）指数,中证REITs（收盘）,CSI REITs (closing) Index,CSI REITs (closing),,,,1170.35,,2.6,0.0,0.0,,
2022-01-24,932006,中证REITs（收盘）指数,中证REITs（收盘）,CSI REITs (closing) Index,CSI REITs (closing),,,,1192.78,,1.92,0.0,0.0,,
2022-01-25,932006,中证REITs（收盘）指数,中证REITs（收盘）,CSI REITs (closing) Index,CSI REITs (closing),,,,1168.64,,-2.02,0.0,0.0,,
2022-01-26,932006,中证REITs（收盘）指数,中证REITs（收盘）,CSI REITs (closing) Index,CSI REITs (closing),,,,1169.36,,0.06,0.0,0.0,,
2022-01-27,932006,中证REITs（收盘）指数,中证REITs（收盘）,CSI REITs (closing) Index,CSI REITs (closing),,,,1164.14,,-0.45,0.0,0.0,,
2022-01-28,932006,中证REITs（收盘）指数,中证REITs（收盘）,CSI REITs (closing) Index,CSI REITs (closing),,,,1183.29,,1.65,0.0,0.0,,
2022-02-07,932006,中证REITs（收盘）指数,中证REITs（收盘）,CSI REITs (closing) Index,CSI REITs (closing),,,,1218.88,,3.01,0.0,0.0,,
2022-02-08,932006,中证REITs（收盘）指数,中证REITs（收盘）,CSI REITs (closing) Index,CSI REITs (closing),,,,1262.48,,3.58,0.0,0.0,,
2022-02-09,932006,中证REITs（收盘）指数,中证REITs（收盘）,CSI REITs (closing) Index,CSI REITs (closing),,,,1247.92,,-1.15,0.0,0.0,,
2022-02-10,932006,中证REITs（收盘）指数,中证REITs（收盘）,CSI REITs (closing) Index,CSI REITs (closing),,,,1246.13,,-0.14,0.0,0.0,,
2022-02-11,932006,中证REITs（收盘）指数,中证REITs（收盘）,CSI REITs (closing) Index,CSI REITs (closing),,,,1260.75,,1.17,0.0,0.0,,
2022-02-14,932006,中证REITs（收盘）指数,中证REITs（收盘）,CSI REITs (closing) Index,CSI REITs (closing),,,,1279.76,,1.51,0.0,0.0,,
2022-02-15,932006,中证REITs（收盘）指数,中证REITs（收盘）,CSI REITs (closing) Index,CSI REITs (closing),,,,1275.49,,-0.33,0.0,0.0,,
2022-02-16,932006,中证REITs（收盘）指数,中证REITs（收盘）,CSI REITs (closing) Index,CSI REITs (closing),,,,1254.43,,-1.65,0.0,0.0,,
2022-02-17,932006,中证REITs（收盘）指数,中证REITs（收盘）,CSI REITs (closing) Index,CSI REITs (closing),,,,1223.3,,-2.48,0.0,0.0,,
2022-02-18,932006,中证REITs（收盘）指数,中证REITs（收盘）,CSI REITs (closing) Index,CSI REITs (closing),,,,1246.96,,1.93,0.0,0.0,,
2022-02-21,932006,中证REITs（收盘）指数,中证REITs（收盘）,CSI REITs (closing) Index,CSI REITs (closing),,,,1242.81,,-0.33,0.0,0.0,,
2022-02-22,932006,中证REITs（收盘）指数,中证REITs（收盘）,CSI REITs (closing) Index,CSI REITs (closing),,,,1202.18,,-3.27,0.0,0.0,,
2022-02-23,932006,中证REITs（收盘）指数,中证REITs（收盘）,CSI REITs (closing) Index,CSI REITs (closing),,,,1189.77,,-1.03,0.0,0.0,,
2022-02-24,932006,中证REITs（收盘）指数,中证REITs（收盘）,CSI REITs (closing) Index,CSI REITs (closing),,,,1161.56,,-2.37,0.0,0.0,,
2022-02-25,932006,中证REITs（收盘）指数,中证REITs（收盘）,CSI REITs (closing) Index,CSI REITs (closing),,,,1166.55,,0.43,0.0,0.0,,
2022-02-28,932006,中证REITs（收盘）指数,中证REITs（收盘）,CSI REITs (closing) Index,CSI REITs (closing),,,,1153.43,,-1.12,0.0,0.0,,
2022-03-01,932006,中证REITs（收盘）指数,中证REITs（收盘）,CSI REITs (closing) Index,CSI REITs (closing),,,,1136.54,,-1.46,0.0,0.0,,
2022-03-02,932006,中证REITs（收盘）指数,中证REITs（收盘）,CSI REITs (closing) Index,CSI REITs (closing),,,,1161.96,,2.24,0.0,0.0,,
2022-03-03,932006,中证REITs（收盘）指数,中证REITs（收盘）,CSI REITs (closing) Index,CSI REITs (closing),,,,1181.26,,1.66,0.0,0.0,,
2022-03-04,932006,中证REITs（收盘）指数,中证REITs（收盘）,CSI REITs (closing) Index,CSI REITs (closing),,,,1174.86,,-0.54,0.0,0.0,,
2022-03-07,932006,中证REITs（收盘）指数,中证REITs（收盘）,CSI REITs (closing) Index,CSI REITs (closing),,,,1149.24,,-2.18,0.0,0.0,,
2022-03-08,932006,中证REITs（收盘）指数,中证REITs（收盘）,CSI REITs (closing) Index,CSI REITs (closing),,,,1129.22,,-1.74,0.0,0.0,,
2022-03-09,932006,中证REITs（收盘）指数,中证REITs（收盘）,CSI REITs (closing) Index,CSI REITs (closing),,,,1132.82,,0.32,0.0,0.0,,
2022-03-10,932006,中证REITs（收盘）指数,中证REITs（收盘）,CSI REITs (closing) Index,CSI REITs (closing),,,,1137.57,,0.42,0.0,0.0,,
2022-03-11,932006,中证REITs（收盘）指数,中证REITs（收盘）,CSI REITs (closing) Index,CSI REITs (closing),,,,1134.38,,-0.28,0.0,0.0,,
2022-03-14,932006,中证REITs（收盘）指数,中证REITs（收盘）,CSI REITs (closing) Index,CSI REITs (closing),,,,1123.01,,-1.0,0.0,0.0,,
2022-03-15,932006,中证REITs（收盘）指数,中证REITs（收盘）,CSI REITs (closing) Index,CSI REITs (closing),,,,1070.99,,-4.63,0.0,0.0,,
2022-03-16,932006,中证REITs（收盘）指数,中证REITs（收盘）,CSI REITs (closing) Index,CSI REITs (closing),,,,1084.04,,1.22,0.0,0.0,,
2022-03-17,932006,中证REITs（收盘）指数,中证REITs（收盘）,CSI REITs (closing) Index,CSI REITs (closing),,,,1094.56,,0.97,0.0,0.0,,
2022-03-18,932006,中证REITs（收盘）指数,中证REITs（收盘）,CSI REITs (closing) Index,CSI REITs (closing),,,,1091.43,,-0.29,0.0,0.0,,
2022-03-21,932006,中证REITs（收盘）指数,中证REITs（收盘）,CSI REITs (closing) Index,CSI REITs (closing),,,,1114.16,,2.08,0.0,0.0,,
2022-03-22,932006,中证REITs（收盘）指数,中证REITs（收盘）,CSI REITs (closing) Index,CSI REITs (closing),,,,1143.37,,2.62,0.0,0.0,,
2022-03-23,932006,中证REITs（收盘）指数,中证REITs（收盘）,CSI REITs (closing) Index,CSI REITs (closing),,,,1131.76,,-1.01,0.0,0.0,,
2022-03-24,932006,中证REITs（收盘）指数,中证REITs（收盘）,CSI REITs (closing) Index,CSI REITs (closing),,,,1127.56,,-0.37,0.0,0.0,,
2022-03-25,932006,中证REITs（收盘）指数,中证REITs（收盘）,CSI REITs (closing) Index,CSI REITs (closing),,,,1119.01,,-0.76,0.0,0.0,,
2022-03-28,932006,中证REITs（收盘）指数,中证REITs（收盘）,CSI REITs (closing) Index,CSI REITs (closing),,,,1110.97,,-0.72,0.0,0.0,,
2022-03-29,932006,中证REITs（收盘）指数,中证REITs（收盘）,CSI REITs (closing) Index,CSI REITs (closing),,,,1113.31,,0.21,0.0,0.0,,
2022-03-30,932006,中证REITs（收盘）指数,中证REITs（收盘）,CSI REITs (closing) Index,CSI REITs (closing),,,,1115.05,,0.16,0.0,0.0,,
2022-03-31,932006,中证REITs（收盘）指数,中证REITs（收盘）,CSI REITs (closing) Index,CSI REITs (closing),,,,1110.49,,-0.41,0.0,0.0,,
2022-04-01,932006,中证REITs（收盘）指数,中证REITs（收盘）,CSI REITs (closing) Index,CSI REITs (closing),,,,1131.2,,1.87,0.0,0.0,,
2022-04-06,932006,中证REITs（收盘）指数,中证REITs（收盘）,CSI REITs (closing) Index,CSI REITs (closing),,,,1132.99,,0.16,0.0,0.0,,
2022-04-07,932006,中证REITs（收盘）指数,中证REITs（收盘）,CSI REITs (closing) Index,CSI REITs (closing),,,,1116.69,,-1.44,0.0,0.0,,
2022-04-08,932006,中证REITs（收盘）指数,中证REITs（收盘）,CSI REITs (closing) Index,CSI REITs (closing),,,,1125.7,,0.81,0.0,0.0,,
2022-04-11,932006,中证REITs（收盘）指数,中证REITs（收盘）,CSI REITs (closing) Index,CSI REITs (closing),,,,1119.36,,-0.56,0.0,0.0,,
2022-04-12,932006,中证REITs（收盘）指数,中证REITs（收盘）,CSI REITs (closing) Index,CSI REITs (closing),,,,1127.21,,0.7,0.0,0.0,,
2022-04-13,932006,中证REITs（收盘）指数,中证REITs（收盘）,CSI REITs (closing) Index,CSI REITs (closing),,,,1128.37,,0.1,0.0,0.0,,
2022-04-14,932006,中证REITs（收盘）指数,中证REITs（收盘）,CSI REITs (closing) Index,CSI REITs (closing),,,,1127.88,,-0.04,0.0,0.0,,
2022-04-15,932006,中证REITs（收盘）指数,中证REITs（收盘）,CSI REITs (closing) Index,CSI REITs (closing),,,,1124.73,,-0.28,0.0,0.0,,
2022-04-18,932006,中证REITs（收盘）指数,中证REITs（收盘）,CSI REITs (closing) Index,CSI REITs (closing),,,,1126.22,,0.13,0.0,0.0,,
2022-04-19,932006,中证REITs（收盘）指数,中证REITs（收盘）,CSI REITs (closing) Index,CSI REITs (closing),,,,1121.85,,-0.39,0.0,0.0,,
2022-04-20,932006,中证REITs（收盘）指数,中证REITs（收盘）,CSI REITs (closing) Index,CSI REITs (closing),,,,1122.17,,0.03,0.0,0.0,,
2022-04-21,932006,中证REITs（收盘）指数,中证REITs（收盘）,CSI REITs (closing) Index,CSI REITs (closing),,,,1109.66,,-1.12,0.0,0.0,,
2022-04-22,932006,中证REITs（收盘）指数,中证REITs（收盘）,CSI REITs (closing) Index,CSI REITs (closing),,,,1105.05,,-0.42,0.0,0.0,,
2022-04-25,932006,中证REITs（收盘）指数,中证REITs（收盘）,CSI REITs (closing) Index,CSI REITs (closing),,,,1083.97,,-1.91,0.0,0.0,,
2022-04-26,932006,中证REITs（收盘）指数,中证REITs（收盘）,CSI REITs (closing) Index,CSI REITs (closing),,,,1084.89,,0.09,0.0,0.0,,
2022-04-27,932006,中证REITs（收盘）指数,中证REITs（收盘）,CSI REITs (closing) Index,CSI REITs (closing),,,,1089.49,,0.42,0.0,0.0,,
2022-04-28,932006,中证REITs（收盘）指数,中证REITs（收盘）,CSI REITs (closing) Index,CSI REITs (closing),,,,1076.98,,-1.15,0.0,0.0,,
2022-04-29,932006,中证REITs（收盘）指数,中证REITs（收盘）,CSI REITs (closing) Index,CSI REITs (closing),,,,1083.4,,0.6,0.0,0.0,,
2022-05-05,932006,中证REITs（收盘）指数,中证REITs（收盘）,CSI REITs (closing) Index,CSI REITs (closing),,,,1076.8,,-0.61,0.0,0.0,,
2022-05-06,932006,中证REITs（收盘）指数,中证REITs（收盘）,CSI REITs (closing) Index,CSI REITs (closing),,,,1075.33,,-0.14,0.0,0.0,,
2022-05-09,932006,中证REITs（收盘）指数,中证REITs（收盘）,CSI REITs (closing) Index,CSI REITs (closing),,,,1070.73,,-0.43,0.0,0.0,,
2022-05-10,932006,中证REITs（收盘）指数,中证REITs（收盘）,CSI REITs (closing) Index,CSI REITs (closing),,,,1071.02,,0.03,0.0,0.0,,
2022-05-11,932006,中证REITs（收盘）指数,中证REITs（收盘）,CSI REITs (closing) Index,CSI REITs (closing),,,,1079.2,,0.76,0.0,0.0,,
2022-05-12,932006,中证REITs（收盘）指数,中证REITs（收盘）,CSI REITs (closing) Index,CSI REITs (closing),,,,1085.24,,0.56,0.0,0.0,,
2022-05-13,932006,中证REITs（收盘）指数,中证REITs（收盘）,CSI REITs (closing) Index,CSI REITs (closing),,,,1088.3,,0.28,0.0,0.0,,
2022-05-16,932006,中证REITs（收盘）指数,中证REITs（收盘）,CSI REITs (closing) Index,CSI REITs (closing),,,,1086.83,,-0.14,0.0,0.0,,
2022-05-17,932006,中证REITs（收盘）指数,中证REITs（收盘）,CSI REITs (closing) Index,CSI REITs (closing),,,,1085.09,,-0.16,0.0,0.0,,
2022-05-18,932006,中证REITs（收盘）指数,中证REITs（收盘）,CSI REITs (closing) Index,CSI REITs (closing),,,,1081.63,,-0.32,0.0,0.0,,
2022-05-19,932006,中证REITs（收盘）指数,中证REITs（收盘）,CSI REITs (closing) Index,CSI REITs (closing),,,,1073.58,,-0.74,0.0,0.0,,
2022-05-20,932006,中证REITs（收盘）指数,中证REITs（收盘）,CSI REITs (closing) Index,CSI REITs (closing),,,,1075.66,,0.19,0.0,0.0,,
2022-05-23,932006,中证REITs（收盘）指数,中证REITs（收盘）,CSI REITs (closing) Index,CSI REITs (closing),,,,1072.52,,-0.29,0.0,0.0,,
2022-05-24,932006,中证REITs（收盘）指数,中证REITs（收盘）,CSI REITs (closing) Index,CSI REITs (closing),,,,1067.85,,-0.44,0.0,0.0,,
2022-05-25,932006,中证REITs（收盘）指数,中证REITs（收盘）,CSI REITs (closing) Index,CSI REITs (closing),,,,1067.3,,-0.05,0.0,0.0,,
2022-05-26,932006,中证REITs（收盘）指数,中证REITs（收盘）,CSI REITs (closing) Index,CSI REITs (closing),,,,1067.7,,0.04,0.0,0.0,,
2022-05-27,932006,中证REITs（收盘）指数,中证REITs（收盘）,CSI REITs (closing) Index,CSI REITs (closing),,,,1067.93,,0.02,0.0,0.0,,
2022-05-30,932006,中证REITs（收盘）指数,中证REITs（收盘）,CSI REITs (closing) Index,CSI REITs (closing),,,,1064.13,,-0.36,0.0,0.0,,
2022-05-31,932006,中证REITs（收盘）指数,中证REITs（收盘）,CSI REITs (closing) Index,CSI REITs (closing),,,,1056.65,,-0.7,0.0,0.0,,
2022-06-01,932006,中证REITs（收盘）指数,中证REITs（收盘）,CSI REITs (closing) Index,CSI REITs (closing),,,,1050.55,,-0.58,0.0,0.0,,
2022-06-02,932006,中证REITs（收盘）指数,中证REITs（收盘）,CSI REITs (closing) Index,CSI REITs (closing),,,,1052.72,,0.21,0.0,0.0,,
2022-06-06,932006,中证REITs（收盘）指数,中证REITs（收盘）,CSI REITs (closing) Index,CSI REITs (closing),,,,1069.48,,1.59,0.0,0.0,,
2022-06-07,932006,中证REITs（收盘）指数,中证REITs（收盘）,CSI REITs (closing) Index,CSI REITs (closing),,,,1084.44,,1.4,0.0,0.0,,
2022-06-08,932006,中证REITs（收盘）指数,中证REITs（收盘）,CSI REITs (closing) Index,CSI REITs (closing),,,,1069.41,,-1.39,0.0,0.0,,
2022-06-09,932006,中证REITs（收盘）指数,中证REITs（收盘）,CSI REITs (closing) Index,CSI REITs (closing),,,,1073.8,,0.41,0.0,0.0,,
2022-06-10,932006,中证REITs（收盘）指数,中证REITs（收盘）,CSI REITs (closing) Index,CSI REITs (closing),,,,1076.8,,0.28,0.0,0.0,,
2022-06-13,932006,中证REITs（收盘）指数,中证REITs（收盘）,CSI REITs (closing) Index,CSI REITs (closing),,,,1073.14,,-0.34,0.0,0.0,,
2022-06-14,932006,中证REITs（收盘）指数,中证REITs（收盘）,CSI REITs (closing) Index,CSI REITs (closing),,,,1076.07,,0.27,0.0,0.0,,
2022-06-15,932006,中证REITs（收盘）指数,中证REITs（收盘）,CSI REITs (closing) Index,CSI REITs (closing),,,,1077.36,,0.12,0.0,0.0,,
2022-06-16,932006,中证REITs（收盘）指数,中证REITs（收盘）,CSI REITs (closing) Index,CSI REITs (closing),,,,1075.85,,-0.14,0.0,0.0,,
2022-06-17,932006,中证REITs（收盘）指数,中证REITs（收盘）,CSI REITs (closing) Index,CSI REITs (closing),,,,1072.57,,-0.3,0.0,0.0,,
2022-06-20,932006,中证REITs（收盘）指数,中证REITs（收盘）,CSI REITs (closing) Index,CSI REITs (closing),,,,1063.27,,-0.87,0.0,0.0,,
2022-06-21,932006,中证REITs（收盘）指数,中证REITs（收盘）,CSI REITs (closing) Index,CSI REITs (closing),,,,1062.12,,-0.11,0.0,0.0,,
2022-06-22,932006,中证REITs（收盘）指数,中证REITs（收盘）,CSI REITs (closing) Index,CSI REITs (closing),,,,1061.93,,-0.02,0.0,0.0,,
2022-06-23,932006,中证REITs（收盘）指数,中证REITs（收盘）,CSI REITs (closing) Index,CSI REITs (closing),,,,1067.54,,0.53,0.0,0.0,,
2022-06-24,932006,中证REITs（收盘）指数,中证REITs（收盘）,CSI REITs (closing) Index,CSI REITs (closing),,,,1083.25,,1.47,0.0,0.0,,
2022-06-27,932006,中证REITs（收盘）指数,中证REITs（收盘）,CSI REITs (closing) Index,CSI REITs (closing),,,,1089.77,,0.6,0.0,0.0,,
2022-06-28,932006,中证REITs（收盘）指数,中证REITs（收盘）,CSI REITs (closing) Index,CSI REITs (closing),,,,1094.76,,0.46,0.0,0.0,,
2022-06-29,932006,中证REITs（收盘）指数,中证REITs（收盘）,CSI REITs (closing) Index,CSI REITs (closing),,,,1092.01,,-0.25,0.0,0.0,,
2022-06-30,932006,中证REITs（收盘）指数,中证REITs（收盘）,CSI REITs (closing) Index,CSI REITs (closing),,,,1097.8,,0.53,0.0,0.0,,
2022-07-01,932006,中证REITs（收盘）指数,中证REITs（收盘）,CSI REITs (closing) Index,CSI REITs (closing),,,,1097.93,,0.01,0.0,0.0,,
2022-07-04,932006,中证REITs（收盘）指数,中证REITs（收盘）,CSI REITs (closing) Index,CSI REITs (closing),,,,1101.26,,0.3,0.0,0.0,,
2022-07-05,932006,中证REITs（收盘）指数,中证REITs（收盘）,CSI REITs (closing) Index,CSI REITs (closing),,,,1096.27,,-0.45,0.0,0.0,,
2022-07-06,932006,中证REITs（收盘）指数,中证REITs（收盘）,CSI REITs (closing) Index,CSI REITs (closing),,,,1094.68,,-0.15,0.0,0.0,,
2022-07-07,932006,中证REITs（收盘）指数,中证REITs（收盘）,CSI REITs (closing) Index,CSI REITs (closing),,,,1093.9,,-0.07,0.0,0.0,,
2022-07-08,932006,中证REITs（收盘）指数,中证REITs（收盘）,CSI REITs (closing) Index,CSI REITs (closing),,,,1098.0,,0.37,0.0,0.0,,
2022-07-11,932006,中证REITs（收盘）指数,中证REITs（收盘）,CSI REITs (closing) Index,CSI REITs (closing),,,,1095.82,,-0.2,0.0,0.0,,
2022-07-12,932006,中证REITs（收盘）指数,中证REITs（收盘）,CSI REITs (closing) Index,CSI REITs (closing),,,,1099.56,,0.34,0.0,0.0,,
2022-07-13,932006,中证REITs（收盘）指数,中证REITs（收盘）,CSI REITs (closing) Index,CSI REITs (closing),,,,1097.24,,-0.21,0.0,0.0,,
2022-07-14,932006,中证REITs（收盘）指数,中证REITs（收盘）,CSI REITs (closing) Index,CSI REITs (closing),,,,1102.6,,0.49,0.0,0.0,,
2022-07-15,932006,中证REITs（收盘）指数,中证REITs（收盘）,CSI REITs (closing) Index,CSI REITs (closing),,,,1104.48,,0.17,0.0,0.0,,
2022-07-18,932006,中证REITs（收盘）指数,中证REITs（收盘）,CSI REITs (closing) Index,CSI REITs (closing),,,,1109.5,,0.45,0.0,0.0,,
2022-07-19,932006,中证REITs（收盘）指数,中证REITs（收盘）,CSI REITs (closing) Index,CSI REITs (closing),,,,1113.06,,0.32,0.0,0.0,,
2022-07-20,932006,中证REITs（收盘）指数,中证REITs（收盘）,CSI REITs (closing) Index,CSI REITs (closing),,,,1116.06,,0.27,0.0,0.0,,
2022-07-21,932006,中证REITs（收盘）指数,中证REITs（收盘）,CSI REITs (closing) Index,CSI REITs (closing),,,,1114.17,,-0.17,0.0,0.0,,
2022-07-22,932006,中证REITs（收盘）指数,中证REITs（收盘）,CSI REITs (closing) Index,CSI REITs (closing),,,,1115.49,,0.12,0.0,0.0,,
2022-07-25,932006,中证REITs（收盘）指数,中证REITs（收盘）,CSI REITs (closing) Index,CSI REITs (closing),,,,1109.73,,-0.52,0.0,0.0,,
2022-07-26,932006,中证REITs（收盘）指数,中证REITs（收盘）,CSI REITs (closing) Index,CSI REITs (closing),,,,1106.31,,-0.31,0.0,0.0,,
2022-07-27,932006,中证REITs（收盘）指数,中证REITs（收盘）,CSI REITs (closing) Index,CSI REITs (closing),,,,1104.12,,-0.2,0.0,0.0,,
2022-07-28,932006,中证REITs（收盘）指数,中证REITs（收盘）,CSI REITs (closing) Index,CSI REITs (closing),,,,1108.59,,0.41,0.0,0.0,,
2022-07-29,932006,中证REITs（收盘）指数,中证REITs（收盘）,CSI REITs (closing) Index,CSI REITs (closing),,,,1112.48,,0.35,0.0,0.0,,
2022-08-01,932006,中证REITs（收盘）指数,中证REITs（收盘）,CSI REITs (closing) Index,CSI REITs (closing),,,,1115.08,,0.23,0.0,0.0,,
2022-08-02,932006,中证REITs（收盘）指数,中证REITs（收盘）,CSI REITs (closing) Index,CSI REITs (closing),,,,1112.79,,-0.21,0.0,0.0,,
2022-08-03,932006,中证REITs（收盘）指数,中证REITs（收盘）,CSI REITs (closing) Index,CSI REITs (closing),,,,1113.56,,0.07,0.0,0.0,,
2022-08-04,932006,中证REITs（收盘）指数,中证REITs（收盘）,CSI REITs (closing) Index,CSI REITs (closing),,,,1118.17,,0.41,0.0,0.0,,
2022-08-05,932006,中证REITs（收盘）指数,中证REITs（收盘）,CSI REITs (closing) Index,CSI REITs (closing),,,,1116.42,,-0.16,0.0,0.0,,
2022-08-08,932006,中证REITs（收盘）指数,中证REITs（收盘）,CSI REITs (closing) Index,CSI REITs (closing),,,,1114.27,,-0.19,0.0,0.0,,
2022-08-09,932006,中证REITs（收盘）指数,中证REITs（收盘）,CSI REITs (closing) Index,CSI REITs (closing),,,,1109.01,,-0.47,0.0,0.0,,
2022-08-10,932006,中证REITs（收盘）指数,中证REITs（收盘）,CSI REITs (closing) Index,CSI REITs (closing),,,,1110.11,,0.1,0.0,0.0,,
2022-08-11,932006,中证REITs（收盘）指数,中证REITs（收盘）,CSI REITs (closing) Index,CSI REITs (closing),,,,1109.16,,-0.09,0.0,0.0,,
2022-08-12,932006,中证REITs（收盘）指数,中证REITs（收盘）,CSI REITs (closing) Index,CSI REITs (closing),,,,1111.76,,0.23,0.0,0.0,,
2022-08-15,932006,中证REITs（收盘）指数,中证REITs（收盘）,CSI REITs (closing) Index,CSI REITs (closing),,,,1116.74,,0.45,0.0,0.0,,
2022-08-16,932006,中证REITs（收盘）指数,中证REITs（收盘）,CSI REITs (closing) Index,CSI REITs (closing),,,,1121.89,,0.46,0.0,0.0,,
2022-08-17,932006,中证REITs（收盘）指数,中证REITs（收盘）,CSI REITs (closing) Index,CSI REITs (closing),,,,1122.58,,0.06,0.0,0.0,,
2022-08-18,932006,中证REITs（收盘）指数,中证REITs（收盘）,CSI REITs (closing) Index,CSI REITs (closing),,,,1127.0,,0.39,0.0,0.0,,
2022-08-19,932006,中证REITs（收盘）指数,中证REITs（收盘）,CSI REITs (closing) Index,CSI REITs (closing),,,,1142.87,,1.41,0.0,0.0,,
2022-08-22,932006,中证REITs（收盘）指数,中证REITs（收盘）,CSI REITs (closing) Index,CSI REITs (closing),,,,1138.37,,-0.39,0.0,0.0,,
2022-08-23,932006,中证REITs（收盘）指数,中证REITs（收盘）,CSI REITs (closing) Index,CSI REITs (closing),,,,1140.32,,0.17,0.0,0.0,,
2022-08-24,932006,中证REITs（收盘）指数,中证REITs（收盘）,CSI REITs (closing) Index,CSI REITs (closing),,,,1133.39,,-0.61,0.0,0.0,,
2022-08-25,932006,中证REITs（收盘）指数,中证REITs（收盘）,CSI REITs (closing) Index,CSI REITs (closing),,,,1138.58,,0.46,0.0,0.0,,
2022-08-26,932006,中证REITs（收盘）指数,中证REITs（收盘）,CSI REITs (closing) Index,CSI REITs (closing),,,,1135.92,,-0.23,0.0,0.0,,
2022-08-29,932006,中证REITs（收盘）指数,中证REITs（收盘）,CSI REITs (closing) Index,CSI REITs (closing),,,,1130.53,,-0.47,0.0,0.0,,
2022-08-30,932006,中证REITs（收盘）指数,中证REITs（收盘）,CSI REITs (closing) Index,CSI REITs (closing),,,,1134.31,,0.33,0.0,0.0,,
2022-08-31,932006,中证REITs（收盘）指数,中证REITs（收盘）,CSI REITs (closing) Index,CSI REITs (closing),,,,1139.09,,0.42,0.0,0.0,,
2022-09-01,932006,中证REITs（收盘）指数,中证REITs（收盘）,CSI REITs (closing) Index,CSI REITs (closing),,,,1135.21,,-0.34,0.0,0.0,,
2022-09-02,932006,中证REITs（收盘）指数,中证REITs（收盘）,CSI REITs (closing) Index,CSI REITs (closing),,,,1136.42,,0.11,0.0,0.0,,
2022-09-05,932006,中证REITs（收盘）指数,中证REITs（收盘）,CSI REITs (closing) Index,CSI REITs (closing),,,,1133.95,,-0.22,0.0,0.0,,
2022-09-06,932006,中证REITs（收盘）指数,中证REITs（收盘）,CSI REITs (closing) Index,CSI REITs (closing),,,,1135.88,,0.17,0.0,0.0,,
2022-09-07,932006,中证REITs（收盘）指数,中证REITs（收盘）,CSI REITs (closing) Index,CSI REITs (closing),,,,1138.22,,0.21,0.0,0.0,,
2022-09-08,932006,中证REITs（收盘）指数,中证REITs（收盘）,CSI REITs (closing) Index,CSI REITs (closing),,,,1143.15,,0.43,0.0,0.0,,
2022-09-09,932006,中证REITs（收盘）指数,中证REITs（收盘）,CSI REITs (closing) Index,CSI REITs (closing),,,,1147.87,,0.41,0.0,0.0,,
2022-09-13,932006,中证REITs（收盘）指数,中证REITs（收盘）,CSI REITs (closing) Index,CSI REITs (closing),,,,1144.7,,-0.28,0.0,0.0,,
2022-09-14,932006,中证REITs（收盘）指数,中证REITs（收盘）,CSI REITs (closing) Index,CSI REITs (closing),,,,1141.33,,-0.29,0.0,0.0,,
2022-09-15,932006,中证REITs（收盘）指数,中证REITs（收盘）,CSI REITs (closing) Index,CSI REITs (closing),,,,1139.71,,-0.14,0.0,0.0,,
2022-09-16,932006,中证REITs（收盘）指数,中证REITs（收盘）,CSI REITs (closing) Index,CSI REITs (closing),,,,1137.07,,-0.23,0.0,0.0,,
2022-09-19,932006,中证REITs（收盘）指数,中证REITs（收盘）,CSI REITs (closing) Index,CSI REITs (closing),,,,1135.65,,-0.12,28859346.0,1.77,,
2022-09-20,932006,中证REITs（收盘）指数,中证REITs（收盘）,CSI REITs (closing) Index,CSI REITs (closing),,,,1134.31,,-0.12,25483841.0,1.57,,
2022-09-21,932006,中证REITs（收盘）指数,中证REITs（收盘）,CSI REITs (closing) Index,CSI REITs (closing),,,,1135.39,,0.09,27771192.0,1.67,,
2022-09-22,932006,中证REITs（收盘）指数,中证REITs（收盘）,CSI REITs (closing) Index,CSI REITs (closing),,,,1138.82,,0.3,29530079.0,1.78,,
2022-09-23,932006,中证REITs（收盘）指数,中证REITs（收盘）,CSI REITs (closing) Index,CSI REITs (closing),,,,1139.69,,0.08,30060329.0,1.87,,
2022-09-26,932006,中证REITs（收盘）指数,中证REITs（收盘）,CSI REITs (closing) Index,CSI REITs (closing),,,,1132.7,,-0.61,30672565.0,1.9,,
2022-09-27,932006,中证REITs（收盘）指数,中证REITs（收盘）,CSI REITs (closing) Index,CSI REITs (closing),,,,1130.76,,-0.17,36441466.0,2.22,,
2022-09-28,932006,中证REITs（收盘）指数,中证REITs（收盘）,CSI REITs (closing) Index,CSI REITs (closing),,,,1139.79,,0.8,75419176.0,3.89,,
2022-09-29,932006,中证REITs（收盘）指数,中证REITs（收盘）,CSI REITs (closing) Index,CSI REITs (closing),,,,1131.33,,-0.74,52973400.0,2.83,,
2022-09-30,932006,中证REITs（收盘）指数,中证REITs（收盘）,CSI REITs (closing) Index,CSI REITs (closing),,,,1127.67,,-0.32,39726364.0,2.18,,
2022-10-10,932006,中证REITs（收盘）指数,中证REITs（收盘）,CSI REITs (closing) Index,CSI REITs (closing),,,,1116.05,,-1.03,40776056.0,2.22,,
2022-10-11,932006,中证REITs（收盘）指数,中证REITs（收盘）,CSI REITs (closing) Index,CSI REITs (closing),,,,1112.14,,-0.35,45758439.0,2.32,,
2022-10-12,932006,中证REITs（收盘）指数,中证REITs（收盘）,CSI REITs (closing) Index,CSI REITs (closing),,,,1111.97,,-0.02,30341308.0,1.77,,
2022-10-13,932006,中证REITs（收盘）指数,中证REITs（收盘）,CSI REITs (closing) Index,CSI REITs (closing),,,,1115.42,,0.31,27794397.0,1.63,,
2022-10-14,932006,中证REITs（收盘）指数,中证REITs（收盘）,CSI REITs (closing) Index,CSI REITs (closing),,,,1115.5,,0.01,26370189.0,1.59,,
2022-10-17,932006,中证REITs（收盘）指数,中证REITs（收盘）,CSI REITs (closing) Index,CSI REITs (closing),,,,1113.21,,-0.2,23615405.0,1.42,,
2022-10-18,932006,中证REITs（收盘）指数,中证REITs（收盘）,CSI REITs (closing) Index,CSI REITs (closing),,,,1115.46,,0.2,24602244.0,1.45,,
2022-10-19,932006,中证REITs（收盘）指数,中证REITs（收盘）,CSI REITs (closing) Index,CSI REITs (closing),,,,1114.77,,-0.06,27024363.0,1.62,,
2022-10-20,932006,中证REITs（收盘）指数,中证REITs（收盘）,CSI REITs (closing) Index,CSI REITs (closing),,,,1113.02,,-0.16,23139167.0,1.5,,
2022-10-21,932006,中证REITs（收盘）指数,中证REITs（收盘）,CSI REITs (closing) Index,CSI REITs (closing),,,,1110.15,,-0.26,33720470.0,2.1,,
2022-10-24,932006,中证REITs（收盘）指数,中证REITs（收盘）,CSI REITs (closing) Index,CSI REITs (closing),,,,1099.4,,-0.97,37183556.0,2.13,,
2022-10-25,932006,中证REITs（收盘）指数,中证REITs（收盘）,CSI REITs (closing) Index,CSI REITs (closing),,,,1092.71,,-0.61,39434889.0,2.32,,
2022-10-26,932006,中证REITs（收盘）指数,中证REITs（收盘）,CSI REITs (closing) Index,CSI REITs (closing),,,,1091.34,,-0.13,36634909.0,2.13,,
2022-10-27,932006,中证REITs（收盘）指数,中证REITs（收盘）,CSI REITs (closing) Index,CSI REITs (closing),,,,1079.68,,-1.07,45751139.0,2.5,,
2022-10-28,932006,中证REITs（收盘）指数,中证REITs（收盘）,CSI REITs (closing) Index,CSI REITs (closing),,,,1081.35,,0.15,43980992.0,2.39,,
2022-10-31,932006,中证REITs（收盘）指数,中证REITs（收盘）,CSI REITs (closing) Index,CSI REITs (closing),,,,1070.82,,-0.97,33483940.0,1.94,,
2022-11-01,932006,中证REITs（收盘）指数,中证REITs（收盘）,CSI REITs (closing) Index,CSI REITs (closing),,,,1070.01,,-0.08,30982657.0,1.92,,
2022-11-02,932006,中证REITs（收盘）指数,中证REITs（收盘）,CSI REITs (closing) Index,CSI REITs (closing),,,,1080.87,,1.01,35965304.0,2.23,,
2022-11-03,932006,中证REITs（收盘）指数,中证REITs（收盘）,CSI REITs (closing) Index,CSI REITs (closing),,,,1085.02,,0.38,36322021.0,2.21,,
2022-11-04,932006,中证REITs（收盘）指数,中证REITs（收盘）,CSI REITs (closing) Index,CSI REITs (closing),,,,1091.23,,0.57,47045406.0,2.76,,
2022-11-07,932006,中证REITs（收盘）指数,中证REITs（收盘）,CSI REITs (closing) Index,CSI REITs (closing),,,,1084.56,,-0.61,30647349.0,1.83,,
2022-11-08,932006,中证REITs（收盘）指数,中证REITs（收盘）,CSI REITs (closing) Index,CSI REITs (closing),,,,1075.99,,-0.79,33674468.0,2.13,,
2022-11-09,932006,中证REITs（收盘）指数,中证REITs（收盘）,CSI REITs (closing) Index,CSI REITs (closing),,,,1071.67,,-0.4,27507446.0,1.68,,
2022-11-10,932006,中证REITs（收盘）指数,中证REITs（收盘）,CSI REITs (closing) Index,CSI REITs (closing),,,,1066.74,,-0.46,27173169.0,1.72,,
2022-11-11,932006,中证REITs（收盘）指数,中证REITs（收盘）,CSI REITs (closing) Index,CSI REITs (closing),,,,1065.23,,-0.14,33865956.0,2.17,,
2022-11-14,932006,中证REITs（收盘）指数,中证REITs（收盘）,CSI REITs (closing) Index,CSI REITs (closing),,,,1057.72,,-0.71,40655410.0,2.41,,
2022-11-15,932006,中证REITs（收盘）指数,中证REITs（收盘）,CSI REITs (closing) Index,CSI REITs (closing),,,,1052.32,,-0.51,31449305.0,1.98,,
2022-11-16,932006,中证REITs（收盘）指数,中证REITs（收盘）,CSI REITs (closing) Index,CSI REITs (closing),,,,1048.82,,-0.33,35290536.0,2.18,,
2022-11-17,932006,中证REITs（收盘）指数,中证REITs（收盘）,CSI REITs (closing) Index,CSI REITs (closing),,,,1039.57,,-0.88,41095911.0,2.35,,
2022-11-18,932006,中证REITs（收盘）指数,中证REITs（收盘）,CSI REITs (closing) Index,CSI REITs (closing),,,,1037.66,,-0.18,38033238.0,2.17,,
2022-11-21,932006,中证REITs（收盘）指数,中证REITs（收盘）,CSI REITs (closing) Index,CSI REITs (closing),,,,1050.5,,1.24,29269819.0,1.75,,
2022-11-22,932006,中证REITs（收盘）指数,中证REITs（收盘）,CSI REITs (closing) Index,CSI REITs (closing),,,,1047.7,,-0.27,20459777.0,1.26,,
2022-11-23,932006,中证REITs（收盘）指数,中证REITs（收盘）,CSI REITs (closing) Index,CSI REITs (closing),,,,1046.64,,-0.1,29407321.0,1.63,,
2022-11-24,932006,中证REITs（收盘）指数,中证REITs（收盘）,CSI REITs (closing) Index,CSI REITs (closing),,,,1046.57,,-0.01,29006460.0,1.62,,
2022-11-25,932006,中证REITs（收盘）指数,中证REITs（收盘）,CSI REITs (closing) Index,CSI REITs (closing),,,,1047.45,,0.08,26421036.0,1.55,,
2022-11-28,932006,中证REITs（收盘）指数,中证REITs（收盘）,CSI REITs (closing) Index,CSI REITs (closing),,,,1044.52,,-0.28,27321590.0,1.56,,
2022-11-29,932006,中证REITs（收盘）指数,中证REITs（收盘）,CSI REITs (closing) Index,CSI REITs (closing),,,,1049.9,,0.52,32463002.0,1.88,,
2022-11-30,932006,中证REITs（收盘）指数,中证REITs（收盘）,CSI REITs (closing) Index,CSI REITs (closing),,,,1049.44,,-0.04,33179283.0,1.89,,
2022-12-01,932006,中证REITs（收盘）指数,中证REITs（收盘）,CSI REITs (closing) Index,CSI REITs (closing),,,,1052.71,,0.31,33132539.0,1.94,,
2022-12-02,932006,中证REITs（收盘）指数,中证REITs（收盘）,CSI REITs (closing) Index,CSI REITs (closing),,,,1054.41,,0.16,34206178.0,1.99,,
2022-12-05,932006,中证REITs（收盘）指数,中证REITs（收盘）,CSI REITs (closing) Index,CSI REITs (closing),,,,1065.17,,1.02,35502828.0,2.3,,
2022-12-06,932006,中证REITs（收盘）指数,中证REITs（收盘）,CSI REITs (closing) Index,CSI REITs (closing),,,,1073.42,,0.77,44735357.0,2.85,,
2022-12-07,932006,中证REITs（收盘）指数,中证REITs（收盘）,CSI REITs (closing) Index,CSI REITs (closing),,,,1070.1,,-0.31,37406499.0,2.24,,
2022-12-08,932006,中证REITs（收盘）指数,中证REITs（收盘）,CSI REITs (closing) Index,CSI REITs (closing),,,,1071.35,,0.12,35381323.0,2.13,,
2022-12-09,932006,中证REITs（收盘）指数,中证REITs（收盘）,CSI REITs (closing) Index,CSI REITs (closing),,,,1073.08,,0.16,23406482.0,1.47,,
2022-12-12,932006,中证REITs（收盘）指数,中证REITs（收盘）,CSI REITs (closing) Index,CSI REITs (closing),,,,1068.73,,-0.41,29980785.0,1.81,,
2022-12-13,932006,中证REITs（收盘）指数,中证REITs（收盘）,CSI REITs (closing) Index,CSI REITs (closing),,,,1065.52,,-0.3,27469127.0,1.66,,
2022-12-14,932006,中证REITs（收盘）指数,中证REITs（收盘）,CSI REITs (closing) Index,CSI REITs (closing),,,,1058.68,,-0.64,29819171.0,1.84,,
2022-12-15,932006,中证REITs（收盘）指数,中证REITs（收盘）,CSI REITs (closing) Index,CSI REITs (closing),,,,1057.31,-1.37,-0.13,32042273.0,1.95,14.0,
2022-12-16,932006,中证REITs（收盘）指数,中证REITs（收盘）,CSI REITs (closing) Index,CSI REITs (closing),,,,1056.0,-1.31,-0.12,29892020.0,1.77,14.0,
2022-12-19,932006,中证REITs（收盘）指数,中证REITs（收盘）,CSI REITs (closing) Index,CSI REITs (closing),,,,1053.61,-2.39,-0.23,29896839.0,1.7,14.0,
2022-12-20,932006,中证REITs（收盘）指数,中证REITs（收盘）,CSI REITs (closing) Index,CSI REITs (closing),,,,1044.68,-8.92,-0.85,25436584.0,1.48,14.0,
2022-12-21,932006,中证REITs（收盘）指数,中证REITs（收盘）,CSI REITs (closing) Index,CSI REITs (closing),,,,1042.05,-2.63,-0.25,27510437.0,1.55,14.0,
2022-12-22,932006,中证REITs（收盘）指数,中证REITs（收盘）,CSI REITs (closing) Index,CSI REITs (closing),,,,1042.94,0.89,0.09,27375828.0,1.55,14.0,
2022-12-23,932006,中证REITs（收盘）指数,中证REITs（收盘）,CSI REITs (closing) Index,CSI REITs (closing),,,,1048.92,5.98,0.57,29850095.0,1.7,14.0,
2022-12-26,932006,中证REITs（收盘）指数,中证REITs（收盘）,CSI REITs (closing) Index,CSI REITs (closing),,,,1049.86,0.93,0.09,33042039.0,1.89,14.0,
2022-12-27,932006,中证REITs（收盘）指数,中证REITs（收盘）,CSI REITs (closing) Index,CSI REITs (closing),,,,1046.81,-3.04,-0.29,23622698.0,1.37,14.0,
2022-12-28,932006,中证REITs（收盘）指数,中证REITs（收盘）,CSI REITs (closing) Index,CSI REITs (closing),,,,1038.17,-8.64,-0.83,32775549.0,1.77,14.0,
2022-12-29,932006,中证REITs（收盘）指数,中证REITs（收盘）,CSI REITs (closing) Index,CSI REITs (closing),,,,1039.6,1.42,0.14,32678855.0,1.75,14.0,
2022-12-30,932006,中证REITs（收盘）指数,中证REITs（收盘）,CSI REITs (closing) Index,CSI REITs (closing),,,,1054.44,14.85,1.43,40580701.0,2.31,14.0,
2023-01-03,932006,中证REITs（收盘）指数,中证REITs（收盘）,CSI REITs (closing) Index,CSI REITs (closing),,,,1047.85,-6.6,-0.63,28634546.0,1.7,14.0,
2023-01-04,932006,中证REITs（收盘）指数,中证REITs（收盘）,CSI REITs (closing) Index,CSI REITs (closing),,,,1042.63,-5.22,-0.5,29471845.0,1.72,14.0,
2023-01-05,932006,中证REITs（收盘）指数,中证REITs（收盘）,CSI REITs (closing) Index,CSI REITs (closing),,,,1035.94,-6.68,-0.64,33796212.0,1.86,14.0,
2023-01-06,932006,中证REITs（收盘）指数,中证REITs（收盘）,CSI REITs (closing) Index,CSI REITs (closing),,,,1041.26,5.32,0.51,36273446.0,1.96,14.0,
2023-01-09,932006,中证REITs（收盘）指数,中证REITs（收盘）,CSI REITs (closing) Index,CSI REITs (closing),,,,1041.19,-0.07,-0.01,35253929.0,2.11,14.0,
2023-01-10,932006,中证REITs（收盘）指数,中证REITs（收盘）,CSI REITs (closing) Index,CSI REITs (closing),,,,1044.98,3.79,0.36,39122817.0,2.28,14.0,
2023-01-11,932006,中证REITs（收盘）指数,中证REITs（收盘）,CSI REITs (closing) Index,CSI REITs (closing),,,,1044.7,-0.28,-0.03,39670135.0,2.27,14.0,
2023-01-12,932006,中证REITs（收盘）指数,中证REITs（收盘）,CSI REITs (closing) Index,CSI REITs (closing),,,,1042.91,-1.79,-0.17,32539615.0,1.85,14.0,
2023-01-13,932006,中证REITs（收盘）指数,中证REITs（收盘）,CSI REITs (closing) Index,CSI REITs (closing),,,,1040.5,-2.41,-0.23,30330855.0,1.7,14.0,
2023-01-16,932006,中证REITs（收盘）指数,中证REITs（收盘）,CSI REITs (closing) Index,CSI REITs (closing),,,,1037.58,-2.91,-0.28,28841094.0,1.64,14.0,
2023-01-17,932006,中证REITs（收盘）指数,中证REITs（收盘）,CSI REITs (closing) Index,CSI REITs (closing),,,,1034.82,-2.76,-0.27,24111836.0,1.48,14.0,
2023-01-18,932006,中证REITs（收盘）指数,中证REITs（收盘）,CSI REITs (closing) Index,CSI REITs (closing),,,,1035.26,0.44,0.04,29253250.0,1.7,14.0,
2023-01-19,932006,中证REITs（收盘）指数,中证REITs（收盘）,CSI REITs (closing) Index,CSI REITs (closing),,,,1035.76,0.5,0.05,29432942.0,1.67,14.0,
2023-01-20,932006,中证REITs（收盘）指数,中证REITs（收盘）,CSI REITs (closing) Index,CSI REITs (closing),,,,1037.42,1.65,0.16,31623826.0,1.74,14.0,
2023-01-30,932006,中证REITs（收盘）指数,中证REITs（收盘）,CSI REITs (closing) Index,CSI REITs (closing),,,,1044.61,7.19,0.69,39481155.0,2.34,14.0,
2023-01-31,932006,中证REITs（收盘）指数,中证REITs（收盘）,CSI REITs (closing) Index,CSI REITs (closing),,,,1056.75,12.14,1.16,48496680.0,2.83,14.0,
2023-02-01,932006,中证REITs（收盘）指数,中证REITs（收盘）,CSI REITs (closing) Index,CSI REITs (closing),,,,1063.01,6.26,0.59,43472306.0,2.45,14.0,
2023-02-02,932006,中证REITs（收盘）指数,中证REITs（收盘）,CSI REITs (closing) Index,CSI REITs (closing),,,,1058.75,-4.26,-0.4,48560940.0,2.68,14.0,
2023-02-03,932006,中证REITs（收盘）指数,中证REITs（收盘）,CSI REITs (closing) Index,CSI REITs (closing),,,,1060.27,1.51,0.14,47828482.0,2.7,14.0,
2023-02-06,932006,中证REITs（收盘）指数,中证REITs（收盘）,CSI REITs (closing) Index,CSI REITs (closing),,,,1060.42,0.15,0.01,46512561.0,2.72,14.0,
2023-02-07,932006,中证REITs（收盘）指数,中证REITs（收盘）,CSI REITs (closing) Index,CSI REITs (closing),,,,1059.49,-0.93,-0.09,41100200.0,2.36,14.0,
2023-02-08,932006,中证REITs（收盘）指数,中证REITs（收盘）,CSI REITs (closing) Index,CSI REITs (closing),,,,1058.78,-0.7,-0.07,35474457.0,1.95,14.0,
2023-02-09,932006,中证REITs（收盘）指数,中证REITs（收盘）,CSI REITs (closing) Index,CSI REITs (closing),,,,1058.26,-0.52,-0.05,38136757.0,2.14,14.0,
2023-02-10,932006,中证REITs（收盘）指数,中证REITs（收盘）,CSI REITs (closing) Index,CSI REITs (closing),,,,1061.52,3.26,0.31,52188872.0,2.92,14.0,
2023-02-13,932006,中证REITs（收盘）指数,中证REITs（收盘）,CSI REITs (closing) Index,CSI REITs (closing),,,,1064.53,3.01,0.28,43154236.0,2.36,14.0,
2023-02-14,932006,中证REITs（收盘）指数,中证REITs（收盘）,CSI REITs (closing) Index,CSI REITs (closing),,,,1069.48,4.95,0.47,47915434.0,2.78,14.0,
2023-02-15,932006,中证REITs（收盘）指数,中证REITs（收盘）,CSI REITs (closing) Index,CSI REITs (closing),,,,1066.46,-3.02,-0.28,47538778.0,2.62,14.0,
2023-02-16,932006,中证REITs（收盘）指数,中证REITs（收盘）,CSI REITs (closing) Index,CSI REITs (closing),,,,1063.8,-2.67,-0.25,54979188.0,2.99,14.0,
2023-02-17,932006,中证REITs（收盘）指数,中证REITs（收盘）,CSI REITs (closing) Index,CSI REITs (closing),,,,1062.73,-1.06,-0.1,46114706.0,2.66,14.0,
2023-02-20,932006,中证REITs（收盘）指数,中证REITs（收盘）,CSI REITs (closing) Index,CSI REITs (closing),,,,1064.38,1.65,0.15,42567180.0,2.61,14.0,
2023-02-21,932006,中证REITs（收盘）指数,中证REITs（收盘）,CSI REITs (closing) Index,CSI REITs (closing),,,,1067.06,2.68,0.25,45516114.0,2.77,14.0,
2023-02-22,932006,中证REITs（收盘）指数,中证REITs（收盘）,CSI REITs (closing) Index,CSI REITs (closing),,,,1065.04,-2.02,-0.19,38335410.0,2.19,14.0,
2023-02-23,932006,中证REITs（收盘）指数,中证REITs（收盘）,CSI REITs (closing) Index,CSI REITs (closing),,,,1060.71,-4.33,-0.41,34314035.0,1.97,14.0,
2023-02-24,932006,中证REITs（收盘）指数,中证REITs（收盘）,CSI REITs (closing) Index,CSI REITs (closing),,,,1054.69,-6.02,-0.57,35178190.0,1.96,14.0,
2023-02-27,932006,中证REITs（收盘）指数,中证REITs（收盘）,CSI REITs (closing) Index,CSI REITs (closing),,,,1049.61,-5.08,-0.48,40594607.0,2.3,14.0,
2023-02-28,932006,中证REITs（收盘）指数,中证REITs（收盘）,CSI REITs (closing) Index,CSI REITs (closing),,,,1050.04,0.43,0.04,41732174.0,2.43,14.0,
2023-03-01,932006,中证REITs（收盘）指数,中证REITs（收盘）,CSI REITs (closing) Index,CSI REITs (closing),,,,1050.42,0.38,0.04,39627816.0,2.37,14.0,
2023-03-02,932006,中证REITs（收盘）指数,中证REITs（收盘）,CSI REITs (closing) Index,CSI REITs (closing),,,,1049.95,-0.47,-0.04,43541736.0,2.61,14.0,
2023-03-03,932006,中证REITs（收盘）指数,中证REITs（收盘）,CSI REITs (closing) Index,CSI REITs (closing),,,,1049.55,-0.41,-0.04,47031885.0,2.83,14.0,
2023-03-06,932006,中证REITs（收盘）指数,中证REITs（收盘）,CSI REITs (closing) Index,CSI REITs (closing),,,,1046.45,-3.09,-0.29,43543117.0,2.53,14.0,
2023-03-07,932006,中证REITs（收盘）指数,中证REITs（收盘）,CSI REITs (closing) Index,CSI REITs (closing),,,,1042.3,-4.15,-0.4,47273853.0,2.75,14.0,
2023-03-08,932006,中证REITs（收盘）指数,中证REITs（收盘）,CSI REITs (closing) Index,CSI REITs (closing),,,,1039.33,-2.97,-0.29,39092555.0,2.29,14.0,
2023-03-09,932006,中证REITs（收盘）指数,中证REITs（收盘）,CSI REITs (closing) Index,CSI REITs (closing),,,,1038.34,-0.99,-0.09,35806244.0,1.99,14.0,
2023-03-10,932006,中证REITs（收盘）指数,中证REITs（收盘）,CSI REITs (closing) Index,CSI REITs (closing),,,,1037.76,-0.58,-0.06,39382947.0,2.18,14.0,
2023-03-13,932006,中证REITs（收盘）指数,中证REITs（收盘）,CSI REITs (closing) Index,CSI REITs (closing),,,,1044.42,6.66,0.64,74194504.0,3.53,20.0,
2023-03-14,932006,中证REITs（收盘）指数,中证REITs（收盘）,CSI REITs (closing) Index,CSI REITs (closing),,,,1043.13,-1.29,-0.12,72953714.0,3.65,20.0,
2023-03-15,932006,中证REITs（收盘）指数,中证REITs（收盘）,CSI REITs (closing) Index,CSI REITs (closing),,,,1042.79,-0.35,-0.03,67521067.0,3.48,20.0,
2023-03-16,932006,中证REITs（收盘）指数,中证REITs（收盘）,CSI REITs (closing) Index,CSI REITs (closing),,,,1040.15,-2.64,-0.25,55220370.0,2.74,20.0,
2023-03-17,932006,中证REITs（收盘）指数,中证REITs（收盘）,CSI REITs (closing) Index,CSI REITs (closing),,,,1039.72,-0.43,-0.04,56809516.0,2.97,20.0,
2023-03-20,932006,中证REITs（收盘）指数,中证REITs（收盘）,CSI REITs (closing) Index,CSI REITs (closing),,,,1035.31,-4.41,-0.42,60358895.0,3.01,20.0,
2023-03-21,932006,中证REITs（收盘）指数,中证REITs（收盘）,CSI REITs (closing) Index,CSI REITs (closing),,,,1034.1,-1.22,-0.12,56108797.0,2.92,20.0,
2023-03-22,932006,中证REITs（收盘）指数,中证REITs（收盘）,CSI REITs (closing) Index,CSI REITs (closing),,,,1033.26,-0.84,-0.08,56001718.0,2.89,20.0,
2023-03-23,932006,中证REITs（收盘）指数,中证REITs（收盘）,CSI REITs (closing) Index,CSI REITs (closing),,,,1032.98,-0.28,-0.03,57910520.0,3.0,20.0,
2023-03-24,932006,中证REITs（收盘）指数,中证REITs（收盘）,CSI REITs (closing) Index,CSI REITs (closing),,,,1032.24,-0.74,-0.07,63887795.0,3.36,20.0,
2023-03-27,932006,中证REITs（收盘）指数,中证REITs（收盘）,CSI REITs (closing) Index,CSI REITs (closing),,,,1032.8,0.56,0.05,64814154.0,3.3,20.0,
2023-03-28,932006,中证REITs（收盘）指数,中证REITs（收盘）,CSI REITs (closing) Index,CSI REITs (closing),,,,1028.26,-4.54,-0.44,60570084.0,2.98,20.0,
2023-03-29,932006,中证REITs（收盘）指数,中证REITs（收盘）,CSI REITs (closing) Index,CSI REITs (closing),,,,1020.5,-7.76,-0.75,49720266.0,2.42,20.0,
2023-03-30,932006,中证REITs（收盘）指数,中证REITs（收盘）,CSI REITs (closing) Index,CSI REITs (closing),,,,1019.55,-0.95,-0.09,62169027.0,3.0,20.0,
2023-03-31,932006,中证REITs（收盘）指数,中证REITs（收盘）,CSI REITs (closing) Index,CSI REITs (closing),,,,1024.57,5.03,0.49,79157247.0,3.91,20.0,
2023-04-03,932006,中证REITs（收盘）指数,中证REITs（收盘）,CSI REITs (closing) Index,CSI REITs (closing),,,,1028.76,4.19,0.41,67580359.0,3.37,20.0,
2023-04-04,932006,中证REITs（收盘）指数,中证REITs（收盘）,CSI REITs (closing) Index,CSI REITs (closing),,,,1028.78,0.02,0.0,59412419.0,3.17,20.0,
2023-04-06,932006,中证REITs（收盘）指数,中证REITs（收盘）,CSI REITs (closing) Index,CSI REITs (closing),,,,1022.54,-6.24,-0.61,55148163.0,2.78,20.0,
2023-04-07,932006,中证REITs（收盘）指数,中证REITs（收盘）,CSI REITs (closing) Index,CSI REITs (closing),,,,1022.66,0.12,0.01,61620664.0,3.1,20.0,
2023-04-10,932006,中证REITs（收盘）指数,中证REITs（收盘）,CSI REITs (closing) Index,CSI REITs (closing),,,,1020.58,-2.08,-0.2,50265409.0,2.53,20.0,
2023-04-11,932006,中证REITs（收盘）指数,中证REITs（收盘）,CSI REITs (closing) Index,CSI REITs (closing),,,,1012.37,-8.21,-0.8,55095709.0,2.79,20.0,
2023-04-12,932006,中证REITs（收盘）指数,中证REITs（收盘）,CSI REITs (closing) Index,CSI REITs (closing),,,,1006.47,-5.9,-0.58,56721198.0,2.75,20.0,
2023-04-13,932006,中证REITs（收盘）指数,中证REITs（收盘）,CSI REITs (closing) Index,CSI REITs (closing),,,,1001.22,-5.26,-0.52,66263538.0,3.11,20.0,
2023-04-14,932006,中证REITs（收盘）指数,中证REITs（收盘）,CSI REITs (closing) Index,CSI REITs (closing),,,,1003.05,1.83,0.18,67318157.0,3.2,20.0,
2023-04-17,932006,中证REITs（收盘）指数,中证REITs（收盘）,CSI REITs (closing) Index,CSI REITs (closing),,,,1001.74,-1.31,-0.13,70158730.0,3.38,20.0,
2023-04-18,932006,中证REITs（收盘）指数,中证REITs（收盘）,CSI REITs (closing) Index,CSI REITs (closing),,,,999.06,-2.69,-0.27,66291476.0,3.22,20.0,
2023-04-19,932006,中证REITs（收盘）指数,中证REITs（收盘）,CSI REITs (closing) Index,CSI REITs (closing),,,,995.36,-3.7,-0.37,66518802.0,3.31,20.0,
2023-04-20,932006,中证REITs（收盘）指数,中证REITs（收盘）,CSI REITs (closing) Index,CSI REITs (closing),,,,990.09,-5.27,-0.53,61153413.0,3.13,20.0,
2023-04-21,932006,中证REITs（收盘）指数,中证REITs（收盘）,CSI REITs (closing) Index,CSI REITs (closing),,,,975.99,-14.09,-1.42,65784769.0,2.85,20.0,
2023-04-24,932006,中证REITs（收盘）指数,中证REITs（收盘）,CSI REITs (closing) Index,CSI REITs (closing),,,,972.17,-3.83,-0.39,50062437.0,2.27,20.0,
2023-04-25,932006,中证REITs（收盘）指数,中证REITs（收盘）,CSI REITs (closing) Index,CSI REITs (closing),,,,967.79,-4.37,-0.45,39178836.0,1.89,20.0,
2023-04-26,932006,中证REITs（收盘）指数,中证REITs（收盘）,CSI REITs (closing) Index,CSI REITs (closing),,,,960.25,-7.55,-0.78,34597628.0,1.69,20.0,
2023-04-27,932006,中证REITs（收盘）指数,中证REITs（收盘）,CSI REITs (closing) Index,CSI REITs (closing),,,,951.32,-8.92,-0.93,33317174.0,1.48,20.0,
2023-04-28,932006,中证REITs（收盘）指数,中证REITs（收盘）,CSI REITs (closing) Index,CSI REITs (closing),,,,950.97,-0.35,-0.04,42619580.0,1.94,20.0,
2023-05-04,932006,中证REITs（收盘）指数,中证REITs（收盘）,CSI REITs (closing) Index,CSI REITs (closing),,,,945.01,-5.96,-0.63,35627464.0,1.56,20.0,
2023-05-05,932006,中证REITs（收盘）指数,中证REITs（收盘）,CSI REITs (closing) Index,CSI REITs (closing),,,,940.11,-4.91,-0.52,34583557.0,1.51,20.0,
2023-05-08,932006,中证REITs（收盘）指数,中证REITs（收盘）,CSI REITs (closing) Index,CSI REITs (closing),,,,936.47,-3.64,-0.39,31792489.0,1.51,20.0,
2023-05-09,932006,中证REITs（收盘）指数,中证REITs（收盘）,CSI REITs (closing) Index,CSI REITs (closing),,,,938.45,1.98,0.21,43950620.0,1.95,20.0,
2023-05-10,932006,中证REITs（收盘）指数,中证REITs（收盘）,CSI REITs (closing) Index,CSI REITs (closing),,,,953.36,14.92,1.59,55005360.0,2.43,20.0,
2023-05-11,932006,中证REITs（收盘）指数,中证REITs（收盘）,CSI REITs (closing) Index,CSI REITs (closing),,,,954.94,1.58,0.17,55146087.0,2.46,20.0,
2023-05-12,932006,中证REITs（收盘）指数,中证REITs（收盘）,CSI REITs (closing) Index,CSI REITs (closing),,,,952.86,-2.08,-0.22,46089980.0,1.98,20.0,
2023-05-15,932006,中证REITs（收盘）指数,中证REITs（收盘）,CSI REITs (closing) Index,CSI REITs (closing),,,,946.33,-6.53,-0.69,50986120.0,2.19,20.0,
2023-05-16,932006,中证REITs（收盘）指数,中证REITs（收盘）,CSI REITs (closing) Index,CSI REITs (closing),,,,949.35,3.02,0.32,38984108.0,1.68,20.0,
2023-05-17,932006,中证REITs（收盘）指数,中证REITs（收盘）,CSI REITs (closing) Index,CSI REITs (closing),,,,947.5,-1.85,-0.19,40569277.0,1.61,20.0,
2023-05-18,932006,中证REITs（收盘）指数,中证REITs（收盘）,CSI REITs (closing) Index,CSI REITs (closing),,,,940.95,-6.55,-0.69,24122587.0,1.05,20.0,
2023-05-19,932006,中证REITs（收盘）指数,中证REITs（收盘）,CSI REITs (closing) Index,CSI REITs (closing),,,,938.38,-2.57,-0.27,38413290.0,1.5,20.0,
2023-05-22,932006,中证REITs（收盘）指数,中证REITs（收盘）,CSI REITs (closing) Index,CSI REITs (closing),,,,936.45,-1.93,-0.21,35772337.0,1.48,20.0,
2023-05-23,932006,中证REITs（收盘）指数,中证REITs（收盘）,CSI REITs (closing) Index,CSI REITs (closing),,,,936.0,-0.45,-0.05,30594226.0,1.31,20.0,
2023-05-24,932006,中证REITs（收盘）指数,中证REITs（收盘）,CSI REITs (closing) Index,CSI REITs (closing),,,,934.19,-1.81,-0.19,32393170.0,1.31,20.0,
2023-05-25,932006,中证REITs（收盘）指数,中证REITs（收盘）,CSI REITs (closing) Index,CSI REITs (closing),,,,934.56,0.37,0.04,34780617.0,1.5,20.0,
2023-05-26,932006,中证REITs（收盘）指数,中证REITs（收盘）,CSI REITs (closing) Index,CSI REITs (closing),,,,932.6,-1.95,-0.21,40308131.0,1.73,20.0,
2023-05-29,932006,中证REITs（收盘）指数,中证REITs（收盘）,CSI REITs (closing) Index,CSI REITs (closing),,,,925.86,-6.74,-0.72,31756024.0,1.38,20.0,
2023-05-30,932006,中证REITs（收盘）指数,中证REITs（收盘）,CSI REITs (closing) Index,CSI REITs (closing),,,,913.4,-12.46,-1.35,35937123.0,1.48,20.0,
2023-05-31,932006,中证REITs（收盘）指数,中证REITs（收盘）,CSI REITs (closing) Index,CSI REITs (closing),,,,900.53,-12.87,-1.41,37141219.0,1.52,20.0,
2023-06-01,932006,中证REITs（收盘）指数,中证REITs（收盘）,CSI REITs (closing) Index,CSI REITs (closing),,,,894.9,-5.63,-0.62,36792278.0,1.54,20.0,
2023-06-02,932006,中证REITs（收盘）指数,中证REITs（收盘）,CSI REITs (closing) Index,CSI REITs (closing),,,,889.5,-5.41,-0.6,44028695.0,1.74,20.0,
2023-06-05,932006,中证REITs（收盘）指数,中证REITs（收盘）,CSI REITs (closing) Index,CSI REITs (closing),,,,861.09,-28.41,-3.19,42022783.0,1.97,20.0,
2023-06-06,932006,中证REITs（收盘）指数,中证REITs（收盘）,CSI REITs (closing) Index,CSI REITs (closing),,,,853.45,-7.64,-0.89,51815427.0,2.13,20.0,
2023-06-07,932006,中证REITs（收盘）指数,中证REITs（收盘）,CSI REITs (closing) Index,CSI REITs (closing),,,,864.59,11.14,1.31,52346266.0,2.01,20.0,
2023-06-08,932006,中证REITs（收盘）指数,中证REITs（收盘）,CSI REITs (closing) Index,CSI REITs (closing),,,,884.06,19.47,2.25,64984703.0,2.71,20.0,
2023-06-09,932006,中证REITs（收盘）指数,中证REITs（收盘）,CSI REITs (closing) Index,CSI REITs (closing),,,,883.94,-0.12,-0.01,45024026.0,1.85,20.0,
2023-06-12,932006,中证REITs（收盘）指数,中证REITs（收盘）,CSI REITs (closing) Index,CSI REITs (closing),,,,878.04,-5.9,-0.67,44845960.0,1.8,24.0,
2023-06-13,932006,中证REITs（收盘）指数,中证REITs（收盘）,CSI REITs (closing) Index,CSI REITs (closing),,,,875.2,-2.84,-0.32,38808687.0,1.59,24.0,
2023-06-14,932006,中证REITs（收盘）指数,中证REITs（收盘）,CSI REITs (closing) Index,CSI REITs (closing),,,,873.38,-1.83,-0.21,43683622.0,1.75,24.0,
2023-06-15,932006,中证REITs（收盘）指数,中证REITs（收盘）,CSI REITs (closing) Index,CSI REITs (closing),,,,870.41,-2.97,-0.34,40711777.0,1.7,24.0,
2023-06-16,932006,中证REITs（收盘）指数,中证REITs（收盘）,CSI REITs (closing) Index,CSI REITs (closing),,,,870.82,0.42,0.05,45949120.0,1.97,24.0,
2023-06-19,932006,中证REITs（收盘）指数,中证REITs（收盘）,CSI REITs (closing) Index,CSI REITs (closing),,,,863.99,-6.83,-0.78,35491271.0,1.52,24.0,
2023-06-20,932006,中证REITs（收盘）指数,中证REITs（收盘）,CSI REITs (closing) Index,CSI REITs (closing),,,,861.4,-2.6,-0.3,39400141.0,1.73,24.0,
2023-06-21,932006,中证REITs（收盘）指数,中证REITs（收盘）,CSI REITs (closing) Index,CSI REITs (closing),,,,855.92,-5.48,-0.64,42378586.0,1.72,24.0,
2023-06-26,932006,中证REITs（收盘）指数,中证REITs（收盘）,CSI REITs (closing) Index,CSI REITs (closing),,,,850.46,-5.46,-0.64,35744692.0,1.54,24.0,
2023-06-27,932006,中证REITs（收盘）指数,中证REITs（收盘）,CSI REITs (closing) Index,CSI REITs (closing),,,,847.65,-2.8,-0.33,53854091.0,2.09,24.0,
2023-06-28,932006,中证REITs（收盘）指数,中证REITs（收盘）,CSI REITs (closing) Index,CSI REITs (closing),,,,842.93,-4.72,-0.56,66539235.0,2.68,24.0,
2023-06-29,932006,中证REITs（收盘）指数,中证REITs（收盘）,CSI REITs (closing) Index,CSI REITs (closing),,,,839.34,-3.59,-0.43,53761693.0,2.11,24.0,
2023-06-30,932006,中证REITs（收盘）指数,中证REITs（收盘）,CSI REITs (closing) Index,CSI REITs (closing),,,,833.57,-5.77,-0.69,63469739.0,2.36,24.0,
2023-07-03,932006,中证REITs（收盘）指数,中证REITs（收盘）,CSI REITs (closing) Index,CSI REITs (closing),,,,824.9,-8.67,-1.04,55643148.0,2.29,24.0,
2023-07-04,932006,中证REITs（收盘）指数,中证REITs（收盘）,CSI REITs (closing) Index,CSI REITs (closing),,,,819.42,-5.48,-0.66,50763513.0,2.05,24.0,
2023-07-05,932006,中证REITs（收盘）指数,中证REITs（收盘）,CSI REITs (closing) Index,CSI REITs (closing),,,,810.12,-9.3,-1.13,60651711.0,2.3,24.0,
2023-07-06,932006,中证REITs（收盘）指数,中证REITs（收盘）,CSI REITs (closing) Index,CSI REITs (closing),,,,825.19,15.07,1.86,86387872.0,3.25,24.0,
2023-07-07,932006,中证REITs（收盘）指数,中证REITs（收盘）,CSI REITs (closing) Index,CSI REITs (closing),,,,842.79,17.6,2.13,80498517.0,3.12,24.0,
2023-07-10,932006,中证REITs（收盘）指数,中证REITs（收盘）,CSI REITs (closing) Index,CSI REITs (closing),,,,845.01,2.22,0.26,62298826.0,2.5,24.0,
2023-07-11,932006,中证REITs（收盘）指数,中证REITs（收盘）,CSI REITs (closing) Index,CSI REITs (closing),,,,842.29,-2.72,-0.32,53201201.0,2.15,24.0,
2023-07-12,932006,中证REITs（收盘）指数,中证REITs（收盘）,CSI REITs (closing) Index,CSI REITs (closing),,,,838.26,-4.03,-0.48,47497979.0,1.94,24.0,
2023-07-13,932006,中证REITs（收盘）指数,中证REITs（收盘）,CSI REITs (closing) Index,CSI REITs (closing),,,,844.61,6.35,0.76,61212971.0,2.4,24.0,
2023-07-14,932006,中证REITs（收盘）指数,中证REITs（收盘）,CSI REITs (closing) Index,CSI REITs (closing),,,,851.79,7.18,0.85,68851526.0,2.83,24.0,
2023-07-17,932006,中证REITs（收盘）指数,中证REITs（收盘）,CSI REITs (closing) Index,CSI REITs (closing),,,,872.58,20.8,2.44,85745893.0,3.41,24.0,
2023-07-18,932006,中证REITs（收盘）指数,中证REITs（收盘）,CSI REITs (closing) Index,CSI REITs (closing),,,,897.77,25.19,2.89,116605839.0,4.72,24.0,
2023-07-19,932006,中证REITs（收盘）指数,中证REITs（收盘）,CSI REITs (closing) Index,CSI REITs (closing),,,,887.74,-10.03,-1.12,114710463.0,4.68,24.0,
2023-07-20,932006,中证REITs（收盘）指数,中证REITs（收盘）,CSI REITs (closing) Index,CSI REITs (closing),,,,872.87,-14.88,-1.68,72635852.0,2.88,24.0,
2023-07-21,932006,中证REITs（收盘）指数,中证REITs（收盘）,CSI REITs (closing) Index,CSI REITs (closing),,,,874.41,1.54,0.18,75685932.0,2.96,24.0,
2023-07-24,932006,中证REITs（收盘）指数,中证REITs（收盘）,CSI REITs (closing) Index,CSI REITs (closing),,,,873.9,-0.51,-0.06,80758563.0,3.07,24.0,
2023-07-25,932006,中证REITs（收盘）指数,中证REITs（收盘）,CSI REITs (closing) Index,CSI REITs (closing),,,,875.81,1.91,0.22,83596030.0,3.3,24.0,
2023-07-26,932006,中证REITs（收盘）指数,中证REITs（收盘）,CSI REITs (closing) Index,CSI REITs (closing),,,,874.11,-1.69,-0.19,63342568.0,2.46,24.0,
2023-07-27,932006,中证REITs（收盘）指数,中证REITs（收盘）,CSI REITs (closing) Index,CSI REITs (closing),,,,871.6,-2.52,-0.29,54084305.0,2.11,24.0,
2023-07-28,932006,中证REITs（收盘）指数,中证REITs（收盘）,CSI REITs (closing) Index,CSI REITs (closing),,,,871.94,0.35,0.04,68992038.0,2.74,24.0,
2023-07-31,932006,中证REITs（收盘）指数,中证REITs（收盘）,CSI REITs (closing) Index,CSI REITs (closing),,,,876.17,4.23,0.49,84545807.0,3.24,24.0,
2023-08-01,932006,中证REITs（收盘）指数,中证REITs（收盘）,CSI REITs (closing) Index,CSI REITs (closing),,,,882.08,5.91,0.67,103098055.0,4.01,24.0,
2023-08-02,932006,中证REITs（收盘）指数,中证REITs（收盘）,CSI REITs (closing) Index,CSI REITs (closing),,,,885.44,3.36,0.38,89549863.0,3.42,24.0,
2023-08-03,932006,中证REITs（收盘）指数,中证REITs（收盘）,CSI REITs (closing) Index,CSI REITs (closing),,,,884.87,-0.57,-0.06,76567669.0,3.12,24.0,
2023-08-04,932006,中证REITs（收盘）指数,中证REITs（收盘）,CSI REITs (closing) Index,CSI REITs (closing),,,,887.68,2.82,0.32,64256744.0,2.5,24.0,
2023-08-07,932006,中证REITs（收盘）指数,中证REITs（收盘）,CSI REITs (closing) Index,CSI REITs (closing),,,,889.42,1.74,0.2,68044128.0,2.71,24.0,
2023-08-08,932006,中证REITs（收盘）指数,中证REITs（收盘）,CSI REITs (closing) Index,CSI REITs (closing),,,,890.77,1.35,0.15,87281535.0,3.34,24.0,
2023-08-09,932006,中证REITs（收盘）指数,中证REITs（收盘）,CSI REITs (closing) Index,CSI REITs (closing),,,,893.06,2.29,0.26,54186183.0,2.16,24.0,
2023-08-10,932006,中证REITs（收盘）指数,中证REITs（收盘）,CSI REITs (closing) Index,CSI REITs (closing),,,,893.38,0.32,0.04,80396898.0,3.24,24.0,
2023-08-11,932006,中证REITs（收盘）指数,中证REITs（收盘）,CSI REITs (closing) Index,CSI REITs (closing),,,,890.43,-2.95,-0.33,68796987.0,2.67,24.0,
2023-08-14,932006,中证REITs（收盘）指数,中证REITs（收盘）,CSI REITs (closing) Index,CSI REITs (closing),,,,885.04,-5.39,-0.61,60743166.0,2.45,24.0,
2023-08-15,932006,中证REITs（收盘）指数,中证REITs（收盘）,CSI REITs (closing) Index,CSI REITs (closing),,,,885.59,0.55,0.06,70253959.0,2.78,24.0,
2023-08-16,932006,中证REITs（收盘）指数,中证REITs（收盘）,CSI REITs (closing) Index,CSI REITs (closing),,,,882.41,-3.18,-0.36,53828656.0,2.11,24.0,
2023-08-17,932006,中证REITs（收盘）指数,中证REITs（收盘）,CSI REITs (closing) Index,CSI REITs (closing),,,,877.81,-4.6,-0.52,59228535.0,2.39,24.0,
2023-08-18,932006,中证REITs（收盘）指数,中证REITs（收盘）,CSI REITs (closing) Index,CSI REITs (closing),,,,878.69,0.88,0.1,69539365.0,2.59,24.0,
2023-08-21,932006,中证REITs（收盘）指数,中证REITs（收盘）,CSI REITs (closing) Index,CSI REITs (closing),,,,873.57,-5.11,-0.58,59168592.0,2.31,24.0,
2023-08-22,932006,中证REITs（收盘）指数,中证REITs（收盘）,CSI REITs (closing) Index,CSI REITs (closing),,,,871.1,-2.47,-0.28,59584064.0,2.37,24.0,
2023-08-23,932006,中证REITs（收盘）指数,中证REITs（收盘）,CSI REITs (closing) Index,CSI REITs (closing),,,,869.66,-1.44,-0.17,66503001.0,2.66,24.0,
2023-08-24,932006,中证REITs（收盘）指数,中证REITs（收盘）,CSI REITs (closing) Index,CSI REITs (closing),,,,873.04,3.38,0.39,69251970.0,2.75,24.0,
2023-08-25,932006,中证REITs（收盘）指数,中证REITs（收盘）,CSI REITs (closing) Index,CSI REITs (closing),,,,875.83,2.79,0.32,59562932.0,2.37,24.0,
2023-08-28,932006,中证REITs（收盘）指数,中证REITs（收盘）,CSI REITs (closing) Index,CSI REITs (closing),,,,877.34,1.51,0.17,69733081.0,2.74,24.0,
2023-08-29,932006,中证REITs（收盘）指数,中证REITs（收盘）,CSI REITs (closing) Index,CSI REITs (closing),,,,874.63,-2.71,-0.31,65192565.0,2.63,24.0,
2023-08-30,932006,中证REITs（收盘）指数,中证REITs（收盘）,CSI REITs (closing) Index,CSI REITs (closing),,,,874.22,-0.41,-0.05,63004611.0,2.54,24.0,
2023-08-31,932006,中证REITs（收盘）指数,中证REITs（收盘）,CSI REITs (closing) Index,CSI REITs (closing),,,,873.1,-1.12,-0.13,64221099.0,2.55,24.0,
2023-09-01,932006,中证REITs（收盘）指数,中证REITs（收盘）,CSI REITs (closing) Index,CSI REITs (closing),,,,870.26,-2.84,-0.33,61094155.0,2.54,24.0,
2023-09-04,932006,中证REITs（收盘）指数,中证REITs（收盘）,CSI REITs (closing) Index,CSI REITs (closing),,,,868.2,-2.06,-0.24,61069115.0,2.54,24.0,
2023-09-05,932006,中证REITs（收盘）指数,中证REITs（收盘）,CSI REITs (closing) Index,CSI REITs (closing),,,,864.31,-3.88,-0.45,54585276.0,2.15,24.0,
2023-09-06,932006,中证REITs（收盘）指数,中证REITs（收盘）,CSI REITs (closing) Index,CSI REITs (closing),,,,864.18,-0.13,-0.02,50653423.0,1.98,24.0,
2023-09-07,932006,中证REITs（收盘）指数,中证REITs（收盘）,CSI REITs (closing) Index,CSI REITs (closing),,,,864.28,0.1,0.01,47693066.0,1.92,24.0,
2023-09-08,932006,中证REITs（收盘）指数,中证REITs（收盘）,CSI REITs (closing) Index,CSI REITs (closing),,,,866.19,1.91,0.22,59961884.0,2.37,24.0,
2023-09-11,932006,中证REITs（收盘）指数,中证REITs（收盘）,CSI REITs (closing) Index,CSI REITs (closing),,,,871.49,5.3,0.61,73521889.0,3.1,27.0,
2023-09-12,932006,中证REITs（收盘）指数,中证REITs（收盘）,CSI REITs (closing) Index,CSI REITs (closing),,,,870.28,-1.21,-0.14,64784863.0,2.71,27.0,
2023-09-13,932006,中证REITs（收盘）指数,中证REITs（收盘）,CSI REITs (closing) Index,CSI REITs (closing),,,,869.3,-0.98,-0.11,54956044.0,2.37,27.0,
2023-09-14,932006,中证REITs（收盘）指数,中证REITs（收盘）,CSI REITs (closing) Index,CSI REITs (closing),,,,868.15,-1.15,-0.13,55818556.0,2.55,27.0,
2023-09-15,932006,中证REITs（收盘）指数,中证REITs（收盘）,CSI REITs (closing) Index,CSI REITs (closing),,,,866.38,-1.77,-0.2,55537330.0,2.38,27.0,
2023-09-18,932006,中证REITs（收盘）指数,中证REITs（收盘）,CSI REITs (closing) Index,CSI REITs (closing),,,,863.74,-2.64,-0.31,52311011.0,2.17,27.0,
2023-09-19,932006,中证REITs（收盘）指数,中证REITs（收盘）,CSI REITs (closing) Index,CSI REITs (closing),,,,863.57,-0.16,-0.02,52893999.0,2.34,27.0,
2023-09-20,932006,中证REITs（收盘）指数,中证REITs（收盘）,CSI REITs (closing) Index,CSI REITs (closing),,,,863.46,-0.11,-0.01,51532263.0,2.27,27.0,
2023-09-21,932006,中证REITs（收盘）指数,中证REITs（收盘）,CSI REITs (closing) Index,CSI REITs (closing),,,,863.14,-0.32,-0.04,47945258.0,2.02,27.0,
2023-09-22,932006,中证REITs（收盘）指数,中证REITs（收盘）,CSI REITs (closing) Index,CSI REITs (closing),,,,861.43,-1.7,-0.2,50092324.0,2.2,27.0,
2023-09-25,932006,中证REITs（收盘）指数,中证REITs（收盘）,CSI REITs (closing) Index,CSI REITs (closing),,,,861.07,-0.36,-0.04,60298074.0,2.59,27.0,
2023-09-26,932006,中证REITs（收盘）指数,中证REITs（收盘）,CSI REITs (closing) Index,CSI REITs (closing),,,,861.26,0.19,0.02,53810971.0,2.42,27.0,
2023-09-27,932006,中证REITs（收盘）指数,中证REITs（收盘）,CSI REITs (closing) Index,CSI REITs (closing),,,,861.45,0.19,0.02,58726554.0,2.64,27.0,
2023-09-28,932006,中证REITs（收盘）指数,中证REITs（收盘）,CSI REITs (closing) Index,CSI REITs (closing),,,,863.24,1.79,0.21,71744552.0,3.15,27.0,
2023-10-09,932006,中证REITs（收盘）指数,中证REITs（收盘）,CSI REITs (closing) Index,CSI REITs (closing),,,,860.44,-2.8,-0.32,52779544.0,2.35,27.0,
2023-10-10,932006,中证REITs（收盘）指数,中证REITs（收盘）,CSI REITs (closing) Index,CSI REITs (closing),,,,858.77,-1.67,-0.19,52160337.0,2.26,27.0,
2023-10-11,932006,中证REITs（收盘）指数,中证REITs（收盘）,CSI REITs (closing) Index,CSI REITs (closing),,,,853.84,-4.93,-0.57,49316754.0,2.12,27.0,
2023-10-12,932006,中证REITs（收盘）指数,中证REITs（收盘）,CSI REITs (closing) Index,CSI REITs (closing),,,,852.91,-0.93,-0.11,52358427.0,2.29,27.0,
2023-10-13,932006,中证REITs（收盘）指数,中证REITs（收盘）,CSI REITs (closing) Index,CSI REITs (closing),,,,849.59,-3.32,-0.39,47899335.0,2.04,27.0,
2023-10-16,932006,中证REITs（收盘）指数,中证REITs（收盘）,CSI REITs (closing) Index,CSI REITs (closing),,,,843.63,-5.96,-0.7,55855090.0,2.34,27.0,
2023-10-17,932006,中证REITs（收盘）指数,中证REITs（收盘）,CSI REITs (closing) Index,CSI REITs (closing),,,,839.4,-4.23,-0.5,66674705.0,2.68,27.0,
2023-10-18,932006,中证REITs（收盘）指数,中证REITs（收盘）,CSI REITs (closing) Index,CSI REITs (closing),,,,834.8,-4.61,-0.55,56968009.0,2.34,27.0,
2023-10-19,932006,中证REITs（收盘）指数,中证REITs（收盘）,CSI REITs (closing) Index,CSI REITs (closing),,,,828.8,-6.0,-0.72,44394651.0,1.71,27.0,
2023-10-20,932006,中证REITs（收盘）指数,中证REITs（收盘）,CSI REITs (closing) Index,CSI REITs (closing),,,,818.78,-10.02,-1.21,52923739.0,2.16,27.0,
2023-10-23,932006,中证REITs（收盘）指数,中证REITs（收盘）,CSI REITs (closing) Index,CSI REITs (closing),,,,806.67,-12.11,-1.48,47905025.0,2.0,27.0,
2023-10-24,932006,中证REITs（收盘）指数,中证REITs（收盘）,CSI REITs (closing) Index,CSI REITs (closing),,,,815.15,8.48,1.05,61909126.0,2.73,27.0,
2023-10-25,932006,中证REITs（收盘）指数,中证REITs（收盘）,CSI REITs (closing) Index,CSI REITs (closing),,,,819.1,3.95,0.48,76482044.0,3.22,27.0,
2023-10-26,932006,中证REITs（收盘）指数,中证REITs（收盘）,CSI REITs (closing) Index,CSI REITs (closing),,,,817.45,-1.65,-0.2,71888928.0,2.88,27.0,
2023-10-27,932006,中证REITs（收盘）指数,中证REITs（收盘）,CSI REITs (closing) Index,CSI REITs (closing),,,,816.69,-0.76,-0.09,63709560.0,2.77,27.0,
2023-10-30,932006,中证REITs（收盘）指数,中证REITs（收盘）,CSI REITs (closing) Index,CSI REITs (closing),,,,811.49,-5.2,-0.64,62437088.0,2.58,27.0,
2023-10-31,932006,中证REITs（收盘）指数,中证REITs（收盘）,CSI REITs (closing) Index,CSI REITs (closing),,,,810.7,-0.79,-0.1,56940486.0,2.36,27.0,
2023-11-01,932006,中证REITs（收盘）指数,中证REITs（收盘）,CSI REITs (closing) Index,CSI REITs (closing),,,,806.48,-4.22,-0.52,57384290.0,2.37,27.0,
2023-11-02,932006,中证REITs（收盘）指数,中证REITs（收盘）,CSI REITs (closing) Index,CSI REITs (closing),,,,804.29,-2.18,-0.27,44305731.0,1.9,27.0,
2023-11-03,932006,中证REITs（收盘）指数,中证REITs（收盘）,CSI REITs (closing) Index,CSI REITs (closing),,,,804.96,0.67,0.08,53868356.0,2.25,27.0,
2023-11-06,932006,中证REITs（收盘）指数,中证REITs（收盘）,CSI REITs (closing) Index,CSI REITs (closing),,,,804.33,-0.63,-0.08,57932679.0,2.44,27.0,
2023-11-07,932006,中证REITs（收盘）指数,中证REITs（收盘）,CSI REITs (closing) Index,CSI REITs (closing),,,,800.18,-4.15,-0.52,54906497.0,2.2,27.0,
2023-11-08,932006,中证REITs（收盘）指数,中证REITs（收盘）,CSI REITs (closing) Index,CSI REITs (closing),,,,805.22,5.05,0.63,54941371.0,2.34,27.0,
2023-11-09,932006,中证REITs（收盘）指数,中证REITs（收盘）,CSI REITs (closing) Index,CSI REITs (closing),,,,811.87,6.65,0.83,69469862.0,2.82,27.0,
2023-11-10,932006,中证REITs（收盘）指数,中证REITs（收盘）,CSI REITs (closing) Index,CSI REITs (closing),,,,810.17,-1.7,-0.21,59209281.0,2.43,27.0,
2023-11-13,932006,中证REITs（收盘）指数,中证REITs（收盘）,CSI REITs (closing) Index,CSI REITs (closing),,,,803.91,-6.26,-0.77,47734919.0,2.0,27.0,
2023-11-14,932006,中证REITs（收盘）指数,中证REITs（收盘）,CSI REITs (closing) Index,CSI REITs (closing),,,,803.3,-0.61,-0.08,49894586.0,2.09,27.0,
2023-11-15,932006,中证REITs（收盘）指数,中证REITs（收盘）,CSI REITs (closing) Index,CSI REITs (closing),,,,800.95,-2.35,-0.29,49191758.0,2.04,27.0,
2023-11-16,932006,中证REITs（收盘）指数,中证REITs（收盘）,CSI REITs (closing) Index,CSI REITs (closing),,,,798.63,-2.32,-0.29,33331733.0,1.41,27.0,
2023-11-17,932006,中证REITs（收盘）指数,中证REITs（收盘）,CSI REITs (closing) Index,CSI REITs (closing),,,,795.67,-2.96,-0.37,36115340.0,1.56,27.0,
2023-11-20,932006,中证REITs（收盘）指数,中证REITs（收盘）,CSI REITs (closing) Index,CSI REITs (closing),,,,792.88,-2.79,-0.35,46643256.0,1.82,27.0,
2023-11-21,932006,中证REITs（收盘）指数,中证REITs（收盘）,CSI REITs (closing) Index,CSI REITs (closing),,,,789.59,-3.29,-0.41,59892270.0,2.38,27.0,
2023-11-22,932006,中证REITs（收盘）指数,中证REITs（收盘）,CSI REITs (closing) Index,CSI REITs (closing),,,,784.02,-5.57,-0.71,58633750.0,2.33,27.0,
2023-11-23,932006,中证REITs（收盘）指数,中证REITs（收盘）,CSI REITs (closing) Index,CSI REITs (closing),,,,776.28,-7.74,-0.99,71697830.0,3.15,27.0,
2023-11-24,932006,中证REITs（收盘）指数,中证REITs（收盘）,CSI REITs (closing) Index,CSI REITs (closing),,,,766.14,-10.13,-1.31,57399019.0,2.35,27.0,
2023-11-27,932006,中证REITs（收盘）指数,中证REITs（收盘）,CSI REITs (closing) Index,CSI REITs (closing),,,,755.47,-10.67,-1.39,66058736.0,2.58,27.0,
2023-11-28,932006,中证REITs（收盘）指数,中证REITs（收盘）,CSI REITs (closing) Index,CSI REITs (closing),,,,752.15,-3.32,-0.44,73893862.0,2.83,27.0,
2023-11-29,932006,中证REITs（收盘）指数,中证REITs（收盘）,CSI REITs (closing) Index,CSI REITs (closing),,,,750.78,-1.37,-0.18,77069954.0,2.87,27.0,
2023-11-30,932006,中证REITs（收盘）指数,中证REITs（收盘）,CSI REITs (closing) Index,CSI REITs (closing),,,,753.65,2.86,0.38,100069895.0,3.64,27.0,
2023-12-01,932006,中证REITs（收盘）指数,中证REITs（收盘）,CSI REITs (closing) Index,CSI REITs (closing),,,,754.59,0.94,0.13,74288183.0,2.92,27.0,
2023-12-04,932006,中证REITs（收盘）指数,中证REITs（收盘）,CSI REITs (closing) Index,CSI REITs (closing),,,,754.1,-0.49,-0.06,81114713.0,2.94,27.0,
2023-12-05,932006,中证REITs（收盘）指数,中证REITs（收盘）,CSI REITs (closing) Index,CSI REITs (closing),,,,750.71,-3.4,-0.45,83039018.0,2.94,27.0,
2023-12-06,932006,中证REITs（收盘）指数,中证REITs（收盘）,CSI REITs (closing) Index,CSI REITs (closing),,,,752.12,1.41,0.19,71338224.0,2.65,27.0,
2023-12-07,932006,中证REITs（收盘）指数,中证REITs（收盘）,CSI REITs (closing) Index,CSI REITs (closing),,,,750.26,-1.86,-0.25,63907800.0,2.37,27.0,
2023-12-08,932006,中证REITs（收盘）指数,中证REITs（收盘）,CSI REITs (closing) Index,CSI REITs (closing),,,,748.04,-2.22,-0.3,75676086.0,2.93,27.0,
2023-12-11,932006,中证REITs（收盘）指数,中证REITs（收盘）,CSI REITs (closing) Index,CSI REITs (closing),,,,742.33,-5.71,-0.76,81061056.0,3.08,28.0,
2023-12-12,932006,中证REITs（收盘）指数,中证REITs（收盘）,CSI REITs (closing) Index,CSI REITs (closing),,,,733.84,-8.5,-1.14,75881531.0,2.71,28.0,
2023-12-13,932006,中证REITs（收盘）指数,中证REITs（收盘）,CSI REITs (closing) Index,CSI REITs (closing),,,,727.37,-6.46,-0.88,80262476.0,2.92,28.0,
2023-12-14,932006,中证REITs（收盘）指数,中证REITs（收盘）,CSI REITs (closing) Index,CSI REITs (closing),,,,725.88,-1.49,-0.21,83434220.0,2.87,28.0,
2023-12-15,932006,中证REITs（收盘）指数,中证REITs（收盘）,CSI REITs (closing) Index,CSI REITs (closing),,,,726.71,0.83,0.11,80019880.0,2.65,28.0,
2023-12-18,932006,中证REITs（收盘）指数,中证REITs（收盘）,CSI REITs (closing) Index,CSI REITs (closing),,,,725.87,-0.83,-0.11,84598806.0,2.88,28.0,
2023-12-19,932006,中证REITs（收盘）指数,中证REITs（收盘）,CSI REITs (closing) Index,CSI REITs (closing),,,,723.94,-1.94,-0.27,88118515.0,2.99,28.0,
2023-12-20,932006,中证REITs（收盘）指数,中证REITs（收盘）,CSI REITs (closing) Index,CSI REITs (closing),,,,731.99,8.05,1.11,104755225.0,3.42,28.0,
2023-12-21,932006,中证REITs（收盘）指数,中证REITs（收盘）,CSI REITs (closing) Index,CSI REITs (closing),,,,747.18,15.2,2.08,137085633.0,4.71,28.0,
2023-12-22,932006,中证REITs（收盘）指数,中证REITs（收盘）,CSI REITs (closing) Index,CSI REITs (closing),,,,753.22,6.04,0.81,161692010.0,5.67,28.0,
2023-12-25,932006,中证REITs（收盘）指数,中证REITs（收盘）,CSI REITs (closing) Index,CSI REITs (closing),,,,751.96,-1.26,-0.17,121902212.0,4.3,28.0,
2023-12-26,932006,中证REITs（收盘）指数,中证REITs（收盘）,CSI REITs (closing) Index,CSI REITs (closing),,,,749.77,-2.19,-0.29,131795524.0,4.49,28.0,
2023-12-27,932006,中证REITs（收盘）指数,中证REITs（收盘）,CSI REITs (closing) Index,CSI REITs (closing),,,,745.06,-4.72,-0.63,145714440.0,4.74,28.0,
2023-12-28,932006,中证REITs（收盘）指数,中证REITs（收盘）,CSI REITs (closing) Index,CSI REITs (closing),,,,747.69,2.64,0.35,137038983.0,4.63,28.0,
2023-12-29,932006,中证REITs（收盘）指数,中证REITs（收盘）,CSI REITs (closing) Index,CSI REITs (closing),,,,756.44,8.75,1.17,141902586.0,4.73,28.0,
2024-01-02,932006,中证REITs（收盘）指数,中证REITs（收盘）,CSI REITs (closing) Index,CSI REITs (closing),,,,745.79,-10.65,-1.41,109651617.0,4.08,28.0,
2024-01-03,932006,中证REITs（收盘）指数,中证REITs（收盘）,CSI REITs (closing) Index,CSI REITs (closing),,,,742.13,-3.66,-0.49,128270955.0,4.18,28.0,
2024-01-04,932006,中证REITs（收盘）指数,中证REITs（收盘）,CSI REITs (closing) Index,CSI REITs (closing),,,,736.31,-5.82,-0.78,127208245.0,4.05,28.0,
2024-01-05,932006,中证REITs（收盘）指数,中证REITs（收盘）,CSI REITs (closing) Index,CSI REITs (closing),,,,729.59,-6.72,-0.91,111044191.0,3.57,28.0,
2024-01-08,932006,中证REITs（收盘）指数,中证REITs（收盘）,CSI REITs (closing) Index,CSI REITs (closing),,,,721.75,-7.84,-1.07,92792850.0,2.91,28.0,
2024-01-09,932006,中证REITs（收盘）指数,中证REITs（收盘）,CSI REITs (closing) Index,CSI REITs (closing),,,,708.29,-13.46,-1.87,118874028.0,3.76,28.0,
2024-01-10,932006,中证REITs（收盘）指数,中证REITs（收盘）,CSI REITs (closing) Index,CSI REITs (closing),,,,698.6,-9.69,-1.37,142580750.0,3.9,28.0,
2024-01-11,932006,中证REITs（收盘）指数,中证REITs（收盘）,CSI REITs (closing) Index,CSI REITs (closing),,,,701.23,2.63,0.38,147674615.0,4.27,28.0,
2024-01-12,932006,中证REITs（收盘）指数,中证REITs（收盘）,CSI REITs (closing) Index,CSI REITs (closing),,,,698.73,-2.5,-0.36,124346503.0,3.66,28.0,
2024-01-15,932006,中证REITs（收盘）指数,中证REITs（收盘）,CSI REITs (closing) Index,CSI REITs (closing),,,,702.73,4.0,0.57,123303452.0,3.89,28.0,
2024-01-16,932006,中证REITs（收盘）指数,中证REITs（收盘）,CSI REITs (closing) Index,CSI REITs (closing),,,,711.23,8.5,1.21,131087377.0,4.17,28.0,
2024-01-17,932006,中证REITs（收盘）指数,中证REITs（收盘）,CSI REITs (closing) Index,CSI REITs (closing),,,,721.45,10.23,1.44,157970114.0,4.87,28.0,
2024-01-18,932006,中证REITs（收盘）指数,中证REITs（收盘）,CSI REITs (closing) Index,CSI REITs (closing),,,,713.68,-7.77,-1.08,126589041.0,3.94,28.0,
2024-01-19,932006,中证REITs（收盘）指数,中证REITs（收盘）,CSI REITs (closing) Index,CSI REITs (closing),,,,717.08,3.39,0.48,120119427.0,3.74,28.0,
2024-01-22,932006,中证REITs（收盘）指数,中证REITs（收盘）,CSI REITs (closing) Index,CSI REITs (closing),,,,708.81,-8.27,-1.15,112722244.0,3.74,28.0,
2024-01-23,932006,中证REITs（收盘）指数,中证REITs（收盘）,CSI REITs (closing) Index,CSI REITs (closing),,,,702.49,-6.32,-0.89,107718819.0,3.45,28.0,
2024-01-24,932006,中证REITs（收盘）指数,中证REITs（收盘）,CSI REITs (closing) Index,CSI REITs (closing),,,,700.65,-1.83,-0.26,109781392.0,3.52,28.0,
2024-01-25,932006,中证REITs（收盘）指数,中证REITs（收盘）,CSI REITs (closing) Index,CSI REITs (closing),,,,707.79,7.14,1.02,120773173.0,3.91,28.0,
2024-01-26,932006,中证REITs（收盘）指数,中证REITs（收盘）,CSI REITs (closing) Index,CSI REITs (closing),,,,708.78,0.99,0.14,81258178.0,2.68,28.0,
2024-01-29,932006,中证REITs（收盘）指数,中证REITs（收盘）,CSI REITs (closing) Index,CSI REITs (closing),,,,710.13,1.34,0.19,102466974.0,3.52,28.0,
2024-01-30,932006,中证REITs（收盘）指数,中证REITs（收盘）,CSI REITs (closing) Index,CSI REITs (closing),,,,710.5,0.37,0.05,92507483.0,3.13,28.0,
2024-01-31,932006,中证REITs（收盘）指数,中证REITs（收盘）,CSI REITs (closing) Index,CSI REITs (closing),,,,707.99,-2.5,-0.35,91493221.0,3.2,28.0,
2024-02-01,932006,中证REITs（收盘）指数,中证REITs（收盘）,CSI REITs (closing) Index,CSI REITs (closing),,,,708.52,0.53,0.07,97598813.0,3.29,28.0,
2024-02-02,932006,中证REITs（收盘）指数,中证REITs（收盘）,CSI REITs (closing) Index,CSI REITs (closing),,,,708.33,-0.2,-0.03,99246456.0,3.4,28.0,
2024-02-05,932006,中证REITs（收盘）指数,中证REITs（收盘）,CSI REITs (closing) Index,CSI REITs (closing),,,,703.79,-4.54,-0.64,95396640.0,3.14,28.0,
2024-02-06,932006,中证REITs（收盘）指数,中证REITs（收盘）,CSI REITs (closing) Index,CSI REITs (closing),,,,705.45,1.66,0.24,107750171.0,3.94,28.0,
2024-02-07,932006,中证REITs（收盘）指数,中证REITs（收盘）,CSI REITs (closing) Index,CSI REITs (closing),,,,711.31,5.86,0.83,108271752.0,3.81,28.0,
2024-02-08,932006,中证REITs（收盘）指数,中证REITs（收盘）,CSI REITs (closing) Index,CSI REITs (closing),,,,727.08,15.78,2.22,126844234.0,4.53,28.0,
2024-02-19,932006,中证REITs（收盘）指数,中证REITs（收盘）,CSI REITs (closing) Index,CSI REITs (closing),,,,754.94,27.86,3.83,138326932.0,4.61,28.0,
2024-02-20,932006,中证REITs（收盘）指数,中证REITs（收盘）,CSI REITs (closing) Index,CSI REITs (closing),,,,761.07,6.13,0.81,134074684.0,4.91,28.0,
2024-02-21,932006,中证REITs（收盘）指数,中证REITs（收盘）,CSI REITs (closing) Index,CSI REITs (closing),,,,766.36,5.28,0.69,130472717.0,4.41,28.0,
2024-02-22,932006,中证REITs（收盘）指数,中证REITs（收盘）,CSI REITs (closing) Index,CSI REITs (closing),,,,773.23,6.88,0.9,139397039.0,4.68,28.0,
2024-02-23,932006,中证REITs（收盘）指数,中证REITs（收盘）,CSI REITs (closing) Index,CSI REITs (closing),,,,788.09,14.86,1.92,170967052.0,6.01,28.0,
2024-02-26,932006,中证REITs（收盘）指数,中证REITs（收盘）,CSI REITs (closing) Index,CSI REITs (closing),,,,810.93,22.84,2.9,184198123.0,6.8,28.0,
2024-02-27,932006,中证REITs（收盘）指数,中证REITs（收盘）,CSI REITs (closing) Index,CSI REITs (closing),,,,800.91,-10.02,-1.24,169046606.0,6.69,28.0,
2024-02-28,932006,中证REITs（收盘）指数,中证REITs（收盘）,CSI REITs (closing) Index,CSI REITs (closing),,,,789.29,-11.62,-1.45,148563830.0,5.35,28.0,
2024-02-29,932006,中证REITs（收盘）指数,中证REITs（收盘）,CSI REITs (closing) Index,CSI REITs (closing),,,,794.9,5.61,0.71,142486039.0,5.53,28.0,
2024-03-01,932006,中证REITs（收盘）指数,中证REITs（收盘）,CSI REITs (closing) Index,CSI REITs (closing),,,,812.17,17.27,2.17,157852404.0,6.1,28.0,
2024-03-04,932006,中证REITs（收盘）指数,中证REITs（收盘）,CSI REITs (closing) Index,CSI REITs (closing),,,,826.03,13.86,1.71,166571427.0,6.76,28.0,
2024-03-05,932006,中证REITs（收盘）指数,中证REITs（收盘）,CSI REITs (closing) Index,CSI REITs (closing),,,,829.15,3.11,0.38,183822604.0,7.52,28.0,
2024-03-06,932006,中证REITs（收盘）指数,中证REITs（收盘）,CSI REITs (closing) Index,CSI REITs (closing),,,,821.03,-8.12,-0.98,155267311.0,6.19,28.0,
2024-03-07,932006,中证REITs（收盘）指数,中证REITs（收盘）,CSI REITs (closing) Index,CSI REITs (closing),,,,813.6,-7.43,-0.9,144546531.0,5.96,28.0,
2024-03-08,932006,中证REITs（收盘）指数,中证REITs（收盘）,CSI REITs (closing) Index,CSI REITs (closing),,,,811.56,-2.05,-0.25,139718623.0,5.76,28.0,
2024-03-11,932006,中证REITs（收盘）指数,中证REITs（收盘）,CSI REITs (closing) Index,CSI REITs (closing),,,,814.41,2.85,0.35,120971926.0,4.63,28.0,
2024-03-12,932006,中证REITs（收盘）指数,中证REITs（收盘）,CSI REITs (closing) Index,CSI REITs (closing),,,,812.46,-1.95,-0.24,120464715.0,4.66,28.0,
2024-03-13,932006,中证REITs（收盘）指数,中证REITs（收盘）,CSI REITs (closing) Index,CSI REITs (closing),,,,807.14,-5.32,-0.65,116995256.0,4.67,28.0,
2024-03-14,932006,中证REITs（收盘）指数,中证REITs（收盘）,CSI REITs (closing) Index,CSI REITs (closing),,,,804.58,-2.55,-0.32,111579066.0,4.28,28.0,
2024-03-15,932006,中证REITs（收盘）指数,中证REITs（收盘）,CSI REITs (closing) Index,CSI REITs (closing),,,,806.03,1.44,0.18,90819017.0,3.44,28.0,
2024-03-18,932006,中证REITs（收盘）指数,中证REITs（收盘）,CSI REITs (closing) Index,CSI REITs (closing),,,,805.25,-0.78,-0.1,82164356.0,3.09,28.0,
2024-03-19,932006,中证REITs（收盘）指数,中证REITs（收盘）,CSI REITs (closing) Index,CSI REITs (closing),,,,803.81,-1.44,-0.18,81766634.0,2.95,28.0,
2024-03-20,932006,中证REITs（收盘）指数,中证REITs（收盘）,CSI REITs (closing) Index,CSI REITs (closing),,,,799.1,-4.71,-0.59,74624209.0,2.75,28.0,
2024-03-21,932006,中证REITs（收盘）指数,中证REITs（收盘）,CSI REITs (closing) Index,CSI REITs (closing),,,,793.31,-5.79,-0.72,114995528.0,4.0,28.0,
2024-03-22,932006,中证REITs（收盘）指数,中证REITs（收盘）,CSI REITs (closing) Index,CSI REITs (closing),,,,783.55,-9.76,-1.23,117367629.0,4.48,28.0,
2024-03-25,932006,中证REITs（收盘）指数,中证REITs（收盘）,CSI REITs (closing) Index,CSI REITs (closing),,,,780.57,-2.99,-0.38,90551929.0,3.61,28.0,
2024-03-26,932006,中证REITs（收盘）指数,中证REITs（收盘）,CSI REITs (closing) Index,CSI REITs (closing),,,,786.34,5.77,0.74,93164739.0,3.39,28.0,
2024-03-27,932006,中证REITs（收盘）指数,中证REITs（收盘）,CSI REITs (closing) Index,CSI REITs (closing),,,,800.88,14.54,1.85,123999498.0,4.32,28.0,
2024-03-28,932006,中证REITs（收盘）指数,中证REITs（收盘）,CSI REITs (closing) Index,CSI REITs (closing),,,,798.34,-2.54,-0.32,101113665.0,3.6,28.0,
2024-03-29,932006,中证REITs（收盘）指数,中证REITs（收盘）,CSI REITs (closing) Index,CSI REITs (closing),,,,795.83,-2.5,-0.31,102854072.0,3.95,28.0,
2024-04-01,932006,中证REITs（收盘）指数,中证REITs（收盘）,CSI REITs (closing) Index,CSI REITs (closing),,,,797.03,1.2,0.15,97523481.0,3.99,28.0,
2024-04-02,932006,中证REITs（收盘）指数,中证REITs（收盘）,CSI REITs (closing) Index,CSI REITs (closing),,,,796.42,-0.61,-0.08,103543298.0,3.79,28.0,
2024-04-03,932006,中证REITs（收盘）指数,中证REITs（收盘）,CSI REITs (closing) Index,CSI REITs (closing),,,,800.09,3.67,0.46,104892700.0,4.19,28.0,
2024-04-08,932006,中证REITs（收盘）指数,中证REITs（收盘）,CSI REITs (closing) Index,CSI REITs (closing),,,,802.61,2.52,0.32,108596642.0,4.37,28.0,
2024-04-09,932006,中证REITs（收盘）指数,中证REITs（收盘）,CSI REITs (closing) Index,CSI REITs (closing),,,,800.1,-2.51,-0.31,98779107.0,3.9,28.0,
2024-04-10,932006,中证REITs（收盘）指数,中证REITs（收盘）,CSI REITs (closing) Index,CSI REITs (closing),,,,802.4,2.3,0.29,113955109.0,4.52,28.0,
2024-04-11,932006,中证REITs（收盘）指数,中证REITs（收盘）,CSI REITs (closing) Index,CSI REITs (closing),,,,806.3,3.9,0.49,120210719.0,4.83,28.0,
2024-04-12,932006,中证REITs（收盘）指数,中证REITs（收盘）,CSI REITs (closing) Index,CSI REITs (closing),,,,803.36,-2.94,-0.36,117620170.0,4.58,28.0,
2024-04-15,932006,中证REITs（收盘）指数,中证REITs（收盘）,CSI REITs (closing) Index,CSI REITs (closing),,,,798.55,-4.81,-0.6,89707407.0,3.78,28.0,
2024-04-16,932006,中证REITs（收盘）指数,中证REITs（收盘）,CSI REITs (closing) Index,CSI REITs (closing),,,,792.18,-6.36,-0.8,105232920.0,4.25,28.0,
2024-04-17,932006,中证REITs（收盘）指数,中证REITs（收盘）,CSI REITs (closing) Index,CSI REITs (closing),,,,796.7,4.51,0.57,114033479.0,4.69,28.0,
2024-04-18,932006,中证REITs（收盘）指数,中证REITs（收盘）,CSI REITs (closing) Index,CSI REITs (closing),,,,797.8,1.11,0.14,86867371.0,3.78,28.0,
2024-04-19,932006,中证REITs（收盘）指数,中证REITs（收盘）,CSI REITs (closing) Index,CSI REITs (closing),,,,795.84,-1.96,-0.25,68305281.0,2.96,28.0,
2024-04-22,932006,中证REITs（收盘）指数,中证REITs（收盘）,CSI REITs (closing) Index,CSI REITs (closing),,,,800.39,4.55,0.57,104481375.0,4.49,28.0,
2024-04-23,932006,中证REITs（收盘）指数,中证REITs（收盘）,CSI REITs (closing) Index,CSI REITs (closing),,,,801.02,0.63,0.08,111857357.0,4.39,28.0,
2024-04-24,932006,中证REITs（收盘）指数,中证REITs（收盘）,CSI REITs (closing) Index,CSI REITs (closing),,,,802.4,1.38,0.17,96818059.0,4.0,28.0,
2024-04-25,932006,中证REITs（收盘）指数,中证REITs（收盘）,CSI REITs (closing) Index,CSI REITs (closing),,,,808.49,6.1,0.76,93613373.0,3.74,28.0,
2024-04-26,932006,中证REITs（收盘）指数,中证REITs（收盘）,CSI REITs (closing) Index,CSI REITs (closing),,,,811.69,3.2,0.4,119318250.0,4.69,28.0,
2024-04-29,932006,中证REITs（收盘）指数,中证REITs（收盘）,CSI REITs (closing) Index,CSI REITs (closing),,,,806.9,-4.79,-0.59,114531495.0,4.41,28.0,
2024-04-30,932006,中证REITs（收盘）指数,中证REITs（收盘）,CSI REITs (closing) Index,CSI REITs (closing),,,,804.95,-1.94,-0.24,110564581.0,4.21,28.0,
2024-05-06,932006,中证REITs（收盘）指数,中证REITs（收盘）,CSI REITs (closing) Index,CSI REITs (closing),,,,807.06,2.11,0.26,81106054.0,3.25,28.0,
2024-05-07,932006,中证REITs（收盘）指数,中证REITs（收盘）,CSI REITs (closing) Index,CSI REITs (closing),,,,810.56,3.49,0.43,121718742.0,4.4,28.0,
2024-05-08,932006,中证REITs（收盘）指数,中证REITs（收盘）,CSI REITs (closing) Index,CSI REITs (closing),,,,808.47,-2.09,-0.26,94243179.0,3.65,28.0,
2024-05-09,932006,中证REITs（收盘）指数,中证REITs（收盘）,CSI REITs (closing) Index,CSI REITs (closing),,,,809.81,1.34,0.17,100896779.0,3.91,28.0,
2024-05-10,932006,中证REITs（收盘）指数,中证REITs（收盘）,CSI REITs (closing) Index,CSI REITs (closing),,,,809.75,-0.06,-0.01,91763001.0,3.66,28.0,
2024-05-13,932006,中证REITs（收盘）指数,中证REITs（收盘）,CSI REITs (closing) Index,CSI REITs (closing),,,,805.84,-3.9,-0.48,84127939.0,3.53,28.0,
2024-05-14,932006,中证REITs（收盘）指数,中证REITs（收盘）,CSI REITs (closing) Index,CSI REITs (closing),,,,804.34,-1.5,-0.19,85889931.0,3.5,28.0,
2024-05-15,932006,中证REITs（收盘）指数,中证REITs（收盘）,CSI REITs (closing) Index,CSI REITs (closing),,,,801.39,-2.95,-0.37,83313077.0,3.44,28.0,
2024-05-16,932006,中证REITs（收盘）指数,中证REITs（收盘）,CSI REITs (closing) Index,CSI REITs (closing),,,,802.49,1.1,0.14,85672954.0,3.75,28.0,
2024-05-17,932006,中证REITs（收盘）指数,中证REITs（收盘）,CSI REITs (closing) Index,CSI REITs (closing),,,,803.48,0.99,0.12,65661076.0,2.82,28.0,
2024-05-20,932006,中证REITs（收盘）指数,中证REITs（收盘）,CSI REITs (closing) Index,CSI REITs (closing),,,,800.68,-2.8,-0.35,83699437.0,3.57,28.0,
2024-05-21,932006,中证REITs（收盘）指数,中证REITs（收盘）,CSI REITs (closing) Index,CSI REITs (closing),,,,797.68,-3.0,-0.37,90850192.0,3.73,28.0,
2024-05-22,932006,中证REITs（收盘）指数,中证REITs（收盘）,CSI REITs (closing) Index,CSI REITs (closing),,,,795.17,-2.5,-0.31,104610700.0,4.06,28.0,
2024-05-23,932006,中证REITs（收盘）指数,中证REITs（收盘）,CSI REITs (closing) Index,CSI REITs (closing),,,,793.64,-1.53,-0.19,89798878.0,3.5,28.0,
2024-05-24,932006,中证REITs（收盘）指数,中证REITs（收盘）,CSI REITs (closing) Index,CSI REITs (closing),,,,798.99,5.35,0.67,69216037.0,2.99,28.0,
2024-05-27,932006,中证REITs（收盘）指数,中证REITs（收盘）,CSI REITs (closing) Index,CSI REITs (closing),,,,800.06,1.08,0.13,60619206.0,2.6,28.0,
2024-05-28,932006,中证REITs（收盘）指数,中证REITs（收盘）,CSI REITs (closing) Index,CSI REITs (closing),,,,798.66,-1.4,-0.18,78480318.0,3.41,28.0,
2024-05-29,932006,中证REITs（收盘）指数,中证REITs（收盘）,CSI REITs (closing) Index,CSI REITs (closing),,,,798.13,-0.53,-0.07,96480785.0,3.96,28.0,
2024-05-30,932006,中证REITs（收盘）指数,中证REITs（收盘）,CSI REITs (closing) Index,CSI REITs (closing),,,,795.58,-2.55,-0.32,92543127.0,3.68,28.0,
2024-05-31,932006,中证REITs（收盘）指数,中证REITs（收盘）,CSI REITs (closing) Index,CSI REITs (closing),,,,795.42,-0.16,-0.02,78498381.0,3.44,28.0,
2024-06-03,932006,中证REITs（收盘）指数,中证REITs（收盘）,CSI REITs (closing) Index,CSI REITs (closing),,,,794.83,-0.59,-0.07,80923300.0,3.55,28.0,
2024-06-04,932006,中证REITs（收盘）指数,中证REITs（收盘）,CSI REITs (closing) Index,CSI REITs (closing),,,,794.16,-0.67,-0.08,98875846.0,4.03,28.0,
2024-06-05,932006,中证REITs（收盘）指数,中证REITs（收盘）,CSI REITs (closing) Index,CSI REITs (closing),,,,796.75,2.59,0.33,91841399.0,3.51,28.0,
2024-06-06,932006,中证REITs（收盘）指数,中证REITs（收盘）,CSI REITs (closing) Index,CSI REITs (closing),,,,798.07,1.32,0.17,94955207.0,4.13,28.0,
2024-06-07,932006,中证REITs（收盘）指数,中证REITs（收盘）,CSI REITs (closing) Index,CSI REITs (closing),,,,797.72,-0.35,-0.04,68096325.0,2.83,28.0,
2024-06-11,932006,中证REITs（收盘）指数,中证REITs（收盘）,CSI REITs (closing) Index,CSI REITs (closing),,,,794.86,-2.86,-0.36,82585372.0,3.05,28.0,
2024-06-12,932006,中证REITs（收盘）指数,中证REITs（收盘）,CSI REITs (closing) Index,CSI REITs (closing),,,,793.28,-1.58,-0.2,70583772.0,2.89,28.0,
2024-06-13,932006,中证REITs（收盘）指数,中证REITs（收盘）,CSI REITs (closing) Index,CSI REITs (closing),,,,795.8,2.52,0.32,73690364.0,3.07,28.0,
2024-06-14,932006,中证REITs（收盘）指数,中证REITs（收盘）,CSI REITs (closing) Index,CSI REITs (closing),,,,796.64,0.84,0.11,83212834.0,3.29,28.0,
2024-06-17,932006,中证REITs（收盘）指数,中证REITs（收盘）,CSI REITs (closing) Index,CSI REITs (closing),,,,793.86,-2.78,-0.35,69203392.0,2.89,30.0,
2024-06-18,932006,中证REITs（收盘）指数,中证REITs（收盘）,CSI REITs (closing) Index,CSI REITs (closing),,,,793.4,-0.46,-0.06,72270937.0,3.13,30.0,
2024-06-19,932006,中证REITs（收盘）指数,中证REITs（收盘）,CSI REITs (closing) Index,CSI REITs (closing),,,,793.28,-0.12,-0.02,78157322.0,3.22,30.0,
2024-06-20,932006,中证REITs（收盘）指数,中证REITs（收盘）,CSI REITs (closing) Index,CSI REITs (closing),,,,791.18,-2.1,-0.27,72033872.0,2.92,30.0,
2024-06-21,932006,中证REITs（收盘）指数,中证REITs（收盘）,CSI REITs (closing) Index,CSI REITs (closing),,,,793.56,2.39,0.3,68500392.0,2.83,30.0,
2024-06-24,932006,中证REITs（收盘）指数,中证REITs（收盘）,CSI REITs (closing) Index,CSI REITs (closing),,,,795.21,1.65,0.21,79932102.0,3.19,30.0,
2024-06-25,932006,中证REITs（收盘）指数,中证REITs（收盘）,CSI REITs (closing) Index,CSI REITs (closing),,,,793.05,-2.17,-0.27,84705490.0,3.29,30.0,
2024-06-26,932006,中证REITs（收盘）指数,中证REITs（收盘）,CSI REITs (closing) Index,CSI REITs (closing),,,,792.96,-0.08,-0.01,78160982.0,3.17,30.0,
2024-06-27,932006,中证REITs（收盘）指数,中证REITs（收盘）,CSI REITs (closing) Index,CSI REITs (closing),,,,797.97,5.01,0.63,89324793.0,3.34,30.0,
2024-06-28,932006,中证REITs（收盘）指数,中证REITs（收盘）,CSI REITs (closing) Index,CSI REITs (closing),,,,791.6,-6.37,-0.8,106977547.0,4.19,30.0,
2024-07-01,932006,中证REITs（收盘）指数,中证REITs（收盘）,CSI REITs (closing) Index,CSI REITs (closing),,,,787.72,-3.88,-0.49,82645510.0,3.39,30.0,
2024-07-02,932006,中证REITs（收盘）指数,中证REITs（收盘）,CSI REITs (closing) Index,CSI REITs (closing),,,,789.79,2.07,0.26,83506273.0,3.6,30.0,
2024-07-03,932006,中证REITs（收盘）指数,中证REITs（收盘）,CSI REITs (closing) Index,CSI REITs (closing),,,,790.08,0.29,0.04,70354905.0,3.07,30.0,
2024-07-04,932006,中证REITs（收盘）指数,中证REITs（收盘）,CSI REITs (closing) Index,CSI REITs (closing),,,,788.79,-1.29,-0.16,73413734.0,3.25,30.0,
2024-07-05,932006,中证REITs（收盘）指数,中证REITs（收盘）,CSI REITs (closing) Index,CSI REITs (closing),,,,787.71,-1.08,-0.14,75822523.0,3.35,30.0,
2024-07-08,932006,中证REITs（收盘）指数,中证REITs（收盘）,CSI REITs (closing) Index,CSI REITs (closing),,,,785.75,-1.96,-0.25,78616006.0,3.27,30.0,
2024-07-09,932006,中证REITs（收盘）指数,中证REITs（收盘）,CSI REITs (closing) Index,CSI REITs (closing),,,,783.98,-1.77,-0.22,80199583.0,3.19,30.0,
2024-07-10,932006,中证REITs（收盘）指数,中证REITs（收盘）,CSI REITs (closing) Index,CSI REITs (closing),,,,784.98,1.0,0.13,85732203.0,3.29,30.0,
2024-07-11,932006,中证REITs（收盘）指数,中证REITs（收盘）,CSI REITs (closing) Index,CSI REITs (closing),,,,784.14,-0.85,-0.11,107400251.0,3.89,30.0,
2024-07-12,932006,中证REITs（收盘）指数,中证REITs（收盘）,CSI REITs (closing) Index,CSI REITs (closing),,,,785.73,1.6,0.2,83567009.0,3.15,30.0,
2024-07-15,932006,中证REITs（收盘）指数,中证REITs（收盘）,CSI REITs (closing) Index,CSI REITs (closing),,,,789.88,4.15,0.53,85893551.0,3.29,30.0,
2024-07-16,932006,中证REITs（收盘）指数,中证REITs（收盘）,CSI REITs (closing) Index,CSI REITs (closing),,,,790.11,0.23,0.03,100908825.0,3.81,30.0,
2024-07-17,932006,中证REITs（收盘）指数,中证REITs（收盘）,CSI REITs (closing) Index,CSI REITs (closing),,,,790.12,0.0,0.0,78094789.0,3.23,30.0,
2024-07-18,932006,中证REITs（收盘）指数,中证REITs（收盘）,CSI REITs (closing) Index,CSI REITs (closing),,,,789.13,-0.98,-0.12,78845566.0,3.14,30.0,
2024-07-19,932006,中证REITs（收盘）指数,中证REITs（收盘）,CSI REITs (closing) Index,CSI REITs (closing),,,,790.57,1.44,0.18,92275374.0,3.56,30.0,
2024-07-22,932006,中证REITs（收盘）指数,中证REITs（收盘）,CSI REITs (closing) Index,CSI REITs (closing),,,,789.05,-1.52,-0.19,97712893.0,3.75,30.0,
2024-07-23,932006,中证REITs（收盘）指数,中证REITs（收盘）,CSI REITs (closing) Index,CSI REITs (closing),,,,787.61,-1.44,-0.18,82639166.0,3.38,30.0,
2024-07-24,932006,中证REITs（收盘）指数,中证REITs（收盘）,CSI REITs (closing) Index,CSI REITs (closing),,,,785.53,-2.08,-0.26,77504525.0,2.92,30.0,
2024-07-25,932006,中证REITs（收盘）指数,中证REITs（收盘）,CSI REITs (closing) Index,CSI REITs (closing),,,,784.7,-0.83,-0.11,57668886.0,2.35,30.0,
2024-07-26,932006,中证REITs（收盘）指数,中证REITs（收盘）,CSI REITs (closing) Index,CSI REITs (closing),,,,789.1,4.4,0.56,87955914.0,3.31,30.0,
2024-07-29,932006,中证REITs（收盘）指数,中证REITs（收盘）,CSI REITs (closing) Index,CSI REITs (closing),,,,789.4,0.31,0.04,79596344.0,2.92,30.0,
2024-07-30,932006,中证REITs（收盘）指数,中证REITs（收盘）,CSI REITs (closing) Index,CSI REITs (closing),,,,792.27,2.86,0.36,100709706.0,3.82,30.0,
2024-07-31,932006,中证REITs（收盘）指数,中证REITs（收盘）,CSI REITs (closing) Index,CSI REITs (closing),,,,792.52,0.25,0.03,81928350.0,3.06,30.0,
2024-08-01,932006,中证REITs（收盘）指数,中证REITs（收盘）,CSI REITs (closing) Index,CSI REITs (closing),,,,793.57,1.05,0.13,85584999.0,3.28,30.0,
2024-08-02,932006,中证REITs（收盘）指数,中证REITs（收盘）,CSI REITs (closing) Index,CSI REITs (closing),,,,795.6,2.03,0.26,82464197.0,3.08,30.0,
2024-08-05,932006,中证REITs（收盘）指数,中证REITs（收盘）,CSI REITs (closing) Index,CSI REITs (closing),,,,800.91,5.32,0.67,103288910.0,3.83,30.0,
2024-08-06,932006,中证REITs（收盘）指数,中证REITs（收盘）,CSI REITs (closing) Index,CSI REITs (closing),,,,806.81,5.9,0.74,121384339.0,4.39,30.0,
2024-08-07,932006,中证REITs（收盘）指数,中证REITs（收盘）,CSI REITs (closing) Index,CSI REITs (closing),,,,817.51,10.7,1.33,121387010.0,4.92,30.0,
2024-08-08,932006,中证REITs（收盘）指数,中证REITs（收盘）,CSI REITs (closing) Index,CSI REITs (closing),,,,814.35,-3.16,-0.39,115472490.0,4.6,30.0,
2024-08-09,932006,中证REITs（收盘）指数,中证REITs（收盘）,CSI REITs (closing) Index,CSI REITs (closing),,,,815.68,1.33,0.16,104969806.0,4.02,30.0,
2024-08-12,932006,中证REITs（收盘）指数,中证REITs（收盘）,CSI REITs (closing) Index,CSI REITs (closing),,,,814.71,-0.97,-0.12,92329799.0,3.56,30.0,
2024-08-13,932006,中证REITs（收盘）指数,中证REITs（收盘）,CSI REITs (closing) Index,CSI REITs (closing),,,,813.38,-1.33,-0.16,77947754.0,3.2,30.0,
2024-08-14,932006,中证REITs（收盘）指数,中证REITs（收盘）,CSI REITs (closing) Index,CSI REITs (closing),,,,816.17,2.79,0.34,97484467.0,3.77,30.0,
2024-08-15,932006,中证REITs（收盘）指数,中证REITs（收盘）,CSI REITs (closing) Index,CSI REITs (closing),,,,816.33,0.16,0.02,100300836.0,3.99,30.0,
2024-08-16,932006,中证REITs（收盘）指数,中证REITs（收盘）,CSI REITs (closing) Index,CSI REITs (closing),,,,813.76,-2.57,-0.31,83738703.0,3.33,30.0,
2024-08-19,932006,中证REITs（收盘）指数,中证REITs（收盘）,CSI REITs (closing) Index,CSI REITs (closing),,,,811.14,-2.62,-0.32,78201340.0,3.0,30.0,
2024-08-20,932006,中证REITs（收盘）指数,中证REITs（收盘）,CSI REITs (closing) Index,CSI REITs (closing),,,,807.31,-3.83,-0.47,75737895.0,3.12,30.0,
2024-08-21,932006,中证REITs（收盘）指数,中证REITs（收盘）,CSI REITs (closing) Index,CSI REITs (closing),,,,804.79,-2.52,-0.31,99725293.0,3.86,30.0,
2024-08-22,932006,中证REITs（收盘）指数,中证REITs（收盘）,CSI REITs (closing) Index,CSI REITs (closing),,,,804.65,-0.14,-0.02,92096449.0,3.54,30.0,
2024-08-23,932006,中证REITs（收盘）指数,中证REITs（收盘）,CSI REITs (closing) Index,CSI REITs (closing),,,,803.83,-0.81,-0.1,86249715.0,3.29,30.0,
2024-08-26,932006,中证REITs（收盘）指数,中证REITs（收盘）,CSI REITs (closing) Index,CSI REITs (closing),,,,801.07,-2.76,-0.34,78902799.0,3.1,30.0,
2024-08-27,932006,中证REITs（收盘）指数,中证REITs（收盘）,CSI REITs (closing) Index,CSI REITs (closing),,,,799.1,-1.98,-0.25,75687737.0,2.95,30.0,
2024-08-28,932006,中证REITs（收盘）指数,中证REITs（收盘）,CSI REITs (closing) Index,CSI REITs (closing),,,,801.4,2.3,0.29,87565612.0,3.46,30.0,
2024-08-29,932006,中证REITs（收盘）指数,中证REITs（收盘）,CSI REITs (closing) Index,CSI REITs (closing),,,,797.96,-3.44,-0.43,94315270.0,3.88,30.0,
2024-08-30,932006,中证REITs（收盘）指数,中证REITs（收盘）,CSI REITs (closing) Index,CSI REITs (closing),,,,798.52,0.56,0.07,86858728.0,3.45,30.0,
2024-09-02,932006,中证REITs（收盘）指数,中证REITs（收盘）,CSI REITs (closing) Index,CSI REITs (closing),,,,798.92,0.4,0.05,74226182.0,2.99,30.0,
2024-09-03,932006,中证REITs（收盘）指数,中证REITs（收盘）,CSI REITs (closing) Index,CSI REITs (closing),,,,795.01,-3.9,-0.49,74411810.0,2.9,30.0,
2024-09-04,932006,中证REITs（收盘）指数,中证REITs（收盘）,CSI REITs (closing) Index,CSI REITs (closing),,,,791.82,-3.19,-0.4,75039392.0,2.82,30.0,
2024-09-05,932006,中证REITs（收盘）指数,中证REITs（收盘）,CSI REITs (closing) Index,CSI REITs (closing),,,,795.4,3.58,0.45,75504498.0,3.17,30.0,
2024-09-06,932006,中证REITs（收盘）指数,中证REITs（收盘）,CSI REITs (closing) Index,CSI REITs (closing),,,,794.93,-0.48,-0.06,69412079.0,2.83,30.0,
2024-09-09,932006,中证REITs（收盘）指数,中证REITs（收盘）,CSI REITs (closing) Index,CSI REITs (closing),,,,792.43,-2.5,-0.31,62099496.0,2.58,30.0,
2024-09-10,932006,中证REITs（收盘）指数,中证REITs（收盘）,CSI REITs (closing) Index,CSI REITs (closing),,,,789.45,-2.98,-0.38,65939308.0,2.6,30.0,
2024-09-11,932006,中证REITs（收盘）指数,中证REITs（收盘）,CSI REITs (closing) Index,CSI REITs (closing),,,,787.18,-2.27,-0.29,64901286.0,2.67,30.0,
2024-09-12,932006,中证REITs（收盘）指数,中证REITs（收盘）,CSI REITs (closing) Index,CSI REITs (closing),,,,785.02,-2.16,-0.27,56372015.0,2.46,30.0,
2024-09-13,932006,中证REITs（收盘）指数,中证REITs（收盘）,CSI REITs (closing) Index,CSI REITs (closing),,,,785.01,-0.01,0.0,62733441.0,2.51,30.0,
2024-09-18,932006,中证REITs（收盘）指数,中证REITs（收盘）,CSI REITs (closing) Index,CSI REITs (closing),,,,782.38,-2.63,-0.33,57362442.0,2.42,33.0,
2024-09-19,932006,中证REITs（收盘）指数,中证REITs（收盘）,CSI REITs (closing) Index,CSI REITs (closing),,,,779.53,-2.85,-0.36,85755233.0,3.64,33.0,
2024-09-20,932006,中证REITs（收盘）指数,中证REITs（收盘）,CSI REITs (closing) Index,CSI REITs (closing),,,,780.78,1.25,0.16,66637865.0,2.85,33.0,
2024-09-23,932006,中证REITs（收盘）指数,中证REITs（收盘）,CSI REITs (closing) Index,CSI REITs (closing),,,,778.5,-2.28,-0.29,63103631.0,2.85,33.0,
2024-09-24,932006,中证REITs（收盘）指数,中证REITs（收盘）,CSI REITs (closing) Index,CSI REITs (closing),,,,782.78,4.28,0.55,59630659.0,2.7,33.0,
2024-09-25,932006,中证REITs（收盘）指数,中证REITs（收盘）,CSI REITs (closing) Index,CSI REITs (closing),,,,787.95,5.17,0.66,81868861.0,3.48,33.0,
2024-09-26,932006,中证REITs（收盘）指数,中证REITs（收盘）,CSI REITs (closing) Index,CSI REITs (closing),,,,789.86,1.9,0.24,81130537.0,3.34,33.0,
2024-09-27,932006,中证REITs（收盘）指数,中证REITs（收盘）,CSI REITs (closing) Index,CSI REITs (closing),,,,787.87,-1.98,-0.25,35649249.0,1.41,33.0,
2024-09-30,932006,中证REITs（收盘）指数,中证REITs（收盘）,CSI REITs (closing) Index,CSI REITs (closing),,,,784.38,-3.5,-0.44,99125259.0,4.08,33.0,
2024-10-08,932006,中证REITs（收盘）指数,中证REITs（收盘）,CSI REITs (closing) Index,CSI REITs (closing),,,,787.97,3.59,0.46,113526083.0,4.84,33.0,
2024-10-09,932006,中证REITs（收盘）指数,中证REITs（收盘）,CSI REITs (closing) Index,CSI REITs (closing),,,,781.95,-6.01,-0.76,104390625.0,4.26,33.0,
2024-10-10,932006,中证REITs（收盘）指数,中证REITs（收盘）,CSI REITs (closing) Index,CSI REITs (closing),,,,781.65,-0.31,-0.04,95371193.0,3.96,33.0,
2024-10-11,932006,中证REITs（收盘）指数,中证REITs（收盘）,CSI REITs (closing) Index,CSI REITs (closing),,,,786.03,4.39,0.56,85926009.0,3.63,33.0,
2024-10-14,932006,中证REITs（收盘）指数,中证REITs（收盘）,CSI REITs (closing) Index,CSI REITs (closing),,,,784.49,-1.55,-0.2,89590165.0,3.78,33.0,
2024-10-15,932006,中证REITs（收盘）指数,中证REITs（收盘）,CSI REITs (closing) Index,CSI REITs (closing),,,,782.57,-1.91,-0.24,85523823.0,3.57,33.0,
2024-10-16,932006,中证REITs（收盘）指数,中证REITs（收盘）,CSI REITs (closing) Index,CSI REITs (closing),,,,781.5,-1.07,-0.14,84511146.0,3.54,33.0,
2024-10-17,932006,中证REITs（收盘）指数,中证REITs（收盘）,CSI REITs (closing) Index,CSI REITs (closing),,,,780.91,-0.59,-0.08,83849723.0,3.49,33.0,
2024-10-18,932006,中证REITs（收盘）指数,中证REITs（收盘）,CSI REITs (closing) Index,CSI REITs (closing),,,,781.73,0.82,0.1,78313571.0,3.36,33.0,
2024-10-21,932006,中证REITs（收盘）指数,中证REITs（收盘）,CSI REITs (closing) Index,CSI REITs (closing),,,,779.91,-1.82,-0.23,79394070.0,3.29,33.0,
2024-10-22,932006,中证REITs（收盘）指数,中证REITs（收盘）,CSI REITs (closing) Index,CSI REITs (closing),,,,780.11,0.2,0.03,81169245.0,3.5,33.0,
2024-10-23,932006,中证REITs（收盘）指数,中证REITs（收盘）,CSI REITs (closing) Index,CSI REITs (closing),,,,778.86,-1.26,-0.16,85874290.0,3.7,33.0,
2024-10-24,932006,中证REITs（收盘）指数,中证REITs（收盘）,CSI REITs (closing) Index,CSI REITs (closing),,,,776.32,-2.53,-0.33,77406303.0,3.38,33.0,
2024-10-25,932006,中证REITs（收盘）指数,中证REITs（收盘）,CSI REITs (closing) Index,CSI REITs (closing),,,,777.04,0.71,0.09,79466209.0,3.33,33.0,
2024-10-28,932006,中证REITs（收盘）指数,中证REITs（收盘）,CSI REITs (closing) Index,CSI REITs (closing),,,,777.8,0.76,0.1,78475212.0,3.33,33.0,
2024-10-29,932006,中证REITs（收盘）指数,中证REITs（收盘）,CSI REITs (closing) Index,CSI REITs (closing),,,,777.63,-0.17,-0.02,88088543.0,3.57,33.0,
2024-10-30,932006,中证REITs（收盘）指数,中证REITs（收盘）,CSI REITs (closing) Index,CSI REITs (closing),,,,774.73,-2.9,-0.37,93596741.0,3.74,33.0,
2024-10-31,932006,中证REITs（收盘）指数,中证REITs（收盘）,CSI REITs (closing) Index,CSI REITs (closing),,,,773.74,-0.99,-0.13,85816930.0,3.53,33.0,
2024-11-01,932006,中证REITs（收盘）指数,中证REITs（收盘）,CSI REITs (closing) Index,CSI REITs (closing),,,,772.52,-1.23,-0.16,72361824.0,2.96,33.0,
2024-11-04,932006,中证REITs（收盘）指数,中证REITs（收盘）,CSI REITs (closing) Index,CSI REITs (closing),,,,771.97,-0.55,-0.07,57400097.0,2.18,33.0,
2024-11-05,932006,中证REITs（收盘）指数,中证REITs（收盘）,CSI REITs (closing) Index,CSI REITs (closing),,,,771.86,-0.11,-0.01,74907378.0,3.04,33.0,
2024-11-06,932006,中证REITs（收盘）指数,中证REITs（收盘）,CSI REITs (closing) Index,CSI REITs (closing),,,,771.61,-0.25,-0.03,72123284.0,2.99,33.0,
2024-11-07,932006,中证REITs（收盘）指数,中证REITs（收盘）,CSI REITs (closing) Index,CSI REITs (closing),,,,771.68,0.07,0.01,77897797.0,3.17,33.0,
2024-11-08,932006,中证REITs（收盘）指数,中证REITs（收盘）,CSI REITs (closing) Index,CSI REITs (closing),,,,772.45,0.77,0.1,84320695.0,3.31,33.0,
2024-11-11,932006,中证REITs（收盘）指数,中证REITs（收盘）,CSI REITs (closing) Index,CSI REITs (closing),,,,776.58,4.13,0.53,76636433.0,3.13,33.0,
2024-11-12,932006,中证REITs（收盘）指数,中证REITs（收盘）,CSI REITs (closing) Index,CSI REITs (closing),,,,779.19,2.61,0.34,109095332.0,4.26,33.0,
2024-11-13,932006,中证REITs（收盘）指数,中证REITs（收盘）,CSI REITs (closing) Index,CSI REITs (closing),,,,778.47,-0.72,-0.09,96590370.0,3.94,33.0,
2024-11-14,932006,中证REITs（收盘）指数,中证REITs（收盘）,CSI REITs (closing) Index,CSI REITs (closing),,,,775.43,-3.03,-0.39,127967223.0,5.5,33.0,
2024-11-15,932006,中证REITs（收盘）指数,中证REITs（收盘）,CSI REITs (closing) Index,CSI REITs (closing),,,,773.99,-1.44,-0.19,113219648.0,5.06,33.0,
2024-11-18,932006,中证REITs（收盘）指数,中证REITs（收盘）,CSI REITs (closing) Index,CSI REITs (closing),,,,772.32,-1.67,-0.22,122736481.0,4.45,33.0,
2024-11-19,932006,中证REITs（收盘）指数,中证REITs（收盘）,CSI REITs (closing) Index,CSI REITs (closing),,,,770.89,-1.43,-0.18,148528884.0,6.15,33.0,
2024-11-20,932006,中证REITs（收盘）指数,中证REITs（收盘）,CSI REITs (closing) Index,CSI REITs (closing),,,,770.43,-0.46,-0.06,106285585.0,4.02,33.0,
2024-11-21,932006,中证REITs（收盘）指数,中证REITs（收盘）,CSI REITs (closing) Index,CSI REITs (closing),,,,770.41,-0.02,0.0,83344838.0,3.24,33.0,
2024-11-22,932006,中证REITs（收盘）指数,中证REITs（收盘）,CSI REITs (closing) Index,CSI REITs (closing),,,,769.08,-1.33,-0.17,81269493.0,3.33,33.0,
2024-11-25,932006,中证REITs（收盘）指数,中证REITs（收盘）,CSI REITs (closing) Index,CSI REITs (closing),,,,768.13,-0.96,-0.12,66815410.0,2.87,33.0,
2024-11-26,932006,中证REITs（收盘）指数,中证REITs（收盘）,CSI REITs (closing) Index,CSI REITs (closing),,,,767.22,-0.91,-0.12,70779359.0,2.98,33.0,
2024-11-27,932006,中证REITs（收盘）指数,中证REITs（收盘）,CSI REITs (closing) Index,CSI REITs (closing),,,,766.27,-0.95,-0.12,76031493.0,2.97,33.0,
2024-11-28,932006,中证REITs（收盘）指数,中证REITs（收盘）,CSI REITs (closing) Index,CSI REITs (closing),,,,766.16,-0.11,-0.01,72307397.0,2.89,33.0,
2024-11-29,932006,中证REITs（收盘）指数,中证REITs（收盘）,CSI REITs (closing) Index,CSI REITs (closing),,,,765.67,-0.49,-0.06,73765931.0,3.04,33.0,
2024-12-02,932006,中证REITs（收盘）指数,中证REITs（收盘）,CSI REITs (closing) Index,CSI REITs (closing),,,,764.98,-0.69,-0.09,76563654.0,3.1,33.0,
2024-12-03,932006,中证REITs（收盘）指数,中证REITs（收盘）,CSI REITs (closing) Index,CSI REITs (closing),,,,765.47,0.49,0.06,73575136.0,2.93,33.0,
2024-12-04,932006,中证REITs（收盘）指数,中证REITs（收盘）,CSI REITs (closing) Index,CSI REITs (closing),,,,764.92,-0.55,-0.07,67675720.0,2.68,33.0,
2024-12-05,932006,中证REITs（收盘）指数,中证REITs（收盘）,CSI REITs (closing) Index,CSI REITs (closing),,,,763.28,-1.64,-0.21,87092707.0,3.52,33.0,
2024-12-06,932006,中证REITs（收盘）指数,中证REITs（收盘）,CSI REITs (closing) Index,CSI REITs (closing),,,,762.76,-0.52,-0.07,108984070.0,4.1,33.0,
2024-12-09,932006,中证REITs（收盘）指数,中证REITs（收盘）,CSI REITs (closing) Index,CSI REITs (closing),,,,762.04,-0.72,-0.09,105064956.0,3.56,33.0,
2024-12-10,932006,中证REITs（收盘）指数,中证REITs（收盘）,CSI REITs (closing) Index,CSI REITs (closing),,,,768.2,6.16,0.81,139185246.0,5.38,33.0,
2024-12-11,932006,中证REITs（收盘）指数,中证REITs（收盘）,CSI REITs (closing) Index,CSI REITs (closing),,,,777.93,9.73,1.27,131049083.0,4.99,33.0,
2024-12-12,932006,中证REITs（收盘）指数,中证REITs（收盘）,CSI REITs (closing) Index,CSI REITs (closing),,,,782.08,4.15,0.53,165156212.0,6.02,33.0,
2024-12-13,932006,中证REITs（收盘）指数,中证REITs（收盘）,CSI REITs (closing) Index,CSI REITs (closing),,,,781.69,-0.38,-0.05,116807260.0,4.3,33.0,
2024-12-16,932006,中证REITs（收盘）指数,中证REITs（收盘）,CSI REITs (closing) Index,CSI REITs (closing),,,,785.07,3.38,0.43,104944082.0,3.89,34.0,
2024-12-17,932006,中证REITs（收盘）指数,中证REITs（收盘）,CSI REITs (closing) Index,CSI REITs (closing),,,,783.45,-1.61,-0.21,107201258.0,4.22,34.0,
2024-12-18,932006,中证REITs（收盘）指数,中证REITs（收盘）,CSI REITs (closing) Index,CSI REITs (closing),,,,778.54,-4.91,-0.63,103494503.0,3.99,34.0,
2024-12-19,932006,中证REITs（收盘）指数,中证REITs（收盘）,CSI REITs (closing) Index,CSI REITs (closing),,,,773.71,-4.83,-0.62,111634717.0,3.78,34.0,
2024-12-20,932006,中证REITs（收盘）指数,中证REITs（收盘）,CSI REITs (closing) Index,CSI REITs (closing),,,,775.64,1.93,0.25,115955564.0,4.34,34.0,
2024-12-23,932006,中证REITs（收盘）指数,中证REITs（收盘）,CSI REITs (closing) Index,CSI REITs (closing),,,,777.96,2.32,0.3,99329672.0,3.82,34.0,
2024-12-24,932006,中证REITs（收盘）指数,中证REITs（收盘）,CSI REITs (closing) Index,CSI REITs (closing),,,,778.16,0.2,0.03,99272496.0,3.88,34.0,
2024-12-25,932006,中证REITs（收盘）指数,中证REITs（收盘）,CSI REITs (closing) Index,CSI REITs (closing),,,,779.68,1.52,0.2,97917584.0,4.07,34.0,
2024-12-26,932006,中证REITs（收盘）指数,中证REITs（收盘）,CSI REITs (closing) Index,CSI REITs (closing),,,,780.46,0.78,0.1,107265848.0,4.15,34.0,
2024-12-27,932006,中证REITs（收盘）指数,中证REITs（收盘）,CSI REITs (closing) Index,CSI REITs (closing),,,,786.2,5.74,0.74,134647685.0,4.75,34.0,
2024-12-30,932006,中证REITs（收盘）指数,中证REITs（收盘）,CSI REITs (closing) Index,CSI REITs (closing),,,,790.17,3.97,0.5,132749893.0,4.91,34.0,
2024-12-31,932006,中证REITs（收盘）指数,中证REITs（收盘）,CSI REITs (closing) Index,CSI REITs (closing),,,,789.58,-0.59,-0.08,133871117.0,5.06,34.0,
2025-01-02,932006,中证REITs（收盘）指数,中证REITs（收盘）,CSI REITs (closing) Index,CSI REITs (closing),,,,794.11,4.54,0.57,136447550.0,5.03,34.0,
2025-01-03,932006,中证REITs（收盘）指数,中证REITs（收盘）,CSI REITs (closing) Index,CSI REITs (closing),,,,804.73,10.61,1.34,192319284.0,7.7,34.0,
2025-01-06,932006,中证REITs（收盘）指数,中证REITs（收盘）,CSI REITs (closing) Index,CSI REITs (closing),,,,807.84,3.11,0.39,170074216.0,7.16,34.0,
2025-01-07,932006,中证REITs（收盘）指数,中证REITs（收盘）,CSI REITs (closing) Index,CSI REITs (closing),,,,800.44,-7.4,-0.92,111435990.0,4.49,34.0,
2025-01-08,932006,中证REITs（收盘）指数,中证REITs（收盘）,CSI REITs (closing) Index,CSI REITs (closing),,,,808.53,8.09,1.01,142524955.0,5.69,34.0,
2025-01-09,932006,中证REITs（收盘）指数,中证REITs（收盘）,CSI REITs (closing) Index,CSI REITs (closing),,,,816.53,8.0,0.99,146111753.0,5.71,34.0,
2025-01-10,932006,中证REITs（收盘）指数,中证REITs（收盘）,CSI REITs (closing) Index,CSI REITs (closing),,,,819.46,2.93,0.36,139435134.0,5.17,34.0,
2025-01-13,932006,中证REITs（收盘）指数,中证REITs（收盘）,CSI REITs (closing) Index,CSI REITs (closing),,,,815.42,-4.04,-0.49,115633572.0,4.62,34.0,
2025-01-14,932006,中证REITs（收盘）指数,中证REITs（收盘）,CSI REITs (closing) Index,CSI REITs (closing),,,,807.81,-7.6,-0.93,118322761.0,4.78,34.0,
2025-01-15,932006,中证REITs（收盘）指数,中证REITs（收盘）,CSI REITs (closing) Index,CSI REITs (closing),,,,814.69,6.88,0.85,125419234.0,5.4,34.0,
2025-01-16,932006,中证REITs（收盘）指数,中证REITs（收盘）,CSI REITs (closing) Index,CSI REITs (closing),,,,813.07,-1.62,-0.2,146486538.0,6.1,34.0,
2025-01-17,932006,中证REITs（收盘）指数,中证REITs（收盘）,CSI REITs (closing) Index,CSI REITs (closing),,,,812.84,-0.23,-0.03,135648581.0,5.07,34.0,
2025-01-20,932006,中证REITs（收盘）指数,中证REITs（收盘）,CSI REITs (closing) Index,CSI REITs (closing),,,,813.9,1.06,0.13,97160893.0,4.07,34.0,
2025-01-21,932006,中证REITs（收盘）指数,中证REITs（收盘）,CSI REITs (closing) Index,CSI REITs (closing),,,,814.95,1.05,0.13,147686863.0,5.94,34.0,
2025-01-22,932006,中证REITs（收盘）指数,中证REITs（收盘）,CSI REITs (closing) Index,CSI REITs (closing),,,,824.64,9.69,1.19,148906331.0,6.07,34.0,
2025-01-23,932006,中证REITs（收盘）指数,中证REITs（收盘）,CSI REITs (closing) Index,CSI REITs (closing),,,,827.83,3.19,0.39,136371008.0,5.16,34.0,
2025-01-24,932006,中证REITs（收盘）指数,中证REITs（收盘）,CSI REITs (closing) Index,CSI REITs (closing),,,,829.85,2.02,0.24,99404982.0,4.32,34.0,
2025-01-27,932006,中证REITs（收盘）指数,中证REITs（收盘）,CSI REITs (closing) Index,CSI REITs (closing),,,,835.87,6.02,0.73,69234486.0,2.81,34.0,
2025-02-05,932006,中证REITs（收盘）指数,中证REITs（收盘）,CSI REITs (closing) Index,CSI REITs (closing),,,,838.78,2.91,0.35,94100064.0,4.08,34.0,
2025-02-06,932006,中证REITs（收盘）指数,中证REITs（收盘）,CSI REITs (closing) Index,CSI REITs (closing),,,,838.88,0.1,0.01,166906978.0,5.86,34.0,
2025-02-07,932006,中证REITs（收盘）指数,中证REITs（收盘）,CSI REITs (closing) Index,CSI REITs (closing),,,,839.81,0.93,0.11,114118151.0,4.7,34.0,
2025-02-10,932006,中证REITs（收盘）指数,中证REITs（收盘）,CSI REITs (closing) Index,CSI REITs (closing),,,,851.07,11.26,1.34,150842112.0,6.28,34.0,
2025-02-11,932006,中证REITs（收盘）指数,中证REITs（收盘）,CSI REITs (closing) Index,CSI REITs (closing),,,,864.1,13.03,1.53,194533507.0,7.81,34.0,
2025-02-12,932006,中证REITs（收盘）指数,中证REITs（收盘）,CSI REITs (closing) Index,CSI REITs (closing),,,,856.71,-7.39,-0.86,163080092.0,6.73,34.0,
2025-02-13,932006,中证REITs（收盘）指数,中证REITs（收盘）,CSI REITs (closing) Index,CSI REITs (closing),,,,846.73,-9.99,-1.17,147274878.0,5.83,34.0,
2025-02-14,932006,中证REITs（收盘）指数,中证REITs（收盘）,CSI REITs (closing) Index,CSI REITs (closing),,,,854.68,7.95,0.94,121816680.0,4.86,34.0,
2025-02-17,932006,中证REITs（收盘）指数,中证REITs（收盘）,CSI REITs (closing) Index,CSI REITs (closing),,,,860.04,5.36,0.63,143710621.0,6.06,34.0,
2025-02-18,932006,中证REITs（收盘）指数,中证REITs（收盘）,CSI REITs (closing) Index,CSI REITs (closing),,,,858.12,-1.92,-0.22,128073379.0,5.72,34.0,
2025-02-19,932006,中证REITs（收盘）指数,中证REITs（收盘）,CSI REITs (closing) Index,CSI REITs (closing),,,,857.48,-0.64,-0.07,123242218.0,5.38,34.0,
2025-02-20,932006,中证REITs（收盘）指数,中证REITs（收盘）,CSI REITs (closing) Index,CSI REITs (closing),,,,861.15,3.67,0.43,142683483.0,6.38,34.0,
2025-02-21,932006,中证REITs（收盘）指数,中证REITs（收盘）,CSI REITs (closing) Index,CSI REITs (closing),,,,865.23,4.07,0.47,130095168.0,6.33,34.0,
2025-02-24,932006,中证REITs（收盘）指数,中证REITs（收盘）,CSI REITs (closing) Index,CSI REITs (closing),,,,856.58,-8.65,-1.0,108464884.0,4.82,34.0,
2025-02-25,932006,中证REITs（收盘）指数,中证REITs（收盘）,CSI REITs (closing) Index,CSI REITs (closing),,,,850.29,-6.28,-0.73,120735770.0,5.4,34.0,
2025-02-26,932006,中证REITs（收盘）指数,中证REITs（收盘）,CSI REITs (closing) Index,CSI REITs (closing),,,,850.07,-0.23,-0.03,143499793.0,6.34,34.0,
2025-02-27,932006,中证REITs（收盘）指数,中证REITs（收盘）,CSI REITs (closing) Index,CSI REITs (closing),,,,845.11,-4.96,-0.58,133373415.0,5.75,34.0,
2025-02-28,932006,中证REITs（收盘）指数,中证REITs（收盘）,CSI REITs (closing) Index,CSI REITs (closing),,,,839.97,-5.14,-0.61,140601836.0,6.11,34.0,
2025-03-03,932006,中证REITs（收盘）指数,中证REITs（收盘）,CSI REITs (closing) Index,CSI REITs (closing),,,,848.49,8.52,1.01,104584589.0,4.46,34.0,
2025-03-04,932006,中证REITs（收盘）指数,中证REITs（收盘）,CSI REITs (closing) Index,CSI REITs (closing),,,,855.21,6.72,0.79,155204753.0,6.63,34.0,
2025-03-05,932006,中证REITs（收盘）指数,中证REITs（收盘）,CSI REITs (closing) Index,CSI REITs (closing),,,,854.34,-0.87,-0.1,109930233.0,5.14,34.0,
2025-03-06,932006,中证REITs（收盘）指数,中证REITs（收盘）,CSI REITs (closing) Index,CSI REITs (closing),,,,850.99,-3.35,-0.39,120588740.0,5.49,34.0,
2025-03-07,932006,中证REITs（收盘）指数,中证REITs（收盘）,CSI REITs (closing) Index,CSI REITs (closing),,,,849.53,-1.46,-0.17,106454255.0,4.8,34.0,
2025-03-10,932006,中证REITs（收盘）指数,中证REITs（收盘）,CSI REITs (closing) Index,CSI REITs (closing),,,,851.84,2.31,0.27,108892338.0,4.89,34.0,
2025-03-11,932006,中证REITs（收盘）指数,中证REITs（收盘）,CSI REITs (closing) Index,CSI REITs (closing),,,,848.96,-2.89,-0.34,89971680.0,4.04,34.0,
2025-03-12,932006,中证REITs（收盘）指数,中证REITs（收盘）,CSI REITs (closing) Index,CSI REITs (closing),,,,847.68,-1.28,-0.15,113286916.0,5.09,34.0,
2025-03-13,932006,中证REITs（收盘）指数,中证REITs（收盘）,CSI REITs (closing) Index,CSI REITs (closing),,,,848.36,0.69,0.08,96884848.0,4.51,34.0,
2025-03-14,932006,中证REITs（收盘）指数,中证REITs（收盘）,CSI REITs (closing) Index,CSI REITs (closing),,,,850.59,2.22,0.26,104063329.0,4.95,34.0,
2025-03-17,932006,中证REITs（收盘）指数,中证REITs（收盘）,CSI REITs (closing) Index,CSI REITs (closing),,,,850.37,-0.22,-0.03,87807385.0,4.13,36.0,
2025-03-18,932006,中证REITs（收盘）指数,中证REITs（收盘）,CSI REITs (closing) Index,CSI REITs (closing),,,,853.03,2.66,0.31,160832425.0,7.01,36.0,
2025-03-19,932006,中证REITs（收盘）指数,中证REITs（收盘）,CSI REITs (closing) Index,CSI REITs (closing),,,,857.9,4.87,0.57,96898991.0,4.53,36.0,
2025-03-20,932006,中证REITs（收盘）指数,中证REITs（收盘）,CSI REITs (closing) Index,CSI REITs (closing),,,,860.35,2.45,0.29,93093432.0,4.71,36.0,
2025-03-21,932006,中证REITs（收盘）指数,中证REITs（收盘）,CSI REITs (closing) Index,CSI REITs (closing),,,,859.7,-0.65,-0.08,88780406.0,4.19,36.0,
2025-03-24,932006,中证REITs（收盘）指数,中证REITs（收盘）,CSI REITs (closing) Index,CSI REITs (closing),,,,859.77,0.07,0.01,85273510.0,4.12,36.0,
2025-03-25,932006,中证REITs（收盘）指数,中证REITs（收盘）,CSI REITs (closing) Index,CSI REITs (closing),,,,862.72,2.95,0.34,98326173.0,4.77,36.0,
2025-03-26,932006,中证REITs（收盘）指数,中证REITs（收盘）,CSI REITs (closing) Index,CSI REITs (closing),,,,861.61,-1.1,-0.13,91052288.0,4.52,36.0,
2025-03-27,932006,中证REITs（收盘）指数,中证REITs（收盘）,CSI REITs (closing) Index,CSI REITs (closing),,,,865.31,3.7,0.43,101220831.0,4.47,36.0,
2025-03-28,932006,中证REITs（收盘）指数,中证REITs（收盘）,CSI REITs (closing) Index,CSI REITs (closing),,,,870.57,5.26,0.61,112149902.0,4.95,36.0,
2025-03-31,932006,中证REITs（收盘）指数,中证REITs（收盘）,CSI REITs (closing) Index,CSI REITs (closing),,,,866.65,-3.91,-0.45,112631812.0,5.34,36.0,
2025-04-01,932006,中证REITs（收盘）指数,中证REITs（收盘）,CSI REITs (closing) Index,CSI REITs (closing),,,,863.39,-3.26,-0.38,98128540.0,4.36,36.0,
2025-04-02,932006,中证REITs（收盘）指数,中证REITs（收盘）,CSI REITs (closing) Index,CSI REITs (closing),,,,866.61,3.22,0.37,106348905.0,4.68,36.0,
2025-04-03,932006,中证REITs（收盘）指数,中证REITs（收盘）,CSI REITs (closing) Index,CSI REITs (closing),,,,868.54,1.94,0.22,125560161.0,5.48,36.0,
2025-04-07,932006,中证REITs（收盘）指数,中证REITs（收盘）,CSI REITs (closing) Index,CSI REITs (closing),,,,860.63,-7.91,-0.91,123539310.0,5.32,36.0,
2025-04-08,932006,中证REITs（收盘）指数,中证REITs（收盘）,CSI REITs (closing) Index,CSI REITs (closing),,,,856.58,-4.05,-0.47,115761936.0,4.99,36.0,
2025-04-09,932006,中证REITs（收盘）指数,中证REITs（收盘）,CSI REITs (closing) Index,CSI REITs (closing),,,,852.38,-4.19,-0.49,105111162.0,4.1,36.0,
2025-04-10,932006,中证REITs（收盘）指数,中证REITs（收盘）,CSI REITs (closing) Index,CSI REITs (closing),,,,855.02,2.63,0.31,105857846.0,4.77,36.0,
2025-04-11,932006,中证REITs（收盘）指数,中证REITs（收盘）,CSI REITs (closing) Index,CSI REITs (closing),,,,856.72,1.7,0.2,112056953.0,4.85,36.0,
2025-04-14,932006,中证REITs（收盘）指数,中证REITs（收盘）,CSI REITs (closing) Index,CSI REITs (closing),,,,859.02,2.31,0.27,102774697.0,4.43,36.0,
2025-04-15,932006,中证REITs（收盘）指数,中证REITs（收盘）,CSI REITs (closing) Index,CSI REITs (closing),,,,861.44,2.42,0.28,105940101.0,4.58,36.0,
2025-04-16,932006,中证REITs（收盘）指数,中证REITs（收盘）,CSI REITs (closing) Index,CSI REITs (closing),,,,864.36,2.91,0.34,107432651.0,5.14,36.0,
2025-04-17,932006,中证REITs（收盘）指数,中证REITs（收盘）,CSI REITs (closing) Index,CSI REITs (closing),,,,867.4,3.04,0.35,113239263.0,5.15,36.0,
2025-04-18,932006,中证REITs（收盘）指数,中证REITs（收盘）,CSI REITs (closing) Index,CSI REITs (closing),,,,862.83,-4.56,-0.53,86583246.0,3.83,36.0,
2025-04-21,932006,中证REITs（收盘）指数,中证REITs（收盘）,CSI REITs (closing) Index,CSI REITs (closing),,,,860.03,-2.8,-0.32,85904441.0,3.99,36.0,
2025-04-22,932006,中证REITs（收盘）指数,中证REITs（收盘）,CSI REITs (closing) Index,CSI REITs (closing),,,,855.76,-4.27,-0.5,106391800.0,4.87,36.0,
2025-04-23,932006,中证REITs（收盘）指数,中证REITs（收盘）,CSI REITs (closing) Index,CSI REITs (closing),,,,853.29,-2.47,-0.29,94727241.0,4.32,36.0,
2025-04-24,932006,中证REITs（收盘）指数,中证REITs（收盘）,CSI REITs (closing) Index,CSI REITs (closing),,,,851.2,-2.09,-0.24,89018386.0,3.87,36.0,
2025-04-25,932006,中证REITs（收盘）指数,中证REITs（收盘）,CSI REITs (closing) Index,CSI REITs (closing),,,,847.02,-4.19,-0.49,77982937.0,3.66,36.0,
2025-04-28,932006,中证REITs（收盘）指数,中证REITs（收盘）,CSI REITs (closing) Index,CSI REITs (closing),,,,841.3,-5.72,-0.67,101220069.0,4.51,36.0,
2025-04-29,932006,中证REITs（收盘）指数,中证REITs（收盘）,CSI REITs (closing) Index,CSI REITs (closing),,,,843.26,1.96,0.23,93951956.0,4.06,36.0,
2025-04-30,932006,中证REITs（收盘）指数,中证REITs（收盘）,CSI REITs (closing) Index,CSI REITs (closing),,,,846.01,2.75,0.33,92365879.0,4.15,36.0,
2025-05-06,932006,中证REITs（收盘）指数,中证REITs（收盘）,CSI REITs (closing) Index,CSI REITs (closing),,,,848.59,2.58,0.3,49698492.0,2.16,36.0,
2025-05-07,932006,中证REITs（收盘）指数,中证REITs（收盘）,CSI REITs (closing) Index,CSI REITs (closing),,,,850.14,1.56,0.18,86041292.0,3.7,36.0,
2025-05-08,932006,中证REITs（收盘）指数,中证REITs（收盘）,CSI REITs (closing) Index,CSI REITs (closing),,,,848.12,-2.02,-0.24,85246566.0,3.71,36.0,
2025-05-09,932006,中证REITs（收盘）指数,中证REITs（收盘）,CSI REITs (closing) Index,CSI REITs (closing),,,,848.41,0.29,0.03,81957688.0,3.35,36.0,
2025-05-12,932006,中证REITs（收盘）指数,中证REITs（收盘）,CSI REITs (closing) Index,CSI REITs (closing),,,,853.53,5.12,0.6,89022069.0,3.86,36.0,
2025-05-13,932006,中证REITs（收盘）指数,中证REITs（收盘）,CSI REITs (closing) Index,CSI REITs (closing),,,,852.9,-0.63,-0.07,83776999.0,3.6,36.0,
2025-05-14,932006,中证REITs（收盘）指数,中证REITs（收盘）,CSI REITs (closing) Index,CSI REITs (closing),,,,856.82,3.92,0.46,89191469.0,3.98,36.0,
2025-05-15,932006,中证REITs（收盘）指数,中证REITs（收盘）,CSI REITs (closing) Index,CSI REITs (closing),,,,855.43,-1.39,-0.16,68614256.0,3.0,36.0,
2025-05-16,932006,中证REITs（收盘）指数,中证REITs（收盘）,CSI REITs (closing) Index,CSI REITs (closing),,,,858.96,3.53,0.41,81996423.0,3.71,36.0,
2025-05-19,932006,中证REITs（收盘）指数,中证REITs（收盘）,CSI REITs (closing) Index,CSI REITs (closing),,,,860.12,1.16,0.14,81173535.0,3.66,36.0,
2025-05-20,932006,中证REITs（收盘）指数,中证REITs（收盘）,CSI REITs (closing) Index,CSI REITs (closing),,,,864.68,4.56,0.53,91514411.0,4.36,36.0,
2025-05-21,932006,中证REITs（收盘）指数,中证REITs（收盘）,CSI REITs (closing) Index,CSI REITs (closing),,,,871.89,7.22,0.83,102065198.0,4.68,36.0,
2025-05-22,932006,中证REITs（收盘）指数,中证REITs（收盘）,CSI REITs (closing) Index,CSI REITs (closing),,,,870.17,-1.72,-0.2,102873519.0,4.78,36.0,
2025-05-23,932006,中证REITs（收盘）指数,中证REITs（收盘）,CSI REITs (closing) Index,CSI REITs (closing),,,,869.19,-0.98,-0.11,91688789.0,4.34,36.0,
2025-05-26,932006,中证REITs（收盘）指数,中证REITs（收盘）,CSI REITs (closing) Index,CSI REITs (closing),,,,870.13,0.95,0.11,65936313.0,2.98,36.0,
2025-05-27,932006,中证REITs（收盘）指数,中证REITs（收盘）,CSI REITs (closing) Index,CSI REITs (closing),,,,867.76,-2.37,-0.27,70789268.0,3.3,36.0,
2025-05-28,932006,中证REITs（收盘）指数,中证REITs（收盘）,CSI REITs (closing) Index,CSI REITs (closing),,,,867.87,0.11,0.01,74458315.0,3.37,36.0,
2025-05-29,932006,中证REITs（收盘）指数,中证REITs（收盘）,CSI REITs (closing) Index,CSI REITs (closing),,,,868.02,0.15,0.02,92342609.0,3.81,36.0,
2025-05-30,932006,中证REITs（收盘）指数,中证REITs（收盘）,CSI REITs (closing) Index,CSI REITs (closing),,,,868.35,0.34,0.04,64802730.0,2.7,36.0,
2025-06-03,932006,中证REITs（收盘）指数,中证REITs（收盘）,CSI REITs (closing) Index,CSI REITs (closing),,,,868.71,0.35,0.04,72328695.0,3.08,36.0,
2025-06-04,932006,中证REITs（收盘）指数,中证REITs（收盘）,CSI REITs (closing) Index,CSI REITs (closing),,,,872.96,4.26,0.49,74126347.0,3.3,36.0,
2025-06-05,932006,中证REITs（收盘）指数,中证REITs（收盘）,CSI REITs (closing) Index,CSI REITs (closing),,,,881.92,8.95,1.03,84193768.0,4.19,36.0,
2025-06-06,932006,中证REITs（收盘）指数,中证REITs（收盘）,CSI REITs (closing) Index,CSI REITs (closing),,,,881.85,-0.07,-0.01,98998818.0,4.29,36.0,
2025-06-09,932006,中证REITs（收盘）指数,中证REITs（收盘）,CSI REITs (closing) Index,CSI REITs (closing),,,,879.84,-2.01,-0.23,85451034.0,4.07,36.0,
2025-06-10,932006,中证REITs（收盘）指数,中证REITs（收盘）,CSI REITs (closing) Index,CSI REITs (closing),,,,881.69,1.85,0.21,84057248.0,4.08,36.0,
2025-06-11,932006,中证REITs（收盘）指数,中证REITs（收盘）,CSI REITs (closing) Index,CSI REITs (closing),,,,883.15,1.47,0.17,101272148.0,4.51,36.0,
2025-06-12,932006,中证REITs（收盘）指数,中证REITs（收盘）,CSI REITs (closing) Index,CSI REITs (closing),,,,884.2,1.04,0.12,85696214.0,3.99,36.0,
2025-06-13,932006,中证REITs（收盘）指数,中证REITs（收盘）,CSI REITs (closing) Index,CSI REITs (closing),,,,886.31,2.11,0.24,97344831.0,4.35,36.0,
2025-06-16,932006,中证REITs（收盘）指数,中证REITs（收盘）,CSI REITs (closing) Index,CSI REITs (closing),,,,888.62,2.31,0.26,71897689.0,3.44,42.0,
2025-06-17,932006,中证REITs（收盘）指数,中证REITs（收盘）,CSI REITs (closing) Index,CSI REITs (closing),,,,887.19,-1.43,-0.16,101231700.0,5.13,42.0,
2025-06-18,932006,中证REITs（收盘）指数,中证REITs（收盘）,CSI REITs (closing) Index,CSI REITs (closing),,,,890.59,3.41,0.38,82891916.0,4.25,42.0,
2025-06-19,932006,中证REITs（收盘）指数,中证REITs（收盘）,CSI REITs (closing) Index,CSI REITs (closing),,,,890.79,0.2,0.02,95646927.0,4.98,42.0,
2025-06-20,932006,中证REITs（收盘）指数,中证REITs（收盘）,CSI REITs (closing) Index,CSI REITs (closing),,,,893.99,3.2,0.36,78368610.0,3.86,42.0,
2025-06-23,932006,中证REITs（收盘）指数,中证REITs（收盘）,CSI REITs (closing) Index,CSI REITs (closing),,,,893.94,-0.05,-0.01,89863889.0,4.51,42.0,
2025-06-24,932006,中证REITs（收盘）指数,中证REITs（收盘）,CSI REITs (closing) Index,CSI REITs (closing),,,,885.55,-8.38,-0.94,113516935.0,5.45,42.0,
2025-06-25,932006,中证REITs（收盘）指数,中证REITs（收盘）,CSI REITs (closing) Index,CSI REITs (closing),,,,885.51,-0.04,0.0,70450241.0,3.43,42.0,
2025-06-26,932006,中证REITs（收盘）指数,中证REITs（收盘）,CSI REITs (closing) Index,CSI REITs (closing),,,,883.53,-1.98,-0.22,83139168.0,4.19,42.0,
2025-06-27,932006,中证REITs（收盘）指数,中证REITs（收盘）,CSI REITs (closing) Index,CSI REITs (closing),,,,880.9,-2.62,-0.3,82775005.0,4.13,42.0,
2025-06-30,932006,中证REITs（收盘）指数,中证REITs（收盘）,CSI REITs (closing) Index,CSI REITs (closing),,,,877.98,-2.92,-0.33,71084819.0,3.56,42.0,
2025-07-01,932006,中证REITs（收盘）指数,中证REITs（收盘）,CSI REITs (closing) Index,CSI REITs (closing),,,,877.32,-0.67,-0.08,80119721.0,4.02,42.0,
2025-07-02,932006,中证REITs（收盘）指数,中证REITs（收盘）,CSI REITs (closing) Index,CSI REITs (closing),,,,886.14,8.82,1.01,109520031.0,5.34,42.0,
2025-07-03,932006,中证REITs（收盘）指数,中证REITs（收盘）,CSI REITs (closing) Index,CSI REITs (closing),,,,887.01,0.87,0.1,119869141.0,5.11,42.0,
2025-07-04,932006,中证REITs（收盘）指数,中证REITs（收盘）,CSI REITs (closing) Index,CSI REITs (closing),,,,886.6,-0.41,-0.05,90432654.0,3.87,42.0,
2025-07-07,932006,中证REITs（收盘）指数,中证REITs（收盘）,CSI REITs (closing) Index,CSI REITs (closing),,,,886.39,-0.21,-0.02,66520017.0,2.81,42.0,
2025-07-08,932006,中证REITs（收盘）指数,中证REITs（收盘）,CSI REITs (closing) Index,CSI REITs (closing),,,,880.65,-5.74,-0.65,92170373.0,4.31,42.0,
2025-07-09,932006,中证REITs（收盘）指数,中证REITs（收盘）,CSI REITs (closing) Index,CSI REITs (closing),,,,877.81,-2.84,-0.32,91766807.0,4.71,42.0,
2025-07-10,932006,中证REITs（收盘）指数,中证REITs（收盘）,CSI REITs (closing) Index,CSI REITs (closing),,,,878.06,0.26,0.03,82545100.0,4.05,42.0,
2025-07-11,932006,中证REITs（收盘）指数,中证REITs（收盘）,CSI REITs (closing) Index,CSI REITs (closing),,,,876.64,-1.43,-0.16,99120561.0,4.52,42.0,
2025-07-14,932006,中证REITs（收盘）指数,中证REITs（收盘）,CSI REITs (closing) Index,CSI REITs (closing),,,,874.65,-1.98,-0.23,73882097.0,3.43,42.0,
2025-07-15,932006,中证REITs（收盘）指数,中证REITs（收盘）,CSI REITs (closing) Index,CSI REITs (closing),,,,875.68,1.03,0.12,80751301.0,3.89,42.0,
2025-07-16,932006,中证REITs（收盘）指数,中证REITs（收盘）,CSI REITs (closing) Index,CSI REITs (closing),,,,877.35,1.67,0.19,88364958.0,4.08,42.0,
2025-07-17,932006,中证REITs（收盘）指数,中证REITs（收盘）,CSI REITs (closing) Index,CSI REITs (closing),,,,876.38,-0.97,-0.11,111535149.0,4.31,42.0,
2025-07-18,932006,中证REITs（收盘）指数,中证REITs（收盘）,CSI REITs (closing) Index,CSI REITs (closing),,,,875.82,-0.56,-0.06,72226883.0,3.4,42.0,
2025-07-21,932006,中证REITs（收盘）指数,中证REITs（收盘）,CSI REITs (closing) Index,CSI REITs (closing),,,,871.83,-4.0,-0.46,109230646.0,4.5,42.0,
2025-07-22,932006,中证REITs（收盘）指数,中证REITs（收盘）,CSI REITs (closing) Index,CSI REITs (closing),,,,867.42,-4.4,-0.51,72691795.0,3.49,42.0,
2025-07-23,932006,中证REITs（收盘）指数,中证REITs（收盘）,CSI REITs (closing) Index,CSI REITs (closing),,,,859.82,-7.61,-0.88,102875612.0,4.77,42.0,
2025-07-24,932006,中证REITs（收盘）指数,中证REITs（收盘）,CSI REITs (closing) Index,CSI REITs (closing),,,,860.2,0.39,0.04,82572782.0,4.17,42.0,
2025-07-25,932006,中证REITs（收盘）指数,中证REITs（收盘）,CSI REITs (closing) Index,CSI REITs (closing),,,,860.11,-0.09,-0.01,65336649.0,3.34,42.0,
2025-07-28,932006,中证REITs（收盘）指数,中证REITs（收盘）,CSI REITs (closing) Index,CSI REITs (closing),,,,863.69,3.58,0.42,83985493.0,3.94,42.0,
2025-07-29,932006,中证REITs（收盘）指数,中证REITs（收盘）,CSI REITs (closing) Index,CSI REITs (closing),,,,861.86,-1.83,-0.21,57710316.0,2.79,42.0,
2025-07-30,932006,中证REITs（收盘）指数,中证REITs（收盘）,CSI REITs (closing) Index,CSI REITs (closing),,,,864.51,2.64,0.31,89461203.0,4.05,42.0,
2025-07-31,932006,中证REITs（收盘）指数,中证REITs（收盘）,CSI REITs (closing) Index,CSI REITs (closing),,,,871.81,7.31,0.85,92587680.0,4.31,42.0,
2025-08-01,932006,中证REITs（收盘）指数,中证REITs（收盘）,CSI REITs (closing) Index,CSI REITs (closing),,,,870.82,-0.99,-0.11,100707415.0,4.61,42.0,
2025-08-04,932006,中证REITs（收盘）指数,中证REITs（收盘）,CSI REITs (closing) Index,CSI REITs (closing),,,,867.68,-3.15,-0.36,91105184.0,4.28,42.0,
2025-08-05,932006,中证REITs（收盘）指数,中证REITs（收盘）,CSI REITs (closing) Index,CSI REITs (closing),,,,865.32,-2.35,-0.27,78620702.0,3.44,42.0,
2025-08-06,932006,中证REITs（收盘）指数,中证REITs（收盘）,CSI REITs (closing) Index,CSI REITs (closing),,,,865.6,0.28,0.03,84490123.0,3.64,42.0,
2025-08-07,932006,中证REITs（收盘）指数,中证REITs（收盘）,CSI REITs (closing) Index,CSI REITs (closing),,,,867.81,2.21,0.26,108920031.0,4.73,42.0,
2025-08-08,932006,中证REITs（收盘）指数,中证REITs（收盘）,CSI REITs (closing) Index,CSI REITs (closing),,,,867.98,0.16,0.02,84256699.0,3.96,42.0,
2025-08-11,932006,中证REITs（收盘）指数,中证REITs（收盘）,CSI REITs (closing) Index,CSI REITs (closing),,,,864.75,-3.23,-0.37,70637881.0,3.45,42.0,
2025-08-12,932006,中证REITs（收盘）指数,中证REITs（收盘）,CSI REITs (closing) Index,CSI REITs (closing),,,,864.47,-0.28,-0.03,59672627.0,3.03,42.0,
2025-08-13,932006,中证REITs（收盘）指数,中证REITs（收盘）,CSI REITs (closing) Index,CSI REITs (closing),,,,862.62,-1.85,-0.21,66900204.0,3.02,42.0,
2025-08-14,932006,中证REITs（收盘）指数,中证REITs（收盘）,CSI REITs (closing) Index,CSI REITs (closing),,,,859.46,-3.17,-0.37,96611492.0,4.37,42.0,
2025-08-15,932006,中证REITs（收盘）指数,中证REITs（收盘）,CSI REITs (closing) Index,CSI REITs (closing),,,,853.96,-5.5,-0.64,91885521.0,4.19,42.0,
2025-08-18,932006,中证REITs（收盘）指数,中证REITs（收盘）,CSI REITs (closing) Index,CSI REITs (closing),,,,839.1,-14.86,-1.74,141940231.0,5.28,42.0,
2025-08-19,932006,中证REITs（收盘）指数,中证REITs（收盘）,CSI REITs (closing) Index,CSI REITs (closing),,,,832.28,-6.82,-0.81,122492700.0,5.08,42.0,
2025-08-20,932006,中证REITs（收盘）指数,中证REITs（收盘）,CSI REITs (closing) Index,CSI REITs (closing),,,,835.27,2.99,0.36,98174983.0,4.41,42.0,
2025-08-21,932006,中证REITs（收盘）指数,中证REITs（收盘）,CSI REITs (closing) Index,CSI REITs (closing),,,,836.56,1.29,0.15,108340812.0,4.58,42.0,
2025-08-22,932006,中证REITs（收盘）指数,中证REITs（收盘）,CSI REITs (closing) Index,CSI REITs (closing),,,,838.0,1.44,0.17,68395411.0,3.19,42.0,
2025-08-25,932006,中证REITs（收盘）指数,中证REITs（收盘）,CSI REITs (closing) Index,CSI REITs (closing),,,,839.78,1.77,0.21,95720791.0,4.51,42.0,
2025-08-26,932006,中证REITs（收盘）指数,中证REITs（收盘）,CSI REITs (closing) Index,CSI REITs (closing),,,,849.82,10.05,1.2,124115912.0,5.28,42.0,
2025-08-27,932006,中证REITs（收盘）指数,中证REITs（收盘）,CSI REITs (closing) Index,CSI REITs (closing),,,,850.48,0.65,0.08,91109037.0,3.89,42.0,
2025-08-28,932006,中证REITs（收盘）指数,中证REITs（收盘）,CSI REITs (closing) Index,CSI REITs (closing),,,,849.33,-1.15,-0.14,71114404.0,3.35,42.0,
2025-08-29,932006,中证REITs（收盘）指数,中证REITs（收盘）,CSI REITs (closing) Index,CSI REITs (closing),,,,846.89,-2.43,-0.29,78326019.0,3.86,42.0,
2025-09-01,932006,中证REITs（收盘）指数,中证REITs（收盘）,CSI REITs (closing) Index,CSI REITs (closing),,,,843.94,-2.96,-0.35,74760192.0,3.61,42.0,
2025-09-02,932006,中证REITs（收盘）指数,中证REITs（收盘）,CSI REITs (closing) Index,CSI REITs (closing),,,,847.5,3.56,0.42,88724032.0,4.01,42.0,
2025-09-03,932006,中证REITs（收盘）指数,中证REITs（收盘）,CSI REITs (closing) Index,CSI REITs (closing),,,,847.37,-0.13,-0.02,78006660.0,3.66,42.0,
2025-09-04,932006,中证REITs（收盘）指数,中证REITs（收盘）,CSI REITs (closing) Index,CSI REITs (closing),,,,850.8,3.43,0.4,90736557.0,4.15,42.0,
2025-09-05,932006,中证REITs（收盘）指数,中证REITs（收盘）,CSI REITs (closing) Index,CSI REITs (closing),,,,847.13,-3.67,-0.43,93746846.0,4.0,42.0,
2025-09-08,932006,中证REITs（收盘）指数,中证REITs（收盘）,CSI REITs (closing) Index,CSI REITs (closing),,,,843.04,-4.09,-0.48,75290947.0,3.33,42.0,
2025-09-09,932006,中证REITs（收盘）指数,中证REITs（收盘）,CSI REITs (closing) Index,CSI REITs (closing),,,,843.52,0.48,0.06,76812178.0,3.31,42.0,
2025-09-10,932006,中证REITs（收盘）指数,中证REITs（收盘）,CSI REITs (closing) Index,CSI REITs (closing),,,,841.17,-2.34,-0.28,83654601.0,3.92,42.0,
2025-09-11,932006,中证REITs（收盘）指数,中证REITs（收盘）,CSI REITs (closing) Index,CSI REITs (closing),,,,840.25,-0.92,-0.11,72801344.0,3.61,42.0,
2025-09-12,932006,中证REITs（收盘）指数,中证REITs（收盘）,CSI REITs (closing) Index,CSI REITs (closing),,,,840.03,-0.22,-0.03,71714186.0,3.37,42.0,
2025-09-15,932006,中证REITs（收盘）指数,中证REITs（收盘）,CSI REITs (closing) Index,CSI REITs (closing),,,,840.25,0.22,0.03,58045413.0,2.47,47.0,
2025-09-16,932006,中证REITs（收盘）指数,中证REITs（收盘）,CSI REITs (closing) Index,CSI REITs (closing),,,,838.05,-2.19,-0.26,70023351.0,3.17,47.0,
2025-09-17,932006,中证REITs（收盘）指数,中证REITs（收盘）,CSI REITs (closing) Index,CSI REITs (closing),,,,839.07,1.02,0.12,73436193.0,3.35,47.0,
2025-09-18,932006,中证REITs（收盘）指数,中证REITs（收盘）,CSI REITs (closing) Index,CSI REITs (closing),,,,838.81,-0.26,-0.03,87785859.0,3.8,47.0,
2025-09-19,932006,中证REITs（收盘）指数,中证REITs（收盘）,CSI REITs (closing) Index,CSI REITs (closing),,,,838.34,-0.48,-0.06,79858327.0,3.41,47.0,
2025-09-22,932006,中证REITs（收盘）指数,中证REITs（收盘）,CSI REITs (closing) Index,CSI REITs (closing),,,,835.4,-2.94,-0.35,67369002.0,3.19,47.0,
2025-09-23,932006,中证REITs（收盘）指数,中证REITs（收盘）,CSI REITs (closing) Index,CSI REITs (closing),,,,834.64,-0.76,-0.09,54697732.0,2.74,47.0,
2025-09-24,932006,中证REITs（收盘）指数,中证REITs（收盘）,CSI REITs (closing) Index,CSI REITs (closing),,,,832.91,-1.73,-0.21,40343951.0,2.03,47.0,
2025-09-25,932006,中证REITs（收盘）指数,中证REITs（收盘）,CSI REITs (closing) Index,CSI REITs (closing),,,,830.81,-2.1,-0.25,59346334.0,2.92,47.0,
2025-09-26,932006,中证REITs（收盘）指数,中证REITs（收盘）,CSI REITs (closing) Index,CSI REITs (closing),,,,831.45,0.63,0.08,57121175.0,2.72,47.0,
2025-09-29,932006,中证REITs（收盘）指数,中证REITs（收盘）,CSI REITs (closing) Index,CSI REITs (closing),,,,829.48,-1.96,-0.24,42850724.0,1.92,47.0,
2025-09-30,932006,中证REITs（收盘）指数,中证REITs（收盘）,CSI REITs (closing) Index,CSI REITs (closing),,,,829.04,-0.44,-0.05,42566665.0,1.99,47.0,
2025-10-09,932006,中证REITs（收盘）指数,中证REITs（收盘）,CSI REITs (closing) Index,CSI REITs (closing),,,,827.58,-1.46,-0.18,48961546.0,2.21,47.0,
2025-10-10,932006,中证REITs（收盘）指数,中证REITs（收盘）,CSI REITs (closing) Index,CSI REITs (closing),,,,826.77,-0.81,-0.1,52767140.0,2.37,47.0,
2025-10-13,932006,中证REITs（收盘）指数,中证REITs（收盘）,CSI REITs (closing) Index,CSI REITs (closing),,,,826.78,0.01,0.0,56910217.0,2.42,47.0,
2025-10-14,932006,中证REITs（收盘）指数,中证REITs（收盘）,CSI REITs (closing) Index,CSI REITs (closing),,,,824.23,-2.55,-0.31,67021133.0,2.91,47.0,
2025-10-15,932006,中证REITs（收盘）指数,中证REITs（收盘）,CSI REITs (closing) Index,CSI REITs (closing),,,,821.34,-2.88,-0.35,56293396.0,2.48,47.0,
2025-10-16,932006,中证REITs（收盘）指数,中证REITs（收盘）,CSI REITs (closing) Index,CSI REITs (closing),,,,818.11,-3.24,-0.39,71302263.0,3.31,47.0,
2025-10-17,932006,中证REITs（收盘）指数,中证REITs（收盘）,CSI REITs (closing) Index,CSI REITs (closing),,,,814.73,-3.38,-0.41,91338957.0,3.87,47.0,
2025-10-20,932006,中证REITs（收盘）指数,中证REITs（收盘）,CSI REITs (closing) Index,CSI REITs (closing),,,,809.54,-5.19,-0.64,88372178.0,3.62,47.0,
2025-10-21,932006,中证REITs（收盘）指数,中证REITs（收盘）,CSI REITs (closing) Index,CSI REITs (closing),,,,805.52,-4.02,-0.5,97032992.0,4.33,47.0,
2025-10-22,932006,中证REITs（收盘）指数,中证REITs（收盘）,CSI REITs (closing) Index,CSI REITs (closing),,,,805.62,0.1,0.01,95659225.0,4.1,47.0,
2025-10-23,932006,中证REITs（收盘）指数,中证REITs（收盘）,CSI REITs (closing) Index,CSI REITs (closing),,,,809.17,3.55,0.44,106512460.0,4.61,47.0,
2025-10-24,932006,中证REITs（收盘）指数,中证REITs（收盘）,CSI REITs (closing) Index,CSI REITs (closing),,,,816.04,6.87,0.85,93406412.0,4.07,47.0,
2025-10-27,932006,中证REITs（收盘）指数,中证REITs（收盘）,CSI REITs (closing) Index,CSI REITs (closing),,,,812.44,-3.6,-0.44,95487347.0,4.02,47.0,
2025-10-28,932006,中证REITs（收盘）指数,中证REITs（收盘）,CSI REITs (closing) Index,CSI REITs (closing),,,,819.37,6.93,0.85,137667172.0,5.98,47.0,
2025-10-29,932006,中证REITs（收盘）指数,中证REITs（收盘）,CSI REITs (closing) Index,CSI REITs (closing),,,,821.36,1.99,0.24,108175090.0,4.41,47.0,
2025-10-30,932006,中证REITs（收盘）指数,中证REITs（收盘）,CSI REITs (closing) Index,CSI REITs (closing),,,,820.94,-0.42,-0.05,88143492.0,3.66,47.0,
2025-10-31,932006,中证REITs（收盘）指数,中证REITs（收盘）,CSI REITs (closing) Index,CSI REITs (closing),,,,814.9,-6.04,-0.74,134867592.0,4.74,47.0,
2025-11-03,932006,中证REITs（收盘）指数,中证REITs（收盘）,CSI REITs (closing) Index,CSI REITs (closing),,,,809.73,-5.17,-0.63,130934403.0,4.7,47.0,
2025-11-04,932006,中证REITs（收盘）指数,中证REITs（收盘）,CSI REITs (closing) Index,CSI REITs (closing),,,,805.02,-4.72,-0.58,108228311.0,4.16,47.0,
2025-11-05,932006,中证REITs（收盘）指数,中证REITs（收盘）,CSI REITs (closing) Index,CSI REITs (closing),,,,807.11,2.1,0.26,103543141.0,3.94,47.0,
2025-11-06,932006,中证REITs（收盘）指数,中证REITs（收盘）,CSI REITs (closing) Index,CSI REITs (closing),,,,806.56,-0.55,-0.07,88678258.0,3.69,47.0,
2025-11-07,932006,中证REITs（收盘）指数,中证REITs（收盘）,CSI REITs (closing) Index,CSI REITs (closing),,,,811.48,4.92,0.61,88513815.0,3.53,47.0,
2025-11-10,932006,中证REITs（收盘）指数,中证REITs（收盘）,CSI REITs (closing) Index,CSI REITs (closing),,,,815.44,3.96,0.49,107473795.0,4.25,47.0,
2025-11-11,932006,中证REITs（收盘）指数,中证REITs（收盘）,CSI REITs (closing) Index,CSI REITs (closing),,,,815.6,0.16,0.02,105992299.0,4.19,47.0,
2025-11-12,932006,中证REITs（收盘）指数,中证REITs（收盘）,CSI REITs (closing) Index,CSI REITs (closing),,,,816.37,0.77,0.09,82489453.0,3.47,47.0,
2025-11-13,932006,中证REITs（收盘）指数,中证REITs（收盘）,CSI REITs (closing) Index,CSI REITs (closing),,,,815.8,-0.57,-0.07,104103409.0,3.94,47.0,
2025-11-14,932006,中证REITs（收盘）指数,中证REITs（收盘）,CSI REITs (closing) Index,CSI REITs (closing),,,,818.17,2.37,0.29,112683895.0,4.35,47.0,
2025-11-17,932006,中证REITs（收盘）指数,中证REITs（收盘）,CSI REITs (closing) Index,CSI REITs (closing),,,,818.65,0.48,0.06,82832382.0,3.62,47.0,
2025-11-18,932006,中证REITs（收盘）指数,中证REITs（收盘）,CSI REITs (closing) Index,CSI REITs (closing),,,,818.23,-0.42,-0.05,95909090.0,4.13,47.0,
2025-11-19,932006,中证REITs（收盘）指数,中证REITs（收盘）,CSI REITs (closing) Index,CSI REITs (closing),,,,815.44,-2.79,-0.34,81959217.0,3.46,47.0,
2025-11-20,932006,中证REITs（收盘）指数,中证REITs（收盘）,CSI REITs (closing) Index,CSI REITs (closing),,,,812.57,-2.87,-0.35,70722405.0,2.98,47.0,
2025-11-21,932006,中证REITs（收盘）指数,中证REITs（收盘）,CSI REITs (closing) Index,CSI REITs (closing),,,,810.2,-2.37,-0.29,87048865.0,3.57,47.0,
2025-11-24,932006,中证REITs（收盘）指数,中证REITs（收盘）,CSI REITs (closing) Index,CSI REITs (closing),,,,806.43,-3.77,-0.47,102866409.0,4.36,47.0,
2025-11-25,932006,中证REITs（收盘）指数,中证REITs（收盘）,CSI REITs (closing) Index,CSI REITs (closing),,,,809.09,2.66,0.33,115354937.0,4.95,47.0,
2025-11-26,932006,中证REITs（收盘）指数,中证REITs（收盘）,CSI REITs (closing) Index,CSI REITs (closing),,,,811.63,2.54,0.31,109464818.0,4.86,47.0,
2025-11-27,932006,中证REITs（收盘）指数,中证REITs（收盘）,CSI REITs (closing) Index,CSI REITs (closing),,,,809.2,-2.43,-0.3,100448022.0,4.22,47.0,
2025-11-28,932006,中证REITs（收盘）指数,中证REITs（收盘）,CSI REITs (closing) Index,CSI REITs (closing),,,,809.07,-0.12,-0.02,90002134.0,4.3,47.0,
2025-12-01,932006,中证REITs（收盘）指数,中证REITs（收盘）,CSI REITs (closing) Index,CSI REITs (closing),,,,806.96,-2.11,-0.26,62610532.0,2.96,47.0,
2025-12-02,932006,中证REITs（收盘）指数,中证REITs（收盘）,CSI REITs (closing) Index,CSI REITs (closing),,,,804.28,-2.68,-0.33,66723051.0,2.81,47.0,
2025-12-03,932006,中证REITs（收盘）指数,中证REITs（收盘）,CSI REITs (closing) Index,CSI REITs (closing),,,,804.54,0.25,0.03,66809086.0,2.88,47.0,
2025-12-04,932006,中证REITs（收盘）指数,中证REITs（收盘）,CSI REITs (closing) Index,CSI REITs (closing),,,,802.56,-1.97,-0.25,84129163.0,3.51,47.0,
2025-12-05,932006,中证REITs（收盘）指数,中证REITs（收盘）,CSI REITs (closing) Index,CSI REITs (closing),,,,801.18,-1.39,-0.17,75323213.0,3.15,47.0,
2025-12-08,932006,中证REITs（收盘）指数,中证REITs（收盘）,CSI REITs (closing) Index,CSI REITs (closing),,,,798.34,-2.84,-0.35,62236310.0,2.77,47.0,
2025-12-09,932006,中证REITs（收盘）指数,中证REITs（收盘）,CSI REITs (closing) Index,CSI REITs (closing),,,,795.97,-2.36,-0.3,62484705.0,2.86,47.0,
2025-12-10,932006,中证REITs（收盘）指数,中证REITs（收盘）,CSI REITs (closing) Index,CSI REITs (closing),,,,798.53,2.56,0.32,88197520.0,3.78,47.0,
2025-12-11,932006,中证REITs（收盘）指数,中证REITs（收盘）,CSI REITs (closing) Index,CSI REITs (closing),,,,797.17,-1.37,-0.17,68735365.0,3.31,47.0,
2025-12-12,932006,中证REITs（收盘）指数,中证REITs（收盘）,CSI REITs (closing) Index,CSI REITs (closing),,,,797.54,0.37,0.05,65000580.0,3.01,47.0,
2025-12-15,932006,中证REITs（收盘）指数,中证REITs（收盘）,CSI REITs (closing) Index,CSI REITs (closing),,,,792.38,-5.16,-0.65,59089171.0,2.54,47.0,
2025-12-16,932006,中证REITs（收盘）指数,中证REITs（收盘）,CSI REITs (closing) Index,CSI REITs (closing),,,,788.96,-3.42,-0.43,62025645.0,2.62,47.0,
2025-12-17,932006,中证REITs（收盘）指数,中证REITs（收盘）,CSI REITs (closing) Index,CSI REITs (closing),,,,785.08,-3.88,-0.49,68950936.0,3.08,47.0,
2025-12-18,932006,中证REITs（收盘）指数,中证REITs（收盘）,CSI REITs (closing) Index,CSI REITs (closing),,,,780.58,-4.5,-0.57,60811634.0,2.76,47.0,
2025-12-19,932006,中证REITs（收盘）指数,中证REITs（收盘）,CSI REITs (closing) Index,CSI REITs (closing),,,,773.15,-7.42,-0.95,107507268.0,5.02,47.0,
2025-12-22,932006,中证REITs（收盘）指数,中证REITs（收盘）,CSI REITs (closing) Index,CSI REITs (closing),,,,767.42,-5.73,-0.74,93557913.0,4.17,47.0,
2025-12-23,932006,中证REITs（收盘）指数,中证REITs（收盘）,CSI REITs (closing) Index,CSI REITs (closing),,,,760.86,-6.57,-0.86,104637330.0,4.6,47.0,
2025-12-24,932006,中证REITs（收盘）指数,中证REITs（收盘）,CSI REITs (closing) Index,CSI REITs (closing),,,,777.72,16.86,2.22,125334407.0,5.84,47.0,
2025-12-25,932006,中证REITs（收盘）指数,中证REITs（收盘）,CSI REITs (closing) Index,CSI REITs (closing),,,,785.42,7.7,0.99,115428490.0,4.88,47.0,
2025-12-26,932006,中证REITs（收盘）指数,中证REITs（收盘）,CSI REITs (closing) Index,CSI REITs (closing),,,,783.86,-1.56,-0.2,55607604.0,2.35,47.0,
2025-12-29,932006,中证REITs（收盘）指数,中证REITs（收盘）,CSI REITs (closing) Index,CSI REITs (closing),,,,780.58,-3.29,-0.42,70553251.0,3.22,47.0,
2025-12-30,932006,中证REITs（收盘）指数,中证REITs（收盘）,CSI REITs (closing) Index,CSI REITs (closing),,,,779.17,-1.41,-0.18,64324227.0,2.88,47.0,
2025-12-31,932006,中证REITs（收盘）指数,中证REITs（收盘）,CSI REITs (closing) Index,CSI REITs (closing),,,,778.6,-0.57,-0.07,61752161.0,2.61,47.0,
2026-01-05,932006,中证REITs（收盘）指数,中证REITs（收盘）,CSI REITs (closing) Index,CSI REITs (closing),,,,783.23,4.63,0.59,97530807.0,3.93,47.0,
2026-01-06,932006,中证REITs（收盘）指数,中证REITs（收盘）,CSI REITs (closing) Index,CSI REITs (closing),,,,788.97,5.75,0.73,140946447.0,5.72,47.0,
2026-01-07,932006,中证REITs（收盘）指数,中证REITs（收盘）,CSI REITs (closing) Index,CSI REITs (closing),,,,793.28,4.31,0.55,136324049.0,5.8,47.0,
2026-01-08,932006,中证REITs（收盘）指数,中证REITs（收盘）,CSI REITs (closing) Index,CSI REITs (closing),,,,794.36,1.09,0.14,123825331.0,5.34,47.0,
2026-01-09,932006,中证REITs（收盘）指数,中证REITs（收盘）,CSI REITs (closing) Index,CSI REITs (closing),,,,793.05,-1.32,-0.17,119740754.0,5.38,47.0,
2026-01-12,932006,中证REITs（收盘）指数,中证REITs（收盘）,CSI REITs (closing) Index,CSI REITs (closing),,,,792.96,-0.09,-0.01,80016735.0,3.27,47.0,
2026-01-13,932006,中证REITs（收盘）指数,中证REITs（收盘）,CSI REITs (closing) Index,CSI REITs (closing),,,,792.15,-0.81,-0.1,90036322.0,3.64,47.0,
2026-01-14,932006,中证REITs（收盘）指数,中证REITs（收盘）,CSI REITs (closing) Index,CSI REITs (closing),,,,792.13,-0.02,0.0,96370988.0,3.96,47.0,
2026-01-15,932006,中证REITs（收盘）指数,中证REITs（收盘）,CSI REITs (closing) Index,CSI REITs (closing),,,,790.19,-1.94,-0.25,101651375.0,4.51,47.0,
2026-01-16,932006,中证REITs（收盘）指数,中证REITs（收盘）,CSI REITs (closing) Index,CSI REITs (closing),,,,790.22,0.03,0.0,82112312.0,3.61,47.0,
2026-01-19,932006,中证REITs（收盘）指数,中证REITs（收盘）,CSI REITs (closing) Index,CSI REITs (closing),,,,789.65,-0.57,-0.07,114453909.0,4.77,47.0,
2026-01-20,932006,中证REITs（收盘）指数,中证REITs（收盘）,CSI REITs (closing) Index,CSI REITs (closing),,,,793.25,3.6,0.46,114131922.0,4.5,47.0,
2026-01-21,932006,中证REITs（收盘）指数,中证REITs（收盘）,CSI REITs (closing) Index,CSI REITs (closing),,,,796.85,3.6,0.45,121112259.0,5.15,47.0,
2026-01-22,932006,中证REITs（收盘）指数,中证REITs（收盘）,CSI REITs (closing) Index,CSI REITs (closing),,,,803.52,6.67,0.84,125035018.0,5.75,47.0,
2026-01-23,932006,中证REITs（收盘）指数,中证REITs（收盘）,CSI REITs (closing) Index,CSI REITs (closing),,,,806.72,3.2,0.4,161723122.0,7.01,47.0,
2026-01-26,932006,中证REITs（收盘）指数,中证REITs（收盘）,CSI REITs (closing) Index,CSI REITs (closing),,,,804.74,-1.99,-0.25,97437387.0,3.79,47.0,
2026-01-27,932006,中证REITs（收盘）指数,中证REITs（收盘）,CSI REITs (closing) Index,CSI REITs (closing),,,,804.51,-0.22,-0.03,119471617.0,4.85,47.0,
2026-01-28,932006,中证REITs（收盘）指数,中证REITs（收盘）,CSI REITs (closing) Index,CSI REITs (closing),,,,804.75,0.24,0.03,115170494.0,4.52,47.0,
2026-01-29,932006,中证REITs（收盘）指数,中证REITs（收盘）,CSI REITs (closing) Index,CSI REITs (closing),,,,812.91,8.16,1.01,118909065.0,5.3,47.0,
2026-01-30,932006,中证REITs（收盘）指数,中证REITs（收盘）,CSI REITs (closing) Index,CSI REITs (closing),,,,809.56,-3.36,-0.41,99282019.0,4.13,47.0,
2026-02-02,932006,中证REITs（收盘）指数,中证REITs（收盘）,CSI REITs (closing) Index,CSI REITs (closing),,,,802.51,-7.04,-0.87,97679472.0,4.24,47.0,
2026-02-03,932006,中证REITs（收盘）指数,中证REITs（收盘）,CSI REITs (closing) Index,CSI REITs (closing),,,,803.58,1.07,0.13,101452776.0,4.35,47.0,
2026-02-04,932006,中证REITs（收盘）指数,中证REITs（收盘）,CSI REITs (closing) Index,CSI REITs (closing),,,,804.39,0.81,0.1,98559767.0,4.31,47.0,
2026-02-05,932006,中证REITs（收盘）指数,中证REITs（收盘）,CSI REITs (closing) Index,CSI REITs (closing),,,,802.81,-1.58,-0.2,80776848.0,3.35,47.0,
2026-02-06,932006,中证REITs（收盘）指数,中证REITs（收盘）,CSI REITs (closing) Index,CSI REITs (closing),,,,802.18,-0.63,-0.08,73045946.0,2.95,47.0,
2026-02-09,932006,中证REITs（收盘）指数,中证REITs（收盘）,CSI REITs (closing) Index,CSI REITs (closing),,,,800.55,-1.63,-0.2,62206050.0,2.95,47.0,
2026-02-10,932006,中证REITs（收盘）指数,中证REITs（收盘）,CSI REITs (closing) Index,CSI REITs (closing),,,,803.15,2.6,0.32,71961644.0,3.28,47.0,
2026-02-11,932006,中证REITs（收盘）指数,中证REITs（收盘）,CSI REITs (closing) Index,CSI REITs (closing),,,,803.15,0.0,0.0,96278104.0,4.01,47.0,
2026-02-12,932006,中证REITs（收盘）指数,中证REITs（收盘）,CSI REITs (closing) Index,CSI REITs (closing),,,,803.87,0.72,0.09,60230294.0,2.8,47.0,
2026-02-13,932006,中证REITs（收盘）指数,中证REITs（收盘）,CSI REITs (closing) Index,CSI REITs (closing),,,,804.77,0.9,0.11,49970504.0,2.06,47.0,
2026-02-24,932006,中证REITs（收盘）指数,中证REITs（收盘）,CSI REITs (closing) Index,CSI REITs (closing),,,,802.31,-2.46,-0.31,54348490.0,2.28,47.0,
2026-02-25,932006,中证REITs（收盘）指数,中证REITs（收盘）,CSI REITs (closing) Index,CSI REITs (closing),,,,802.67,0.37,0.05,72745890.0,2.74,47.0,
2026-02-26,932006,中证REITs（收盘）指数,中证REITs（收盘）,CSI REITs (closing) Index,CSI REITs (closing),,,,799.86,-2.82,-0.35,66071765.0,2.91,47.0,
2026-02-27,932006,中证REITs（收盘）指数,中证REITs（收盘）,CSI REITs (closing) Index,CSI REITs (closing),,,,796.08,-3.78,-0.47,74607823.0,3.37,47.0,
2026-03-02,932006,中证REITs（收盘）指数,中证REITs（收盘）,CSI REITs (closing) Index,CSI REITs (closing),,,,792.58,-3.5,-0.44,94221272.0,4.15,47.0,
2026-03-03,932006,中证REITs（收盘）指数,中证REITs（收盘）,CSI REITs (closing) Index,CSI REITs (closing),,,,794.37,1.78,0.23,88495109.0,4.05,47.0,
2026-03-04,932006,中证REITs（收盘）指数,中证REITs（收盘）,CSI REITs (closing) Index,CSI REITs (closing),,,,792.89,-1.47,-0.19,65155813.0,3.07,47.0,
2026-03-05,932006,中证REITs（收盘）指数,中证REITs（收盘）,CSI REITs (closing) Index,CSI REITs (closing),,,,792.23,-0.66,-0.08,59547982.0,2.89,47.0,
2026-03-06,932006,中证REITs（收盘）指数,中证REITs（收盘）,CSI REITs (closing) Index,CSI REITs (closing),,,,789.81,-2.42,-0.31,55736905.0,2.5,47.0,
2026-03-09,932006,中证REITs（收盘）指数,中证REITs（收盘）,CSI REITs (closing) Index,CSI REITs (closing),,,,786.1,-3.71,-0.47,80998741.0,3.58,47.0,
2026-03-10,932006,中证REITs（收盘）指数,中证REITs（收盘）,CSI REITs (closing) Index,CSI REITs (closing),,,,789.21,3.12,0.4,80591700.0,3.64,47.0,
2026-03-11,932006,中证REITs（收盘）指数,中证REITs（收盘）,CSI REITs (closing) Index,CSI REITs (closing),,,,788.64,-0.58,-0.07,65608397.0,2.89,47.0,
2026-03-12,932006,中证REITs（收盘）指数,中证REITs（收盘）,CSI REITs (closing) Index,CSI REITs (closing),,,,785.24,-3.4,-0.43,59430978.0,2.56,47.0,
2026-03-13,932006,中证REITs（收盘）指数,中证REITs（收盘）,CSI REITs (closing) Index,CSI REITs (closing),,,,786.17,0.94,0.12,66162073.0,2.81,47.0,
2026-03-16,932006,中证REITs（收盘）指数,中证REITs（收盘）,CSI REITs (closing) Index,CSI REITs (closing),,,,782.25,-3.92,-0.5,67475228.0,3.01,53.0,
2026-03-17,932006,中证REITs（收盘）指数,中证REITs（收盘）,CSI REITs (closing) Index,CSI REITs (closing),,,,783.87,1.62,0.21,81264492.0,3.57,53.0,
2026-03-18,932006,中证REITs（收盘）指数,中证REITs（收盘）,CSI REITs (closing) Index,CSI REITs (closing),,,,786.39,2.52,0.32,77858198.0,3.47,53.0,
2026-03-19,932006,中证REITs（收盘）指数,中证REITs（收盘）,CSI REITs (closing) Index,CSI REITs (closing),,,,786.42,0.04,0.0,64028313.0,2.75,53.0,
2026-03-20,932006,中证REITs（收盘）指数,中证REITs（收盘）,CSI REITs (closing) Index,CSI REITs (closing),,,,785.01,-1.41,-0.18,65980708.0,2.83,53.0,
2026-03-23,932006,中证REITs（收盘）指数,中证REITs（收盘）,CSI REITs (closing) Index,CSI REITs (closing),,,,777.53,-7.48,-0.95,76101722.0,3.43,53.0,
2026-03-24,932006,中证REITs（收盘）指数,中证REITs（收盘）,CSI REITs (closing) Index,CSI REITs (closing),,,,778.87,1.34,0.17,76651240.0,3.49,53.0,
2026-03-25,932006,中证REITs（收盘）指数,中证REITs（收盘）,CSI REITs (closing) Index,CSI REITs (closing),,,,779.52,0.66,0.08,74562527.0,3.1,53.0,
2026-03-26,932006,中证REITs（收盘）指数,中证REITs（收盘）,CSI REITs (closing) Index,CSI REITs (closing),,,,778.15,-1.37,-0.18,78887666.0,3.32,53.0,
2026-03-27,932006,中证REITs（收盘）指数,中证REITs（收盘）,CSI REITs (closing) Index,CSI REITs (closing),,,,778.53,0.38,0.05,66965793.0,2.92,53.0,
2026-03-30,932006,中证REITs（收盘）指数,中证REITs（收盘）,CSI REITs (closing) Index,CSI REITs (closing),,,,777.93,-0.59,-0.08,76980949.0,3.5,53.0,
2026-03-31,932006,中证REITs（收盘）指数,中证REITs（收盘）,CSI REITs (closing) Index,CSI REITs (closing),,,,776.11,-1.82,-0.23,64402949.0,3.06,53.0,
2026-04-01,932006,中证REITs（收盘）指数,中证REITs（收盘）,CSI REITs (closing) Index,CSI REITs (closing),,,,776.28,0.17,0.02,65773051.0,2.82,53.0,
2026-04-02,932006,中证REITs（收盘）指数,中证REITs（收盘）,CSI REITs (closing) Index,CSI REITs (closing),,,,775.57,-0.7,-0.09,72293497.0,3.26,53.0,
2026-04-03,932006,中证REITs（收盘）指数,中证REITs（收盘）,CSI REITs (closing) Index,CSI REITs (closing),,,,777.49,1.91,0.25,90882418.0,3.92,53.0,
2026-04-07,932006,中证REITs（收盘）指数,中证REITs（收盘）,CSI REITs (closing) Index,CSI REITs (closing),,,,778.75,1.27,0.16,86063029.0,3.84,53.0,
2026-04-08,932006,中证REITs（收盘）指数,中证REITs（收盘）,CSI REITs (closing) Index,CSI REITs (closing),,,,782.86,4.11,0.53,103871083.0,4.63,53.0,
2026-04-09,932006,中证REITs（收盘）指数,中证REITs（收盘）,CSI REITs (closing) Index,CSI REITs (closing),,,,780.64,-2.22,-0.28,64867168.0,3.12,53.0,
2026-04-10,932006,中证REITs（收盘）指数,中证REITs（收盘）,CSI REITs (closing) Index,CSI REITs (closing),,,,780.43,-0.21,-0.03,67256525.0,3.14,53.0,
2026-04-13,932006,中证REITs（收盘）指数,中证REITs（收盘）,CSI REITs (closing) Index,CSI REITs (closing),,,,778.9,-1.53,-0.2,71622688.0,3.18,53.0,
2026-04-14,932006,中证REITs（收盘）指数,中证REITs（收盘）,CSI REITs (closing) Index,CSI REITs (closing),,,,781.78,2.88,0.37,90094040.0,3.98,53.0,
2026-04-15,932006,中证REITs（收盘）指数,中证REITs（收盘）,CSI REITs (closing) Index,CSI REITs (closing),,,,781.05,-0.73,-0.09,111290633.0,4.83,53.0,
2026-04-16,932006,中证REITs（收盘）指数,中证REITs（收盘）,CSI REITs (closing) Index,CSI REITs (closing),,,,786.34,5.29,0.68,125350160.0,5.45,53.0,
2026-04-17,932006,中证REITs（收盘）指数,中证REITs（收盘）,CSI REITs (closing) Index,CSI REITs (closing),,,,786.33,-0.01,0.0,65021291.0,2.92,53.0,
2026-04-20,932006,中证REITs（收盘）指数,中证REITs（收盘）,CSI REITs (closing) Index,CSI REITs (closing),,,,786.53,0.2,0.03,104993610.0,4.41,53.0,
2026-04-21,932006,中证REITs（收盘）指数,中证REITs（收盘）,CSI REITs (closing) Index,CSI REITs (closing),,,,784.37,-2.16,-0.27,115449384.0,4.93,53.0,
2026-04-22,932006,中证REITs（收盘）指数,中证REITs（收盘）,CSI REITs (closing) Index,CSI REITs (closing),,,,784.81,0.44,0.06,123731679.0,4.96,53.0,
2026-04-23,932006,中证REITs（收盘）指数,中证REITs（收盘）,CSI REITs (closing) Index,CSI REITs (closing),,,,782.27,-2.55,-0.32,93544034.0,3.99,53.0,
2026-04-24,932006,中证REITs（收盘）指数,中证REITs（收盘）,CSI REITs (closing) Index,CSI REITs (closing),,,,780.14,-2.12,-0.27,98020104.0,4.31,53.0,
2026-04-27,932006,中证REITs（收盘）指数,中证REITs（收盘）,CSI REITs (closing) Index,CSI REITs (closing),,,,773.97,-6.17,-0.79,84375171.0,3.88,53.0,
2026-04-28,932006,中证REITs（收盘）指数,中证REITs（收盘）,CSI REITs (closing) Index,CSI REITs (closing),,,,771.99,-1.98,-0.26,73052533.0,3.57,53.0,
2026-04-29,932006,中证REITs（收盘）指数,中证REITs（收盘）,CSI REITs (closing) Index,CSI REITs (closing),,,,769.77,-2.22,-0.29,59977289.0,2.63,53.0,
2026-04-30,932006,中证REITs（收盘）指数,中证REITs（收盘）,CSI REITs (closing) Index,CSI REITs (closing),,,,767.74,-2.02,-0.26,70485783.0,3.24,53.0,
2026-05-06,932006,中证REITs（收盘）指数,中证REITs（收盘）,CSI REITs (closing) Index,CSI REITs (closing),,,,765.96,-1.79,-0.23,68127852.0,2.98,53.0,
2026-05-07,932006,中证REITs（收盘）指数,中证REITs（收盘）,CSI REITs (closing) Index,CSI REITs (closing),,,,766.59,0.64,0.08,66658950.0,2.98,53.0,
2026-05-08,932006,中证REITs（收盘）指数,中证REITs（收盘）,CSI REITs (closing) Index,CSI REITs (closing),,,,767.57,0.98,0.13,70515550.0,3.23,53.0,
2026-05-11,932006,中证REITs（收盘）指数,中证REITs（收盘）,CSI REITs (closing) Index,CSI REITs (closing),,,,765.57,-2.01,-0.26,101580214.0,4.21,53.0,
2026-05-12,932006,中证REITs（收盘）指数,中证REITs（收盘）,CSI REITs (closing) Index,CSI REITs (closing),,,,764.5,-1.07,-0.14,95519272.0,3.93,53.0,
2026-05-13,932006,中证REITs（收盘）指数,中证REITs（收盘）,CSI REITs (closing) Index,CSI REITs (closing),,,,760.23,-4.27,-0.56,93076995.0,3.59,53.0,
2026-05-14,932006,中证REITs（收盘）指数,中证REITs（收盘）,CSI REITs (closing) Index,CSI REITs (closing),,,,754.61,-5.62,-0.74,108110772.0,4.18,53.0,
2026-05-15,932006,中证REITs（收盘）指数,中证REITs（收盘）,CSI REITs (closing) Index,CSI REITs (closing),,,,750.6,-4.0,-0.53,107381480.0,3.72,53.0,
2026-05-18,932006,中证REITs（收盘）指数,中证REITs（收盘）,CSI REITs (closing) Index,CSI REITs (closing),,,,750.67,0.06,0.01,155233669.0,5.76,53.0,
2026-05-19,932006,中证REITs（收盘）指数,中证REITs（收盘）,CSI REITs (closing) Index,CSI REITs (closing),,,,767.54,16.87,2.25,210777424.0,8.64,53.0,
2026-05-20,932006,中证REITs（收盘）指数,中证REITs（收盘）,CSI REITs (closing) Index,CSI REITs (closing),,,,764.71,-2.83,-0.37,144350190.0,5.68,53.0,
2026-05-21,932006,中证REITs（收盘）指数,中证REITs（收盘）,CSI REITs (closing) Index,CSI REITs (closing),,,,759.83,-4.88,-0.64,106518931.0,4.38,53.0,
2026-05-22,932006,中证REITs（收盘）指数,中证REITs（收盘）,CSI REITs (closing) Index,CSI REITs (closing),,,,759.53,-0.3,-0.04,86509842.0,3.81,53.0,
2026-05-25,932006,中证REITs（收盘）指数,中证REITs（收盘）,CSI REITs (closing) Index,CSI REITs (closing),,,,757.62,-1.91,-0.25,84292384.0,3.62,53.0,
2026-05-26,932006,中证REITs（收盘）指数,中证REITs（收盘）,CSI REITs (closing) Index,CSI REITs (closing),,,,754.03,-3.6,-0.47,117043234.0,5.02,53.0,
2026-05-27,932006,中证REITs（收盘）指数,中证REITs（收盘）,CSI REITs (closing) Index,CSI REITs (closing),,,,744.16,-9.87,-1.31,105478502.0,4.23,53.0,
2026-05-28,932006,中证REITs（收盘）指数,中证REITs（收盘）,CSI REITs (closing) Index,CSI REITs (closing),,,,738.38,-5.78,-0.78,125523937.0,4.56,53.0,
2026-05-29,932006,中证REITs（收盘）指数,中证REITs（收盘）,CSI REITs (closing) Index,CSI REITs (closing),,,,744.32,5.94,0.8,101905611.0,3.81,53.0,
2026-06-01,932006,中证REITs（收盘）指数,中证REITs（收盘）,CSI REITs (closing) Index,CSI REITs (closing),,,,751.88,7.57,1.02,107781270.0,3.98,53.0,
2026-06-02,932006,中证REITs（收盘）指数,中证REITs（收盘）,CSI REITs (closing) Index,CSI REITs (closing),,,,750.89,-1.0,-0.13,96542208.0,3.76,53.0,
2026-06-03,932006,中证REITs（收盘）指数,中证REITs（收盘）,CSI REITs (closing) Index,CSI REITs (closing),,,,751.75,0.86,0.11,87375629.0,3.48,53.0,
2026-06-04,932006,中证REITs（收盘）指数,中证REITs（收盘）,CSI REITs (closing) Index,CSI REITs (closing),,,,752.5,0.75,0.1,73488149.0,2.92,53.0,
2026-06-05,932006,中证REITs（收盘）指数,中证REITs（收盘）,CSI REITs (closing) Index,CSI REITs (closing),,,,754.05,1.55,0.21,72328308.0,3.01,53.0,
2026-06-08,932006,中证REITs（收盘）指数,中证REITs（收盘）,CSI REITs (closing) Index,CSI REITs (closing),,,,751.62,-2.43,-0.32,86401414.0,3.3,53.0,
2026-06-09,932006,中证REITs（收盘）指数,中证REITs（收盘）,CSI REITs (closing) Index,CSI REITs (closing),,,,747.38,-4.24,-0.56,80128648.0,3.63,53.0,
2026-06-10,932006,中证REITs（收盘）指数,中证REITs（收盘）,CSI REITs (closing) Index,CSI REITs (closing),,,,741.49,-5.89,-0.79,66657512.0,2.57,53.0,
2026-06-11,932006,中证REITs（收盘）指数,中证REITs（收盘）,CSI REITs (closing) Index,CSI REITs (closing),,,,736.67,-4.82,-0.65,88534845.0,3.48,53.0,
2026-06-12,932006,中证REITs（收盘）指数,中证REITs（收盘）,CSI REITs (closing) Index,CSI REITs (closing),,,,739.08,2.4,0.33,74737571.0,3.27,53.0,
2026-06-15,932006,中证REITs（收盘）指数,中证REITs（收盘）,CSI REITs (closing) Index,CSI REITs (closing),,,,737.78,-1.3,-0.18,59430329.0,2.57,51.0,
2026-06-16,932006,中证REITs（收盘）指数,中证REITs（收盘）,CSI REITs (closing) Index,CSI REITs (closing),,,,736.83,-0.95,-0.13,58937226.0,2.49,51.0,
2026-06-17,932006,中证REITs（收盘）指数,中证REITs（收盘）,CSI REITs (closing) Index,CSI REITs (closing),,,,736.48,-0.35,-0.05,50176918.0,2.29,51.0,
2026-06-18,932006,中证REITs（收盘）指数,中证REITs（收盘）,CSI REITs (closing) Index,CSI REITs (closing),,,,726.92,-9.56,-1.3,77521327.0,3.06,51.0,
2026-06-22,932006,中证REITs（收盘）指数,中证REITs（收盘）,CSI REITs (closing) Index,CSI REITs (closing),,,,712.12,-14.8,-2.04,126054562.0,4.59,51.0,
2026-06-23,932006,中证REITs（收盘）指数,中证REITs（收盘）,CSI REITs (closing) Index,CSI REITs (closing),,,,707.11,-5.01,-0.7,137278449.0,4.79,51.0,
2026-06-24,932006,中证REITs（收盘）指数,中证REITs（收盘）,CSI REITs (closing) Index,CSI REITs (closing),,,,697.54,-9.56,-1.35,122730793.0,4.75,51.0,
2026-06-25,932006,中证REITs（收盘）指数,中证REITs（收盘）,CSI REITs (closing) Index,CSI REITs (closing),,,,713.84,16.3,2.34,156022560.0,5.73,51.0,
2026-06-26,932006,中证REITs（收盘）指数,中证REITs（收盘）,CSI REITs (closing) Index,CSI REITs (closing),,,,709.51,-4.32,-0.61,125743296.0,4.91,51.0,
2026-06-29,932006,中证REITs（收盘）指数,中证REITs（收盘）,CSI REITs (closing) Index,CSI REITs (closing),,,,719.96,10.44,1.47,101407660.0,4.03,51.0,
2026-06-30,932006,中证REITs（收盘）指数,中证REITs（收盘）,CSI REITs (closing) Index,CSI REITs (closing),,,,728.62,8.66,1.2,104195453.0,4.12,51.0,
2026-07-01,932006,中证REITs（收盘）指数,中证REITs（收盘）,CSI REITs (closing) Index,CSI REITs (closing),,,,730.4,1.77,0.24,93107601.0,3.77,51.0,
2026-07-02,932006,中证REITs（收盘）指数,中证REITs（收盘）,CSI REITs (closing) Index,CSI REITs (closing),,,,727.65,-2.74,-0.38,85412327.0,3.44,51.0,
2026-07-03,932006,中证REITs（收盘）指数,中证REITs（收盘）,CSI REITs (closing) Index,CSI REITs (closing),,,,736.94,9.29,1.28,89776305.0,3.73,51.0,
2026-07-06,932006,中证REITs（收盘）指数,中证REITs（收盘）,CSI REITs (closing) Index,CSI REITs (closing),,,,738.37,1.43,0.19,95857371.0,3.99,51.0,
2026-07-07,932006,中证REITs（收盘）指数,中证REITs（收盘）,CSI REITs (closing) Index,CSI REITs (closing),,,,735.05,-3.32,-0.45,76991340.0,3.19,51.0,
2026-07-08,932006,中证REITs（收盘）指数,中证REITs（收盘）,CSI REITs (closing) Index,CSI REITs (closing),,,,729.68,-5.37,-0.73,74350406.0,3.13,51.0,
2026-07-09,932006,中证REITs（收盘）指数,中证REITs（收盘）,CSI REITs (closing) Index,CSI REITs (closing),,,,730.46,0.78,0.11,88705790.0,3.61,51.0,
2026-07-10,932006,中证REITs（收盘）指数,中证REITs（收盘）,CSI REITs (closing) Index,CSI REITs (closing),,,,735.6,5.14,0.7,86285418.0,3.72,51.0,
2026-07-13,932006,中证REITs（收盘）指数,中证REITs（收盘）,CSI REITs (closing) Index,CSI REITs (closing),,,,733.01,-2.59,-0.35,66729071.0,2.79,51.0,
2026-07-14,932006,中证REITs（收盘）指数,中证REITs（收盘）,CSI REITs (closing) Index,CSI REITs (closing),,,,731.13,-1.88,-0.26,74674613.0,3.27,51.0,
2026-07-15,932006,中证REITs（收盘）指数,中证REITs（收盘）,CSI REITs (closing) Index,CSI REITs (closing),,,,727.8,-3.34,-0.46,69131246.0,3.02,51.0,
2026-07-16,932006,中证REITs（收盘）指数,中证REITs（收盘）,CSI REITs (closing) Index,CSI REITs (closing),,,,731.41,3.61,0.5,88981059.0,3.85,51.0,
2026-07-17,932006,中证REITs（收盘）指数,中证REITs（收盘）,CSI REITs (closing) Index,CSI REITs (closing),,,,727.61,-3.8,-0.52,76171131.0,2.96,51.0,
2026-07-20,932006,中证REITs（收盘）指数,中证REITs（收盘）,CSI REITs (closing) Index,CSI REITs (closing),,,,723.2,-4.41,-0.61,62409838.0,2.38,51.0,
2026-07-21,932006,中证REITs（收盘）指数,中证REITs（收盘）,CSI REITs (closing) Index,CSI REITs (closing),,,,718.47,-4.73,-0.65,78920174.0,3.17,51.0,
2026-07-22,932006,中证REITs（收盘）指数,中证REITs（收盘）,CSI REITs (closing) Index,CSI REITs (closing),,,,711.77,-6.7,-0.93,90654143.0,3.6,51.0,
2026-07-23,932006,中证REITs（收盘）指数,中证REITs（收盘）,CSI REITs (closing) Index,CSI REITs (closing),,,,710.83,-0.93,-0.13,92808438.0,3.44,51.0,
2026-07-24,932006,中证REITs（收盘）指数,中证REITs（收盘）,CSI REITs (closing) Index,CSI REITs (closing),,,,710.62,-0.22,-0.03,82165708.0,3.49,51.0,
2026-07-27,932006,中证REITs（收盘）指数,中证REITs（收盘）,CSI REITs (closing) Index,CSI REITs (closing),,,,706.44,-4.17,-0.59,69367591.0,2.98,51.0,
2026-07-28,932006,中证REITs（收盘）指数,中证REITs（收盘）,CSI REITs (closing) Index,CSI REITs (closing),,,,703.59,-2.85,-0.4,61373943.0,2.22,51.0,
2026-07-29,932006,中证REITs（收盘）指数,中证REITs（收盘）,CSI REITs (closing) Index,CSI REITs (closing),,,,704.66,1.07,0.15,67988585.0,2.7,51.0,
2026-07-30,932006,中证REITs（收盘）指数,中证REITs（收盘）,CSI REITs (closing) Index,CSI REITs (closing),,,,705.66,1.0,0.14,76003160.0,3.2,51.0,
2026-07-31,932006,中证REITs（收盘）指数,中证REITs（收盘）,CSI REITs (closing) Index,CSI REITs (closing),,,,713.57,7.91,1.12,86052370.0,3.48,51.0,
