date,code,name,group,open,high,low,close,volume,amount
2022-08-31,180501.SZ,红土创新深圳安居REIT,B,3.229,3.229,3.229,3.229,16562894,
2022-09-01,180501.SZ,红土创新深圳安居REIT,B,3.358,3.47,3.25,3.406,46851481,
2022-09-02,180501.SZ,红土创新深圳安居REIT,B,3.41,3.426,3.358,3.407,9101380,
2022-09-05,180501.SZ,红土创新深圳安居REIT,B,3.478,3.478,3.395,3.395,5020524,
2022-09-06,180501.SZ,红土创新深圳安居REIT,B,3.4,3.412,3.371,3.404,6657104,
2022-09-07,180501.SZ,红土创新深圳安居REIT,B,3.406,3.418,3.4,3.416,2705698,
2022-09-08,180501.SZ,红土创新深圳安居REIT,B,3.475,3.475,3.416,3.428,3714840,
2022-09-09,180501.SZ,红土创新深圳安居REIT,B,3.43,3.44,3.426,3.427,3609957,
2022-09-13,180501.SZ,红土创新深圳安居REIT,B,3.426,3.427,3.401,3.423,2540160,
2022-09-14,180501.SZ,红土创新深圳安居REIT,B,3.419,3.435,3.405,3.418,3488943,
2022-09-15,180501.SZ,红土创新深圳安居REIT,B,3.419,3.424,3.412,3.413,1820618,
2022-09-16,180501.SZ,红土创新深圳安居REIT,B,3.413,3.413,3.386,3.398,3797004,
2022-09-19,180501.SZ,红土创新深圳安居REIT,B,3.399,3.407,3.39,3.393,2504932,
2022-09-20,180501.SZ,红土创新深圳安居REIT,B,3.393,3.393,3.383,3.389,1276186,
2022-09-21,180501.SZ,红土创新深圳安居REIT,B,3.389,3.392,3.384,3.39,852642,
2022-09-22,180501.SZ,红土创新深圳安居REIT,B,3.39,3.398,3.377,3.394,1582070,
2022-09-23,180501.SZ,红土创新深圳安居REIT,B,3.394,3.401,3.387,3.395,1377797,
2022-09-26,180501.SZ,红土创新深圳安居REIT,B,3.395,3.403,3.392,3.392,913884,
2022-09-27,180501.SZ,红土创新深圳安居REIT,B,3.394,3.401,3.386,3.388,1823716,
2022-09-28,180501.SZ,红土创新深圳安居REIT,B,3.388,3.6,3.384,3.4,3249424,
2022-09-29,180501.SZ,红土创新深圳安居REIT,B,3.4,3.4,3.381,3.385,969048,
2022-09-30,180501.SZ,红土创新深圳安居REIT,B,3.387,3.395,3.379,3.381,764606,
2022-10-10,180501.SZ,红土创新深圳安居REIT,B,3.381,3.381,3.32,3.326,2256236,
2022-10-11,180501.SZ,红土创新深圳安居REIT,B,3.326,3.329,3.245,3.276,4305822,
2022-10-12,180501.SZ,红土创新深圳安居REIT,B,3.262,3.28,3.262,3.277,741291,
2022-10-13,180501.SZ,红土创新深圳安居REIT,B,3.278,3.3,3.271,3.273,1235058,
2022-10-14,180501.SZ,红土创新深圳安居REIT,B,3.272,3.276,3.261,3.276,1362811,
2022-10-17,180501.SZ,红土创新深圳安居REIT,B,3.277,3.278,3.27,3.272,995507,
2022-10-18,180501.SZ,红土创新深圳安居REIT,B,3.271,3.276,3.268,3.272,1280452,
2022-10-19,180501.SZ,红土创新深圳安居REIT,B,3.272,3.276,3.265,3.268,1887266,
2022-10-20,180501.SZ,红土创新深圳安居REIT,B,3.266,3.266,3.244,3.264,5098607,
2022-10-21,180501.SZ,红土创新深圳安居REIT,B,3.264,3.264,3.23,3.253,3117830,
2022-10-24,180501.SZ,红土创新深圳安居REIT,B,3.253,3.253,3.217,3.218,1806461,
2022-10-25,180501.SZ,红土创新深圳安居REIT,B,3.217,3.217,3.166,3.168,3443532,
2022-10-26,180501.SZ,红土创新深圳安居REIT,B,3.167,3.195,3.165,3.192,1743937,
2022-10-27,180501.SZ,红土创新深圳安居REIT,B,3.192,3.21,3.192,3.208,3167315,
2022-10-28,180501.SZ,红土创新深圳安居REIT,B,3.208,3.211,3.183,3.208,3734652,
2022-10-31,180501.SZ,红土创新深圳安居REIT,B,3.208,3.228,3.168,3.222,2787888,
2022-11-01,180501.SZ,红土创新深圳安居REIT,B,3.222,3.237,3.222,3.233,539021,
2022-11-02,180501.SZ,红土创新深圳安居REIT,B,3.234,3.25,3.234,3.241,1998686,
2022-11-03,180501.SZ,红土创新深圳安居REIT,B,3.241,3.25,3.241,3.248,523554,
2022-11-04,180501.SZ,红土创新深圳安居REIT,B,3.248,3.333,3.248,3.329,2874370,
2022-11-07,180501.SZ,红土创新深圳安居REIT,B,3.319,3.319,3.289,3.29,2638831,
2022-11-08,180501.SZ,红土创新深圳安居REIT,B,3.289,3.298,3.267,3.269,536844,
2022-11-09,180501.SZ,红土创新深圳安居REIT,B,3.269,3.293,3.249,3.251,1090176,
2022-11-10,180501.SZ,红土创新深圳安居REIT,B,3.256,3.278,3.222,3.229,1267638,
2022-11-11,180501.SZ,红土创新深圳安居REIT,B,3.225,3.277,3.221,3.257,1417538,
2022-11-14,180501.SZ,红土创新深圳安居REIT,B,3.257,3.257,3.218,3.238,1106126,
2022-11-15,180501.SZ,红土创新深圳安居REIT,B,3.235,3.243,3.232,3.235,2453467,
2022-11-16,180501.SZ,红土创新深圳安居REIT,B,3.236,3.24,2.912,3.2,2333506,
2022-11-17,180501.SZ,红土创新深圳安居REIT,B,3.198,3.199,3.11,3.123,1646354,
2022-11-18,180501.SZ,红土创新深圳安居REIT,B,3.12,3.129,3.075,3.1,1260268,
2022-11-21,180501.SZ,红土创新深圳安居REIT,B,3.092,3.106,3.055,3.103,2006113,
2022-11-22,180501.SZ,红土创新深圳安居REIT,B,3.101,3.101,3.055,3.084,403639,
2022-11-23,180501.SZ,红土创新深圳安居REIT,B,3.084,3.086,3.07,3.074,407976,
2022-11-24,180501.SZ,红土创新深圳安居REIT,B,3.073,3.075,3.041,3.05,2607280,
2022-11-25,180501.SZ,红土创新深圳安居REIT,B,3.05,3.057,3.043,3.045,638447,
2022-11-28,180501.SZ,红土创新深圳安居REIT,B,3.045,3.045,3.0,3.017,483997,
2022-11-29,180501.SZ,红土创新深圳安居REIT,B,3.016,3.032,3.016,3.031,656684,
2022-11-30,180501.SZ,红土创新深圳安居REIT,B,3.031,3.031,3.025,3.028,351587,
2022-12-01,180501.SZ,红土创新深圳安居REIT,B,3.027,3.031,3.015,3.031,1779866,
2022-12-02,180501.SZ,红土创新深圳安居REIT,B,3.031,3.06,3.03,3.06,923785,
2022-12-05,180501.SZ,红土创新深圳安居REIT,B,3.06,3.104,3.06,3.1,1342683,
2022-12-06,180501.SZ,红土创新深圳安居REIT,B,3.1,3.113,3.099,3.101,1927954,
2022-12-07,180501.SZ,红土创新深圳安居REIT,B,3.102,3.102,3.088,3.09,867199,
2022-12-08,180501.SZ,红土创新深圳安居REIT,B,3.09,3.09,3.043,3.085,1055336,
2022-12-09,180501.SZ,红土创新深圳安居REIT,B,3.085,3.085,3.071,3.073,887835,
2022-12-12,180501.SZ,红土创新深圳安居REIT,B,3.072,3.073,3.056,3.056,1259465,
2022-12-13,180501.SZ,红土创新深圳安居REIT,B,3.056,3.056,3.031,3.033,400979,
2022-12-14,180501.SZ,红土创新深圳安居REIT,B,3.033,3.033,3.018,3.02,330809,
2022-12-15,180501.SZ,红土创新深圳安居REIT,B,3.02,3.03,3.02,3.022,430187,
2022-12-16,180501.SZ,红土创新深圳安居REIT,B,3.023,3.023,3.007,3.008,1271742,
2022-12-19,180501.SZ,红土创新深圳安居REIT,B,3.008,3.008,2.991,2.996,412018,
2022-12-20,180501.SZ,红土创新深圳安居REIT,B,2.996,2.996,2.913,2.925,1366156,
2022-12-21,180501.SZ,红土创新深圳安居REIT,B,2.919,2.97,2.899,2.899,1014201,
2022-12-22,180501.SZ,红土创新深圳安居REIT,B,2.9,2.917,2.9,2.9,371187,
2022-12-23,180501.SZ,红土创新深圳安居REIT,B,2.9,2.919,2.9,2.91,528441,
2022-12-26,180501.SZ,红土创新深圳安居REIT,B,2.909,2.999,2.79,2.894,347757,
2022-12-27,180501.SZ,红土创新深圳安居REIT,B,2.895,2.895,2.855,2.857,1857205,
2022-12-28,180501.SZ,红土创新深圳安居REIT,B,2.84,2.847,2.8,2.807,1784159,
2022-12-29,180501.SZ,红土创新深圳安居REIT,B,2.807,2.812,2.744,2.756,3054375,
2022-12-30,180501.SZ,红土创新深圳安居REIT,B,2.756,2.82,2.6,2.719,2769559,
2023-01-03,180501.SZ,红土创新深圳安居REIT,B,2.718,2.718,2.682,2.687,2066432,
2023-01-04,180501.SZ,红土创新深圳安居REIT,B,2.687,2.687,2.679,2.682,1028761,
2023-01-05,180501.SZ,红土创新深圳安居REIT,B,2.68,2.691,2.68,2.69,810820,
2023-01-06,180501.SZ,红土创新深圳安居REIT,B,2.69,2.718,2.69,2.718,2311877,
2023-01-09,180501.SZ,红土创新深圳安居REIT,B,2.71,2.747,2.71,2.747,1219407,
2023-01-10,180501.SZ,红土创新深圳安居REIT,B,2.747,2.756,2.747,2.748,2306489,
2023-01-11,180501.SZ,红土创新深圳安居REIT,B,2.748,2.762,2.74,2.747,2914312,
2023-01-12,180501.SZ,红土创新深圳安居REIT,B,2.747,2.747,2.735,2.743,1175803,
2023-01-13,180501.SZ,红土创新深圳安居REIT,B,2.743,2.75,2.738,2.739,2469168,
2023-01-16,180501.SZ,红土创新深圳安居REIT,B,2.74,2.75,2.725,2.728,1469035,
2023-01-17,180501.SZ,红土创新深圳安居REIT,B,2.728,2.735,2.705,2.705,1130185,
2023-01-18,180501.SZ,红土创新深圳安居REIT,B,2.71,2.71,2.7,2.702,1269998,
2023-01-19,180501.SZ,红土创新深圳安居REIT,B,2.702,2.702,2.699,2.702,1301329,
2023-01-20,180501.SZ,红土创新深圳安居REIT,B,2.703,2.732,2.702,2.732,1619324,
2023-01-30,180501.SZ,红土创新深圳安居REIT,B,2.736,2.796,2.736,2.769,3408781,
2023-01-31,180501.SZ,红土创新深圳安居REIT,B,2.769,2.86,2.769,2.857,2856011,
2023-02-01,180501.SZ,红土创新深圳安居REIT,B,2.858,2.95,2.858,2.937,4057471,
2023-02-02,180501.SZ,红土创新深圳安居REIT,B,2.938,2.952,2.93,2.932,4727163,
2023-02-03,180501.SZ,红土创新深圳安居REIT,B,2.931,2.932,2.903,2.907,2540582,
2023-02-06,180501.SZ,红土创新深圳安居REIT,B,2.907,2.915,2.904,2.91,2258623,
2023-02-07,180501.SZ,红土创新深圳安居REIT,B,2.91,2.919,2.88,2.884,2086927,
2023-02-08,180501.SZ,红土创新深圳安居REIT,B,2.885,2.886,2.87,2.875,1738091,
2023-02-09,180501.SZ,红土创新深圳安居REIT,B,2.873,2.873,2.861,2.868,1277768,
2023-02-10,180501.SZ,红土创新深圳安居REIT,B,2.868,2.871,2.865,2.871,2470153,
2023-02-13,180501.SZ,红土创新深圳安居REIT,B,2.87,2.893,2.866,2.893,2529822,
2023-02-14,180501.SZ,红土创新深圳安居REIT,B,2.894,2.959,2.894,2.956,3118855,
2023-02-15,180501.SZ,红土创新深圳安居REIT,B,2.97,2.995,2.91,2.97,5509699,
2023-02-16,180501.SZ,红土创新深圳安居REIT,B,2.969,2.969,2.92,2.926,2573036,
2023-02-17,180501.SZ,红土创新深圳安居REIT,B,2.923,2.948,2.892,2.933,4008438,
2023-02-20,180501.SZ,红土创新深圳安居REIT,B,2.931,2.932,2.925,2.931,1289679,
2023-02-21,180501.SZ,红土创新深圳安居REIT,B,2.932,2.939,2.93,2.939,2518444,
2023-02-22,180501.SZ,红土创新深圳安居REIT,B,2.939,2.943,2.923,2.938,1335006,
2023-02-23,180501.SZ,红土创新深圳安居REIT,B,2.935,2.938,2.929,2.929,1555899,
2023-02-24,180501.SZ,红土创新深圳安居REIT,B,2.932,2.932,2.884,2.888,1682979,
2023-02-27,180501.SZ,红土创新深圳安居REIT,B,2.893,2.91,2.89,2.89,1046258,
2023-02-28,180501.SZ,红土创新深圳安居REIT,B,2.888,2.89,2.882,2.883,463581,
2023-03-01,180501.SZ,红土创新深圳安居REIT,B,2.883,2.89,2.882,2.888,670442,
2023-03-02,180501.SZ,红土创新深圳安居REIT,B,2.888,2.89,2.886,2.89,1491300,
2023-03-03,180501.SZ,红土创新深圳安居REIT,B,2.89,2.898,2.887,2.889,1468890,
2023-03-06,180501.SZ,红土创新深圳安居REIT,B,2.889,2.889,2.877,2.878,772034,
2023-03-07,180501.SZ,红土创新深圳安居REIT,B,2.878,2.878,2.872,2.872,2292738,
2023-03-08,180501.SZ,红土创新深圳安居REIT,B,2.872,2.872,2.844,2.846,860901,
2023-03-09,180501.SZ,红土创新深圳安居REIT,B,2.846,2.86,2.845,2.857,986300,
2023-03-10,180501.SZ,红土创新深圳安居REIT,B,2.857,2.864,2.84,2.864,1231496,
2023-03-13,180501.SZ,红土创新深圳安居REIT,B,2.852,2.898,2.85,2.897,4132022,
2023-03-14,180501.SZ,红土创新深圳安居REIT,B,2.9,2.918,2.898,2.901,3705754,
2023-03-15,180501.SZ,红土创新深圳安居REIT,B,2.901,2.901,2.87,2.876,3063455,
2023-03-16,180501.SZ,红土创新深圳安居REIT,B,2.876,2.885,2.845,2.87,1453383,
2023-03-17,180501.SZ,红土创新深圳安居REIT,B,2.87,2.87,2.854,2.856,2316067,
2023-03-20,180501.SZ,红土创新深圳安居REIT,B,2.856,2.865,2.837,2.839,4452238,
2023-03-21,180501.SZ,红土创新深圳安居REIT,B,2.841,2.841,2.828,2.828,2386197,
2023-03-22,180501.SZ,红土创新深圳安居REIT,B,2.828,2.828,2.814,2.818,2129094,
2023-03-23,180501.SZ,红土创新深圳安居REIT,B,2.825,2.825,2.817,2.819,1923860,
2023-03-24,180501.SZ,红土创新深圳安居REIT,B,2.819,2.82,2.813,2.818,1824083,
2023-03-27,180501.SZ,红土创新深圳安居REIT,B,2.816,2.822,2.812,2.814,3392433,
2023-03-28,180501.SZ,红土创新深圳安居REIT,B,2.814,2.832,2.783,2.784,2795235,
2023-03-29,180501.SZ,红土创新深圳安居REIT,B,2.784,2.794,2.775,2.775,3667935,
2023-03-30,180501.SZ,红土创新深圳安居REIT,B,2.775,2.783,2.756,2.765,2196549,
2023-03-31,180501.SZ,红土创新深圳安居REIT,B,2.763,2.795,2.753,2.785,2856964,
2023-04-03,180501.SZ,红土创新深圳安居REIT,B,2.785,2.791,2.755,2.778,2652646,
2023-04-04,180501.SZ,红土创新深圳安居REIT,B,2.778,2.795,2.778,2.784,2063623,
2023-04-06,180501.SZ,红土创新深圳安居REIT,B,2.784,2.784,2.75,2.755,2120863,
2023-04-07,180501.SZ,红土创新深圳安居REIT,B,2.755,2.78,2.75,2.779,1678454,
2023-04-10,180501.SZ,红土创新深圳安居REIT,B,2.785,2.785,2.772,2.773,908237,
2023-04-11,180501.SZ,红土创新深圳安居REIT,B,2.773,2.773,2.761,2.765,665938,
2023-04-12,180501.SZ,红土创新深圳安居REIT,B,2.766,2.78,2.761,2.761,1101974,
2023-04-13,180501.SZ,红土创新深圳安居REIT,B,2.761,2.761,2.749,2.752,1737759,
2023-04-14,180501.SZ,红土创新深圳安居REIT,B,2.751,2.757,2.748,2.751,1811187,
2023-04-17,180501.SZ,红土创新深圳安居REIT,B,2.752,2.763,2.751,2.763,2410919,
2023-04-18,180501.SZ,红土创新深圳安居REIT,B,2.763,2.787,2.763,2.787,1933052,
2023-04-19,180501.SZ,红土创新深圳安居REIT,B,2.787,2.8,2.777,2.786,1409997,
2023-04-20,180501.SZ,红土创新深圳安居REIT,B,2.785,2.792,2.78,2.785,822560,
2023-04-21,180501.SZ,红土创新深圳安居REIT,B,2.785,2.793,2.78,2.791,1710843,
2023-04-24,180501.SZ,红土创新深圳安居REIT,B,2.791,2.814,2.79,2.813,1677800,
2023-04-25,180501.SZ,红土创新深圳安居REIT,B,2.82,2.82,2.81,2.814,1095851,
2023-04-26,180501.SZ,红土创新深圳安居REIT,B,2.785,2.785,2.664,2.711,1529027,
2023-04-27,180501.SZ,红土创新深圳安居REIT,B,2.705,2.705,2.672,2.677,1430508,
2023-04-28,180501.SZ,红土创新深圳安居REIT,B,2.67,2.684,2.659,2.664,2085714,
2023-05-04,180501.SZ,红土创新深圳安居REIT,B,2.663,2.663,2.61,2.612,1458719,
2023-05-05,180501.SZ,红土创新深圳安居REIT,B,2.611,2.611,2.547,2.554,2512345,
2023-05-08,180501.SZ,红土创新深圳安居REIT,B,2.554,2.554,2.507,2.532,2066022,
2023-05-09,180501.SZ,红土创新深圳安居REIT,B,2.532,2.579,2.52,2.575,2782410,
2023-05-10,180501.SZ,红土创新深圳安居REIT,B,2.577,2.66,2.576,2.66,2673396,
2023-05-11,180501.SZ,红土创新深圳安居REIT,B,2.662,2.686,2.655,2.681,3266302,
2023-05-12,180501.SZ,红土创新深圳安居REIT,B,2.681,2.681,2.645,2.656,2238456,
2023-05-15,180501.SZ,红土创新深圳安居REIT,B,2.656,2.656,2.625,2.63,1269119,
2023-05-16,180501.SZ,红土创新深圳安居REIT,B,2.63,2.644,2.58,2.629,1675870,
2023-05-17,180501.SZ,红土创新深圳安居REIT,B,2.629,2.66,2.62,2.656,2418549,
2023-05-18,180501.SZ,红土创新深圳安居REIT,B,2.648,2.648,2.621,2.643,1149066,
2023-05-19,180501.SZ,红土创新深圳安居REIT,B,2.643,2.643,2.593,2.623,2085511,
2023-05-22,180501.SZ,红土创新深圳安居REIT,B,2.623,2.623,2.59,2.617,1486093,
2023-05-23,180501.SZ,红土创新深圳安居REIT,B,2.614,2.614,2.58,2.607,1638652,
2023-05-24,180501.SZ,红土创新深圳安居REIT,B,2.607,2.607,2.58,2.592,1010705,
2023-05-25,180501.SZ,红土创新深圳安居REIT,B,2.591,2.591,2.568,2.572,1988222,
2023-05-26,180501.SZ,红土创新深圳安居REIT,B,2.571,2.571,2.559,2.56,1221314,
2023-05-29,180501.SZ,红土创新深圳安居REIT,B,2.56,2.59,2.56,2.571,1166678,
2023-05-30,180501.SZ,红土创新深圳安居REIT,B,2.572,2.58,2.558,2.559,1350037,
2023-05-31,180501.SZ,红土创新深圳安居REIT,B,2.56,2.56,2.531,2.541,2940389,
2023-06-01,180501.SZ,红土创新深圳安居REIT,B,2.541,2.541,2.502,2.521,1736697,
2023-06-02,180501.SZ,红土创新深圳安居REIT,B,2.52,2.52,2.499,2.519,2721423,
2023-06-05,180501.SZ,红土创新深圳安居REIT,B,2.52,2.528,2.455,2.457,2345537,
2023-06-06,180501.SZ,红土创新深圳安居REIT,B,2.456,2.456,2.384,2.419,4115063,
2023-06-07,180501.SZ,红土创新深圳安居REIT,B,2.419,2.426,2.391,2.425,2993531,
2023-06-08,180501.SZ,红土创新深圳安居REIT,B,2.425,2.504,2.424,2.499,3252097,
2023-06-09,180501.SZ,红土创新深圳安居REIT,B,2.502,2.526,2.499,2.518,1940327,
2023-06-12,180501.SZ,红土创新深圳安居REIT,B,2.51,2.514,2.496,2.51,2023614,
2023-06-13,180501.SZ,红土创新深圳安居REIT,B,2.509,2.509,2.501,2.506,1385549,
2023-06-14,180501.SZ,红土创新深圳安居REIT,B,2.506,2.525,2.5,2.516,1963005,
2023-06-15,180501.SZ,红土创新深圳安居REIT,B,2.519,2.524,2.512,2.524,1287658,
2023-06-16,180501.SZ,红土创新深圳安居REIT,B,2.524,2.539,2.524,2.537,2430460,
2023-06-19,180501.SZ,红土创新深圳安居REIT,B,2.538,2.547,2.497,2.54,1409487,
2023-06-20,180501.SZ,红土创新深圳安居REIT,B,2.54,2.549,2.53,2.548,2075653,
2023-06-21,180501.SZ,红土创新深圳安居REIT,B,2.555,2.555,2.542,2.544,1995421,
2023-06-26,180501.SZ,红土创新深圳安居REIT,B,2.55,2.55,2.484,2.517,2099437,
2023-06-27,180501.SZ,红土创新深圳安居REIT,B,2.51,2.555,2.49,2.555,2106045,
2023-06-28,180501.SZ,红土创新深圳安居REIT,B,2.555,2.555,2.542,2.542,1283237,
2023-06-29,180501.SZ,红土创新深圳安居REIT,B,2.542,2.542,2.528,2.535,1329790,
2023-06-30,180501.SZ,红土创新深圳安居REIT,B,2.535,2.548,2.495,2.543,1622825,
2023-07-03,180501.SZ,红土创新深圳安居REIT,B,2.535,2.536,2.526,2.532,2474770,
2023-07-04,180501.SZ,红土创新深圳安居REIT,B,2.525,2.543,2.524,2.536,1190641,
2023-07-05,180501.SZ,红土创新深圳安居REIT,B,2.536,2.536,2.512,2.52,1844946,
2023-07-06,180501.SZ,红土创新深圳安居REIT,B,2.52,2.55,2.519,2.542,1374396,
2023-07-07,180501.SZ,红土创新深圳安居REIT,B,2.542,2.585,2.541,2.585,2709558,
2023-07-10,180501.SZ,红土创新深圳安居REIT,B,2.585,2.604,2.579,2.58,3301770,
2023-07-11,180501.SZ,红土创新深圳安居REIT,B,2.58,2.587,2.542,2.577,1902937,
2023-07-12,180501.SZ,红土创新深圳安居REIT,B,2.577,2.61,2.539,2.565,1966575,
2023-07-13,180501.SZ,红土创新深圳安居REIT,B,2.565,2.6,2.525,2.573,2690122,
2023-07-14,180501.SZ,红土创新深圳安居REIT,B,2.573,2.594,2.553,2.577,3631601,
2023-07-17,180501.SZ,红土创新深圳安居REIT,B,2.6,2.624,2.554,2.62,2142390,
2023-07-18,180501.SZ,红土创新深圳安居REIT,B,2.621,2.697,2.59,2.696,4338400,
2023-07-19,180501.SZ,红土创新深圳安居REIT,B,2.697,2.73,2.637,2.675,4170892,
2023-07-20,180501.SZ,红土创新深圳安居REIT,B,2.66,2.675,2.627,2.655,3560919,
2023-07-21,180501.SZ,红土创新深圳安居REIT,B,2.627,2.678,2.624,2.677,3164822,
2023-07-24,180501.SZ,红土创新深圳安居REIT,B,2.66,2.685,2.633,2.671,3714329,
2023-07-25,180501.SZ,红土创新深圳安居REIT,B,2.667,2.725,2.647,2.676,3283144,
2023-07-26,180501.SZ,红土创新深圳安居REIT,B,2.671,2.683,2.632,2.683,2751559,
2023-07-27,180501.SZ,红土创新深圳安居REIT,B,2.667,2.699,2.66,2.672,2529215,
2023-07-28,180501.SZ,红土创新深圳安居REIT,B,2.672,2.688,2.656,2.681,2161709,
2023-07-31,180501.SZ,红土创新深圳安居REIT,B,2.685,2.7,2.662,2.681,4947947,
2023-08-01,180501.SZ,红土创新深圳安居REIT,B,2.681,2.72,2.662,2.68,4466441,
2023-08-02,180501.SZ,红土创新深圳安居REIT,B,2.675,2.694,2.67,2.681,2064062,
2023-08-03,180501.SZ,红土创新深圳安居REIT,B,2.681,2.718,2.65,2.667,3541051,
2023-08-04,180501.SZ,红土创新深圳安居REIT,B,2.665,2.676,2.66,2.67,2169066,
2023-08-07,180501.SZ,红土创新深圳安居REIT,B,2.67,2.698,2.639,2.686,2386163,
2023-08-08,180501.SZ,红土创新深圳安居REIT,B,2.686,2.714,2.666,2.712,3541718,
2023-08-09,180501.SZ,红土创新深圳安居REIT,B,2.712,2.716,2.696,2.7,4355995,
2023-08-10,180501.SZ,红土创新深圳安居REIT,B,2.7,2.714,2.607,2.699,4588976,
2023-08-11,180501.SZ,红土创新深圳安居REIT,B,2.686,2.7,2.677,2.686,2646419,
2023-08-14,180501.SZ,红土创新深圳安居REIT,B,2.679,2.679,2.648,2.67,2117752,
2023-08-15,180501.SZ,红土创新深圳安居REIT,B,2.663,2.683,2.648,2.673,1508723,
2023-08-16,180501.SZ,红土创新深圳安居REIT,B,2.673,2.685,2.663,2.673,1662175,
2023-08-17,180501.SZ,红土创新深圳安居REIT,B,2.662,2.69,2.662,2.678,2336765,
2023-08-18,180501.SZ,红土创新深圳安居REIT,B,2.682,2.699,2.666,2.683,4617041,
2023-08-21,180501.SZ,红土创新深圳安居REIT,B,2.682,2.691,2.643,2.681,3289223,
2023-08-22,180501.SZ,红土创新深圳安居REIT,B,2.678,2.678,2.629,2.656,3566696,
2023-08-23,180501.SZ,红土创新深圳安居REIT,B,2.655,2.666,2.618,2.648,3845510,
2023-08-24,180501.SZ,红土创新深圳安居REIT,B,2.661,2.669,2.627,2.667,3566778,
2023-08-25,180501.SZ,红土创新深圳安居REIT,B,2.667,2.675,2.644,2.675,4126987,
2023-08-28,180501.SZ,红土创新深圳安居REIT,B,2.675,2.699,2.658,2.686,3935070,
2023-08-29,180501.SZ,红土创新深圳安居REIT,B,2.685,2.695,2.665,2.68,3116550,
2023-08-30,180501.SZ,红土创新深圳安居REIT,B,2.68,2.692,2.668,2.683,3398353,
2023-08-31,180501.SZ,红土创新深圳安居REIT,B,2.683,2.683,2.657,2.662,3444946,
2023-09-01,180501.SZ,红土创新深圳安居REIT,B,2.643,2.68,2.643,2.646,2453060,
2023-09-04,180501.SZ,红土创新深圳安居REIT,B,2.646,2.664,2.62,2.621,3643661,
2023-09-05,180501.SZ,红土创新深圳安居REIT,B,2.62,2.634,2.616,2.633,2825308,
2023-09-06,180501.SZ,红土创新深圳安居REIT,B,2.632,2.662,2.623,2.647,1950538,
2023-09-07,180501.SZ,红土创新深圳安居REIT,B,2.647,2.667,2.642,2.664,2090378,
2023-09-08,180501.SZ,红土创新深圳安居REIT,B,2.666,2.683,2.658,2.675,3907715,
2023-09-11,180501.SZ,红土创新深圳安居REIT,B,2.669,2.702,2.669,2.693,2588262,
2023-09-12,180501.SZ,红土创新深圳安居REIT,B,2.693,2.71,2.682,2.709,2729535,
2023-09-13,180501.SZ,红土创新深圳安居REIT,B,2.707,2.719,2.685,2.691,3481889,
2023-09-14,180501.SZ,红土创新深圳安居REIT,B,2.691,2.7,2.672,2.692,4070895,
2023-09-15,180501.SZ,红土创新深圳安居REIT,B,2.7,2.712,2.669,2.679,4566083,
2023-09-18,180501.SZ,红土创新深圳安居REIT,B,2.678,2.683,2.651,2.668,4528002,
2023-09-19,180501.SZ,红土创新深圳安居REIT,B,2.665,2.688,2.664,2.674,4678825,
2023-09-20,180501.SZ,红土创新深圳安居REIT,B,2.673,2.692,2.663,2.69,2444068,
2023-09-21,180501.SZ,红土创新深圳安居REIT,B,2.689,2.7,2.667,2.687,3830318,
2023-09-22,180501.SZ,红土创新深圳安居REIT,B,2.643,2.643,2.611,2.635,2076090,
2023-09-25,180501.SZ,红土创新深圳安居REIT,B,2.635,2.642,2.626,2.641,1987086,
2023-09-26,180501.SZ,红土创新深圳安居REIT,B,2.641,2.646,2.629,2.639,2447638,
2023-09-27,180501.SZ,红土创新深圳安居REIT,B,2.631,2.639,2.63,2.639,1484192,
2023-09-28,180501.SZ,红土创新深圳安居REIT,B,2.63,2.663,2.629,2.631,3725020,
2023-10-09,180501.SZ,红土创新深圳安居REIT,B,2.631,2.631,2.612,2.619,1457088,
2023-10-10,180501.SZ,红土创新深圳安居REIT,B,2.618,2.618,2.609,2.61,1515852,
2023-10-11,180501.SZ,红土创新深圳安居REIT,B,2.575,2.617,2.575,2.603,2125889,
2023-10-12,180501.SZ,红土创新深圳安居REIT,B,2.593,2.616,2.587,2.61,2452323,
2023-10-13,180501.SZ,红土创新深圳安居REIT,B,2.61,2.619,2.599,2.604,1596102,
2023-10-16,180501.SZ,红土创新深圳安居REIT,B,2.606,2.606,2.592,2.603,1369875,
2023-10-17,180501.SZ,红土创新深圳安居REIT,B,2.601,2.601,2.547,2.567,4182894,
2023-10-18,180501.SZ,红土创新深圳安居REIT,B,2.554,2.567,2.533,2.533,1590521,
2023-10-19,180501.SZ,红土创新深圳安居REIT,B,2.533,2.533,2.514,2.522,2410549,
2023-10-20,180501.SZ,红土创新深圳安居REIT,B,2.52,2.535,2.48,2.496,2490591,
2023-10-23,180501.SZ,红土创新深圳安居REIT,B,2.495,2.535,2.47,2.472,1718414,
2023-10-24,180501.SZ,红土创新深圳安居REIT,B,2.45,2.533,2.45,2.53,2414278,
2023-10-25,180501.SZ,红土创新深圳安居REIT,B,2.53,2.565,2.53,2.551,3839278,
2023-10-26,180501.SZ,红土创新深圳安居REIT,B,2.541,2.554,2.531,2.533,1243503,
2023-10-27,180501.SZ,红土创新深圳安居REIT,B,2.532,2.533,2.522,2.522,2344228,
2023-10-30,180501.SZ,红土创新深圳安居REIT,B,2.518,2.525,2.51,2.512,1722940,
2023-10-31,180501.SZ,红土创新深圳安居REIT,B,2.51,2.514,2.497,2.5,1590047,
2023-11-01,180501.SZ,红土创新深圳安居REIT,B,2.5,2.504,2.49,2.494,1458443,
2023-11-02,180501.SZ,红土创新深圳安居REIT,B,2.491,2.491,2.481,2.482,1316867,
2023-11-03,180501.SZ,红土创新深圳安居REIT,B,2.486,2.505,2.473,2.489,2477509,
2023-11-06,180501.SZ,红土创新深圳安居REIT,B,2.489,2.507,2.489,2.498,2347246,
2023-11-07,180501.SZ,红土创新深圳安居REIT,B,2.498,2.504,2.484,2.491,1918446,
2023-11-08,180501.SZ,红土创新深圳安居REIT,B,2.496,2.51,2.473,2.503,1586714,
2023-11-09,180501.SZ,红土创新深圳安居REIT,B,2.507,2.526,2.507,2.523,2600075,
2023-11-10,180501.SZ,红土创新深圳安居REIT,B,2.529,2.532,2.519,2.528,2408121,
2023-11-13,180501.SZ,红土创新深圳安居REIT,B,2.52,2.526,2.516,2.519,1882884,
2023-11-14,180501.SZ,红土创新深圳安居REIT,B,2.519,2.524,2.514,2.52,1721556,
2023-11-15,180501.SZ,红土创新深圳安居REIT,B,2.52,2.526,2.51,2.51,1050912,
2023-11-16,180501.SZ,红土创新深圳安居REIT,B,2.51,2.529,2.509,2.51,1039936,
2023-11-17,180501.SZ,红土创新深圳安居REIT,B,2.507,2.527,2.5,2.52,1310856,
2023-11-20,180501.SZ,红土创新深圳安居REIT,B,2.515,2.554,2.51,2.523,1546494,
2023-11-21,180501.SZ,红土创新深圳安居REIT,B,2.523,2.53,2.507,2.525,1334083,
2023-11-22,180501.SZ,红土创新深圳安居REIT,B,2.518,2.533,2.515,2.525,885629,
2023-11-23,180501.SZ,红土创新深圳安居REIT,B,2.525,2.528,2.519,2.528,1397493,
2023-11-24,180501.SZ,红土创新深圳安居REIT,B,2.524,2.531,2.513,2.53,952604,
2023-11-27,180501.SZ,红土创新深圳安居REIT,B,2.533,2.542,2.459,2.481,3370375,
2023-11-28,180501.SZ,红土创新深圳安居REIT,B,2.481,2.496,2.439,2.479,2177909,
2023-11-29,180501.SZ,红土创新深圳安居REIT,B,2.455,2.48,2.451,2.477,2052694,
2023-11-30,180501.SZ,红土创新深圳安居REIT,B,2.477,2.55,2.476,2.544,2877610,
2023-12-01,180501.SZ,红土创新深圳安居REIT,B,2.55,2.551,2.508,2.545,2622271,
2023-12-04,180501.SZ,红土创新深圳安居REIT,B,2.542,2.543,2.519,2.536,1896109,
2023-12-05,180501.SZ,红土创新深圳安居REIT,B,2.52,2.543,2.46,2.515,3043572,
2023-12-06,180501.SZ,红土创新深圳安居REIT,B,2.508,2.518,2.481,2.491,2462850,
2023-12-07,180501.SZ,红土创新深圳安居REIT,B,2.482,2.493,2.469,2.469,1743359,
2023-12-08,180501.SZ,红土创新深圳安居REIT,B,2.468,2.496,2.42,2.432,3038086,
2023-12-11,180501.SZ,红土创新深圳安居REIT,B,2.431,2.433,2.396,2.407,1879303,
2023-12-12,180501.SZ,红土创新深圳安居REIT,B,2.407,2.432,2.39,2.405,1225182,
2023-12-13,180501.SZ,红土创新深圳安居REIT,B,2.405,2.419,2.387,2.394,1252147,
2023-12-14,180501.SZ,红土创新深圳安居REIT,B,2.388,2.416,2.374,2.38,1709493,
2023-12-15,180501.SZ,红土创新深圳安居REIT,B,2.379,2.406,2.376,2.4,2601021,
2023-12-18,180501.SZ,红土创新深圳安居REIT,B,2.395,2.43,2.34,2.43,3511119,
2023-12-19,180501.SZ,红土创新深圳安居REIT,B,2.417,2.417,2.375,2.388,3756839,
2023-12-20,180501.SZ,红土创新深圳安居REIT,B,2.382,2.395,2.345,2.395,4410371,
2023-12-21,180501.SZ,红土创新深圳安居REIT,B,2.394,2.447,2.385,2.419,5145977,
2023-12-22,180501.SZ,红土创新深圳安居REIT,B,2.421,2.51,2.421,2.453,5680182,
2023-12-25,180501.SZ,红土创新深圳安居REIT,B,2.453,2.48,2.434,2.466,4382122,
2023-12-26,180501.SZ,红土创新深圳安居REIT,B,2.468,2.471,2.44,2.453,4501781,
2023-12-27,180501.SZ,红土创新深圳安居REIT,B,2.451,2.48,2.404,2.435,7288397,
2023-12-28,180501.SZ,红土创新深圳安居REIT,B,2.434,2.477,2.418,2.456,3592667,
2023-12-29,180501.SZ,红土创新深圳安居REIT,B,2.446,2.515,2.446,2.49,4288975,
2024-01-02,180501.SZ,红土创新深圳安居REIT,B,2.48,2.501,2.466,2.468,3477233,
2024-01-03,180501.SZ,红土创新深圳安居REIT,B,2.46,2.472,2.402,2.468,5041577,
2024-01-04,180501.SZ,红土创新深圳安居REIT,B,2.449,2.449,2.423,2.447,3133215,
2024-01-05,180501.SZ,红土创新深圳安居REIT,B,2.437,2.45,2.383,2.44,6464777,
2024-01-08,180501.SZ,红土创新深圳安居REIT,B,2.424,2.456,2.387,2.397,3472376,
2024-01-09,180501.SZ,红土创新深圳安居REIT,B,2.393,2.406,2.33,2.34,4827244,
2024-01-10,180501.SZ,红土创新深圳安居REIT,B,2.339,2.357,2.248,2.254,4033583,
2024-01-11,180501.SZ,红土创新深圳安居REIT,B,2.254,2.309,2.235,2.24,10134452,
2024-01-12,180501.SZ,红土创新深圳安居REIT,B,2.25,2.25,2.21,2.215,6948957,
2024-01-15,180501.SZ,红土创新深圳安居REIT,B,2.215,2.272,2.205,2.267,4441879,
2024-01-16,180501.SZ,红土创新深圳安居REIT,B,2.267,2.322,2.244,2.319,3393445,
2024-01-17,180501.SZ,红土创新深圳安居REIT,B,2.315,2.399,2.298,2.396,5191241,
2024-01-18,180501.SZ,红土创新深圳安居REIT,B,2.395,2.404,2.339,2.369,3763862,
2024-01-19,180501.SZ,红土创新深圳安居REIT,B,2.369,2.384,2.369,2.375,4113878,
2024-01-22,180501.SZ,红土创新深圳安居REIT,B,2.38,2.38,2.317,2.326,2855536,
2024-01-23,180501.SZ,红土创新深圳安居REIT,B,2.326,2.334,2.3,2.334,1692350,
2024-01-24,180501.SZ,红土创新深圳安居REIT,B,2.324,2.376,2.311,2.349,3755294,
2024-01-25,180501.SZ,红土创新深圳安居REIT,B,2.346,2.365,2.335,2.355,4877342,
2024-01-26,180501.SZ,红土创新深圳安居REIT,B,2.35,2.368,2.333,2.35,2259060,
2024-01-29,180501.SZ,红土创新深圳安居REIT,B,2.35,2.354,2.323,2.35,2169504,
2024-01-30,180501.SZ,红土创新深圳安居REIT,B,2.35,2.353,2.327,2.342,2733008,
2024-01-31,180501.SZ,红土创新深圳安居REIT,B,2.332,2.35,2.315,2.339,3182979,
2024-02-01,180501.SZ,红土创新深圳安居REIT,B,2.339,2.348,2.313,2.32,2604930,
2024-02-02,180501.SZ,红土创新深圳安居REIT,B,2.31,2.34,2.308,2.316,3358286,
2024-02-05,180501.SZ,红土创新深圳安居REIT,B,2.31,2.353,2.269,2.276,3682102,
2024-02-06,180501.SZ,红土创新深圳安居REIT,B,2.271,2.303,2.256,2.301,3317473,
2024-02-07,180501.SZ,红土创新深圳安居REIT,B,2.299,2.318,2.288,2.313,3351754,
2024-02-08,180501.SZ,红土创新深圳安居REIT,B,2.317,2.363,2.317,2.33,3281573,
2024-02-19,180501.SZ,红土创新深圳安居REIT,B,2.34,2.451,2.333,2.45,4577753,
2024-02-20,180501.SZ,红土创新深圳安居REIT,B,2.45,2.556,2.436,2.465,8070733,
2024-02-21,180501.SZ,红土创新深圳安居REIT,B,2.468,2.476,2.436,2.464,4741072,
2024-02-22,180501.SZ,红土创新深圳安居REIT,B,2.451,2.487,2.438,2.485,3938696,
2024-02-23,180501.SZ,红土创新深圳安居REIT,B,2.48,2.528,2.47,2.528,6077064,
2024-02-26,180501.SZ,红土创新深圳安居REIT,B,2.528,2.592,2.496,2.587,3679171,
2024-02-27,180501.SZ,红土创新深圳安居REIT,B,2.587,2.599,2.547,2.551,5796960,
2024-02-28,180501.SZ,红土创新深圳安居REIT,B,2.545,2.545,2.508,2.525,5439122,
2024-02-29,180501.SZ,红土创新深圳安居REIT,B,2.493,2.553,2.492,2.55,4277684,
2024-03-01,180501.SZ,红土创新深圳安居REIT,B,2.55,2.608,2.541,2.599,5498198,
2024-03-04,180501.SZ,红土创新深圳安居REIT,B,2.59,2.66,2.58,2.66,4345533,
2024-03-05,180501.SZ,红土创新深圳安居REIT,B,2.641,2.661,2.636,2.64,4818717,
2024-03-06,180501.SZ,红土创新深圳安居REIT,B,2.64,2.64,2.58,2.585,3706663,
2024-03-07,180501.SZ,红土创新深圳安居REIT,B,2.575,2.604,2.544,2.559,3627050,
2024-03-08,180501.SZ,红土创新深圳安居REIT,B,2.572,2.593,2.534,2.591,4284499,
2024-03-11,180501.SZ,红土创新深圳安居REIT,B,2.591,2.611,2.59,2.6,3441188,
2024-03-12,180501.SZ,红土创新深圳安居REIT,B,2.604,2.604,2.576,2.584,4083971,
2024-03-13,180501.SZ,红土创新深圳安居REIT,B,2.587,2.589,2.57,2.576,3677625,
2024-03-14,180501.SZ,红土创新深圳安居REIT,B,2.571,2.605,2.555,2.587,3131114,
2024-03-15,180501.SZ,红土创新深圳安居REIT,B,2.575,2.6,2.562,2.574,3153566,
2024-03-18,180501.SZ,红土创新深圳安居REIT,B,2.565,2.58,2.565,2.58,2577180,
2024-03-19,180501.SZ,红土创新深圳安居REIT,B,2.57,2.59,2.561,2.59,2249996,
2024-03-20,180501.SZ,红土创新深圳安居REIT,B,2.577,2.6,2.56,2.563,2510728,
2024-03-21,180501.SZ,红土创新深圳安居REIT,B,2.564,2.564,2.548,2.55,3005460,
2024-03-22,180501.SZ,红土创新深圳安居REIT,B,2.55,2.57,2.493,2.497,3969240,
2024-03-25,180501.SZ,红土创新深圳安居REIT,B,2.514,2.514,2.445,2.458,2719606,
2024-03-26,180501.SZ,红土创新深圳安居REIT,B,2.458,2.47,2.447,2.47,3847262,
2024-03-27,180501.SZ,红土创新深圳安居REIT,B,2.471,2.534,2.471,2.534,3939240,
2024-03-28,180501.SZ,红土创新深圳安居REIT,B,2.534,2.54,2.501,2.514,3175753,
2024-03-29,180501.SZ,红土创新深圳安居REIT,B,2.5,2.509,2.489,2.509,2162187,
2024-04-01,180501.SZ,红土创新深圳安居REIT,B,2.509,2.514,2.506,2.514,2137669,
2024-04-02,180501.SZ,红土创新深圳安居REIT,B,2.513,2.529,2.512,2.514,3247840,
2024-04-03,180501.SZ,红土创新深圳安居REIT,B,2.518,2.525,2.513,2.525,3043314,
2024-04-08,180501.SZ,红土创新深圳安居REIT,B,2.516,2.516,2.47,2.482,2614080,
2024-04-09,180501.SZ,红土创新深圳安居REIT,B,2.48,2.487,2.47,2.485,3495668,
2024-04-10,180501.SZ,红土创新深圳安居REIT,B,2.485,2.49,2.471,2.485,2705843,
2024-04-11,180501.SZ,红土创新深圳安居REIT,B,2.485,2.574,2.475,2.544,3485241,
2024-04-12,180501.SZ,红土创新深圳安居REIT,B,2.539,2.549,2.501,2.54,2751209,
2024-04-15,180501.SZ,红土创新深圳安居REIT,B,2.53,2.53,2.51,2.512,1768577,
2024-04-16,180501.SZ,红土创新深圳安居REIT,B,2.504,2.505,2.495,2.502,1216304,
2024-04-17,180501.SZ,红土创新深圳安居REIT,B,2.514,2.543,2.484,2.523,825945,
2024-04-18,180501.SZ,红土创新深圳安居REIT,B,2.534,2.534,2.515,2.516,600484,
2024-04-19,180501.SZ,红土创新深圳安居REIT,B,2.516,2.518,2.504,2.511,1491302,
2024-04-22,180501.SZ,红土创新深圳安居REIT,B,2.511,2.521,2.511,2.52,979704,
2024-04-23,180501.SZ,红土创新深圳安居REIT,B,2.52,2.555,2.517,2.551,3614337,
2024-04-24,180501.SZ,红土创新深圳安居REIT,B,2.546,2.577,2.54,2.57,2470617,
2024-04-25,180501.SZ,红土创新深圳安居REIT,B,2.568,2.607,2.568,2.589,3523123,
2024-04-26,180501.SZ,红土创新深圳安居REIT,B,2.586,2.61,2.576,2.597,3618759,
2024-04-29,180501.SZ,红土创新深圳安居REIT,B,2.6,2.6,2.564,2.592,3472150,
2024-04-30,180501.SZ,红土创新深圳安居REIT,B,2.584,2.593,2.581,2.586,2220065,
2024-05-06,180501.SZ,红土创新深圳安居REIT,B,2.587,2.587,2.56,2.577,2893118,
2024-05-07,180501.SZ,红土创新深圳安居REIT,B,2.577,2.611,2.577,2.599,3092203,
2024-05-08,180501.SZ,红土创新深圳安居REIT,B,2.599,2.616,2.598,2.601,3719515,
2024-05-09,180501.SZ,红土创新深圳安居REIT,B,2.6,2.609,2.599,2.6,1876023,
2024-05-10,180501.SZ,红土创新深圳安居REIT,B,2.6,2.614,2.59,2.6,3137657,
2024-05-13,180501.SZ,红土创新深圳安居REIT,B,2.595,2.606,2.595,2.6,2548653,
2024-05-14,180501.SZ,红土创新深圳安居REIT,B,2.601,2.611,2.596,2.606,1036085,
2024-05-15,180501.SZ,红土创新深圳安居REIT,B,2.606,2.606,2.595,2.596,868467,
2024-05-16,180501.SZ,红土创新深圳安居REIT,B,2.596,2.605,2.596,2.597,1995080,
2024-05-17,180501.SZ,红土创新深圳安居REIT,B,2.597,2.65,2.594,2.635,3307659,
2024-05-20,180501.SZ,红土创新深圳安居REIT,B,2.635,2.664,2.63,2.63,4059920,
2024-05-21,180501.SZ,红土创新深圳安居REIT,B,2.63,2.63,2.598,2.598,1550193,
2024-05-22,180501.SZ,红土创新深圳安居REIT,B,2.596,2.609,2.594,2.6,1309078,
2024-05-23,180501.SZ,红土创新深圳安居REIT,B,2.6,2.605,2.595,2.599,1726314,
2024-05-24,180501.SZ,红土创新深圳安居REIT,B,2.6,2.621,2.594,2.618,709999,
2024-05-27,180501.SZ,红土创新深圳安居REIT,B,2.618,2.618,2.605,2.607,1472855,
2024-05-28,180501.SZ,红土创新深圳安居REIT,B,2.604,2.604,2.6,2.6,677912,
2024-05-29,180501.SZ,红土创新深圳安居REIT,B,2.596,2.607,2.596,2.607,421394,
2024-05-30,180501.SZ,红土创新深圳安居REIT,B,2.602,2.61,2.599,2.61,1230953,
2024-05-31,180501.SZ,红土创新深圳安居REIT,B,2.605,2.615,2.605,2.61,1356998,
2024-06-03,180501.SZ,红土创新深圳安居REIT,B,2.61,2.67,2.605,2.66,1663803,
2024-06-04,180501.SZ,红土创新深圳安居REIT,B,2.655,2.661,2.644,2.66,2061960,
2024-06-05,180501.SZ,红土创新深圳安居REIT,B,2.65,2.675,2.648,2.673,1966824,
2024-06-06,180501.SZ,红土创新深圳安居REIT,B,2.674,2.691,2.661,2.676,2351783,
2024-06-07,180501.SZ,红土创新深圳安居REIT,B,2.675,2.68,2.672,2.675,1948458,
2024-06-11,180501.SZ,红土创新深圳安居REIT,B,2.675,2.68,2.649,2.67,1405130,
2024-06-12,180501.SZ,红土创新深圳安居REIT,B,2.661,2.674,2.651,2.67,2398038,
2024-06-13,180501.SZ,红土创新深圳安居REIT,B,2.671,2.735,2.67,2.734,1585299,
2024-06-14,180501.SZ,红土创新深圳安居REIT,B,2.733,2.758,2.721,2.758,2375906,
2024-06-17,180501.SZ,红土创新深圳安居REIT,B,2.75,2.763,2.733,2.76,1168904,
2024-06-18,180501.SZ,红土创新深圳安居REIT,B,2.76,2.778,2.735,2.763,1487578,
2024-06-19,180501.SZ,红土创新深圳安居REIT,B,2.756,2.768,2.742,2.758,3078370,
2024-06-20,180501.SZ,红土创新深圳安居REIT,B,2.749,2.765,2.743,2.75,904044,
2024-06-21,180501.SZ,红土创新深圳安居REIT,B,2.749,2.757,2.735,2.75,1783491,
2024-06-24,180501.SZ,红土创新深圳安居REIT,B,2.75,2.755,2.735,2.752,1361043,
2024-06-25,180501.SZ,红土创新深圳安居REIT,B,2.752,2.758,2.743,2.756,1131100,
2024-06-26,180501.SZ,红土创新深圳安居REIT,B,2.742,2.762,2.742,2.762,1017812,
2024-06-27,180501.SZ,红土创新深圳安居REIT,B,2.763,2.822,2.763,2.818,3774710,
2024-06-28,180501.SZ,红土创新深圳安居REIT,B,2.826,2.83,2.811,2.818,4781413,
2024-07-01,180501.SZ,红土创新深圳安居REIT,B,2.814,2.822,2.808,2.817,3424839,
2024-07-02,180501.SZ,红土创新深圳安居REIT,B,2.817,2.857,2.817,2.857,4302120,
2024-07-03,180501.SZ,红土创新深圳安居REIT,B,2.847,2.888,2.834,2.886,1609842,
2024-07-04,180501.SZ,红土创新深圳安居REIT,B,2.889,2.9,2.859,2.866,2033436,
2024-07-05,180501.SZ,红土创新深圳安居REIT,B,2.865,2.886,2.848,2.872,1876288,
2024-07-08,180501.SZ,红土创新深圳安居REIT,B,2.87,2.886,2.845,2.851,1568737,
2024-07-09,180501.SZ,红土创新深圳安居REIT,B,2.84,2.84,2.805,2.82,7151336,
2024-07-10,180501.SZ,红土创新深圳安居REIT,B,2.805,2.84,2.802,2.82,2236214,
2024-07-11,180501.SZ,红土创新深圳安居REIT,B,2.819,2.826,2.793,2.81,2356462,
2024-07-12,180501.SZ,红土创新深圳安居REIT,B,2.8,2.824,2.8,2.824,1723637,
2024-07-15,180501.SZ,红土创新深圳安居REIT,B,2.824,2.908,2.824,2.905,3540801,
2024-07-16,180501.SZ,红土创新深圳安居REIT,B,2.905,2.975,2.876,2.921,4002047,
2024-07-17,180501.SZ,红土创新深圳安居REIT,B,2.922,2.935,2.896,2.92,2209180,
2024-07-18,180501.SZ,红土创新深圳安居REIT,B,2.902,2.94,2.901,2.933,1896589,
2024-07-19,180501.SZ,红土创新深圳安居REIT,B,2.933,2.945,2.915,2.932,3314052,
2024-07-22,180501.SZ,红土创新深圳安居REIT,B,2.931,2.931,2.893,2.917,3501825,
2024-07-23,180501.SZ,红土创新深圳安居REIT,B,2.908,2.945,2.908,2.938,2331789,
2024-07-24,180501.SZ,红土创新深圳安居REIT,B,2.918,2.975,2.918,2.97,1793161,
2024-07-25,180501.SZ,红土创新深圳安居REIT,B,2.947,3.0,2.947,2.998,2050678,
2024-07-26,180501.SZ,红土创新深圳安居REIT,B,2.993,3.111,2.977,3.049,4151450,
2024-07-29,180501.SZ,红土创新深圳安居REIT,B,3.049,3.05,2.995,2.999,4412405,
2024-07-30,180501.SZ,红土创新深圳安居REIT,B,2.999,3.007,2.971,2.999,6935861,
2024-07-31,180501.SZ,红土创新深圳安居REIT,B,2.999,3.014,2.986,2.996,5489315,
2024-08-01,180501.SZ,红土创新深圳安居REIT,B,2.996,2.999,2.973,2.973,4424660,
2024-08-02,180501.SZ,红土创新深圳安居REIT,B,2.973,3.045,2.963,3.041,3883092,
2024-08-05,180501.SZ,红土创新深圳安居REIT,B,3.041,3.1,3.039,3.098,3219506,
2024-08-06,180501.SZ,红土创新深圳安居REIT,B,3.12,3.134,3.047,3.08,4212593,
2024-08-07,180501.SZ,红土创新深圳安居REIT,B,3.08,3.165,3.073,3.161,3327862,
2024-08-08,180501.SZ,红土创新深圳安居REIT,B,3.162,3.232,3.103,3.115,5035206,
2024-08-09,180501.SZ,红土创新深圳安居REIT,B,3.09,3.11,3.062,3.084,5699505,
2024-08-12,180501.SZ,红土创新深圳安居REIT,B,3.059,3.059,2.999,3.013,5250605,
2024-08-13,180501.SZ,红土创新深圳安居REIT,B,3.012,3.039,2.985,3.027,3209561,
2024-08-14,180501.SZ,红土创新深圳安居REIT,B,3.027,3.09,3.027,3.08,5189439,
2024-08-15,180501.SZ,红土创新深圳安居REIT,B,3.065,3.095,3.033,3.04,4521847,
2024-08-16,180501.SZ,红土创新深圳安居REIT,B,3.04,3.068,3.014,3.042,4761405,
2024-08-19,180501.SZ,红土创新深圳安居REIT,B,3.04,3.04,3.01,3.017,2940303,
2024-08-20,180501.SZ,红土创新深圳安居REIT,B,3.014,3.014,2.96,2.969,2976163,
2024-08-21,180501.SZ,红土创新深圳安居REIT,B,2.969,2.992,2.89,2.906,4529296,
2024-08-22,180501.SZ,红土创新深圳安居REIT,B,2.9,3.006,2.862,3.005,3804433,
2024-08-23,180501.SZ,红土创新深圳安居REIT,B,3.012,3.035,2.981,3.028,5578358,
2024-08-26,180501.SZ,红土创新深圳安居REIT,B,2.99,3.046,2.99,3.025,7289812,
2024-08-27,180501.SZ,红土创新深圳安居REIT,B,2.992,3.022,2.991,3.003,6245384,
2024-08-28,180501.SZ,红土创新深圳安居REIT,B,2.999,3.033,2.966,3.028,2893375,
2024-08-29,180501.SZ,红土创新深圳安居REIT,B,3.028,3.067,2.992,3.001,4442939,
2024-08-30,180501.SZ,红土创新深圳安居REIT,B,3.001,3.001,2.937,2.945,5093910,
2024-09-02,180501.SZ,红土创新深圳安居REIT,B,2.934,2.981,2.934,2.967,4567944,
2024-09-03,180501.SZ,红土创新深圳安居REIT,B,2.987,2.988,2.935,2.94,2336635,
2024-09-04,180501.SZ,红土创新深圳安居REIT,B,2.939,2.939,2.893,2.939,3525377,
2024-09-05,180501.SZ,红土创新深圳安居REIT,B,2.924,2.955,2.91,2.951,4140827,
2024-09-06,180501.SZ,红土创新深圳安居REIT,B,2.95,2.975,2.95,2.968,3240145,
2024-09-09,180501.SZ,红土创新深圳安居REIT,B,2.967,2.994,2.95,2.991,2456188,
2024-09-10,180501.SZ,红土创新深圳安居REIT,B,2.99,3.0,2.97,2.98,1880148,
2024-09-11,180501.SZ,红土创新深圳安居REIT,B,2.953,3.014,2.925,2.941,2482338,
2024-09-12,180501.SZ,红土创新深圳安居REIT,B,2.926,2.954,2.926,2.935,2622124,
2024-09-13,180501.SZ,红土创新深圳安居REIT,B,2.92,2.936,2.912,2.932,2663240,
2024-09-18,180501.SZ,红土创新深圳安居REIT,B,2.922,2.931,2.869,2.913,2384300,
2024-09-19,180501.SZ,红土创新深圳安居REIT,B,2.911,2.932,2.888,2.909,1776734,
2024-09-20,180501.SZ,红土创新深圳安居REIT,B,2.899,2.9,2.886,2.899,2022994,
2024-09-23,180501.SZ,红土创新深圳安居REIT,B,2.899,2.91,2.888,2.896,1203971,
2024-09-24,180501.SZ,红土创新深圳安居REIT,B,2.899,2.935,2.888,2.921,1430232,
2024-09-25,180501.SZ,红土创新深圳安居REIT,B,2.906,2.963,2.906,2.963,2085218,
2024-09-26,180501.SZ,红土创新深圳安居REIT,B,2.963,3.001,2.94,3.0,2699902,
2024-09-27,180501.SZ,红土创新深圳安居REIT,B,2.99,2.999,2.941,2.953,2829929,
2024-09-30,180501.SZ,红土创新深圳安居REIT,B,2.951,2.951,2.84,2.9,3341930,
2024-10-08,180501.SZ,红土创新深圳安居REIT,B,2.895,2.896,2.814,2.859,3137642,
2024-10-09,180501.SZ,红土创新深圳安居REIT,B,2.855,2.856,2.795,2.811,4132424,
2024-10-10,180501.SZ,红土创新深圳安居REIT,B,2.809,2.809,2.745,2.783,5791597,
2024-10-11,180501.SZ,红土创新深圳安居REIT,B,2.748,2.86,2.748,2.85,4768920,
2024-10-14,180501.SZ,红土创新深圳安居REIT,B,2.83,2.834,2.82,2.825,4811349,
2024-10-15,180501.SZ,红土创新深圳安居REIT,B,2.824,2.824,2.78,2.787,4614805,
2024-10-16,180501.SZ,红土创新深圳安居REIT,B,2.78,2.787,2.767,2.771,4382654,
2024-10-17,180501.SZ,红土创新深圳安居REIT,B,2.771,2.836,2.77,2.836,6494634,
2024-10-18,180501.SZ,红土创新深圳安居REIT,B,2.838,2.88,2.801,2.846,2942928,
2024-10-21,180501.SZ,红土创新深圳安居REIT,B,2.833,2.85,2.781,2.843,3947388,
2024-10-22,180501.SZ,红土创新深圳安居REIT,B,2.827,2.841,2.809,2.826,2390159,
2024-10-23,180501.SZ,红土创新深圳安居REIT,B,2.819,2.821,2.793,2.807,3417654,
2024-10-24,180501.SZ,红土创新深圳安居REIT,B,2.793,2.81,2.786,2.793,2600569,
2024-10-25,180501.SZ,红土创新深圳安居REIT,B,2.793,2.804,2.774,2.795,2673230,
2024-10-28,180501.SZ,红土创新深圳安居REIT,B,2.795,2.827,2.77,2.819,5356077,
2024-10-29,180501.SZ,红土创新深圳安居REIT,B,2.819,2.833,2.791,2.82,3080153,
2024-10-30,180501.SZ,红土创新深圳安居REIT,B,2.805,2.805,2.787,2.801,4595715,
2024-10-31,180501.SZ,红土创新深圳安居REIT,B,2.791,2.804,2.771,2.783,3068997,
2024-11-01,180501.SZ,红土创新深圳安居REIT,B,2.782,2.782,2.739,2.741,2104216,
2024-11-04,180501.SZ,红土创新深圳安居REIT,B,2.745,2.794,2.72,2.787,6348972,
2024-11-05,180501.SZ,红土创新深圳安居REIT,B,2.797,2.811,2.763,2.799,2129547,
2024-11-06,180501.SZ,红土创新深圳安居REIT,B,2.798,2.808,2.78,2.783,1598876,
2024-11-07,180501.SZ,红土创新深圳安居REIT,B,2.761,2.777,2.741,2.774,1174910,
2024-11-08,180501.SZ,红土创新深圳安居REIT,B,2.774,2.805,2.75,2.802,2794820,
2024-11-11,180501.SZ,红土创新深圳安居REIT,B,2.802,2.867,2.787,2.863,2914965,
2024-11-12,180501.SZ,红土创新深圳安居REIT,B,2.862,2.947,2.838,2.932,6024180,
2024-11-13,180501.SZ,红土创新深圳安居REIT,B,2.932,2.938,2.89,2.935,7650158,
2024-11-14,180501.SZ,红土创新深圳安居REIT,B,2.935,2.935,2.88,2.9,5347396,
2024-11-15,180501.SZ,红土创新深圳安居REIT,B,2.898,2.898,2.853,2.866,6199493,
2024-11-18,180501.SZ,红土创新深圳安居REIT,B,2.865,2.865,2.817,2.832,4154403,
2024-11-19,180501.SZ,红土创新深圳安居REIT,B,2.829,2.831,2.792,2.821,2322461,
2024-11-20,180501.SZ,红土创新深圳安居REIT,B,2.814,2.84,2.806,2.83,1295218,
2024-11-21,180501.SZ,红土创新深圳安居REIT,B,2.83,2.84,2.814,2.826,1964047,
2024-11-22,180501.SZ,红土创新深圳安居REIT,B,2.821,2.829,2.815,2.825,1095995,
2024-11-25,180501.SZ,红土创新深圳安居REIT,B,2.825,2.829,2.797,2.826,1235837,
2024-11-26,180501.SZ,红土创新深圳安居REIT,B,2.826,2.836,2.813,2.824,2361648,
2024-11-27,180501.SZ,红土创新深圳安居REIT,B,2.811,2.837,2.811,2.832,2203851,
2024-11-28,180501.SZ,红土创新深圳安居REIT,B,2.818,2.866,2.818,2.838,1909479,
2024-11-29,180501.SZ,红土创新深圳安居REIT,B,2.839,2.878,2.838,2.859,1531348,
2024-12-02,180501.SZ,红土创新深圳安居REIT,B,2.859,2.908,2.853,2.871,1989416,
2024-12-03,180501.SZ,红土创新深圳安居REIT,B,2.868,2.939,2.853,2.9,4014021,
2024-12-04,180501.SZ,红土创新深圳安居REIT,B,2.9,2.925,2.875,2.898,3255254,
2024-12-05,180501.SZ,红土创新深圳安居REIT,B,2.893,2.906,2.871,2.881,4347976,
2024-12-06,180501.SZ,红土创新深圳安居REIT,B,2.87,2.899,2.861,2.873,3960207,
2024-12-09,180501.SZ,红土创新深圳安居REIT,B,2.873,2.923,2.86,2.918,5023983,
2024-12-10,180501.SZ,红土创新深圳安居REIT,B,2.927,3.06,2.927,3.056,10746152,
2024-12-11,180501.SZ,红土创新深圳安居REIT,B,3.047,3.136,3.016,3.129,9840989,
2024-12-12,180501.SZ,红土创新深圳安居REIT,B,3.12,3.15,3.089,3.14,6157927,
2024-12-13,180501.SZ,红土创新深圳安居REIT,B,3.138,3.215,3.125,3.189,4570698,
2024-12-16,180501.SZ,红土创新深圳安居REIT,B,3.196,3.333,3.18,3.331,4624913,
2024-12-17,180501.SZ,红土创新深圳安居REIT,B,3.331,3.331,3.272,3.275,5672689,
2024-12-18,180501.SZ,红土创新深圳安居REIT,B,3.291,3.291,3.159,3.199,18502165,
2024-12-19,180501.SZ,红土创新深圳安居REIT,B,3.184,3.217,3.164,3.211,7559224,
2024-12-20,180501.SZ,红土创新深圳安居REIT,B,3.2,3.306,3.2,3.27,3255243,
2024-12-23,180501.SZ,红土创新深圳安居REIT,B,3.269,3.299,3.255,3.28,3202399,
2024-12-24,180501.SZ,红土创新深圳安居REIT,B,3.26,3.334,3.253,3.261,2555954,
2024-12-25,180501.SZ,红土创新深圳安居REIT,B,3.26,3.26,3.219,3.252,4335009,
2024-12-26,180501.SZ,红土创新深圳安居REIT,B,3.249,3.28,3.228,3.275,1727402,
2024-12-27,180501.SZ,红土创新深圳安居REIT,B,3.284,3.32,3.275,3.299,2667542,
2024-12-30,180501.SZ,红土创新深圳安居REIT,B,3.297,3.37,3.287,3.36,4406787,
2024-12-31,180501.SZ,红土创新深圳安居REIT,B,3.359,3.359,3.308,3.31,3381260,
2025-01-02,180501.SZ,红土创新深圳安居REIT,B,3.304,3.416,3.304,3.412,3192745,
2025-01-03,180501.SZ,红土创新深圳安居REIT,B,3.412,3.532,3.412,3.464,5435527,
2025-01-06,180501.SZ,红土创新深圳安居REIT,B,3.447,3.548,3.425,3.462,3904795,
2025-01-07,180501.SZ,红土创新深圳安居REIT,B,3.462,3.466,3.388,3.399,2551936,
2025-01-08,180501.SZ,红土创新深圳安居REIT,B,3.399,3.446,3.396,3.41,1880775,
2025-01-09,180501.SZ,红土创新深圳安居REIT,B,3.414,3.505,3.414,3.483,3825035,
2025-01-10,180501.SZ,红土创新深圳安居REIT,B,3.484,3.578,3.43,3.499,5580116,
2025-01-13,180501.SZ,红土创新深圳安居REIT,B,3.495,3.539,3.426,3.443,4975754,
2025-01-14,180501.SZ,红土创新深圳安居REIT,B,3.418,3.44,3.369,3.42,5599900,
2025-01-15,180501.SZ,红土创新深圳安居REIT,B,3.404,3.485,3.38,3.484,2439677,
2025-01-16,180501.SZ,红土创新深圳安居REIT,B,3.484,3.547,3.434,3.49,2896597,
2025-01-17,180501.SZ,红土创新深圳安居REIT,B,3.49,3.555,3.48,3.55,2359234,
2025-01-20,180501.SZ,红土创新深圳安居REIT,B,3.55,3.641,3.539,3.63,2154043,
2025-01-21,180501.SZ,红土创新深圳安居REIT,B,3.629,3.683,3.583,3.61,2012042,
2025-01-22,180501.SZ,红土创新深圳安居REIT,B,3.57,3.686,3.565,3.68,3129660,
2025-01-23,180501.SZ,红土创新深圳安居REIT,B,3.68,3.724,3.646,3.669,2489838,
2025-01-24,180501.SZ,红土创新深圳安居REIT,B,3.679,3.69,3.62,3.626,4901357,
2025-01-27,180501.SZ,红土创新深圳安居REIT,B,3.626,3.7,3.619,3.667,4409922,
2025-02-05,180501.SZ,红土创新深圳安居REIT,B,3.667,3.719,3.628,3.689,1527016,
2025-02-06,180501.SZ,红土创新深圳安居REIT,B,3.686,3.723,3.632,3.658,5639130,
2025-02-07,180501.SZ,红土创新深圳安居REIT,B,3.64,3.678,3.631,3.657,4229708,
2025-02-10,180501.SZ,红土创新深圳安居REIT,B,3.656,3.675,3.591,3.591,5995144,
2025-02-11,180501.SZ,红土创新深圳安居REIT,B,3.599,3.627,3.565,3.61,3786962,
2025-02-12,180501.SZ,红土创新深圳安居REIT,B,3.61,3.618,3.571,3.615,5164657,
2025-02-13,180501.SZ,红土创新深圳安居REIT,B,3.615,3.615,3.522,3.542,3052092,
2025-02-14,180501.SZ,红土创新深圳安居REIT,B,3.542,3.576,3.5,3.555,2834759,
2025-02-17,180501.SZ,红土创新深圳安居REIT,B,3.555,3.606,3.52,3.553,2733541,
2025-02-18,180501.SZ,红土创新深圳安居REIT,B,3.553,3.587,3.545,3.552,648940,
2025-02-19,180501.SZ,红土创新深圳安居REIT,B,3.568,3.568,3.509,3.526,1842582,
2025-02-20,180501.SZ,红土创新深圳安居REIT,B,3.526,3.579,3.488,3.488,2071121,
2025-02-21,180501.SZ,红土创新深圳安居REIT,B,3.48,3.528,3.438,3.454,1216926,
2025-02-24,180501.SZ,红土创新深圳安居REIT,B,3.453,3.453,3.401,3.409,2191196,
2025-02-25,180501.SZ,红土创新深圳安居REIT,B,3.409,3.42,3.36,3.37,1728045,
2025-02-26,180501.SZ,红土创新深圳安居REIT,B,3.365,3.457,3.351,3.428,4095154,
2025-02-27,180501.SZ,红土创新深圳安居REIT,B,3.428,3.517,3.389,3.423,4268028,
2025-02-28,180501.SZ,红土创新深圳安居REIT,B,3.407,3.448,3.401,3.438,4064463,
2025-03-03,180501.SZ,红土创新深圳安居REIT,B,3.44,3.587,3.44,3.54,4293459,
2025-03-04,180501.SZ,红土创新深圳安居REIT,B,3.555,3.578,3.516,3.541,4453855,
2025-03-05,180501.SZ,红土创新深圳安居REIT,B,3.559,3.575,3.5,3.54,3769857,
2025-03-06,180501.SZ,红土创新深圳安居REIT,B,3.544,3.545,3.462,3.462,3973191,
2025-03-07,180501.SZ,红土创新深圳安居REIT,B,3.447,3.473,3.411,3.437,3842056,
2025-03-10,180501.SZ,红土创新深圳安居REIT,B,3.436,3.458,3.409,3.418,2179254,
2025-03-11,180501.SZ,红土创新深圳安居REIT,B,3.418,3.418,3.37,3.374,5056850,
2025-03-12,180501.SZ,红土创新深圳安居REIT,B,3.37,3.373,3.299,3.373,4219905,
2025-03-13,180501.SZ,红土创新深圳安居REIT,B,3.366,3.399,3.333,3.375,2405096,
2025-03-14,180501.SZ,红土创新深圳安居REIT,B,3.373,3.408,3.314,3.366,6988690,
2025-03-17,180501.SZ,红土创新深圳安居REIT,B,3.354,3.364,3.308,3.327,6150082,
2025-03-18,180501.SZ,红土创新深圳安居REIT,B,3.317,3.35,3.307,3.341,6654876,
2025-03-19,180501.SZ,红土创新深圳安居REIT,B,3.327,3.388,3.327,3.37,3333993,
2025-03-20,180501.SZ,红土创新深圳安居REIT,B,3.375,3.413,3.375,3.384,2639849,
2025-03-21,180501.SZ,红土创新深圳安居REIT,B,3.384,3.384,3.33,3.37,2722806,
2025-03-24,180501.SZ,红土创新深圳安居REIT,B,3.371,3.422,3.362,3.402,2244448,
2025-03-25,180501.SZ,红土创新深圳安居REIT,B,3.408,3.461,3.408,3.435,8424218,
2025-03-26,180501.SZ,红土创新深圳安居REIT,B,3.425,3.467,3.414,3.448,2576566,
2025-03-27,180501.SZ,红土创新深圳安居REIT,B,3.438,3.467,3.432,3.454,2308330,
2025-03-28,180501.SZ,红土创新深圳安居REIT,B,3.465,3.561,3.465,3.509,2592598,
2025-03-31,180501.SZ,红土创新深圳安居REIT,B,3.523,3.56,3.478,3.488,1941111,
2025-04-01,180501.SZ,红土创新深圳安居REIT,B,3.488,3.505,3.426,3.482,3129828,
2025-04-02,180501.SZ,红土创新深圳安居REIT,B,3.458,3.482,3.418,3.482,5016952,
2025-04-03,180501.SZ,红土创新深圳安居REIT,B,3.494,3.62,3.494,3.617,6896685,
2025-04-07,180501.SZ,红土创新深圳安居REIT,B,3.616,3.979,3.6,3.701,2898134,
2025-04-08,180501.SZ,红土创新深圳安居REIT,B,3.7,3.701,3.62,3.63,2763131,
2025-04-09,180501.SZ,红土创新深圳安居REIT,B,3.622,3.692,3.558,3.61,2829762,
2025-04-10,180501.SZ,红土创新深圳安居REIT,B,3.6,3.666,3.559,3.666,3557981,
2025-04-11,180501.SZ,红土创新深圳安居REIT,B,3.642,3.7,3.619,3.625,2818681,
2025-04-14,180501.SZ,红土创新深圳安居REIT,B,3.615,3.632,3.595,3.628,2022929,
2025-04-15,180501.SZ,红土创新深圳安居REIT,B,3.624,3.698,3.603,3.69,5268591,
2025-04-16,180501.SZ,红土创新深圳安居REIT,B,3.691,3.731,3.678,3.687,4370982,
2025-04-17,180501.SZ,红土创新深圳安居REIT,B,3.686,3.705,3.663,3.704,2979242,
2025-04-18,180501.SZ,红土创新深圳安居REIT,B,3.707,3.725,3.67,3.672,1939103,
2025-04-21,180501.SZ,红土创新深圳安居REIT,B,3.669,3.669,3.61,3.631,2134203,
2025-04-22,180501.SZ,红土创新深圳安居REIT,B,3.634,3.659,3.634,3.644,1572971,
2025-04-23,180501.SZ,红土创新深圳安居REIT,B,3.642,3.642,3.587,3.612,1212633,
2025-04-24,180501.SZ,红土创新深圳安居REIT,B,3.62,3.63,3.553,3.602,1382399,
2025-04-25,180501.SZ,红土创新深圳安居REIT,B,3.602,3.63,3.575,3.617,1428187,
2025-04-28,180501.SZ,红土创新深圳安居REIT,B,3.605,3.616,3.578,3.581,2393536,
2025-04-29,180501.SZ,红土创新深圳安居REIT,B,3.605,3.615,3.569,3.604,2261000,
2025-04-30,180501.SZ,红土创新深圳安居REIT,B,3.604,3.64,3.564,3.627,2324717,
2025-05-06,180501.SZ,红土创新深圳安居REIT,B,3.626,3.674,3.588,3.674,1331411,
2025-05-07,180501.SZ,红土创新深圳安居REIT,B,3.647,3.689,3.637,3.657,2984442,
2025-05-08,180501.SZ,红土创新深圳安居REIT,B,3.666,3.677,3.618,3.667,4469680,
2025-05-09,180501.SZ,红土创新深圳安居REIT,B,3.659,3.687,3.631,3.687,1053000,
2025-05-12,180501.SZ,红土创新深圳安居REIT,B,3.688,3.709,3.651,3.705,2266078,
2025-05-13,180501.SZ,红土创新深圳安居REIT,B,3.698,3.713,3.667,3.69,2297124,
2025-05-14,180501.SZ,红土创新深圳安居REIT,B,3.688,3.7,3.5,3.672,1429656,
2025-05-15,180501.SZ,红土创新深圳安居REIT,B,3.672,3.705,3.63,3.653,1438230,
2025-05-16,180501.SZ,红土创新深圳安居REIT,B,3.638,3.704,3.602,3.7,2262899,
2025-05-19,180501.SZ,红土创新深圳安居REIT,B,3.696,3.715,3.66,3.713,2319632,
2025-05-20,180501.SZ,红土创新深圳安居REIT,B,3.713,3.8,3.659,3.795,1997866,
2025-05-21,180501.SZ,红土创新深圳安居REIT,B,3.795,3.8,3.75,3.78,3052870,
2025-05-22,180501.SZ,红土创新深圳安居REIT,B,3.784,3.798,3.7,3.758,4420622,
2025-05-23,180501.SZ,红土创新深圳安居REIT,B,3.75,3.808,3.716,3.758,2559072,
2025-05-26,180501.SZ,红土创新深圳安居REIT,B,3.758,3.788,3.728,3.75,1090805,
2025-05-27,180501.SZ,红土创新深圳安居REIT,B,3.735,3.763,3.721,3.754,1623259,
2025-05-28,180501.SZ,红土创新深圳安居REIT,B,3.754,3.769,3.737,3.741,2095919,
2025-05-29,180501.SZ,红土创新深圳安居REIT,B,3.74,3.761,3.705,3.724,1818000,
2025-05-30,180501.SZ,红土创新深圳安居REIT,B,3.73,3.797,3.709,3.733,589112,
2025-06-03,180501.SZ,红土创新深圳安居REIT,B,3.748,3.758,3.726,3.739,867251,
2025-06-04,180501.SZ,红土创新深圳安居REIT,B,3.724,3.754,3.724,3.735,3099387,
2025-06-05,180501.SZ,红土创新深圳安居REIT,B,3.747,3.774,3.736,3.75,1411983,
2025-06-06,180501.SZ,红土创新深圳安居REIT,B,3.75,3.78,3.75,3.75,1339663,
2025-06-09,180501.SZ,红土创新深圳安居REIT,B,3.756,3.772,3.75,3.768,2980406,
2025-06-10,180501.SZ,红土创新深圳安居REIT,B,3.768,3.805,3.767,3.805,2707295,
2025-06-11,180501.SZ,红土创新深圳安居REIT,B,3.805,3.824,3.791,3.791,3801727,
2025-06-12,180501.SZ,红土创新深圳安居REIT,B,3.806,3.822,3.784,3.788,2153386,
2025-06-13,180501.SZ,红土创新深圳安居REIT,B,3.799,3.898,3.798,3.881,1599289,
2025-06-16,180501.SZ,红土创新深圳安居REIT,B,3.881,3.92,3.878,3.894,2809677,
2025-06-17,180501.SZ,红土创新深圳安居REIT,B,3.894,3.978,3.894,3.976,1546210,
2025-06-18,180501.SZ,红土创新深圳安居REIT,B,3.96,4.099,3.96,4.099,1391015,
2025-06-19,180501.SZ,红土创新深圳安居REIT,B,4.099,4.099,4.056,4.09,1241632,
2025-06-20,180501.SZ,红土创新深圳安居REIT,B,4.086,4.165,4.033,4.159,1380165,
2025-06-23,180501.SZ,红土创新深圳安居REIT,B,4.148,4.177,4.088,4.101,1714603,
2025-06-24,180501.SZ,红土创新深圳安居REIT,B,4.085,4.11,3.95,4.108,4384206,
2025-06-25,180501.SZ,红土创新深圳安居REIT,B,4.096,4.104,4.023,4.103,1602003,
2025-06-26,180501.SZ,红土创新深圳安居REIT,B,4.092,4.135,4.072,4.091,1677259,
2025-06-27,180501.SZ,红土创新深圳安居REIT,B,4.091,4.091,3.97,3.97,2754914,
2025-06-30,180501.SZ,红土创新深圳安居REIT,B,3.97,4.077,3.944,3.948,1851377,
2025-07-01,180501.SZ,红土创新深圳安居REIT,B,3.951,4.002,3.929,3.93,3215304,
2025-07-02,180501.SZ,红土创新深圳安居REIT,B,3.946,4.015,3.914,3.995,3336143,
2025-07-03,180501.SZ,红土创新深圳安居REIT,B,4.0,4.035,3.964,3.986,1737489,
2025-07-04,180501.SZ,红土创新深圳安居REIT,B,3.986,4.007,3.97,3.985,1602145,
2025-07-07,180501.SZ,红土创新深圳安居REIT,B,3.985,3.989,3.934,3.958,1473887,
2025-07-08,180501.SZ,红土创新深圳安居REIT,B,3.942,3.955,3.875,3.899,3723275,
2025-07-09,180501.SZ,红土创新深圳安居REIT,B,3.892,3.922,3.858,3.869,2426234,
2025-07-10,180501.SZ,红土创新深圳安居REIT,B,3.884,3.918,3.848,3.85,1628558,
2025-07-11,180501.SZ,红土创新深圳安居REIT,B,3.849,3.862,3.82,3.835,1786910,
2025-07-14,180501.SZ,红土创新深圳安居REIT,B,3.82,3.858,3.82,3.837,916519,
2025-07-15,180501.SZ,红土创新深圳安居REIT,B,3.837,3.905,3.831,3.88,3948604,
2025-07-16,180501.SZ,红土创新深圳安居REIT,B,3.88,3.89,3.86,3.875,3015677,
2025-07-17,180501.SZ,红土创新深圳安居REIT,B,3.875,3.917,3.86,3.915,2061770,
2025-07-18,180501.SZ,红土创新深圳安居REIT,B,3.915,3.931,3.892,3.892,2062660,
2025-07-21,180501.SZ,红土创新深圳安居REIT,B,3.892,3.908,3.86,3.86,1780155,
2025-07-22,180501.SZ,红土创新深圳安居REIT,B,3.852,3.875,3.83,3.837,2294200,
2025-07-23,180501.SZ,红土创新深圳安居REIT,B,3.837,3.849,3.675,3.791,4089157,
2025-07-24,180501.SZ,红土创新深圳安居REIT,B,3.778,3.79,3.751,3.778,2349884,
2025-07-25,180501.SZ,红土创新深圳安居REIT,B,3.775,3.791,3.756,3.763,967152,
2025-07-28,180501.SZ,红土创新深圳安居REIT,B,3.76,3.84,3.756,3.82,1937181,
2025-07-29,180501.SZ,红土创新深圳安居REIT,B,3.82,3.84,3.803,3.813,2276923,
2025-07-30,180501.SZ,红土创新深圳安居REIT,B,3.824,3.846,3.803,3.843,1254978,
2025-07-31,180501.SZ,红土创新深圳安居REIT,B,3.828,3.948,3.828,3.939,3406969,
2025-08-01,180501.SZ,红土创新深圳安居REIT,B,3.938,3.938,3.907,3.915,1389091,
2025-08-04,180501.SZ,红土创新深圳安居REIT,B,3.915,3.95,3.875,3.875,1000347,
2025-08-05,180501.SZ,红土创新深圳安居REIT,B,3.875,3.875,3.82,3.874,562801,
2025-08-06,180501.SZ,红土创新深圳安居REIT,B,3.873,3.873,3.845,3.871,1255266,
2025-08-07,180501.SZ,红土创新深圳安居REIT,B,3.87,3.896,3.856,3.886,1193586,
2025-08-08,180501.SZ,红土创新深圳安居REIT,B,3.898,3.924,3.859,3.87,748189,
2025-08-11,180501.SZ,红土创新深圳安居REIT,B,3.87,3.885,3.826,3.872,1258151,
2025-08-12,180501.SZ,红土创新深圳安居REIT,B,3.871,3.872,3.844,3.853,643767,
2025-08-13,180501.SZ,红土创新深圳安居REIT,B,3.848,3.87,3.808,3.82,779936,
2025-08-14,180501.SZ,红土创新深圳安居REIT,B,3.807,3.834,3.804,3.809,551647,
2025-08-15,180501.SZ,红土创新深圳安居REIT,B,3.809,3.809,3.748,3.761,1560089,
2025-08-18,180501.SZ,红土创新深圳安居REIT,B,3.755,3.761,3.645,3.656,3500447,
2025-08-19,180501.SZ,红土创新深圳安居REIT,B,3.656,3.674,3.555,3.614,2626875,
2025-08-20,180501.SZ,红土创新深圳安居REIT,B,3.614,3.636,3.575,3.589,1667563,
2025-08-21,180501.SZ,红土创新深圳安居REIT,B,3.587,3.587,3.554,3.576,3009630,
2025-08-22,180501.SZ,红土创新深圳安居REIT,B,3.576,3.608,3.541,3.584,2919368,
2025-08-25,180501.SZ,红土创新深圳安居REIT,B,3.584,3.594,3.548,3.56,3059316,
2025-08-26,180501.SZ,红土创新深圳安居REIT,B,3.56,3.633,3.56,3.609,5815487,
2025-08-27,180501.SZ,红土创新深圳安居REIT,B,3.627,3.663,3.59,3.658,3023478,
2025-08-28,180501.SZ,红土创新深圳安居REIT,B,3.658,3.658,3.601,3.628,3491783,
2025-08-29,180501.SZ,红土创新深圳安居REIT,B,3.635,3.651,3.56,3.6,6025519,
2025-09-01,180501.SZ,红土创新深圳安居REIT,B,3.6,3.6,3.529,3.537,5288757,
2025-09-02,180501.SZ,红土创新深圳安居REIT,B,3.537,3.582,3.52,3.554,3498201,
2025-09-03,180501.SZ,红土创新深圳安居REIT,B,3.54,3.54,3.496,3.529,1892252,
2025-09-04,180501.SZ,红土创新深圳安居REIT,B,3.529,3.663,3.529,3.628,2692346,
2025-09-05,180501.SZ,红土创新深圳安居REIT,B,3.629,3.659,3.565,3.579,2671923,
2025-09-08,180501.SZ,红土创新深圳安居REIT,B,3.564,3.591,3.531,3.54,2153482,
2025-09-09,180501.SZ,红土创新深圳安居REIT,B,3.54,3.587,3.54,3.557,1062238,
2025-09-10,180501.SZ,红土创新深圳安居REIT,B,3.574,3.574,3.525,3.531,2422117,
2025-09-11,180501.SZ,红土创新深圳安居REIT,B,3.531,3.537,3.513,3.531,844724,
2025-09-12,180501.SZ,红土创新深圳安居REIT,B,3.513,3.568,3.51,3.544,1078372,
2025-09-15,180501.SZ,红土创新深圳安居REIT,B,3.542,3.551,3.526,3.534,2121790,
2025-09-16,180501.SZ,红土创新深圳安居REIT,B,3.534,3.548,3.504,3.524,2374032,
2025-09-17,180501.SZ,红土创新深圳安居REIT,B,3.507,3.53,3.5,3.524,2625730,
2025-09-18,180501.SZ,红土创新深圳安居REIT,B,3.506,3.575,3.503,3.562,4264782,
2025-09-19,180501.SZ,红土创新深圳安居REIT,B,3.552,3.579,3.54,3.559,1773184,
2025-09-22,180501.SZ,红土创新深圳安居REIT,B,3.559,3.562,3.51,3.539,596936,
2025-09-23,180501.SZ,红土创新深圳安居REIT,B,3.532,3.542,3.504,3.54,675852,
2025-09-24,180501.SZ,红土创新深圳安居REIT,B,3.54,3.549,3.518,3.52,619730,
2025-09-25,180501.SZ,红土创新深圳安居REIT,B,3.502,3.531,3.499,3.52,1762723,
2025-09-26,180501.SZ,红土创新深圳安居REIT,B,3.502,3.522,3.499,3.521,1491185,
2025-09-29,180501.SZ,红土创新深圳安居REIT,B,3.503,3.529,3.471,3.521,3295668,
2025-09-30,180501.SZ,红土创新深圳安居REIT,B,3.503,3.521,3.49,3.52,1590320,
2025-10-09,180501.SZ,红土创新深圳安居REIT,B,3.518,3.52,3.494,3.5,578175,
2025-10-10,180501.SZ,红土创新深圳安居REIT,B,3.5,3.528,3.458,3.458,1578912,
2025-10-13,180501.SZ,红土创新深圳安居REIT,B,3.45,3.515,3.45,3.453,3133617,
2025-10-14,180501.SZ,红土创新深圳安居REIT,B,3.47,3.47,3.435,3.435,2582460,
2025-10-15,180501.SZ,红土创新深圳安居REIT,B,3.418,3.45,3.406,3.419,2078913,
2025-10-16,180501.SZ,红土创新深圳安居REIT,B,3.418,3.419,3.381,3.404,1868617,
2025-10-17,180501.SZ,红土创新深圳安居REIT,B,3.389,3.389,3.34,3.351,2949669,
2025-10-20,180501.SZ,红土创新深圳安居REIT,B,3.351,3.365,3.253,3.281,4433447,
2025-10-21,180501.SZ,红土创新深圳安居REIT,B,3.281,3.308,3.24,3.284,5140872,
2025-10-22,180501.SZ,红土创新深圳安居REIT,B,3.285,3.335,3.254,3.315,4549294,
2025-10-23,180501.SZ,红土创新深圳安居REIT,B,3.314,3.332,3.295,3.328,2777107,
2025-10-24,180501.SZ,红土创新深圳安居REIT,B,3.334,3.429,3.301,3.424,2837872,
2025-10-27,180501.SZ,红土创新深圳安居REIT,B,3.42,3.42,3.354,3.394,1901152,
2025-10-28,180501.SZ,红土创新深圳安居REIT,B,3.377,3.511,3.377,3.48,2053954,
2025-10-29,180501.SZ,红土创新深圳安居REIT,B,3.478,3.559,3.454,3.52,5296499,
2025-10-30,180501.SZ,红土创新深圳安居REIT,B,3.535,3.539,3.5,3.529,2685674,
2025-10-31,180501.SZ,红土创新深圳安居REIT,B,3.51,3.6,3.494,3.547,2315490,
2025-11-03,180501.SZ,红土创新深圳安居REIT,B,3.536,3.552,3.464,3.536,2516395,
2025-11-04,180501.SZ,红土创新深圳安居REIT,B,3.515,3.53,3.46,3.483,2929860,
2025-11-05,180501.SZ,红土创新深圳安居REIT,B,3.476,3.532,3.401,3.53,2451512,
2025-11-06,180501.SZ,红土创新深圳安居REIT,B,3.493,3.526,3.486,3.513,1422011,
2025-11-07,180501.SZ,红土创新深圳安居REIT,B,3.492,3.542,3.485,3.541,1806397,
2025-11-10,180501.SZ,红土创新深圳安居REIT,B,3.541,3.639,3.52,3.594,2497772,
2025-11-11,180501.SZ,红土创新深圳安居REIT,B,3.602,3.63,3.573,3.597,1110528,
2025-11-12,180501.SZ,红土创新深圳安居REIT,B,3.597,3.603,3.566,3.577,1428965,
2025-11-13,180501.SZ,红土创新深圳安居REIT,B,3.577,3.62,3.577,3.583,492892,
2025-11-14,180501.SZ,红土创新深圳安居REIT,B,3.583,3.583,3.535,3.582,724868,
2025-11-17,180501.SZ,红土创新深圳安居REIT,B,3.582,3.603,3.54,3.577,437918,
2025-11-18,180501.SZ,红土创新深圳安居REIT,B,3.576,3.576,3.534,3.56,2769815,
2025-11-19,180501.SZ,红土创新深圳安居REIT,B,3.563,3.563,3.524,3.533,650944,
2025-11-20,180501.SZ,红土创新深圳安居REIT,B,3.512,3.544,3.485,3.543,857987,
2025-11-21,180501.SZ,红土创新深圳安居REIT,B,3.522,3.58,3.5,3.512,1231581,
2025-11-24,180501.SZ,红土创新深圳安居REIT,B,3.52,3.525,3.489,3.49,843538,
2025-11-25,180501.SZ,红土创新深圳安居REIT,B,3.507,3.558,3.47,3.523,1103336,
2025-11-26,180501.SZ,红土创新深圳安居REIT,B,3.538,3.579,3.529,3.537,896987,
2025-11-27,180501.SZ,红土创新深圳安居REIT,B,3.516,3.543,3.516,3.532,344703,
2025-11-28,180501.SZ,红土创新深圳安居REIT,B,3.512,3.532,3.499,3.521,526336,
2025-12-01,180501.SZ,红土创新深圳安居REIT,B,3.52,3.52,3.485,3.505,499639,
2025-12-02,180501.SZ,红土创新深圳安居REIT,B,3.484,3.5,3.47,3.484,108195,
2025-12-03,180501.SZ,红土创新深圳安居REIT,B,3.467,3.504,3.467,3.503,454462,
2025-12-04,180501.SZ,红土创新深圳安居REIT,B,3.494,3.505,3.459,3.5,535820,
2025-12-05,180501.SZ,红土创新深圳安居REIT,B,3.479,3.518,3.471,3.474,420900,
2025-12-08,180501.SZ,红土创新深圳安居REIT,B,3.458,3.493,3.447,3.477,779781,
2025-12-09,180501.SZ,红土创新深圳安居REIT,B,3.477,3.481,3.45,3.479,852829,
2025-12-10,180501.SZ,红土创新深圳安居REIT,B,3.477,3.502,3.439,3.499,2360634,
2025-12-11,180501.SZ,红土创新深圳安居REIT,B,3.499,3.514,3.463,3.505,1555940,
2025-12-12,180501.SZ,红土创新深圳安居REIT,B,3.505,3.528,3.482,3.528,822878,
2025-12-15,180501.SZ,红土创新深圳安居REIT,B,3.526,3.526,3.478,3.481,1941557,
2025-12-16,180501.SZ,红土创新深圳安居REIT,B,3.469,3.48,3.45,3.457,1027075,
2025-12-17,180501.SZ,红土创新深圳安居REIT,B,3.451,3.453,3.388,3.429,519199,
2025-12-18,180501.SZ,红土创新深圳安居REIT,B,3.401,3.441,3.401,3.433,476493,
2025-12-19,180501.SZ,红土创新深圳安居REIT,B,3.401,3.441,3.381,3.405,832187,
2025-12-22,180501.SZ,红土创新深圳安居REIT,B,3.405,3.405,3.386,3.393,171539,
2025-12-23,180501.SZ,红土创新深圳安居REIT,B,3.374,3.391,3.34,3.359,377446,
2025-12-24,180501.SZ,红土创新深圳安居REIT,B,3.359,3.51,3.334,3.491,1822106,
2025-12-25,180501.SZ,红土创新深圳安居REIT,B,3.491,3.58,3.454,3.566,1369077,
2025-12-26,180501.SZ,红土创新深圳安居REIT,B,3.566,3.598,3.504,3.562,2292527,
2025-12-29,180501.SZ,红土创新深圳安居REIT,B,3.559,3.559,3.506,3.507,1016266,
2025-12-30,180501.SZ,红土创新深圳安居REIT,B,3.5,3.568,3.483,3.533,1572228,
2025-12-31,180501.SZ,红土创新深圳安居REIT,B,3.534,3.548,3.494,3.529,419840,
2026-01-05,180501.SZ,红土创新深圳安居REIT,B,3.529,3.561,3.499,3.519,1321521,
2026-01-06,180501.SZ,红土创新深圳安居REIT,B,3.503,3.554,3.503,3.534,2138520,
2026-01-07,180501.SZ,红土创新深圳安居REIT,B,3.515,3.547,3.515,3.537,1497261,
2026-01-08,180501.SZ,红土创新深圳安居REIT,B,3.53,3.58,3.502,3.54,1088806,
2026-01-09,180501.SZ,红土创新深圳安居REIT,B,3.519,3.573,3.475,3.49,1817154,
2026-01-12,180501.SZ,红土创新深圳安居REIT,B,3.474,3.483,3.429,3.474,1688755,
2026-01-13,180501.SZ,红土创新深圳安居REIT,B,3.468,3.489,3.38,3.42,1987283,
2026-01-14,180501.SZ,红土创新深圳安居REIT,B,3.406,3.439,3.39,3.395,1218206,
2026-01-15,180501.SZ,红土创新深圳安居REIT,B,3.394,3.414,3.344,3.377,5380574,
2026-01-16,180501.SZ,红土创新深圳安居REIT,B,3.361,3.41,3.329,3.394,3526937,
2026-01-19,180501.SZ,红土创新深圳安居REIT,B,3.394,3.397,3.348,3.382,3010440,
2026-01-20,180501.SZ,红土创新深圳安居REIT,B,3.376,3.476,3.357,3.464,4026162,
2026-01-21,180501.SZ,红土创新深圳安居REIT,B,3.469,3.513,3.432,3.505,2398222,
2026-01-22,180501.SZ,红土创新深圳安居REIT,B,3.504,3.55,3.484,3.53,1328488,
2026-01-23,180501.SZ,红土创新深圳安居REIT,B,3.503,3.627,3.484,3.567,2883324,
2026-01-26,180501.SZ,红土创新深圳安居REIT,B,3.546,3.567,3.479,3.565,1991974,
2026-01-27,180501.SZ,红土创新深圳安居REIT,B,3.554,3.56,3.51,3.547,1633634,
2026-01-28,180501.SZ,红土创新深圳安居REIT,B,3.532,3.566,3.509,3.545,1171931,
2026-01-29,180501.SZ,红土创新深圳安居REIT,B,3.55,3.58,3.515,3.559,2139171,
2026-01-30,180501.SZ,红土创新深圳安居REIT,B,3.558,3.576,3.52,3.559,1899764,
2026-02-02,180501.SZ,红土创新深圳安居REIT,B,3.534,3.557,3.505,3.535,1642771,
2026-02-03,180501.SZ,红土创新深圳安居REIT,B,3.535,3.546,3.506,3.541,1443074,
2026-02-04,180501.SZ,红土创新深圳安居REIT,B,3.522,3.546,3.522,3.54,1190390,
2026-02-05,180501.SZ,红土创新深圳安居REIT,B,3.543,3.552,3.497,3.545,650644,
2026-02-06,180501.SZ,红土创新深圳安居REIT,B,3.542,3.559,3.507,3.547,2410634,
2026-02-09,180501.SZ,红土创新深圳安居REIT,B,3.545,3.572,3.496,3.53,1760581,
2026-02-10,180501.SZ,红土创新深圳安居REIT,B,3.516,3.53,3.496,3.525,2286246,
2026-02-11,180501.SZ,红土创新深圳安居REIT,B,3.503,3.585,3.503,3.546,1942013,
2026-02-12,180501.SZ,红土创新深圳安居REIT,B,3.53,3.562,3.514,3.545,1154409,
2026-02-13,180501.SZ,红土创新深圳安居REIT,B,3.53,3.574,3.52,3.572,533118,
2026-02-24,180501.SZ,红土创新深圳安居REIT,B,3.568,3.589,3.517,3.561,1569311,
2026-02-25,180501.SZ,红土创新深圳安居REIT,B,3.547,3.555,3.523,3.54,1185087,
2026-02-26,180501.SZ,红土创新深圳安居REIT,B,3.53,3.539,3.482,3.51,1933011,
2026-02-27,180501.SZ,红土创新深圳安居REIT,B,3.51,3.513,3.438,3.468,5032780,
2026-03-02,180501.SZ,红土创新深圳安居REIT,B,3.462,3.464,3.398,3.406,7462720,
2026-03-03,180501.SZ,红土创新深圳安居REIT,B,3.405,3.44,3.386,3.414,2979503,
2026-03-04,180501.SZ,红土创新深圳安居REIT,B,3.419,3.419,3.37,3.4,1700296,
2026-03-05,180501.SZ,红土创新深圳安居REIT,B,3.398,3.415,3.373,3.39,1456343,
2026-03-06,180501.SZ,红土创新深圳安居REIT,B,3.39,3.39,3.36,3.37,1533634,
2026-03-09,180501.SZ,红土创新深圳安居REIT,B,3.37,3.379,3.353,3.362,1771685,
2026-03-10,180501.SZ,红土创新深圳安居REIT,B,3.384,3.414,3.356,3.385,3187895,
2026-03-11,180501.SZ,红土创新深圳安居REIT,B,3.387,3.4,3.366,3.391,1266136,
2026-03-12,180501.SZ,红土创新深圳安居REIT,B,3.394,3.418,3.365,3.397,1290212,
2026-03-13,180501.SZ,红土创新深圳安居REIT,B,3.389,3.4,3.36,3.383,2803001,
2026-03-16,180501.SZ,红土创新深圳安居REIT,B,3.382,3.382,3.303,3.318,1795728,
2026-03-17,180501.SZ,红土创新深圳安居REIT,B,3.309,3.347,3.302,3.326,1665835,
2026-03-18,180501.SZ,红土创新深圳安居REIT,B,3.326,3.406,3.305,3.4,2602023,
2026-03-19,180501.SZ,红土创新深圳安居REIT,B,3.4,3.458,3.37,3.443,1665727,
2026-03-20,180501.SZ,红土创新深圳安居REIT,B,3.445,3.445,3.389,3.427,2066006,
2026-03-23,180501.SZ,红土创新深圳安居REIT,B,3.419,3.419,3.366,3.38,1194684,
2026-03-24,180501.SZ,红土创新深圳安居REIT,B,3.379,3.406,3.34,3.38,941348,
2026-03-25,180501.SZ,红土创新深圳安居REIT,B,3.379,3.394,3.35,3.372,1272479,
2026-03-26,180501.SZ,红土创新深圳安居REIT,B,3.379,3.379,3.349,3.364,952474,
2026-03-27,180501.SZ,红土创新深圳安居REIT,B,3.363,3.379,3.332,3.376,914058,
2026-03-30,180501.SZ,红土创新深圳安居REIT,B,3.36,3.395,3.344,3.375,835875,
2026-03-31,180501.SZ,红土创新深圳安居REIT,B,3.375,3.375,3.343,3.37,1442124,
2026-04-01,180501.SZ,红土创新深圳安居REIT,B,3.376,3.376,3.334,3.372,364524,
2026-04-02,180501.SZ,红土创新深圳安居REIT,B,3.368,3.398,3.349,3.369,681363,
2026-04-03,180501.SZ,红土创新深圳安居REIT,B,3.377,3.419,3.348,3.407,765765,
2026-04-07,180501.SZ,红土创新深圳安居REIT,B,3.4,3.427,3.381,3.408,619795,
2026-04-08,180501.SZ,红土创新深圳安居REIT,B,3.415,3.476,3.393,3.438,1822601,
2026-04-09,180501.SZ,红土创新深圳安居REIT,B,3.429,3.463,3.412,3.453,1370844,
2026-04-10,180501.SZ,红土创新深圳安居REIT,B,3.452,3.459,3.421,3.435,1958327,
2026-04-13,180501.SZ,红土创新深圳安居REIT,B,3.372,3.422,3.372,3.391,1581247,
2026-04-14,180501.SZ,红土创新深圳安居REIT,B,3.39,3.441,3.366,3.43,2501264,
2026-04-15,180501.SZ,红土创新深圳安居REIT,B,3.43,3.456,3.406,3.456,727202,
2026-04-16,180501.SZ,红土创新深圳安居REIT,B,3.445,3.482,3.445,3.461,700200,
2026-04-17,180501.SZ,红土创新深圳安居REIT,B,3.455,3.481,3.4,3.445,884674,
2026-04-20,180501.SZ,红土创新深圳安居REIT,B,3.447,3.45,3.425,3.444,203974,
2026-04-21,180501.SZ,红土创新深圳安居REIT,B,3.444,3.464,3.423,3.448,1261195,
2026-04-22,180501.SZ,红土创新深圳安居REIT,B,3.435,3.508,3.427,3.503,952711,
2026-04-23,180501.SZ,红土创新深圳安居REIT,B,3.494,3.497,3.465,3.473,572808,
2026-04-24,180501.SZ,红土创新深圳安居REIT,B,3.473,3.474,3.441,3.441,313565,
2026-04-27,180501.SZ,红土创新深圳安居REIT,B,3.436,3.436,3.398,3.399,629100,
2026-04-28,180501.SZ,红土创新深圳安居REIT,B,3.394,3.46,3.384,3.4,2112692,
2026-04-29,180501.SZ,红土创新深圳安居REIT,B,3.406,3.415,3.371,3.4,1279599,
2026-04-30,180501.SZ,红土创新深圳安居REIT,B,3.384,3.396,3.366,3.37,2612116,
2026-05-06,180501.SZ,红土创新深圳安居REIT,B,3.37,3.383,3.334,3.35,581022,
2026-05-07,180501.SZ,红土创新深圳安居REIT,B,3.334,3.37,3.334,3.367,1254075,
2026-05-08,180501.SZ,红土创新深圳安居REIT,B,3.354,3.41,3.31,3.408,1031643,
2026-05-11,180501.SZ,红土创新深圳安居REIT,B,3.4,3.43,3.357,3.404,1482044,
2026-05-12,180501.SZ,红土创新深圳安居REIT,B,3.428,3.428,3.378,3.396,1272591,
2026-05-13,180501.SZ,红土创新深圳安居REIT,B,3.396,3.408,3.336,3.373,1063110,
2026-05-14,180501.SZ,红土创新深圳安居REIT,B,3.374,3.374,3.34,3.347,800423,
2026-05-15,180501.SZ,红土创新深圳安居REIT,B,3.347,3.35,3.33,3.347,280376,
2026-05-18,180501.SZ,红土创新深圳安居REIT,B,3.334,3.341,3.31,3.337,1843241,
2026-05-19,180501.SZ,红土创新深圳安居REIT,B,3.335,3.391,3.335,3.384,6030303,
2026-05-20,180501.SZ,红土创新深圳安居REIT,B,3.384,3.404,3.355,3.367,1542474,
2026-05-21,180501.SZ,红土创新深圳安居REIT,B,3.367,3.373,3.334,3.367,774852,
2026-05-22,180501.SZ,红土创新深圳安居REIT,B,3.373,3.4,3.373,3.4,177951,
2026-05-25,180501.SZ,红土创新深圳安居REIT,B,3.335,3.429,3.335,3.376,232947,
2026-05-26,180501.SZ,红土创新深圳安居REIT,B,3.376,3.425,3.351,3.362,1142059,
2026-05-27,180501.SZ,红土创新深圳安居REIT,B,3.349,3.35,3.336,3.342,282651,
2026-05-28,180501.SZ,红土创新深圳安居REIT,B,3.336,3.374,3.321,3.373,425979,
2026-05-29,180501.SZ,红土创新深圳安居REIT,B,3.375,3.43,3.368,3.42,347017,
2026-06-01,180501.SZ,红土创新深圳安居REIT,B,3.426,3.447,3.393,3.442,488614,
2026-06-02,180501.SZ,红土创新深圳安居REIT,B,3.43,3.446,3.388,3.43,1032291,
2026-06-03,180501.SZ,红土创新深圳安居REIT,B,3.416,3.43,3.4,3.416,1146747,
2026-06-04,180501.SZ,红土创新深圳安居REIT,B,3.427,3.443,3.399,3.443,653204,
2026-06-05,180501.SZ,红土创新深圳安居REIT,B,3.428,3.466,3.388,3.45,570930,
2026-06-08,180501.SZ,红土创新深圳安居REIT,B,3.45,3.45,3.412,3.426,598807,
2026-06-09,180501.SZ,红土创新深圳安居REIT,B,3.43,3.439,3.389,3.413,386168,
2026-06-10,180501.SZ,红土创新深圳安居REIT,B,3.409,3.43,3.369,3.412,968247,
2026-06-11,180501.SZ,红土创新深圳安居REIT,B,3.411,3.412,3.344,3.399,917939,
2026-06-12,180501.SZ,红土创新深圳安居REIT,B,3.39,3.407,3.361,3.403,765202,
2026-06-15,180501.SZ,红土创新深圳安居REIT,B,3.403,3.436,3.35,3.395,950887,
2026-06-16,180501.SZ,红土创新深圳安居REIT,B,3.395,3.419,3.359,3.372,430351,
2026-06-17,180501.SZ,红土创新深圳安居REIT,B,3.372,3.377,3.339,3.373,531775,
2026-06-18,180501.SZ,红土创新深圳安居REIT,B,3.379,3.398,3.343,3.348,2442254,
2026-06-22,180501.SZ,红土创新深圳安居REIT,B,3.348,3.35,3.306,3.34,907576,
2026-06-23,180501.SZ,红土创新深圳安居REIT,B,3.34,3.365,3.281,3.365,1005403,
2026-06-24,180501.SZ,红土创新深圳安居REIT,B,3.36,3.36,3.286,3.316,2598491,
2026-06-25,180501.SZ,红土创新深圳安居REIT,B,3.316,3.35,3.248,3.35,1778051,
2026-06-26,180501.SZ,红土创新深圳安居REIT,B,3.34,3.346,3.303,3.308,620599,
2026-06-29,180501.SZ,红土创新深圳安居REIT,B,3.301,3.356,3.283,3.344,828692,
2026-06-30,180501.SZ,红土创新深圳安居REIT,B,3.317,3.392,3.317,3.39,997801,
2026-07-01,180501.SZ,红土创新深圳安居REIT,B,3.398,3.404,3.368,3.373,770952,
2026-07-02,180501.SZ,红土创新深圳安居REIT,B,3.373,3.397,3.343,3.361,275295,
2026-07-03,180501.SZ,红土创新深圳安居REIT,B,3.351,3.404,3.334,3.354,844840,
2026-07-06,180501.SZ,红土创新深圳安居REIT,B,3.351,3.372,3.331,3.368,1698712,
2026-07-07,180501.SZ,红土创新深圳安居REIT,B,3.363,3.405,3.321,3.325,1068300,
2026-07-08,180501.SZ,红土创新深圳安居REIT,B,3.317,3.322,3.301,3.301,410541,
2026-07-09,180501.SZ,红土创新深圳安居REIT,B,3.33,3.33,3.265,3.318,1704390,
2026-07-10,180501.SZ,红土创新深圳安居REIT,B,3.312,3.349,3.28,3.348,1773991,
2026-07-13,180501.SZ,红土创新深圳安居REIT,B,3.338,3.379,3.338,3.341,261887,
2026-07-14,180501.SZ,红土创新深圳安居REIT,B,3.341,3.37,3.334,3.35,498901,
2026-07-15,180501.SZ,红土创新深圳安居REIT,B,3.331,3.372,3.308,3.351,406677,
2026-07-16,180501.SZ,红土创新深圳安居REIT,B,3.351,3.381,3.314,3.362,280503,
2026-07-17,180501.SZ,红土创新深圳安居REIT,B,3.364,3.383,3.326,3.327,287718,
2026-07-20,180501.SZ,红土创新深圳安居REIT,B,3.327,3.374,3.283,3.339,1402308,
2026-07-21,180501.SZ,红土创新深圳安居REIT,B,3.36,3.36,3.307,3.325,614932,
2026-07-22,180501.SZ,红土创新深圳安居REIT,B,3.313,3.36,3.288,3.3,753136,
2026-07-23,180501.SZ,红土创新深圳安居REIT,B,3.3,3.339,3.292,3.322,2741136,
2026-07-24,180501.SZ,红土创新深圳安居REIT,B,3.327,3.34,3.287,3.305,506452,
2026-07-27,180501.SZ,红土创新深圳安居REIT,B,3.293,3.314,3.285,3.299,497172,
2026-07-28,180501.SZ,红土创新深圳安居REIT,B,3.299,3.309,3.285,3.302,1072616,
2026-07-29,180501.SZ,红土创新深圳安居REIT,B,3.3,3.304,3.279,3.292,799405,
2026-07-30,180501.SZ,红土创新深圳安居REIT,B,3.292,3.299,3.279,3.288,1148419,
2026-07-31,180501.SZ,红土创新深圳安居REIT,B,3.282,3.315,3.275,3.288,2895715,
2026-08-03,180501.SZ,红土创新深圳安居REIT,B,3.299,3.304,3.268,3.27,692216,
2026-08-04,180501.SZ,红土创新深圳安居REIT,B,3.287,3.298,3.243,3.258,319294,
2026-08-05,180501.SZ,红土创新深圳安居REIT,B,3.258,3.27,3.231,3.248,1704552,
2026-08-06,180501.SZ,红土创新深圳安居REIT,B,3.256,3.263,3.24,3.255,1569940,
2026-08-07,180501.SZ,红土创新深圳安居REIT,B,3.255,3.263,3.225,3.252,1067142,
2026-08-10,180501.SZ,红土创新深圳安居REIT,B,3.239,3.263,3.223,3.225,884544,
2026-08-11,180501.SZ,红土创新深圳安居REIT,B,3.227,3.249,3.206,3.222,1131572,
2026-08-12,180501.SZ,红土创新深圳安居REIT,B,3.222,3.238,3.222,3.225,357217,
2026-08-13,180501.SZ,红土创新深圳安居REIT,B,3.239,3.239,3.223,3.233,337100,
2026-08-14,180501.SZ,红土创新深圳安居REIT,B,3.239,3.243,3.218,3.224,474608,
2026-08-17,180501.SZ,红土创新深圳安居REIT,B,3.207,3.222,3.206,3.214,301247,
2026-08-18,180501.SZ,红土创新深圳安居REIT,B,3.204,3.22,3.187,3.213,586706,
2026-08-19,180501.SZ,红土创新深圳安居REIT,B,3.191,3.234,3.187,3.23,519074,
2026-08-20,180501.SZ,红土创新深圳安居REIT,B,3.23,3.258,3.22,3.249,423232,
2024-10-23,180502.SZ,招商基金蛇口租赁住房REIT,A,3.0,3.085,2.881,2.922,16617761,
2024-10-24,180502.SZ,招商基金蛇口租赁住房REIT,A,2.925,2.925,2.9,2.905,6581276,
2024-10-25,180502.SZ,招商基金蛇口租赁住房REIT,A,2.903,2.913,2.882,2.907,2984904,
2024-10-28,180502.SZ,招商基金蛇口租赁住房REIT,A,2.898,2.901,2.855,2.884,11475585,
2024-10-29,180502.SZ,招商基金蛇口租赁住房REIT,A,2.884,2.895,2.867,2.882,5141278,
2024-10-30,180502.SZ,招商基金蛇口租赁住房REIT,A,2.88,2.883,2.87,2.882,4687666,
2024-10-31,180502.SZ,招商基金蛇口租赁住房REIT,A,2.878,2.901,2.877,2.9,2577597,
2024-11-01,180502.SZ,招商基金蛇口租赁住房REIT,A,2.89,2.9,2.89,2.894,1640306,
2024-11-04,180502.SZ,招商基金蛇口租赁住房REIT,A,2.899,2.899,2.88,2.897,2486186,
2024-11-05,180502.SZ,招商基金蛇口租赁住房REIT,A,2.89,2.898,2.874,2.898,3128702,
2024-11-06,180502.SZ,招商基金蛇口租赁住房REIT,A,2.899,2.9,2.88,2.887,2000283,
2024-11-07,180502.SZ,招商基金蛇口租赁住房REIT,A,2.884,2.887,2.875,2.887,2884218,
2024-11-08,180502.SZ,招商基金蛇口租赁住房REIT,A,2.888,2.934,2.875,2.925,4843519,
2024-11-11,180502.SZ,招商基金蛇口租赁住房REIT,A,2.924,2.985,2.924,2.985,3724710,
2024-11-12,180502.SZ,招商基金蛇口租赁住房REIT,A,2.987,3.029,2.987,3.026,2230747,
2024-11-13,180502.SZ,招商基金蛇口租赁住房REIT,A,3.027,3.038,3.002,3.02,4607910,
2024-11-14,180502.SZ,招商基金蛇口租赁住房REIT,A,3.02,3.03,3.007,3.015,1407047,
2024-11-15,180502.SZ,招商基金蛇口租赁住房REIT,A,3.019,3.025,2.976,3.02,2610478,
2024-11-18,180502.SZ,招商基金蛇口租赁住房REIT,A,3.02,3.032,3.002,3.03,1882464,
2024-11-19,180502.SZ,招商基金蛇口租赁住房REIT,A,3.031,3.041,3.017,3.032,946424,
2024-11-20,180502.SZ,招商基金蛇口租赁住房REIT,A,3.018,3.032,3.018,3.022,164269,
2024-11-21,180502.SZ,招商基金蛇口租赁住房REIT,A,3.018,3.032,3.015,3.03,112020,
2024-11-22,180502.SZ,招商基金蛇口租赁住房REIT,A,3.03,3.062,3.01,3.059,1090728,
2024-11-25,180502.SZ,招商基金蛇口租赁住房REIT,A,3.059,3.062,3.03,3.044,706544,
2024-11-26,180502.SZ,招商基金蛇口租赁住房REIT,A,3.032,3.066,3.032,3.062,385284,
2024-11-27,180502.SZ,招商基金蛇口租赁住房REIT,A,3.062,3.075,3.05,3.06,71300,
2024-11-28,180502.SZ,招商基金蛇口租赁住房REIT,A,3.06,3.08,3.052,3.063,203750,
2024-11-29,180502.SZ,招商基金蛇口租赁住房REIT,A,3.06,3.095,3.055,3.08,851686,
2024-12-02,180502.SZ,招商基金蛇口租赁住房REIT,A,3.085,3.158,3.076,3.09,601619,
2024-12-03,180502.SZ,招商基金蛇口租赁住房REIT,A,3.117,3.117,3.064,3.085,735288,
2024-12-04,180502.SZ,招商基金蛇口租赁住房REIT,A,3.08,3.093,3.058,3.089,2521651,
2024-12-05,180502.SZ,招商基金蛇口租赁住房REIT,A,3.089,3.09,3.069,3.09,154306,
2024-12-06,180502.SZ,招商基金蛇口租赁住房REIT,A,3.075,3.103,3.075,3.087,1121919,
2024-12-09,180502.SZ,招商基金蛇口租赁住房REIT,A,3.09,3.119,3.076,3.09,1569215,
2024-12-10,180502.SZ,招商基金蛇口租赁住房REIT,A,3.083,3.186,3.083,3.186,4763255,
2024-12-11,180502.SZ,招商基金蛇口租赁住房REIT,A,3.17,3.234,3.165,3.234,2455714,
2024-12-12,180502.SZ,招商基金蛇口租赁住房REIT,A,3.224,3.27,3.213,3.225,2142113,
2024-12-13,180502.SZ,招商基金蛇口租赁住房REIT,A,3.226,3.244,3.225,3.24,1304420,
2024-12-16,180502.SZ,招商基金蛇口租赁住房REIT,A,3.24,3.319,3.24,3.315,3822818,
2024-12-17,180502.SZ,招商基金蛇口租赁住房REIT,A,3.315,3.349,3.259,3.26,6483894,
2024-12-18,180502.SZ,招商基金蛇口租赁住房REIT,A,3.275,3.275,3.2,3.201,2889131,
2024-12-19,180502.SZ,招商基金蛇口租赁住房REIT,A,3.195,3.243,3.162,3.194,1273531,
2024-12-20,180502.SZ,招商基金蛇口租赁住房REIT,A,3.179,3.301,3.179,3.24,1625050,
2024-12-23,180502.SZ,招商基金蛇口租赁住房REIT,A,3.227,3.33,3.227,3.25,1046125,
2024-12-24,180502.SZ,招商基金蛇口租赁住房REIT,A,3.245,3.258,3.186,3.198,4159282,
2024-12-25,180502.SZ,招商基金蛇口租赁住房REIT,A,3.165,3.197,3.147,3.176,4167941,
2024-12-26,180502.SZ,招商基金蛇口租赁住房REIT,A,3.163,3.193,3.158,3.179,1074844,
2024-12-27,180502.SZ,招商基金蛇口租赁住房REIT,A,3.164,3.203,3.164,3.198,1673837,
2024-12-30,180502.SZ,招商基金蛇口租赁住房REIT,A,3.179,3.205,3.177,3.195,2074327,
2024-12-31,180502.SZ,招商基金蛇口租赁住房REIT,A,3.195,3.209,3.179,3.195,829564,
2025-01-02,180502.SZ,招商基金蛇口租赁住房REIT,A,3.209,3.268,3.195,3.246,3983075,
2025-01-03,180502.SZ,招商基金蛇口租赁住房REIT,A,3.246,3.358,3.246,3.341,4464808,
2025-01-06,180502.SZ,招商基金蛇口租赁住房REIT,A,3.34,3.37,3.3,3.331,1532557,
2025-01-07,180502.SZ,招商基金蛇口租赁住房REIT,A,3.331,3.34,3.23,3.26,2525537,
2025-01-08,180502.SZ,招商基金蛇口租赁住房REIT,A,3.26,3.33,3.26,3.298,1219500,
2025-01-09,180502.SZ,招商基金蛇口租赁住房REIT,A,3.299,3.339,3.299,3.32,3139519,
2025-01-10,180502.SZ,招商基金蛇口租赁住房REIT,A,3.32,3.335,3.27,3.33,3664237,
2025-01-13,180502.SZ,招商基金蛇口租赁住房REIT,A,3.33,3.342,3.298,3.319,3336353,
2025-01-14,180502.SZ,招商基金蛇口租赁住房REIT,A,3.319,3.338,3.288,3.312,514421,
2025-01-15,180502.SZ,招商基金蛇口租赁住房REIT,A,3.312,3.372,3.3,3.368,2978094,
2025-01-16,180502.SZ,招商基金蛇口租赁住房REIT,A,3.37,3.468,3.338,3.435,1355271,
2025-01-17,180502.SZ,招商基金蛇口租赁住房REIT,A,3.428,3.477,3.428,3.472,740200,
2025-01-20,180502.SZ,招商基金蛇口租赁住房REIT,A,3.433,3.569,3.433,3.5,2116620,
2025-01-21,180502.SZ,招商基金蛇口租赁住房REIT,A,3.497,3.559,3.462,3.48,1394467,
2025-01-22,180502.SZ,招商基金蛇口租赁住房REIT,A,3.44,3.575,3.44,3.553,1579457,
2025-01-23,180502.SZ,招商基金蛇口租赁住房REIT,A,3.65,3.65,3.517,3.62,1324100,
2025-01-24,180502.SZ,招商基金蛇口租赁住房REIT,A,3.65,3.701,3.635,3.693,551355,
2025-01-27,180502.SZ,招商基金蛇口租赁住房REIT,A,3.751,3.807,3.701,3.795,614352,
2025-02-05,180502.SZ,招商基金蛇口租赁住房REIT,A,3.799,3.875,3.799,3.852,1120508,
2025-02-06,180502.SZ,招商基金蛇口租赁住房REIT,A,3.89,3.993,3.813,3.852,1498293,
2025-02-07,180502.SZ,招商基金蛇口租赁住房REIT,A,3.86,3.86,3.738,3.826,1266438,
2025-02-10,180502.SZ,招商基金蛇口租赁住房REIT,A,3.826,3.826,3.766,3.798,2194720,
2025-02-11,180502.SZ,招商基金蛇口租赁住房REIT,A,3.796,3.83,3.73,3.816,1913306,
2025-02-12,180502.SZ,招商基金蛇口租赁住房REIT,A,3.801,3.849,3.75,3.766,972906,
2025-02-13,180502.SZ,招商基金蛇口租赁住房REIT,A,3.726,3.762,3.669,3.689,1221574,
2025-02-14,180502.SZ,招商基金蛇口租赁住房REIT,A,3.689,3.758,3.621,3.728,1231028,
2025-02-17,180502.SZ,招商基金蛇口租赁住房REIT,A,3.688,3.767,3.688,3.693,1848700,
2025-02-18,180502.SZ,招商基金蛇口租赁住房REIT,A,3.691,3.718,3.653,3.675,1624673,
2025-02-19,180502.SZ,招商基金蛇口租赁住房REIT,A,3.64,3.713,3.64,3.68,1050609,
2025-02-20,180502.SZ,招商基金蛇口租赁住房REIT,A,3.64,3.745,3.64,3.71,1247806,
2025-02-21,180502.SZ,招商基金蛇口租赁住房REIT,A,3.71,3.77,3.65,3.673,3874647,
2025-02-24,180502.SZ,招商基金蛇口租赁住房REIT,A,3.718,3.718,3.617,3.622,1500341,
2025-02-25,180502.SZ,招商基金蛇口租赁住房REIT,A,3.622,3.63,3.533,3.57,3534619,
2025-02-26,180502.SZ,招商基金蛇口租赁住房REIT,A,3.53,3.642,3.53,3.603,3601630,
2025-02-27,180502.SZ,招商基金蛇口租赁住房REIT,A,3.564,3.61,3.564,3.588,4391669,
2025-02-28,180502.SZ,招商基金蛇口租赁住房REIT,A,3.588,3.644,3.535,3.585,3062300,
2025-03-03,180502.SZ,招商基金蛇口租赁住房REIT,A,3.57,3.641,3.57,3.625,4203361,
2025-03-04,180502.SZ,招商基金蛇口租赁住房REIT,A,3.63,3.826,3.626,3.65,3065877,
2025-03-05,180502.SZ,招商基金蛇口租赁住房REIT,A,3.687,3.687,3.588,3.598,3542677,
2025-03-06,180502.SZ,招商基金蛇口租赁住房REIT,A,3.58,3.591,3.496,3.51,3969000,
2025-03-07,180502.SZ,招商基金蛇口租赁住房REIT,A,3.492,3.532,3.477,3.511,2297190,
2025-03-10,180502.SZ,招商基金蛇口租赁住房REIT,A,3.51,3.538,3.472,3.516,2726882,
2025-03-11,180502.SZ,招商基金蛇口租赁住房REIT,A,3.516,3.553,3.457,3.466,3374800,
2025-03-12,180502.SZ,招商基金蛇口租赁住房REIT,A,3.461,3.496,3.399,3.477,4056413,
2025-03-13,180502.SZ,招商基金蛇口租赁住房REIT,A,3.44,3.479,3.44,3.478,4379300,
2025-03-14,180502.SZ,招商基金蛇口租赁住房REIT,A,3.476,3.481,3.446,3.479,2379300,
2025-03-17,180502.SZ,招商基金蛇口租赁住房REIT,A,3.479,3.535,3.439,3.481,3768287,
2025-03-18,180502.SZ,招商基金蛇口租赁住房REIT,A,3.481,3.549,3.481,3.54,4063681,
2025-03-19,180502.SZ,招商基金蛇口租赁住房REIT,A,3.54,3.615,3.54,3.613,2035149,
2025-03-20,180502.SZ,招商基金蛇口租赁住房REIT,A,3.613,3.68,3.605,3.679,3657442,
2025-03-21,180502.SZ,招商基金蛇口租赁住房REIT,A,3.664,3.731,3.649,3.652,1702200,
2025-03-24,180502.SZ,招商基金蛇口租赁住房REIT,A,3.634,3.703,3.634,3.66,1713200,
2025-03-25,180502.SZ,招商基金蛇口租赁住房REIT,A,3.67,3.699,3.612,3.66,1693200,
2025-03-26,180502.SZ,招商基金蛇口租赁住房REIT,A,3.65,3.711,3.645,3.679,1067400,
2025-03-27,180502.SZ,招商基金蛇口租赁住房REIT,A,3.68,3.731,3.68,3.714,2043400,
2025-03-28,180502.SZ,招商基金蛇口租赁住房REIT,A,3.778,3.778,3.709,3.722,1748612,
2025-03-31,180502.SZ,招商基金蛇口租赁住房REIT,A,3.729,3.751,3.613,3.632,1480596,
2025-04-01,180502.SZ,招商基金蛇口租赁住房REIT,A,3.628,3.644,3.563,3.604,2648013,
2025-04-02,180502.SZ,招商基金蛇口租赁住房REIT,A,3.604,3.687,3.578,3.687,1922755,
2025-04-03,180502.SZ,招商基金蛇口租赁住房REIT,A,3.688,3.798,3.688,3.739,3033272,
2025-04-07,180502.SZ,招商基金蛇口租赁住房REIT,A,3.741,3.888,3.728,3.773,2300698,
2025-04-08,180502.SZ,招商基金蛇口租赁住房REIT,A,3.68,3.799,3.68,3.76,1226900,
2025-04-09,180502.SZ,招商基金蛇口租赁住房REIT,A,3.761,3.782,3.72,3.723,1310700,
2025-04-10,180502.SZ,招商基金蛇口租赁住房REIT,A,3.742,3.76,3.72,3.728,717415,
2025-04-11,180502.SZ,招商基金蛇口租赁住房REIT,A,3.727,3.774,3.727,3.74,1448394,
2025-04-14,180502.SZ,招商基金蛇口租赁住房REIT,A,3.741,3.761,3.723,3.759,442441,
2025-04-15,180502.SZ,招商基金蛇口租赁住房REIT,A,3.761,3.804,3.761,3.795,1265454,
2025-04-16,180502.SZ,招商基金蛇口租赁住房REIT,A,3.799,3.851,3.799,3.817,594838,
2025-04-17,180502.SZ,招商基金蛇口租赁住房REIT,A,3.8,3.868,3.799,3.84,1103719,
2025-04-18,180502.SZ,招商基金蛇口租赁住房REIT,A,3.854,3.858,3.823,3.827,1085800,
2025-04-21,180502.SZ,招商基金蛇口租赁住房REIT,A,3.83,3.873,3.79,3.823,1480750,
2025-04-22,180502.SZ,招商基金蛇口租赁住房REIT,A,3.813,3.853,3.813,3.84,869507,
2025-04-23,180502.SZ,招商基金蛇口租赁住房REIT,A,3.825,3.869,3.796,3.8,1086019,
2025-04-24,180502.SZ,招商基金蛇口租赁住房REIT,A,3.8,3.832,3.795,3.81,618800,
2025-04-25,180502.SZ,招商基金蛇口租赁住房REIT,A,3.818,3.856,3.739,3.767,774600,
2025-04-28,180502.SZ,招商基金蛇口租赁住房REIT,A,3.752,3.763,3.683,3.706,1164988,
2025-04-29,180502.SZ,招商基金蛇口租赁住房REIT,A,3.7,3.74,3.699,3.74,709400,
2025-04-30,180502.SZ,招商基金蛇口租赁住房REIT,A,3.735,3.83,3.735,3.83,412919,
2025-05-06,180502.SZ,招商基金蛇口租赁住房REIT,A,3.83,3.83,3.799,3.826,950139,
2025-05-07,180502.SZ,招商基金蛇口租赁住房REIT,A,3.8,3.873,3.8,3.867,992437,
2025-05-08,180502.SZ,招商基金蛇口租赁住房REIT,A,3.859,3.875,3.78,3.867,2449756,
2025-05-09,180502.SZ,招商基金蛇口租赁住房REIT,A,3.855,3.86,3.837,3.849,348900,
2025-05-12,180502.SZ,招商基金蛇口租赁住房REIT,A,3.837,3.89,3.837,3.858,1061787,
2025-05-13,180502.SZ,招商基金蛇口租赁住房REIT,A,3.85,3.873,3.819,3.857,2010038,
2025-05-14,180502.SZ,招商基金蛇口租赁住房REIT,A,3.842,3.88,3.819,3.875,773713,
2025-05-15,180502.SZ,招商基金蛇口租赁住房REIT,A,3.865,3.895,3.816,3.828,499031,
2025-05-16,180502.SZ,招商基金蛇口租赁住房REIT,A,3.818,3.861,3.818,3.833,1269177,
2025-05-19,180502.SZ,招商基金蛇口租赁住房REIT,A,3.824,3.875,3.824,3.862,869200,
2025-05-20,180502.SZ,招商基金蛇口租赁住房REIT,A,3.852,3.909,3.842,3.905,844806,
2025-05-21,180502.SZ,招商基金蛇口租赁住房REIT,A,3.895,3.953,3.895,3.939,957300,
2025-05-22,180502.SZ,招商基金蛇口租赁住房REIT,A,3.939,3.949,3.842,3.894,3053862,
2025-05-23,180502.SZ,招商基金蛇口租赁住房REIT,A,3.878,3.932,3.85,3.932,1252169,
2025-05-26,180502.SZ,招商基金蛇口租赁住房REIT,A,3.934,3.941,3.895,3.898,850400,
2025-05-27,180502.SZ,招商基金蛇口租赁住房REIT,A,3.894,3.894,3.866,3.894,744900,
2025-05-28,180502.SZ,招商基金蛇口租赁住房REIT,A,3.883,3.891,3.875,3.876,214700,
2025-05-29,180502.SZ,招商基金蛇口租赁住房REIT,A,3.875,3.875,3.847,3.858,269607,
2025-05-30,180502.SZ,招商基金蛇口租赁住房REIT,A,3.851,3.939,3.851,3.91,785600,
2025-06-03,180502.SZ,招商基金蛇口租赁住房REIT,A,3.92,3.92,3.879,3.899,336400,
2025-06-04,180502.SZ,招商基金蛇口租赁住房REIT,A,3.888,3.92,3.888,3.914,858100,
2025-06-05,180502.SZ,招商基金蛇口租赁住房REIT,A,3.93,3.937,3.901,3.932,997300,
2025-06-06,180502.SZ,招商基金蛇口租赁住房REIT,A,3.917,3.992,3.912,3.978,687000,
2025-06-09,180502.SZ,招商基金蛇口租赁住房REIT,A,3.994,3.997,3.95,3.959,624200,
2025-06-10,180502.SZ,招商基金蛇口租赁住房REIT,A,3.97,3.995,3.959,3.981,347800,
2025-06-11,180502.SZ,招商基金蛇口租赁住房REIT,A,3.989,4.0,3.98,3.997,371700,
2025-06-12,180502.SZ,招商基金蛇口租赁住房REIT,A,4.002,4.027,3.975,3.982,672200,
2025-06-13,180502.SZ,招商基金蛇口租赁住房REIT,A,3.998,4.002,3.97,3.987,644300,
2025-06-16,180502.SZ,招商基金蛇口租赁住房REIT,A,3.989,4.06,3.97,4.037,1694331,
2025-06-17,180502.SZ,招商基金蛇口租赁住房REIT,A,4.043,4.078,4.043,4.076,402500,
2025-06-18,180502.SZ,招商基金蛇口租赁住房REIT,A,4.096,4.156,4.074,4.128,1702492,
2025-06-19,180502.SZ,招商基金蛇口租赁住房REIT,A,4.12,4.149,4.07,4.149,1582500,
2025-06-20,180502.SZ,招商基金蛇口租赁住房REIT,A,4.159,4.18,4.105,4.168,1299939,
2025-06-23,180502.SZ,招商基金蛇口租赁住房REIT,A,4.168,4.208,4.164,4.166,306800,
2025-06-24,180502.SZ,招商基金蛇口租赁住房REIT,A,4.17,4.17,4.061,4.121,2548700,
2025-06-25,180502.SZ,招商基金蛇口租赁住房REIT,A,4.105,4.137,4.069,4.106,661450,
2025-06-26,180502.SZ,招商基金蛇口租赁住房REIT,A,4.105,4.131,4.09,4.09,153400,
2025-06-27,180502.SZ,招商基金蛇口租赁住房REIT,A,4.074,4.091,4.068,4.08,1187045,
2025-06-30,180502.SZ,招商基金蛇口租赁住房REIT,A,4.075,4.175,4.075,4.1,905355,
2025-07-01,180502.SZ,招商基金蛇口租赁住房REIT,A,4.116,4.164,4.065,4.065,629100,
2025-07-02,180502.SZ,招商基金蛇口租赁住房REIT,A,4.081,4.204,4.033,4.153,1930377,
2025-07-03,180502.SZ,招商基金蛇口租赁住房REIT,A,4.136,4.24,4.123,4.181,2015925,
2025-07-04,180502.SZ,招商基金蛇口租赁住房REIT,A,4.165,4.215,4.164,4.196,511713,
2025-07-07,180502.SZ,招商基金蛇口租赁住房REIT,A,4.206,4.31,4.13,4.181,1085477,
2025-07-08,180502.SZ,招商基金蛇口租赁住房REIT,A,4.198,4.198,4.137,4.137,696200,
2025-07-09,180502.SZ,招商基金蛇口租赁住房REIT,A,4.137,4.149,4.09,4.097,673000,
2025-07-10,180502.SZ,招商基金蛇口租赁住房REIT,A,4.109,4.151,4.02,4.063,1539631,
2025-07-11,180502.SZ,招商基金蛇口租赁住房REIT,A,4.061,4.111,4.037,4.081,1380100,
2025-07-14,180502.SZ,招商基金蛇口租赁住房REIT,A,4.061,4.1,4.049,4.058,603500,
2025-07-15,180502.SZ,招商基金蛇口租赁住房REIT,A,4.049,4.1,4.046,4.09,1392000,
2025-07-16,180502.SZ,招商基金蛇口租赁住房REIT,A,4.076,4.117,4.061,4.1,1078900,
2025-07-17,180502.SZ,招商基金蛇口租赁住房REIT,A,4.084,4.117,4.038,4.074,936100,
2025-07-18,180502.SZ,招商基金蛇口租赁住房REIT,A,4.065,4.11,4.01,4.034,1355200,
2025-07-21,180502.SZ,招商基金蛇口租赁住房REIT,A,4.032,4.058,4.012,4.029,1438843,
2025-07-22,180502.SZ,招商基金蛇口租赁住房REIT,A,4.013,4.055,3.932,4.019,832705,
2025-07-23,180502.SZ,招商基金蛇口租赁住房REIT,A,4.009,4.034,3.953,3.986,1253769,
2025-07-24,180502.SZ,招商基金蛇口租赁住房REIT,A,3.986,4.006,3.986,4.0,373500,
2025-07-25,180502.SZ,招商基金蛇口租赁住房REIT,A,4.0,4.001,3.952,3.969,1110250,
2025-07-28,180502.SZ,招商基金蛇口租赁住房REIT,A,3.968,4.0,3.913,3.98,1478522,
2025-07-29,180502.SZ,招商基金蛇口租赁住房REIT,A,3.97,3.976,3.932,3.935,1588203,
2025-07-30,180502.SZ,招商基金蛇口租赁住房REIT,A,3.935,3.956,3.895,3.948,679601,
2025-07-31,180502.SZ,招商基金蛇口租赁住房REIT,A,3.959,4.05,3.959,4.05,1540347,
2025-08-01,180502.SZ,招商基金蛇口租赁住房REIT,A,4.05,4.064,4.009,4.058,2097631,
2025-08-04,180502.SZ,招商基金蛇口租赁住房REIT,A,4.042,4.086,4.024,4.034,1364700,
2025-08-05,180502.SZ,招商基金蛇口租赁住房REIT,A,4.03,4.032,3.989,4.013,1676000,
2025-08-06,180502.SZ,招商基金蛇口租赁住房REIT,A,4.027,4.034,3.965,4.004,1182696,
2025-08-07,180502.SZ,招商基金蛇口租赁住房REIT,A,4.007,4.068,3.965,4.048,777000,
2025-08-08,180502.SZ,招商基金蛇口租赁住房REIT,A,4.048,4.064,4.001,4.02,1065300,
2025-08-11,180502.SZ,招商基金蛇口租赁住房REIT,A,4.02,4.025,3.99,4.0,515900,
2025-08-12,180502.SZ,招商基金蛇口租赁住房REIT,A,4.01,4.024,3.983,3.99,410500,
2025-08-13,180502.SZ,招商基金蛇口租赁住房REIT,A,4.002,4.031,3.94,3.948,1263400,
2025-08-14,180502.SZ,招商基金蛇口租赁住房REIT,A,3.932,3.99,3.928,3.943,802715,
2025-08-15,180502.SZ,招商基金蛇口租赁住房REIT,A,3.943,3.943,3.908,3.908,1048050,
2025-08-18,180502.SZ,招商基金蛇口租赁住房REIT,A,3.856,3.856,3.702,3.717,1222129,
2025-08-19,180502.SZ,招商基金蛇口租赁住房REIT,A,3.713,3.713,3.61,3.658,3419269,
2025-08-20,180502.SZ,招商基金蛇口租赁住房REIT,A,3.657,3.74,3.65,3.657,1604232,
2025-08-21,180502.SZ,招商基金蛇口租赁住房REIT,A,3.657,3.67,3.625,3.661,1338448,
2025-08-22,180502.SZ,招商基金蛇口租赁住房REIT,A,3.669,3.731,3.661,3.725,1087506,
2025-08-25,180502.SZ,招商基金蛇口租赁住房REIT,A,3.725,3.728,3.671,3.727,1189538,
2025-08-26,180502.SZ,招商基金蛇口租赁住房REIT,A,3.724,3.833,3.71,3.761,1791300,
2025-08-27,180502.SZ,招商基金蛇口租赁住房REIT,A,3.791,3.802,3.732,3.769,1293300,
2025-08-28,180502.SZ,招商基金蛇口租赁住房REIT,A,3.769,3.769,3.732,3.758,94600,
2025-08-29,180502.SZ,招商基金蛇口租赁住房REIT,A,3.73,3.76,3.729,3.757,320063,
2025-09-01,180502.SZ,招商基金蛇口租赁住房REIT,A,3.771,3.782,3.757,3.764,644300,
2025-09-02,180502.SZ,招商基金蛇口租赁住房REIT,A,3.753,3.839,3.745,3.764,691700,
2025-09-03,180502.SZ,招商基金蛇口租赁住房REIT,A,3.751,3.794,3.733,3.77,474600,
2025-09-04,180502.SZ,招商基金蛇口租赁住房REIT,A,3.769,3.893,3.769,3.887,2213650,
2025-09-05,180502.SZ,招商基金蛇口租赁住房REIT,A,3.871,3.875,3.76,3.8,1385225,
2025-09-08,180502.SZ,招商基金蛇口租赁住房REIT,A,3.792,3.798,3.751,3.778,903863,
2025-09-09,180502.SZ,招商基金蛇口租赁住房REIT,A,3.789,3.799,3.765,3.781,191200,
2025-09-10,180502.SZ,招商基金蛇口租赁住房REIT,A,3.761,3.787,3.76,3.779,475000,
2025-09-11,180502.SZ,招商基金蛇口租赁住房REIT,A,3.771,3.791,3.746,3.784,326200,
2025-09-12,180502.SZ,招商基金蛇口租赁住房REIT,A,3.781,3.796,3.778,3.789,548800,
2025-09-15,180502.SZ,招商基金蛇口租赁住房REIT,A,3.771,3.8,3.766,3.8,1060000,
2025-09-16,180502.SZ,招商基金蛇口租赁住房REIT,A,3.798,3.801,3.748,3.75,826200,
2025-09-17,180502.SZ,招商基金蛇口租赁住房REIT,A,3.754,3.754,3.684,3.724,1046200,
2025-09-18,180502.SZ,招商基金蛇口租赁住房REIT,A,3.711,3.75,3.685,3.729,2574400,
2025-09-19,180502.SZ,招商基金蛇口租赁住房REIT,A,3.716,3.742,3.705,3.74,2249285,
2025-09-22,180502.SZ,招商基金蛇口租赁住房REIT,A,3.718,3.772,3.675,3.763,976485,
2025-09-23,180502.SZ,招商基金蛇口租赁住房REIT,A,3.763,3.763,3.723,3.74,538482,
2025-09-24,180502.SZ,招商基金蛇口租赁住房REIT,A,3.731,3.753,3.686,3.738,305000,
2025-09-25,180502.SZ,招商基金蛇口租赁住房REIT,A,3.736,3.736,3.695,3.699,818706,
2025-09-26,180502.SZ,招商基金蛇口租赁住房REIT,A,3.699,3.707,3.659,3.693,322987,
2025-09-29,180502.SZ,招商基金蛇口租赁住房REIT,A,3.69,3.707,3.659,3.701,205663,
2025-09-30,180502.SZ,招商基金蛇口租赁住房REIT,A,3.706,3.708,3.683,3.708,1731700,
2025-10-09,180502.SZ,招商基金蛇口租赁住房REIT,A,3.69,3.715,3.671,3.699,565212,
2025-10-10,180502.SZ,招商基金蛇口租赁住房REIT,A,3.689,3.701,3.659,3.7,203400,
2025-10-13,180502.SZ,招商基金蛇口租赁住房REIT,A,3.678,3.743,3.656,3.705,951225,
2025-10-14,180502.SZ,招商基金蛇口租赁住房REIT,A,3.683,3.79,3.628,3.75,1279700,
2025-10-15,180502.SZ,招商基金蛇口租赁住房REIT,A,3.729,3.729,3.66,3.687,1012900,
2025-10-16,180502.SZ,招商基金蛇口租赁住房REIT,A,3.681,3.724,3.63,3.64,1030200,
2025-10-17,180502.SZ,招商基金蛇口租赁住房REIT,A,3.639,3.639,3.496,3.573,3048995,
2025-10-20,180502.SZ,招商基金蛇口租赁住房REIT,A,3.571,3.571,3.487,3.53,2178025,
2025-10-21,180502.SZ,招商基金蛇口租赁住房REIT,A,3.507,3.544,3.49,3.529,770900,
2025-10-22,180502.SZ,招商基金蛇口租赁住房REIT,A,3.508,3.59,3.5,3.517,914400,
2025-10-23,180502.SZ,招商基金蛇口租赁住房REIT,A,3.496,3.534,3.366,3.39,10391400,
2025-10-24,180502.SZ,招商基金蛇口租赁住房REIT,A,3.382,3.468,3.366,3.426,4846800,
2025-10-27,180502.SZ,招商基金蛇口租赁住房REIT,A,3.423,3.437,3.395,3.402,2879600,
2025-10-28,180502.SZ,招商基金蛇口租赁住房REIT,A,3.419,3.461,3.383,3.45,6441100,
2025-10-29,180502.SZ,招商基金蛇口租赁住房REIT,A,3.46,3.515,3.427,3.505,8201147,
2025-10-30,180502.SZ,招商基金蛇口租赁住房REIT,A,3.505,3.557,3.484,3.555,5291400,
2025-10-31,180502.SZ,招商基金蛇口租赁住房REIT,A,3.56,3.582,3.494,3.508,7614900,
2025-11-03,180502.SZ,招商基金蛇口租赁住房REIT,A,3.507,3.519,3.455,3.487,6616000,
2025-11-04,180502.SZ,招商基金蛇口租赁住房REIT,A,3.466,3.5,3.403,3.464,5928000,
2025-11-05,180502.SZ,招商基金蛇口租赁住房REIT,A,3.448,3.51,3.429,3.494,7140400,
2025-11-06,180502.SZ,招商基金蛇口租赁住房REIT,A,3.495,3.511,3.465,3.492,3563400,
2025-11-07,180502.SZ,招商基金蛇口租赁住房REIT,A,3.492,3.498,3.471,3.485,1728000,
2025-11-10,180502.SZ,招商基金蛇口租赁住房REIT,A,3.488,3.55,3.475,3.55,4059900,
2025-11-11,180502.SZ,招商基金蛇口租赁住房REIT,A,3.58,3.615,3.512,3.61,5200600,
2025-11-12,180502.SZ,招商基金蛇口租赁住房REIT,A,3.623,3.623,3.552,3.592,1606400,
2025-11-13,180502.SZ,招商基金蛇口租赁住房REIT,A,3.614,3.614,3.579,3.614,3664300,
2025-11-14,180502.SZ,招商基金蛇口租赁住房REIT,A,3.615,3.63,3.559,3.628,4924100,
2025-11-17,180502.SZ,招商基金蛇口租赁住房REIT,A,3.631,3.66,3.588,3.66,2787300,
2025-11-18,180502.SZ,招商基金蛇口租赁住房REIT,A,3.671,3.671,3.609,3.645,4394800,
2025-11-19,180502.SZ,招商基金蛇口租赁住房REIT,A,3.628,3.65,3.609,3.638,4074400,
2025-11-20,180502.SZ,招商基金蛇口租赁住房REIT,A,3.638,3.648,3.4,3.605,1827187,
2025-11-21,180502.SZ,招商基金蛇口租赁住房REIT,A,3.583,3.709,3.582,3.61,3670000,
2025-11-24,180502.SZ,招商基金蛇口租赁住房REIT,A,3.63,3.63,3.57,3.594,3531100,
2025-11-25,180502.SZ,招商基金蛇口租赁住房REIT,A,3.582,3.598,3.458,3.592,4123000,
2025-11-26,180502.SZ,招商基金蛇口租赁住房REIT,A,3.57,3.61,3.552,3.599,6370474,
2025-11-27,180502.SZ,招商基金蛇口租赁住房REIT,A,3.599,3.603,3.563,3.59,3549306,
2025-11-28,180502.SZ,招商基金蛇口租赁住房REIT,A,3.569,3.628,3.555,3.615,4077500,
2025-12-01,180502.SZ,招商基金蛇口租赁住房REIT,A,3.593,3.615,3.572,3.572,470700,
2025-12-02,180502.SZ,招商基金蛇口租赁住房REIT,A,3.572,3.592,3.53,3.55,2087700,
2025-12-03,180502.SZ,招商基金蛇口租赁住房REIT,A,3.545,3.558,3.522,3.532,794800,
2025-12-04,180502.SZ,招商基金蛇口租赁住房REIT,A,3.526,3.531,3.495,3.522,828800,
2025-12-05,180502.SZ,招商基金蛇口租赁住房REIT,A,3.501,3.524,3.5,3.513,102700,
2025-12-08,180502.SZ,招商基金蛇口租赁住房REIT,A,3.504,3.512,3.48,3.48,2012869,
2025-12-09,180502.SZ,招商基金蛇口租赁住房REIT,A,3.459,3.479,3.447,3.47,1477487,
2025-12-10,180502.SZ,招商基金蛇口租赁住房REIT,A,3.477,3.799,3.421,3.55,2058300,
2025-12-11,180502.SZ,招商基金蛇口租赁住房REIT,A,3.549,3.549,3.518,3.536,768700,
2025-12-12,180502.SZ,招商基金蛇口租赁住房REIT,A,3.536,3.568,3.521,3.539,428700,
2025-12-15,180502.SZ,招商基金蛇口租赁住房REIT,A,3.57,3.57,3.504,3.511,1092606,
2025-12-16,180502.SZ,招商基金蛇口租赁住房REIT,A,3.5,3.567,3.46,3.508,1583600,
2025-12-17,180502.SZ,招商基金蛇口租赁住房REIT,A,3.468,3.56,3.445,3.499,1681000,
2025-12-18,180502.SZ,招商基金蛇口租赁住房REIT,A,3.499,3.499,3.463,3.48,1090700,
2025-12-19,180502.SZ,招商基金蛇口租赁住房REIT,A,3.487,3.487,3.375,3.438,2039032,
2025-12-22,180502.SZ,招商基金蛇口租赁住房REIT,A,3.449,3.449,3.397,3.445,1471500,
2025-12-23,180502.SZ,招商基金蛇口租赁住房REIT,A,3.459,3.459,3.41,3.425,1108613,
2025-12-24,180502.SZ,招商基金蛇口租赁住房REIT,A,3.459,3.538,3.417,3.535,1594300,
2025-12-25,180502.SZ,招商基金蛇口租赁住房REIT,A,3.52,3.6,3.477,3.6,1030750,
2025-12-26,180502.SZ,招商基金蛇口租赁住房REIT,A,3.6,3.618,3.501,3.566,909214,
2025-12-29,180502.SZ,招商基金蛇口租赁住房REIT,A,3.564,3.569,3.51,3.558,1553800,
2025-12-30,180502.SZ,招商基金蛇口租赁住房REIT,A,3.557,3.579,3.5,3.558,2072594,
2025-12-31,180502.SZ,招商基金蛇口租赁住房REIT,A,3.574,3.574,3.528,3.55,713100,
2026-01-05,180502.SZ,招商基金蛇口租赁住房REIT,A,3.564,3.599,3.55,3.586,2930300,
2026-01-06,180502.SZ,招商基金蛇口租赁住房REIT,A,3.58,3.606,3.575,3.6,1783200,
2026-01-07,180502.SZ,招商基金蛇口租赁住房REIT,A,3.589,3.621,3.589,3.603,1773500,
2026-01-08,180502.SZ,招商基金蛇口租赁住房REIT,A,3.6,3.622,3.563,3.608,2150300,
2026-01-09,180502.SZ,招商基金蛇口租赁住房REIT,A,3.582,3.618,3.543,3.582,1671006,
2026-01-12,180502.SZ,招商基金蛇口租赁住房REIT,A,3.582,3.608,3.556,3.59,1882650,
2026-01-13,180502.SZ,招商基金蛇口租赁住房REIT,A,3.564,3.596,3.564,3.595,1990200,
2026-01-14,180502.SZ,招商基金蛇口租赁住房REIT,A,3.6,3.6,3.56,3.592,1510900,
2026-01-15,180502.SZ,招商基金蛇口租赁住房REIT,A,3.595,3.595,3.558,3.587,1548500,
2026-01-16,180502.SZ,招商基金蛇口租赁住房REIT,A,3.587,3.601,3.565,3.6,864500,
2026-01-19,180502.SZ,招商基金蛇口租赁住房REIT,A,3.582,3.602,3.565,3.596,1948281,
2026-01-20,180502.SZ,招商基金蛇口租赁住房REIT,A,3.582,3.642,3.526,3.642,2404339,
2026-01-21,180502.SZ,招商基金蛇口租赁住房REIT,A,3.646,3.698,3.603,3.698,3506269,
2026-01-22,180502.SZ,招商基金蛇口租赁住房REIT,A,3.657,3.781,3.657,3.747,2029600,
2026-01-23,180502.SZ,招商基金蛇口租赁住房REIT,A,3.713,3.794,3.713,3.772,2578400,
2026-01-26,180502.SZ,招商基金蛇口租赁住房REIT,A,3.772,3.776,3.747,3.747,861500,
2026-01-27,180502.SZ,招商基金蛇口租赁住房REIT,A,3.748,3.768,3.746,3.749,2070900,
2026-01-28,180502.SZ,招商基金蛇口租赁住房REIT,A,3.744,3.785,3.738,3.766,1668000,
2026-01-29,180502.SZ,招商基金蛇口租赁住房REIT,A,3.779,3.858,3.763,3.799,1158300,
2026-01-30,180502.SZ,招商基金蛇口租赁住房REIT,A,3.801,3.804,3.764,3.799,1863600,
2026-02-02,180502.SZ,招商基金蛇口租赁住房REIT,A,3.799,3.799,3.73,3.776,1264070,
2026-02-03,180502.SZ,招商基金蛇口租赁住房REIT,A,3.762,3.782,3.743,3.78,1157222,
2026-02-04,180502.SZ,招商基金蛇口租赁住房REIT,A,3.78,3.831,3.762,3.784,1677300,
2026-02-05,180502.SZ,招商基金蛇口租赁住房REIT,A,3.798,3.798,3.769,3.77,618100,
2026-02-06,180502.SZ,招商基金蛇口租赁住房REIT,A,3.77,3.778,3.734,3.742,498987,
2026-02-09,180502.SZ,招商基金蛇口租赁住房REIT,A,3.74,3.748,3.7,3.708,311700,
2026-02-10,180502.SZ,招商基金蛇口租赁住房REIT,A,3.685,3.743,3.678,3.719,1615700,
2026-02-11,180502.SZ,招商基金蛇口租赁住房REIT,A,3.707,3.785,3.707,3.751,1488500,
2026-02-12,180502.SZ,招商基金蛇口租赁住房REIT,A,3.779,3.779,3.756,3.756,255600,
2026-02-13,180502.SZ,招商基金蛇口租赁住房REIT,A,3.744,3.768,3.719,3.759,425006,
2026-02-24,180502.SZ,招商基金蛇口租赁住房REIT,A,3.746,3.761,3.689,3.708,498900,
2026-02-25,180502.SZ,招商基金蛇口租赁住房REIT,A,3.699,3.716,3.671,3.679,1081725,
2026-02-26,180502.SZ,招商基金蛇口租赁住房REIT,A,3.68,3.68,3.628,3.661,1330300,
2026-02-27,180502.SZ,招商基金蛇口租赁住房REIT,A,3.651,3.683,3.601,3.637,2670700,
2026-03-02,180502.SZ,招商基金蛇口租赁住房REIT,A,3.638,3.68,3.57,3.66,1673500,
2026-03-03,180502.SZ,招商基金蛇口租赁住房REIT,A,3.653,3.682,3.634,3.672,2306400,
2026-03-04,180502.SZ,招商基金蛇口租赁住房REIT,A,3.66,3.688,3.632,3.684,592319,
2026-03-05,180502.SZ,招商基金蛇口租赁住房REIT,A,3.689,3.689,3.658,3.658,445000,
2026-03-06,180502.SZ,招商基金蛇口租赁住房REIT,A,3.658,3.658,3.593,3.599,205913,
2026-03-09,180502.SZ,招商基金蛇口租赁住房REIT,A,3.582,3.582,3.551,3.551,1328500,
2026-03-10,180502.SZ,招商基金蛇口租赁住房REIT,A,3.551,3.618,3.551,3.618,2121800,
2026-03-11,180502.SZ,招商基金蛇口租赁住房REIT,A,3.6,3.621,3.56,3.585,920300,
2026-03-12,180502.SZ,招商基金蛇口租赁住房REIT,A,3.61,3.61,3.564,3.57,393300,
2026-03-13,180502.SZ,招商基金蛇口租赁住房REIT,A,3.579,3.62,3.514,3.62,1717300,
2026-03-16,180502.SZ,招商基金蛇口租赁住房REIT,A,3.62,3.633,3.593,3.6,309500,
2026-03-17,180502.SZ,招商基金蛇口租赁住房REIT,A,3.598,3.606,3.585,3.595,137932,
2026-03-18,180502.SZ,招商基金蛇口租赁住房REIT,A,3.6,3.615,3.583,3.615,585600,
2026-03-19,180502.SZ,招商基金蛇口租赁住房REIT,A,3.617,3.633,3.589,3.61,518900,
2026-03-20,180502.SZ,招商基金蛇口租赁住房REIT,A,3.61,3.628,3.582,3.611,1879163,
2026-03-23,180502.SZ,招商基金蛇口租赁住房REIT,A,3.616,3.616,3.582,3.589,578313,
2026-03-24,180502.SZ,招商基金蛇口租赁住房REIT,A,3.59,3.615,3.584,3.586,1141000,
2026-03-25,180502.SZ,招商基金蛇口租赁住房REIT,A,3.586,3.588,3.576,3.58,41500,
2026-03-26,180502.SZ,招商基金蛇口租赁住房REIT,A,3.58,3.59,3.571,3.579,1110001,
2026-03-27,180502.SZ,招商基金蛇口租赁住房REIT,A,3.599,3.599,3.547,3.579,1098470,
2026-03-30,180502.SZ,招商基金蛇口租赁住房REIT,A,3.599,3.618,3.578,3.585,1377419,
2026-03-31,180502.SZ,招商基金蛇口租赁住房REIT,A,3.589,3.589,3.558,3.558,542900,
2026-04-01,180502.SZ,招商基金蛇口租赁住房REIT,A,3.56,3.56,3.532,3.538,417700,
2026-04-02,180502.SZ,招商基金蛇口租赁住房REIT,A,3.559,3.559,3.514,3.524,355600,
2026-04-03,180502.SZ,招商基金蛇口租赁住房REIT,A,3.51,3.556,3.51,3.532,1185192,
2026-04-07,180502.SZ,招商基金蛇口租赁住房REIT,A,3.552,3.562,3.528,3.542,718900,
2026-04-08,180502.SZ,招商基金蛇口租赁住房REIT,A,3.535,3.588,3.535,3.574,1543818,
2026-04-09,180502.SZ,招商基金蛇口租赁住房REIT,A,3.581,3.586,3.554,3.554,499800,
2026-04-10,180502.SZ,招商基金蛇口租赁住房REIT,A,3.55,3.567,3.55,3.55,118400,
2026-04-13,180502.SZ,招商基金蛇口租赁住房REIT,A,3.552,3.564,3.522,3.553,1904400,
2026-04-14,180502.SZ,招商基金蛇口租赁住房REIT,A,3.574,3.64,3.564,3.64,2072400,
2026-04-15,180502.SZ,招商基金蛇口租赁住房REIT,A,3.623,3.725,3.623,3.665,2980600,
2026-04-16,180502.SZ,招商基金蛇口租赁住房REIT,A,3.69,3.753,3.665,3.715,5018937,
2026-04-17,180502.SZ,招商基金蛇口租赁住房REIT,A,3.693,3.715,3.678,3.7,1479100,
2026-04-20,180502.SZ,招商基金蛇口租赁住房REIT,A,3.69,3.779,3.69,3.727,4278774,
2026-04-21,180502.SZ,招商基金蛇口租赁住房REIT,A,3.73,3.77,3.69,3.693,1103800,
2026-04-22,180502.SZ,招商基金蛇口租赁住房REIT,A,3.689,3.719,3.685,3.712,821100,
2026-04-23,180502.SZ,招商基金蛇口租赁住房REIT,A,3.719,3.72,3.694,3.716,78800,
2026-04-24,180502.SZ,招商基金蛇口租赁住房REIT,A,3.717,3.717,3.658,3.658,628900,
2026-04-27,180502.SZ,招商基金蛇口租赁住房REIT,A,3.665,3.719,3.619,3.619,1134400,
2026-04-28,180502.SZ,招商基金蛇口租赁住房REIT,A,3.619,3.639,3.618,3.624,356100,
2026-04-29,180502.SZ,招商基金蛇口租赁住房REIT,A,3.646,3.649,3.569,3.6,453927,
2026-04-30,180502.SZ,招商基金蛇口租赁住房REIT,A,3.601,3.671,3.566,3.599,658300,
2026-05-06,180502.SZ,招商基金蛇口租赁住房REIT,A,3.6,3.6,3.537,3.561,1010800,
2026-05-07,180502.SZ,招商基金蛇口租赁住房REIT,A,3.563,3.577,3.538,3.573,821600,
2026-05-08,180502.SZ,招商基金蛇口租赁住房REIT,A,3.578,3.599,3.55,3.586,388500,
2026-05-11,180502.SZ,招商基金蛇口租赁住房REIT,A,3.593,3.6,3.573,3.585,1459500,
2026-05-12,180502.SZ,招商基金蛇口租赁住房REIT,A,3.59,3.61,3.548,3.602,725800,
2026-05-13,180502.SZ,招商基金蛇口租赁住房REIT,A,3.601,3.623,3.568,3.582,424988,
2026-05-14,180502.SZ,招商基金蛇口租赁住房REIT,A,3.567,3.599,3.524,3.548,1560200,
2026-05-15,180502.SZ,招商基金蛇口租赁住房REIT,A,3.527,3.527,3.469,3.492,926700,
2026-05-18,180502.SZ,招商基金蛇口租赁住房REIT,A,3.492,3.5,3.453,3.49,1340000,
2026-05-19,180502.SZ,招商基金蛇口租赁住房REIT,A,3.528,3.62,3.528,3.556,1361419,
2026-05-20,180502.SZ,招商基金蛇口租赁住房REIT,A,3.564,3.672,3.534,3.534,443600,
2026-05-21,180502.SZ,招商基金蛇口租赁住房REIT,A,3.533,3.555,3.496,3.53,928900,
2026-05-22,180502.SZ,招商基金蛇口租赁住房REIT,A,3.53,3.545,3.53,3.531,179900,
2026-05-25,180502.SZ,招商基金蛇口租赁住房REIT,A,3.53,3.539,3.503,3.503,193000,
2026-05-26,180502.SZ,招商基金蛇口租赁住房REIT,A,3.513,3.545,3.489,3.496,1019900,
2026-05-27,180502.SZ,招商基金蛇口租赁住房REIT,A,3.485,3.485,3.374,3.45,455813,
2026-05-28,180502.SZ,招商基金蛇口租赁住房REIT,A,3.456,3.456,3.347,3.392,948600,
2026-05-29,180502.SZ,招商基金蛇口租赁住房REIT,A,3.352,3.488,3.22,3.44,833000,
2026-06-01,180502.SZ,招商基金蛇口租赁住房REIT,A,3.485,3.548,3.44,3.54,421213,
2026-06-02,180502.SZ,招商基金蛇口租赁住房REIT,A,3.52,3.579,3.495,3.537,265000,
2026-06-03,180502.SZ,招商基金蛇口租赁住房REIT,A,3.6,3.6,3.5,3.519,1485400,
2026-06-04,180502.SZ,招商基金蛇口租赁住房REIT,A,3.519,3.528,3.506,3.52,129900,
2026-06-05,180502.SZ,招商基金蛇口租赁住房REIT,A,3.527,3.537,3.51,3.532,504700,
2026-06-08,180502.SZ,招商基金蛇口租赁住房REIT,A,3.532,3.62,3.5,3.52,1181500,
2026-06-09,180502.SZ,招商基金蛇口租赁住房REIT,A,3.53,3.544,3.483,3.483,1405400,
2026-06-10,180502.SZ,招商基金蛇口租赁住房REIT,A,3.55,3.589,3.401,3.45,324500,
2026-06-11,180502.SZ,招商基金蛇口租赁住房REIT,A,3.41,3.466,3.35,3.401,336900,
2026-06-12,180502.SZ,招商基金蛇口租赁住房REIT,A,3.312,3.571,3.312,3.418,3060300,
2026-06-15,180502.SZ,招商基金蛇口租赁住房REIT,A,3.387,3.409,3.378,3.391,265600,
2026-06-16,180502.SZ,招商基金蛇口租赁住房REIT,A,3.404,3.404,3.368,3.385,28400,
2026-06-17,180502.SZ,招商基金蛇口租赁住房REIT,A,3.4,3.405,3.375,3.39,240000,
2026-06-18,180502.SZ,招商基金蛇口租赁住房REIT,A,3.421,3.421,3.312,3.332,1438400,
2026-06-22,180502.SZ,招商基金蛇口租赁住房REIT,A,3.349,3.349,3.129,3.265,491900,
2026-06-23,180502.SZ,招商基金蛇口租赁住房REIT,A,3.278,3.278,3.136,3.268,2217600,
2026-06-24,180502.SZ,招商基金蛇口租赁住房REIT,A,3.254,3.262,3.218,3.26,1757700,
2026-06-25,180502.SZ,招商基金蛇口租赁住房REIT,A,3.288,3.365,3.288,3.323,3137204,
2026-06-26,180502.SZ,招商基金蛇口租赁住房REIT,A,3.327,3.415,3.309,3.31,4678500,
2026-06-29,180502.SZ,招商基金蛇口租赁住房REIT,A,3.34,3.434,3.3,3.411,2198403,
2026-06-30,180502.SZ,招商基金蛇口租赁住房REIT,A,3.411,3.473,3.411,3.45,502800,
2026-07-01,180502.SZ,招商基金蛇口租赁住房REIT,A,3.411,3.448,3.381,3.444,364800,
2026-07-02,180502.SZ,招商基金蛇口租赁住房REIT,A,3.475,3.475,3.353,3.375,1453547,
2026-07-03,180502.SZ,招商基金蛇口租赁住房REIT,A,3.375,3.495,3.313,3.436,3293800,
2026-07-06,180502.SZ,招商基金蛇口租赁住房REIT,A,3.405,3.498,3.405,3.497,1547603,
2026-07-07,180502.SZ,招商基金蛇口租赁住房REIT,A,3.488,3.568,3.384,3.482,2015300,
2026-07-08,180502.SZ,招商基金蛇口租赁住房REIT,A,3.449,3.496,3.436,3.441,554006,
2026-07-09,180502.SZ,招商基金蛇口租赁住房REIT,A,3.469,3.469,3.329,3.465,1190600,
2026-07-10,180502.SZ,招商基金蛇口租赁住房REIT,A,3.432,3.49,3.425,3.481,975899,
2026-07-13,180502.SZ,招商基金蛇口租赁住房REIT,A,3.512,3.58,3.402,3.457,1191500,
2026-07-14,180502.SZ,招商基金蛇口租赁住房REIT,A,3.457,3.485,3.421,3.461,1463100,
2026-07-15,180502.SZ,招商基金蛇口租赁住房REIT,A,3.448,3.48,3.383,3.4,1771700,
2026-07-16,180502.SZ,招商基金蛇口租赁住房REIT,A,3.4,3.482,3.386,3.44,1669000,
2026-07-17,180502.SZ,招商基金蛇口租赁住房REIT,A,3.409,3.471,3.395,3.399,254500,
2026-07-20,180502.SZ,招商基金蛇口租赁住房REIT,A,3.409,3.409,3.38,3.38,413800,
2026-07-21,180502.SZ,招商基金蛇口租赁住房REIT,A,3.378,3.416,3.378,3.394,2387400,
2026-07-22,180502.SZ,招商基金蛇口租赁住房REIT,A,3.363,3.405,3.285,3.34,3014587,
2026-07-23,180502.SZ,招商基金蛇口租赁住房REIT,A,3.37,3.37,3.287,3.3,2074431,
2026-07-24,180502.SZ,招商基金蛇口租赁住房REIT,A,3.33,3.36,3.294,3.305,2298300,
2026-07-27,180502.SZ,招商基金蛇口租赁住房REIT,A,3.359,3.359,3.291,3.297,3028644,
2026-07-28,180502.SZ,招商基金蛇口租赁住房REIT,A,3.31,3.336,3.308,3.322,1022100,
2026-07-29,180502.SZ,招商基金蛇口租赁住房REIT,A,3.322,3.417,3.322,3.34,629600,
2026-07-30,180502.SZ,招商基金蛇口租赁住房REIT,A,3.37,3.445,3.369,3.408,1273200,
2026-07-31,180502.SZ,招商基金蛇口租赁住房REIT,A,3.413,3.471,3.408,3.421,793200,
2026-08-03,180502.SZ,招商基金蛇口租赁住房REIT,A,3.421,3.424,3.402,3.413,894829,
2026-08-04,180502.SZ,招商基金蛇口租赁住房REIT,A,3.452,3.594,3.382,3.384,743000,
2026-08-05,180502.SZ,招商基金蛇口租赁住房REIT,A,3.413,3.414,3.369,3.385,1806000,
2026-08-06,180502.SZ,招商基金蛇口租赁住房REIT,A,3.415,3.415,3.324,3.356,2105300,
2026-08-07,180502.SZ,招商基金蛇口租赁住房REIT,A,3.373,3.429,3.359,3.385,670994,
2026-08-10,180502.SZ,招商基金蛇口租赁住房REIT,A,3.372,3.453,3.356,3.418,7009900,
2026-08-11,180502.SZ,招商基金蛇口租赁住房REIT,A,3.41,3.47,3.396,3.448,1847994,
2026-08-12,180502.SZ,招商基金蛇口租赁住房REIT,A,3.42,3.437,3.392,3.403,978600,
2026-08-13,180502.SZ,招商基金蛇口租赁住房REIT,A,3.42,3.48,3.411,3.457,1093100,
2026-08-14,180502.SZ,招商基金蛇口租赁住房REIT,A,3.476,3.508,3.437,3.473,1241300,
2026-08-17,180502.SZ,招商基金蛇口租赁住房REIT,A,3.504,3.53,3.442,3.446,845000,
2026-08-18,180502.SZ,招商基金蛇口租赁住房REIT,A,3.433,3.508,3.433,3.49,883678,
2026-08-19,180502.SZ,招商基金蛇口租赁住房REIT,A,3.498,3.503,3.441,3.476,727500,
2026-08-20,180502.SZ,招商基金蛇口租赁住房REIT,A,3.455,3.48,3.415,3.451,1158300,
2026-04-29,180503.SZ,中航北京昌保租赁住房REIT,B,2.9,2.9,2.686,2.78,49346441,
2026-04-30,180503.SZ,中航北京昌保租赁住房REIT,B,2.742,2.821,2.707,2.769,7332274,
2026-05-06,180503.SZ,中航北京昌保租赁住房REIT,B,2.762,2.762,2.726,2.726,1954949,
2026-05-07,180503.SZ,中航北京昌保租赁住房REIT,B,2.722,2.73,2.693,2.727,2687783,
2026-05-08,180503.SZ,中航北京昌保租赁住房REIT,B,2.724,2.73,2.712,2.727,3098728,
2026-05-11,180503.SZ,中航北京昌保租赁住房REIT,B,2.727,2.727,2.7,2.712,1139911,
2026-05-12,180503.SZ,中航北京昌保租赁住房REIT,B,2.709,2.714,2.696,2.704,1017214,
2026-05-13,180503.SZ,中航北京昌保租赁住房REIT,B,2.704,2.709,2.674,2.68,1658859,
2026-05-14,180503.SZ,中航北京昌保租赁住房REIT,B,2.68,2.695,2.678,2.694,2219725,
2026-05-15,180503.SZ,中航北京昌保租赁住房REIT,B,2.694,2.694,2.67,2.685,656772,
2026-05-18,180503.SZ,中航北京昌保租赁住房REIT,B,2.685,2.686,2.666,2.669,1313382,
2026-05-19,180503.SZ,中航北京昌保租赁住房REIT,B,2.676,2.72,2.676,2.69,4109048,
2026-05-20,180503.SZ,中航北京昌保租赁住房REIT,B,2.685,2.708,2.685,2.703,2720994,
2026-05-21,180503.SZ,中航北京昌保租赁住房REIT,B,2.704,2.706,2.686,2.703,333198,
2026-05-22,180503.SZ,中航北京昌保租赁住房REIT,B,2.693,2.712,2.693,2.703,1210337,
2026-05-25,180503.SZ,中航北京昌保租赁住房REIT,B,2.702,2.716,2.702,2.708,1604867,
2026-05-26,180503.SZ,中航北京昌保租赁住房REIT,B,2.708,2.708,2.692,2.702,3629015,
2026-05-27,180503.SZ,中航北京昌保租赁住房REIT,B,2.702,2.704,2.69,2.693,2158149,
2026-05-28,180503.SZ,中航北京昌保租赁住房REIT,B,2.688,2.694,2.68,2.686,1972215,
2026-05-29,180503.SZ,中航北京昌保租赁住房REIT,B,2.682,2.708,2.668,2.701,1424389,
2026-06-01,180503.SZ,中航北京昌保租赁住房REIT,B,2.693,2.729,2.693,2.719,2246487,
2026-06-02,180503.SZ,中航北京昌保租赁住房REIT,B,2.717,2.717,2.695,2.697,251798,
2026-06-03,180503.SZ,中航北京昌保租赁住房REIT,B,2.697,2.719,2.697,2.715,1305567,
2026-06-04,180503.SZ,中航北京昌保租赁住房REIT,B,2.709,2.72,2.708,2.719,166493,
2026-06-05,180503.SZ,中航北京昌保租赁住房REIT,B,2.71,2.85,2.709,2.757,2634109,
2026-06-08,180503.SZ,中航北京昌保租赁住房REIT,B,2.77,2.77,2.702,2.74,1115712,
2026-06-09,180503.SZ,中航北京昌保租赁住房REIT,B,2.727,2.749,2.697,2.713,1261321,
2026-06-10,180503.SZ,中航北京昌保租赁住房REIT,B,2.713,2.716,2.668,2.699,1187818,
2026-06-11,180503.SZ,中航北京昌保租赁住房REIT,B,2.701,2.701,2.668,2.676,557232,
2026-06-12,180503.SZ,中航北京昌保租赁住房REIT,B,2.684,2.711,2.675,2.704,1820440,
2026-06-15,180503.SZ,中航北京昌保租赁住房REIT,B,2.693,2.717,2.684,2.716,370570,
2026-06-16,180503.SZ,中航北京昌保租赁住房REIT,B,2.719,2.719,2.684,2.697,231105,
2026-06-17,180503.SZ,中航北京昌保租赁住房REIT,B,2.684,2.706,2.684,2.693,153896,
2026-06-18,180503.SZ,中航北京昌保租赁住房REIT,B,2.685,2.693,2.629,2.637,1328388,
2026-06-22,180503.SZ,中航北京昌保租赁住房REIT,B,2.637,2.646,2.529,2.54,1457073,
2026-06-23,180503.SZ,中航北京昌保租赁住房REIT,B,2.527,2.542,2.517,2.54,2212057,
2026-06-24,180503.SZ,中航北京昌保租赁住房REIT,B,2.54,2.581,2.509,2.545,4207371,
2026-06-25,180503.SZ,中航北京昌保租赁住房REIT,B,2.546,2.674,2.538,2.618,2349234,
2026-06-26,180503.SZ,中航北京昌保租赁住房REIT,B,2.618,2.69,2.613,2.667,1438979,
2026-06-29,180503.SZ,中航北京昌保租赁住房REIT,B,2.661,2.682,2.661,2.67,1097480,
2026-06-30,180503.SZ,中航北京昌保租赁住房REIT,B,2.684,2.684,2.661,2.661,965619,
2026-07-01,180503.SZ,中航北京昌保租赁住房REIT,B,2.674,2.675,2.655,2.662,285478,
2026-07-02,180503.SZ,中航北京昌保租赁住房REIT,B,2.662,2.668,2.64,2.644,137609,
2026-07-03,180503.SZ,中航北京昌保租赁住房REIT,B,2.638,2.676,2.635,2.661,2256100,
2026-07-06,180503.SZ,中航北京昌保租赁住房REIT,B,2.656,2.691,2.648,2.688,685070,
2026-07-07,180503.SZ,中航北京昌保租赁住房REIT,B,2.676,2.696,2.646,2.674,1991451,
2026-07-08,180503.SZ,中航北京昌保租赁住房REIT,B,2.676,2.676,2.616,2.65,2182277,
2026-07-09,180503.SZ,中航北京昌保租赁住房REIT,B,2.635,2.666,2.62,2.655,3115185,
2026-07-10,180503.SZ,中航北京昌保租赁住房REIT,B,2.65,2.685,2.635,2.665,3044005,
2026-07-13,180503.SZ,中航北京昌保租赁住房REIT,B,2.655,2.696,2.65,2.679,564736,
2026-07-14,180503.SZ,中航北京昌保租赁住房REIT,B,2.68,2.696,2.663,2.686,408470,
2026-07-15,180503.SZ,中航北京昌保租赁住房REIT,B,2.676,2.686,2.649,2.679,1736327,
2026-07-16,180503.SZ,中航北京昌保租赁住房REIT,B,2.679,2.698,2.678,2.693,899653,
2026-07-17,180503.SZ,中航北京昌保租赁住房REIT,B,2.681,2.713,2.676,2.712,1765081,
2026-07-20,180503.SZ,中航北京昌保租赁住房REIT,B,2.713,2.738,2.687,2.712,1792601,
2026-07-21,180503.SZ,中航北京昌保租赁住房REIT,B,2.714,2.73,2.702,2.723,2021361,
2026-07-22,180503.SZ,中航北京昌保租赁住房REIT,B,2.726,2.736,2.699,2.731,1102321,
2026-07-23,180503.SZ,中航北京昌保租赁住房REIT,B,2.737,2.751,2.728,2.748,2066110,
2026-07-24,180503.SZ,中航北京昌保租赁住房REIT,B,2.748,2.774,2.71,2.73,2086592,
2026-07-27,180503.SZ,中航北京昌保租赁住房REIT,B,2.723,2.754,2.714,2.752,1321609,
2026-07-28,180503.SZ,中航北京昌保租赁住房REIT,B,2.753,2.777,2.731,2.77,508063,
2026-07-29,180503.SZ,中航北京昌保租赁住房REIT,B,2.772,2.787,2.76,2.781,973054,
2026-07-30,180503.SZ,中航北京昌保租赁住房REIT,B,2.773,2.845,2.77,2.844,902800,
2026-07-31,180503.SZ,中航北京昌保租赁住房REIT,B,2.824,2.889,2.824,2.876,1094950,
2026-08-03,180503.SZ,中航北京昌保租赁住房REIT,B,2.871,2.888,2.864,2.879,720738,
2026-08-04,180503.SZ,中航北京昌保租赁住房REIT,B,2.86,2.87,2.763,2.8,2027623,
2026-08-05,180503.SZ,中航北京昌保租赁住房REIT,B,2.784,2.82,2.758,2.809,1230886,
2026-08-06,180503.SZ,中航北京昌保租赁住房REIT,B,2.812,2.812,2.762,2.789,144632,
2026-08-07,180503.SZ,中航北京昌保租赁住房REIT,B,2.789,2.801,2.764,2.795,212924,
2026-08-10,180503.SZ,中航北京昌保租赁住房REIT,B,2.798,2.843,2.78,2.829,359521,
2026-08-11,180503.SZ,中航北京昌保租赁住房REIT,B,2.815,2.857,2.802,2.857,1498587,
2026-08-12,180503.SZ,中航北京昌保租赁住房REIT,B,2.87,2.889,2.843,2.852,444661,
2026-08-13,180503.SZ,中航北京昌保租赁住房REIT,B,2.856,2.879,2.843,2.859,622100,
2026-08-14,180503.SZ,中航北京昌保租赁住房REIT,B,2.871,2.885,2.851,2.885,1374198,
2026-08-17,180503.SZ,中航北京昌保租赁住房REIT,B,2.871,2.908,2.871,2.89,370003,
2026-08-18,180503.SZ,中航北京昌保租赁住房REIT,B,2.885,2.909,2.883,2.909,208313,
2026-08-19,180503.SZ,中航北京昌保租赁住房REIT,B,2.909,2.962,2.909,2.962,117478,
2026-08-20,180503.SZ,中航北京昌保租赁住房REIT,B,2.962,2.99,2.934,2.97,316419,
2024-01-12,508031.SH,国泰海通城投宽庭保租房REIT,A,3.05,3.061,2.706,3.048,43889139,
2024-01-15,508031.SH,国泰海通城投宽庭保租房REIT,A,2.821,2.91,2.819,2.822,2947497,
2024-01-16,508031.SH,国泰海通城投宽庭保租房REIT,A,2.798,2.9,2.69,2.861,3852042,
2024-01-17,508031.SH,国泰海通城投宽庭保租房REIT,A,2.823,2.86,2.803,2.849,1610801,
2024-01-18,508031.SH,国泰海通城投宽庭保租房REIT,A,2.84,2.84,2.81,2.818,1192196,
2024-01-19,508031.SH,国泰海通城投宽庭保租房REIT,A,2.811,2.825,2.8,2.823,1100046,
2024-01-22,508031.SH,国泰海通城投宽庭保租房REIT,A,2.811,2.811,2.77,2.801,2662649,
2024-01-23,508031.SH,国泰海通城投宽庭保租房REIT,A,2.791,2.81,2.723,2.793,1793283,
2024-01-24,508031.SH,国泰海通城投宽庭保租房REIT,A,2.79,2.793,2.75,2.774,1352307,
2024-01-25,508031.SH,国泰海通城投宽庭保租房REIT,A,2.761,2.83,2.753,2.804,1538261,
2024-01-26,508031.SH,国泰海通城投宽庭保租房REIT,A,2.803,2.82,2.79,2.817,736375,
2024-01-29,508031.SH,国泰海通城投宽庭保租房REIT,A,2.817,2.818,2.799,2.813,513738,
2024-01-30,508031.SH,国泰海通城投宽庭保租房REIT,A,2.8,2.84,2.8,2.808,719128,
2024-01-31,508031.SH,国泰海通城投宽庭保租房REIT,A,2.803,2.81,2.784,2.804,758134,
2024-02-01,508031.SH,国泰海通城投宽庭保租房REIT,A,2.789,2.802,2.779,2.8,231155,
2024-02-02,508031.SH,国泰海通城投宽庭保租房REIT,A,2.789,2.808,2.777,2.799,1040689,
2024-02-05,508031.SH,国泰海通城投宽庭保租房REIT,A,2.789,2.803,2.75,2.795,1207659,
2024-02-06,508031.SH,国泰海通城投宽庭保租房REIT,A,2.789,2.8,2.759,2.798,889045,
2024-02-07,508031.SH,国泰海通城投宽庭保租房REIT,A,2.789,2.798,2.769,2.796,663943,
2024-02-08,508031.SH,国泰海通城投宽庭保租房REIT,A,2.779,2.808,2.779,2.801,387061,
2024-02-19,508031.SH,国泰海通城投宽庭保租房REIT,A,2.8,2.908,2.789,2.885,2350346,
2024-02-20,508031.SH,国泰海通城投宽庭保租房REIT,A,2.87,2.923,2.831,2.849,3769411,
2024-02-21,508031.SH,国泰海通城投宽庭保租房REIT,A,2.849,2.869,2.832,2.845,1052149,
2024-02-22,508031.SH,国泰海通城投宽庭保租房REIT,A,2.841,2.855,2.833,2.841,779756,
2024-02-23,508031.SH,国泰海通城投宽庭保租房REIT,A,2.841,3.0,2.841,2.99,6174806,
2024-02-26,508031.SH,国泰海通城投宽庭保租房REIT,A,2.99,3.03,2.98,3.029,2630448,
2024-02-27,508031.SH,国泰海通城投宽庭保租房REIT,A,3.029,3.03,2.987,2.998,4082400,
2024-02-28,508031.SH,国泰海通城投宽庭保租房REIT,A,2.995,3.023,2.951,3.015,1975657,
2024-02-29,508031.SH,国泰海通城投宽庭保租房REIT,A,2.999,3.047,2.979,3.007,2561313,
2024-03-01,508031.SH,国泰海通城投宽庭保租房REIT,A,3.006,3.052,2.999,3.05,4372566,
2024-03-04,508031.SH,国泰海通城投宽庭保租房REIT,A,3.05,3.059,3.04,3.054,11848046,
2024-03-05,508031.SH,国泰海通城投宽庭保租房REIT,A,3.048,3.066,3.013,3.058,7531276,
2024-03-06,508031.SH,国泰海通城投宽庭保租房REIT,A,3.054,3.063,3.021,3.053,2309601,
2024-03-07,508031.SH,国泰海通城投宽庭保租房REIT,A,3.056,3.069,3.036,3.038,3879795,
2024-03-08,508031.SH,国泰海通城投宽庭保租房REIT,A,3.037,3.058,3.024,3.053,1725312,
2024-03-11,508031.SH,国泰海通城投宽庭保租房REIT,A,3.053,3.071,3.051,3.054,2534626,
2024-03-12,508031.SH,国泰海通城投宽庭保租房REIT,A,3.054,3.063,3.047,3.058,2019501,
2024-03-13,508031.SH,国泰海通城投宽庭保租房REIT,A,3.059,3.062,3.04,3.051,1687057,
2024-03-14,508031.SH,国泰海通城投宽庭保租房REIT,A,3.04,3.058,3.04,3.054,1843132,
2024-03-15,508031.SH,国泰海通城投宽庭保租房REIT,A,3.054,3.057,3.039,3.047,1443035,
2024-03-18,508031.SH,国泰海通城投宽庭保租房REIT,A,3.04,3.046,3.021,3.04,1903620,
2024-03-19,508031.SH,国泰海通城投宽庭保租房REIT,A,3.029,3.047,3.0,3.035,1011224,
2024-03-20,508031.SH,国泰海通城投宽庭保租房REIT,A,3.035,3.044,3.019,3.03,579060,
2024-03-21,508031.SH,国泰海通城投宽庭保租房REIT,A,3.019,3.034,2.98,2.98,547767,
2024-03-22,508031.SH,国泰海通城投宽庭保租房REIT,A,2.989,2.989,2.965,2.985,339318,
2024-03-25,508031.SH,国泰海通城投宽庭保租房REIT,A,2.97,2.985,2.97,2.976,270352,
2024-03-26,508031.SH,国泰海通城投宽庭保租房REIT,A,2.969,2.999,2.966,2.982,520072,
2024-03-27,508031.SH,国泰海通城投宽庭保租房REIT,A,2.982,3.017,2.978,3.006,441433,
2024-03-28,508031.SH,国泰海通城投宽庭保租房REIT,A,3.006,3.02,2.971,3.001,1433996,
2024-03-29,508031.SH,国泰海通城投宽庭保租房REIT,A,2.999,3.003,2.963,3.0,94132,
2024-04-01,508031.SH,国泰海通城投宽庭保租房REIT,A,3.0,3.028,3.0,3.009,1714083,
2024-04-02,508031.SH,国泰海通城投宽庭保租房REIT,A,3.007,3.007,2.971,2.996,740335,
2024-04-03,508031.SH,国泰海通城投宽庭保租房REIT,A,2.996,3.005,2.984,2.996,1722811,
2024-04-08,508031.SH,国泰海通城投宽庭保租房REIT,A,2.996,3.063,2.988,3.049,5037415,
2024-04-09,508031.SH,国泰海通城投宽庭保租房REIT,A,3.045,3.053,3.043,3.043,1554798,
2024-04-10,508031.SH,国泰海通城投宽庭保租房REIT,A,3.039,3.048,3.019,3.03,1726617,
2024-04-11,508031.SH,国泰海通城投宽庭保租房REIT,A,3.03,3.049,3.01,3.021,2884773,
2024-04-12,508031.SH,国泰海通城投宽庭保租房REIT,A,3.019,3.025,2.99,2.997,2812749,
2024-04-15,508031.SH,国泰海通城投宽庭保租房REIT,A,2.99,3.014,2.963,2.991,4195844,
2024-04-16,508031.SH,国泰海通城投宽庭保租房REIT,A,2.99,2.995,2.96,2.99,2660488,
2024-04-17,508031.SH,国泰海通城投宽庭保租房REIT,A,2.976,3.021,2.976,3.006,2219034,
2024-04-18,508031.SH,国泰海通城投宽庭保租房REIT,A,3.006,3.021,2.989,3.009,416874,
2024-04-19,508031.SH,国泰海通城投宽庭保租房REIT,A,3.008,3.022,2.991,3.016,2349713,
2024-04-22,508031.SH,国泰海通城投宽庭保租房REIT,A,3.016,3.016,2.986,3.0,4625187,
2024-04-23,508031.SH,国泰海通城投宽庭保租房REIT,A,3.0,3.015,2.995,3.004,3636994,
2024-04-24,508031.SH,国泰海通城投宽庭保租房REIT,A,2.998,3.036,2.981,3.015,2135688,
2024-04-25,508031.SH,国泰海通城投宽庭保租房REIT,A,3.015,3.05,3.015,3.046,2997725,
2024-04-26,508031.SH,国泰海通城投宽庭保租房REIT,A,3.047,3.076,3.041,3.05,9056008,
2024-04-29,508031.SH,国泰海通城投宽庭保租房REIT,A,3.05,3.057,3.036,3.05,2035544,
2024-04-30,508031.SH,国泰海通城投宽庭保租房REIT,A,3.05,3.063,3.037,3.044,1507946,
2024-05-06,508031.SH,国泰海通城投宽庭保租房REIT,A,3.05,3.055,3.037,3.052,1426716,
2024-05-07,508031.SH,国泰海通城投宽庭保租房REIT,A,3.052,3.075,3.036,3.073,1661452,
2024-05-08,508031.SH,国泰海通城投宽庭保租房REIT,A,3.067,3.101,3.067,3.097,2410993,
2024-05-09,508031.SH,国泰海通城投宽庭保租房REIT,A,3.085,3.121,3.085,3.12,2912714,
2024-05-10,508031.SH,国泰海通城投宽庭保租房REIT,A,3.12,3.123,3.092,3.098,4103540,
2024-05-13,508031.SH,国泰海通城投宽庭保租房REIT,A,3.092,3.174,3.079,3.126,1371238,
2024-05-14,508031.SH,国泰海通城投宽庭保租房REIT,A,3.125,3.164,3.123,3.164,1781468,
2024-05-15,508031.SH,国泰海通城投宽庭保租房REIT,A,3.158,3.173,3.141,3.163,536184,
2024-05-16,508031.SH,国泰海通城投宽庭保租房REIT,A,3.168,3.199,3.147,3.173,822211,
2024-05-17,508031.SH,国泰海通城投宽庭保租房REIT,A,3.173,3.199,3.158,3.165,623533,
2024-05-20,508031.SH,国泰海通城投宽庭保租房REIT,A,3.167,3.185,3.157,3.176,719449,
2024-05-21,508031.SH,国泰海通城投宽庭保租房REIT,A,3.179,3.181,3.156,3.174,507687,
2024-05-22,508031.SH,国泰海通城投宽庭保租房REIT,A,3.173,3.186,2.99,3.16,1449457,
2024-05-23,508031.SH,国泰海通城投宽庭保租房REIT,A,3.14,3.16,3.1,3.13,2745668,
2024-05-24,508031.SH,国泰海通城投宽庭保租房REIT,A,3.108,3.18,3.106,3.165,966345,
2024-05-27,508031.SH,国泰海通城投宽庭保租房REIT,A,3.165,3.182,3.153,3.159,715366,
2024-05-28,508031.SH,国泰海通城投宽庭保租房REIT,A,3.141,3.178,3.141,3.158,876134,
2024-05-29,508031.SH,国泰海通城投宽庭保租房REIT,A,3.158,3.18,3.13,3.142,1584576,
2024-05-30,508031.SH,国泰海通城投宽庭保租房REIT,A,3.142,3.153,3.12,3.129,1528270,
2024-05-31,508031.SH,国泰海通城投宽庭保租房REIT,A,3.138,3.155,3.134,3.154,309777,
2024-06-03,508031.SH,国泰海通城投宽庭保租房REIT,A,3.156,3.178,3.128,3.142,1594820,
2024-06-04,508031.SH,国泰海通城投宽庭保租房REIT,A,3.14,3.16,3.124,3.16,750140,
2024-06-05,508031.SH,国泰海通城投宽庭保租房REIT,A,3.163,3.172,3.14,3.159,458240,
2024-06-06,508031.SH,国泰海通城投宽庭保租房REIT,A,3.158,3.168,3.153,3.158,576894,
2024-06-07,508031.SH,国泰海通城投宽庭保租房REIT,A,3.17,3.17,3.129,3.16,2679955,
2024-06-11,508031.SH,国泰海通城投宽庭保租房REIT,A,3.153,3.169,3.134,3.167,374885,
2024-06-12,508031.SH,国泰海通城投宽庭保租房REIT,A,3.155,3.169,3.144,3.165,154265,
2024-06-13,508031.SH,国泰海通城投宽庭保租房REIT,A,3.153,3.178,3.153,3.16,1147508,
2024-06-14,508031.SH,国泰海通城投宽庭保租房REIT,A,3.159,3.18,3.155,3.179,635428,
2024-06-17,508031.SH,国泰海通城投宽庭保租房REIT,A,3.182,3.182,3.164,3.174,288145,
2024-06-18,508031.SH,国泰海通城投宽庭保租房REIT,A,3.163,3.2,3.163,3.199,315610,
2024-06-19,508031.SH,国泰海通城投宽庭保租房REIT,A,3.199,3.206,3.195,3.196,673158,
2024-06-20,508031.SH,国泰海通城投宽庭保租房REIT,A,3.203,3.208,3.183,3.208,311482,
2024-06-21,508031.SH,国泰海通城投宽庭保租房REIT,A,3.193,3.239,3.183,3.234,1092491,
2024-06-24,508031.SH,国泰海通城投宽庭保租房REIT,A,3.232,3.267,3.23,3.256,550704,
2024-06-25,508031.SH,国泰海通城投宽庭保租房REIT,A,3.255,3.286,3.255,3.274,650076,
2024-06-26,508031.SH,国泰海通城投宽庭保租房REIT,A,3.274,3.28,3.256,3.274,703067,
2024-06-27,508031.SH,国泰海通城投宽庭保租房REIT,A,3.28,3.362,3.263,3.355,1928160,
2024-06-28,508031.SH,国泰海通城投宽庭保租房REIT,A,3.334,3.45,3.301,3.322,2471107,
2024-07-01,508031.SH,国泰海通城投宽庭保租房REIT,A,3.314,3.338,3.314,3.329,995524,
2024-07-02,508031.SH,国泰海通城投宽庭保租房REIT,A,3.309,3.382,3.309,3.353,1735864,
2024-07-03,508031.SH,国泰海通城投宽庭保租房REIT,A,3.381,3.387,3.351,3.376,1422901,
2024-07-04,508031.SH,国泰海通城投宽庭保租房REIT,A,3.387,3.394,3.35,3.376,733764,
2024-07-05,508031.SH,国泰海通城投宽庭保租房REIT,A,3.381,3.394,3.376,3.387,611855,
2024-07-08,508031.SH,国泰海通城投宽庭保租房REIT,A,3.398,3.398,3.316,3.339,2272820,
2024-07-09,508031.SH,国泰海通城投宽庭保租房REIT,A,3.321,3.348,3.305,3.335,2107451,
2024-07-10,508031.SH,国泰海通城投宽庭保租房REIT,A,3.317,3.382,3.311,3.38,1630232,
2024-07-11,508031.SH,国泰海通城投宽庭保租房REIT,A,3.385,3.42,3.37,3.379,709311,
2024-07-12,508031.SH,国泰海通城投宽庭保租房REIT,A,3.399,3.416,3.383,3.395,422728,
2024-07-15,508031.SH,国泰海通城投宽庭保租房REIT,A,3.395,3.48,3.395,3.47,1296418,
2024-07-16,508031.SH,国泰海通城投宽庭保租房REIT,A,3.469,3.507,3.432,3.452,2339521,
2024-07-17,508031.SH,国泰海通城投宽庭保租房REIT,A,3.477,3.477,3.434,3.455,278843,
2024-07-18,508031.SH,国泰海通城投宽庭保租房REIT,A,3.454,3.47,3.437,3.464,920509,
2024-07-19,508031.SH,国泰海通城投宽庭保租房REIT,A,3.46,3.463,3.439,3.447,1514613,
2024-07-22,508031.SH,国泰海通城投宽庭保租房REIT,A,3.44,3.448,3.403,3.411,997141,
2024-07-23,508031.SH,国泰海通城投宽庭保租房REIT,A,3.43,3.43,3.38,3.386,1167500,
2024-07-24,508031.SH,国泰海通城投宽庭保租房REIT,A,3.39,3.396,3.376,3.379,928190,
2024-07-25,508031.SH,国泰海通城投宽庭保租房REIT,A,3.355,3.446,3.355,3.396,266605,
2024-07-26,508031.SH,国泰海通城投宽庭保租房REIT,A,3.397,3.461,3.381,3.439,1078875,
2024-07-29,508031.SH,国泰海通城投宽庭保租房REIT,A,3.43,3.459,3.42,3.426,481822,
2024-07-30,508031.SH,国泰海通城投宽庭保租房REIT,A,3.426,3.45,3.41,3.444,535252,
2024-07-31,508031.SH,国泰海通城投宽庭保租房REIT,A,3.449,3.464,3.439,3.444,393300,
2024-08-01,508031.SH,国泰海通城投宽庭保租房REIT,A,3.432,3.465,3.425,3.431,359306,
2024-08-02,508031.SH,国泰海通城投宽庭保租房REIT,A,3.447,3.452,3.431,3.442,407688,
2024-08-05,508031.SH,国泰海通城投宽庭保租房REIT,A,3.449,3.5,3.435,3.47,605704,
2024-08-06,508031.SH,国泰海通城投宽庭保租房REIT,A,3.47,3.52,3.47,3.512,646036,
2024-08-07,508031.SH,国泰海通城投宽庭保租房REIT,A,3.5,3.6,3.5,3.599,474865,
2024-08-08,508031.SH,国泰海通城投宽庭保租房REIT,A,3.598,3.685,3.59,3.592,1472604,
2024-08-09,508031.SH,国泰海通城投宽庭保租房REIT,A,3.588,3.66,3.542,3.602,529946,
2024-08-12,508031.SH,国泰海通城投宽庭保租房REIT,A,3.585,3.62,3.585,3.605,549876,
2024-08-13,508031.SH,国泰海通城投宽庭保租房REIT,A,3.572,3.599,3.567,3.578,284440,
2024-08-14,508031.SH,国泰海通城投宽庭保租房REIT,A,3.587,3.659,3.572,3.644,849613,
2024-08-15,508031.SH,国泰海通城投宽庭保租房REIT,A,3.642,3.654,3.554,3.638,813739,
2024-08-16,508031.SH,国泰海通城投宽庭保租房REIT,A,3.621,3.621,3.59,3.609,381477,
2024-08-19,508031.SH,国泰海通城投宽庭保租房REIT,A,3.592,3.611,3.535,3.548,817440,
2024-08-20,508031.SH,国泰海通城投宽庭保租房REIT,A,3.532,3.548,3.514,3.542,274157,
2024-08-21,508031.SH,国泰海通城投宽庭保租房REIT,A,3.545,3.545,3.482,3.501,464616,
2024-08-22,508031.SH,国泰海通城投宽庭保租房REIT,A,3.483,3.515,3.465,3.504,1095851,
2024-08-23,508031.SH,国泰海通城投宽庭保租房REIT,A,3.504,3.522,3.504,3.52,372930,
2024-08-26,508031.SH,国泰海通城投宽庭保租房REIT,A,3.528,3.539,3.475,3.5,654619,
2024-08-27,508031.SH,国泰海通城投宽庭保租房REIT,A,3.481,3.507,3.42,3.499,247018,
2024-08-28,508031.SH,国泰海通城投宽庭保租房REIT,A,3.481,3.499,3.466,3.49,518109,
2024-08-29,508031.SH,国泰海通城投宽庭保租房REIT,A,3.498,3.55,3.425,3.479,1333076,
2024-08-30,508031.SH,国泰海通城投宽庭保租房REIT,A,3.446,3.507,3.446,3.475,1515269,
2024-09-02,508031.SH,国泰海通城投宽庭保租房REIT,A,3.475,3.509,3.445,3.5,855295,
2024-09-03,508031.SH,国泰海通城投宽庭保租房REIT,A,3.514,3.514,3.467,3.478,862800,
2024-09-04,508031.SH,国泰海通城投宽庭保租房REIT,A,3.465,3.49,3.461,3.485,462600,
2024-09-05,508031.SH,国泰海通城投宽庭保租房REIT,A,3.496,3.521,3.481,3.507,352300,
2024-09-06,508031.SH,国泰海通城投宽庭保租房REIT,A,3.499,3.557,3.499,3.537,559170,
2024-09-09,508031.SH,国泰海通城投宽庭保租房REIT,A,3.537,3.566,3.516,3.529,348100,
2024-09-10,508031.SH,国泰海通城投宽庭保租房REIT,A,3.514,3.53,3.477,3.499,781013,
2024-09-11,508031.SH,国泰海通城投宽庭保租房REIT,A,3.499,3.499,3.446,3.477,847885,
2024-09-12,508031.SH,国泰海通城投宽庭保租房REIT,A,3.467,3.508,3.457,3.477,474416,
2024-09-13,508031.SH,国泰海通城投宽庭保租房REIT,A,3.474,3.504,3.458,3.483,477397,
2024-09-18,508031.SH,国泰海通城投宽庭保租房REIT,A,3.461,3.5,3.461,3.492,609121,
2024-09-19,508031.SH,国泰海通城投宽庭保租房REIT,A,3.439,3.442,3.322,3.376,1190100,
2024-09-20,508031.SH,国泰海通城投宽庭保租房REIT,A,3.376,3.376,3.3,3.3,1000469,
2024-09-23,508031.SH,国泰海通城投宽庭保租房REIT,A,3.293,3.33,3.278,3.328,843488,
2024-09-24,508031.SH,国泰海通城投宽庭保租房REIT,A,3.311,3.36,3.31,3.353,627650,
2024-09-25,508031.SH,国泰海通城投宽庭保租房REIT,A,3.34,3.378,3.332,3.378,659466,
2024-09-26,508031.SH,国泰海通城投宽庭保租房REIT,A,3.39,3.42,3.365,3.407,333040,
2024-09-27,508031.SH,国泰海通城投宽庭保租房REIT,A,3.407,3.43,3.406,3.408,255719,
2024-09-30,508031.SH,国泰海通城投宽庭保租房REIT,A,3.394,3.4,3.244,3.335,1529336,
2024-10-08,508031.SH,国泰海通城投宽庭保租房REIT,A,3.309,3.323,3.25,3.292,1254594,
2024-10-09,508031.SH,国泰海通城投宽庭保租房REIT,A,3.29,3.292,3.232,3.249,616322,
2024-10-10,508031.SH,国泰海通城投宽庭保租房REIT,A,3.241,3.289,3.206,3.287,827032,
2024-10-11,508031.SH,国泰海通城投宽庭保租房REIT,A,3.286,3.32,3.238,3.297,1225354,
2024-10-14,508031.SH,国泰海通城投宽庭保租房REIT,A,3.293,3.302,3.248,3.26,1033288,
2024-10-15,508031.SH,国泰海通城投宽庭保租房REIT,A,3.24,3.248,3.185,3.199,1675641,
2024-10-16,508031.SH,国泰海通城投宽庭保租房REIT,A,3.19,3.2,3.157,3.176,2215889,
2024-10-17,508031.SH,国泰海通城投宽庭保租房REIT,A,3.159,3.225,3.159,3.202,826933,
2024-10-18,508031.SH,国泰海通城投宽庭保租房REIT,A,3.204,3.3,3.202,3.24,1653665,
2024-10-21,508031.SH,国泰海通城投宽庭保租房REIT,A,3.255,3.273,3.217,3.249,470152,
2024-10-22,508031.SH,国泰海通城投宽庭保租房REIT,A,3.249,3.255,3.224,3.251,783400,
2024-10-23,508031.SH,国泰海通城投宽庭保租房REIT,A,3.254,3.262,3.24,3.242,118892,
2024-10-24,508031.SH,国泰海通城投宽庭保租房REIT,A,3.239,3.263,3.216,3.216,452700,
2024-10-25,508031.SH,国泰海通城投宽庭保租房REIT,A,3.216,3.244,3.216,3.244,655310,
2024-10-28,508031.SH,国泰海通城投宽庭保租房REIT,A,3.238,3.257,3.215,3.245,550948,
2024-10-29,508031.SH,国泰海通城投宽庭保租房REIT,A,3.231,3.258,3.23,3.248,1633676,
2024-10-30,508031.SH,国泰海通城投宽庭保租房REIT,A,3.248,3.258,3.217,3.221,727188,
2024-10-31,508031.SH,国泰海通城投宽庭保租房REIT,A,3.231,3.231,3.206,3.218,524500,
2024-11-01,508031.SH,国泰海通城投宽庭保租房REIT,A,3.223,3.23,3.2,3.225,1210157,
2024-11-04,508031.SH,国泰海通城投宽庭保租房REIT,A,3.231,3.258,3.226,3.246,872988,
2024-11-05,508031.SH,国泰海通城投宽庭保租房REIT,A,3.255,3.298,3.246,3.296,1773621,
2024-11-06,508031.SH,国泰海通城投宽庭保租房REIT,A,3.296,3.335,3.286,3.33,1643981,
2024-11-07,508031.SH,国泰海通城投宽庭保租房REIT,A,3.33,3.35,3.31,3.335,1178487,
2024-11-08,508031.SH,国泰海通城投宽庭保租房REIT,A,3.319,3.363,3.319,3.356,2533349,
2024-11-11,508031.SH,国泰海通城投宽庭保租房REIT,A,3.37,3.42,3.37,3.415,2873820,
2024-11-12,508031.SH,国泰海通城投宽庭保租房REIT,A,3.421,3.435,3.417,3.419,4417156,
2024-11-13,508031.SH,国泰海通城投宽庭保租房REIT,A,3.417,3.437,3.403,3.41,1414405,
2024-11-14,508031.SH,国泰海通城投宽庭保租房REIT,A,3.412,3.412,3.386,3.389,1686176,
2024-11-15,508031.SH,国泰海通城投宽庭保租房REIT,A,3.395,3.491,3.305,3.377,1782988,
2024-11-18,508031.SH,国泰海通城投宽庭保租房REIT,A,3.376,3.453,3.361,3.421,347638,
2024-11-19,508031.SH,国泰海通城投宽庭保租房REIT,A,3.41,3.488,3.391,3.398,454176,
2024-11-20,508031.SH,国泰海通城投宽庭保租房REIT,A,3.42,3.42,3.371,3.402,903252,
2024-11-21,508031.SH,国泰海通城投宽庭保租房REIT,A,3.393,3.415,3.354,3.373,379945,
2024-11-22,508031.SH,国泰海通城投宽庭保租房REIT,A,3.366,3.4,3.366,3.389,903754,
2024-11-25,508031.SH,国泰海通城投宽庭保租房REIT,A,3.389,3.39,3.34,3.382,1070242,
2024-11-26,508031.SH,国泰海通城投宽庭保租房REIT,A,3.386,3.398,3.38,3.385,2255546,
2024-11-27,508031.SH,国泰海通城投宽庭保租房REIT,A,3.37,3.397,3.353,3.39,123576,
2024-11-28,508031.SH,国泰海通城投宽庭保租房REIT,A,3.381,3.401,3.373,3.38,75100,
2024-11-29,508031.SH,国泰海通城投宽庭保租房REIT,A,3.371,3.385,3.371,3.383,700768,
2024-12-02,508031.SH,国泰海通城投宽庭保租房REIT,A,3.404,3.404,3.36,3.377,943600,
2024-12-03,508031.SH,国泰海通城投宽庭保租房REIT,A,3.375,3.4,3.356,3.395,2222928,
2024-12-04,508031.SH,国泰海通城投宽庭保租房REIT,A,3.386,3.394,3.368,3.374,1379483,
2024-12-05,508031.SH,国泰海通城投宽庭保租房REIT,A,3.353,3.38,3.348,3.372,722500,
2024-12-06,508031.SH,国泰海通城投宽庭保租房REIT,A,3.38,3.38,3.361,3.37,474825,
2024-12-09,508031.SH,国泰海通城投宽庭保租房REIT,A,3.369,3.389,3.35,3.37,6426437,
2024-12-10,508031.SH,国泰海通城投宽庭保租房REIT,A,3.375,3.499,3.375,3.457,14801540,
2024-12-11,508031.SH,国泰海通城投宽庭保租房REIT,A,3.455,3.53,3.455,3.5,6095590,
2024-12-12,508031.SH,国泰海通城投宽庭保租房REIT,A,3.488,3.542,3.471,3.48,8493462,
2024-12-13,508031.SH,国泰海通城投宽庭保租房REIT,A,3.475,3.548,3.466,3.5,1672688,
2024-12-16,508031.SH,国泰海通城投宽庭保租房REIT,A,3.487,3.842,3.487,3.666,6061652,
2024-12-17,508031.SH,国泰海通城投宽庭保租房REIT,A,3.666,3.842,3.525,3.677,3116886,
2024-12-18,508031.SH,国泰海通城投宽庭保租房REIT,A,3.677,3.751,3.603,3.674,1786666,
2024-12-19,508031.SH,国泰海通城投宽庭保租房REIT,A,3.657,3.669,3.602,3.656,1948864,
2024-12-20,508031.SH,国泰海通城投宽庭保租房REIT,A,3.61,3.987,3.61,3.693,2223400,
2024-12-23,508031.SH,国泰海通城投宽庭保租房REIT,A,3.69,3.75,3.681,3.749,2621012,
2024-12-24,508031.SH,国泰海通城投宽庭保租房REIT,A,3.749,3.776,3.703,3.708,2005277,
2024-12-25,508031.SH,国泰海通城投宽庭保租房REIT,A,3.68,3.708,3.667,3.679,1346515,
2024-12-26,508031.SH,国泰海通城投宽庭保租房REIT,A,3.621,3.749,3.621,3.68,246300,
2024-12-27,508031.SH,国泰海通城投宽庭保租房REIT,A,3.627,3.709,3.627,3.7,1116993,
2024-12-30,508031.SH,国泰海通城投宽庭保租房REIT,A,3.691,3.71,3.651,3.657,765988,
2024-12-31,508031.SH,国泰海通城投宽庭保租房REIT,A,3.621,3.699,3.59,3.618,1020504,
2025-01-02,508031.SH,国泰海通城投宽庭保租房REIT,A,3.618,3.778,3.618,3.759,1937125,
2025-01-03,508031.SH,国泰海通城投宽庭保租房REIT,A,3.759,3.948,3.759,3.847,2383257,
2025-01-06,508031.SH,国泰海通城投宽庭保租房REIT,A,3.829,3.895,3.476,3.868,2282300,
2025-01-07,508031.SH,国泰海通城投宽庭保租房REIT,A,3.778,3.858,3.751,3.836,1681602,
2025-01-08,508031.SH,国泰海通城投宽庭保租房REIT,A,3.745,3.9,3.745,3.879,3187205,
2025-01-09,508031.SH,国泰海通城投宽庭保租房REIT,A,3.88,3.916,3.801,3.901,1150126,
2025-01-10,508031.SH,国泰海通城投宽庭保租房REIT,A,3.805,3.984,3.805,3.911,2176800,
2025-01-13,508031.SH,国泰海通城投宽庭保租房REIT,A,3.824,3.93,3.824,3.884,4352053,
2025-01-14,508031.SH,国泰海通城投宽庭保租房REIT,A,3.866,3.878,3.814,3.839,1093988,
2025-01-15,508031.SH,国泰海通城投宽庭保租房REIT,A,3.83,3.866,3.772,3.821,3462500,
2025-01-16,508031.SH,国泰海通城投宽庭保租房REIT,A,3.813,3.843,3.812,3.813,2737100,
2025-01-17,508031.SH,国泰海通城投宽庭保租房REIT,A,3.829,3.829,3.776,3.8,1024600,
2025-01-20,508031.SH,国泰海通城投宽庭保租房REIT,A,3.8,4.099,3.793,3.827,2905176,
2025-01-21,508031.SH,国泰海通城投宽庭保租房REIT,A,3.829,3.855,3.816,3.832,5756903,
2025-01-22,508031.SH,国泰海通城投宽庭保租房REIT,A,3.82,3.862,3.8,3.835,3799064,
2025-01-23,508031.SH,国泰海通城投宽庭保租房REIT,A,3.845,3.883,3.8,3.868,1753782,
2025-01-24,508031.SH,国泰海通城投宽庭保租房REIT,A,3.86,3.895,3.832,3.868,2669576,
2025-01-27,508031.SH,国泰海通城投宽庭保租房REIT,A,3.85,3.959,3.85,3.92,737756,
2025-02-05,508031.SH,国泰海通城投宽庭保租房REIT,A,3.922,3.931,3.85,3.92,1089457,
2025-02-06,508031.SH,国泰海通城投宽庭保租房REIT,A,3.937,4.095,3.937,4.015,1265884,
2025-02-07,508031.SH,国泰海通城投宽庭保租房REIT,A,4.0,4.036,3.963,4.0,1033044,
2025-02-10,508031.SH,国泰海通城投宽庭保租房REIT,A,4.0,4.1,3.982,4.097,916137,
2025-02-11,508031.SH,国泰海通城投宽庭保租房REIT,A,4.097,4.27,4.017,4.1,2911013,
2025-02-12,508031.SH,国泰海通城投宽庭保租房REIT,A,4.101,4.178,4.042,4.169,3406476,
2025-02-13,508031.SH,国泰海通城投宽庭保租房REIT,A,4.162,4.162,4.039,4.045,1474169,
2025-02-14,508031.SH,国泰海通城投宽庭保租房REIT,A,4.0,4.037,3.97,3.983,2884675,
2025-02-17,508031.SH,国泰海通城投宽庭保租房REIT,A,3.983,3.987,3.925,3.963,2838684,
2025-02-18,508031.SH,国泰海通城投宽庭保租房REIT,A,3.963,3.995,3.898,3.906,2769588,
2025-02-19,508031.SH,国泰海通城投宽庭保租房REIT,A,3.888,3.97,3.888,3.952,4710088,
2025-02-20,508031.SH,国泰海通城投宽庭保租房REIT,A,3.952,3.999,3.921,3.997,4763735,
2025-02-21,508031.SH,国泰海通城投宽庭保租房REIT,A,3.958,4.033,3.956,3.985,2589755,
2025-02-24,508031.SH,国泰海通城投宽庭保租房REIT,A,3.984,3.984,3.92,3.97,7003472,
2025-02-25,508031.SH,国泰海通城投宽庭保租房REIT,A,3.969,3.983,3.868,3.899,4168155,
2025-02-26,508031.SH,国泰海通城投宽庭保租房REIT,A,3.804,3.95,3.804,3.935,1888900,
2025-02-27,508031.SH,国泰海通城投宽庭保租房REIT,A,3.927,3.937,3.889,3.923,1111800,
2025-02-28,508031.SH,国泰海通城投宽庭保租房REIT,A,3.923,3.923,3.845,3.885,1070700,
2025-03-03,508031.SH,国泰海通城投宽庭保租房REIT,A,3.885,3.95,3.885,3.927,3967800,
2025-03-04,508031.SH,国泰海通城投宽庭保租房REIT,A,4.0,4.014,3.927,3.98,5198928,
2025-03-05,508031.SH,国泰海通城投宽庭保租房REIT,A,3.98,4.0,3.96,3.976,1004240,
2025-03-06,508031.SH,国泰海通城投宽庭保租房REIT,A,3.939,3.998,3.908,3.939,2069564,
2025-03-07,508031.SH,国泰海通城投宽庭保租房REIT,A,3.929,3.992,3.8,3.9,3050600,
2025-03-10,508031.SH,国泰海通城投宽庭保租房REIT,A,3.908,3.927,3.89,3.907,1807800,
2025-03-11,508031.SH,国泰海通城投宽庭保租房REIT,A,3.903,3.912,3.833,3.912,2019488,
2025-03-12,508031.SH,国泰海通城投宽庭保租房REIT,A,3.815,3.935,3.815,3.898,3695600,
2025-03-13,508031.SH,国泰海通城投宽庭保租房REIT,A,3.88,3.918,3.866,3.917,1074764,
2025-03-14,508031.SH,国泰海通城投宽庭保租房REIT,A,3.917,3.917,3.866,3.897,2958788,
2025-03-17,508031.SH,国泰海通城投宽庭保租房REIT,A,3.82,3.896,3.82,3.872,694700,
2025-03-18,508031.SH,国泰海通城投宽庭保租房REIT,A,3.855,3.885,3.855,3.875,177300,
2025-03-19,508031.SH,国泰海通城投宽庭保租房REIT,A,3.892,3.916,3.874,3.916,535436,
2025-03-20,508031.SH,国泰海通城投宽庭保租房REIT,A,3.916,3.955,3.916,3.94,754462,
2025-03-21,508031.SH,国泰海通城投宽庭保租房REIT,A,3.955,3.955,3.919,3.933,735188,
2025-03-24,508031.SH,国泰海通城投宽庭保租房REIT,A,3.94,3.955,3.916,3.92,1478081,
2025-03-25,508031.SH,国泰海通城投宽庭保租房REIT,A,3.937,3.943,3.92,3.934,1621288,
2025-03-26,508031.SH,国泰海通城投宽庭保租房REIT,A,3.92,3.964,3.92,3.949,972600,
2025-03-27,508031.SH,国泰海通城投宽庭保租房REIT,A,3.962,3.99,3.951,3.99,532025,
2025-03-28,508031.SH,国泰海通城投宽庭保租房REIT,A,3.999,4.043,3.99,4.043,1403693,
2025-03-31,508031.SH,国泰海通城投宽庭保租房REIT,A,4.039,4.082,3.971,3.984,1188888,
2025-04-01,508031.SH,国泰海通城投宽庭保租房REIT,A,3.984,3.987,3.946,3.968,1055000,
2025-04-02,508031.SH,国泰海通城投宽庭保租房REIT,A,3.951,3.99,3.951,3.99,421157,
2025-04-03,508031.SH,国泰海通城投宽庭保租房REIT,A,3.99,4.342,3.99,4.08,2749130,
2025-04-07,508031.SH,国泰海通城投宽庭保租房REIT,A,4.12,4.25,4.111,4.161,2108227,
2025-04-08,508031.SH,国泰海通城投宽庭保租房REIT,A,4.161,4.17,4.079,4.162,1114152,
2025-04-09,508031.SH,国泰海通城投宽庭保租房REIT,A,4.162,4.17,4.001,4.114,4198166,
2025-04-10,508031.SH,国泰海通城投宽庭保租房REIT,A,4.099,4.099,4.005,4.058,4398600,
2025-04-11,508031.SH,国泰海通城投宽庭保租房REIT,A,4.056,4.079,4.04,4.059,4223588,
2025-04-14,508031.SH,国泰海通城投宽庭保租房REIT,A,4.058,4.097,4.038,4.094,2481864,
2025-04-15,508031.SH,国泰海通城投宽庭保租房REIT,A,4.094,4.177,4.07,4.153,1755083,
2025-04-16,508031.SH,国泰海通城投宽庭保租房REIT,A,4.153,4.178,4.141,4.158,1256400,
2025-04-17,508031.SH,国泰海通城投宽庭保租房REIT,A,4.158,4.24,4.158,4.224,2056800,
2025-04-18,508031.SH,国泰海通城投宽庭保租房REIT,A,4.228,4.285,4.149,4.152,2369074,
2025-04-21,508031.SH,国泰海通城投宽庭保租房REIT,A,4.167,4.167,4.11,4.129,1919720,
2025-04-22,508031.SH,国泰海通城投宽庭保租房REIT,A,4.14,4.163,4.096,4.122,1248800,
2025-04-23,508031.SH,国泰海通城投宽庭保租房REIT,A,4.138,4.157,4.083,4.091,2399988,
2025-04-24,508031.SH,国泰海通城投宽庭保租房REIT,A,4.106,4.106,4.06,4.07,953188,
2025-04-25,508031.SH,国泰海通城投宽庭保租房REIT,A,4.016,4.022,3.958,3.989,570600,
2025-04-28,508031.SH,国泰海通城投宽庭保租房REIT,A,3.98,3.99,3.96,3.986,1618764,
2025-04-29,508031.SH,国泰海通城投宽庭保租房REIT,A,3.994,4.048,3.994,4.002,3181400,
2025-04-30,508031.SH,国泰海通城投宽庭保租房REIT,A,3.988,4.033,3.973,4.002,2346264,
2025-05-06,508031.SH,国泰海通城投宽庭保租房REIT,A,3.988,4.028,3.973,4.019,543788,
2025-05-07,508031.SH,国泰海通城投宽庭保租房REIT,A,4.015,4.037,3.988,4.024,2213950,
2025-05-08,508031.SH,国泰海通城投宽庭保租房REIT,A,4.022,4.028,3.99,4.024,1629488,
2025-05-09,508031.SH,国泰海通城投宽庭保租房REIT,A,4.024,4.069,4.024,4.032,2283200,
2025-05-12,508031.SH,国泰海通城投宽庭保租房REIT,A,4.036,4.055,4.0,4.051,1960028,
2025-05-13,508031.SH,国泰海通城投宽庭保租房REIT,A,4.051,4.064,4.034,4.058,2347088,
2025-05-14,508031.SH,国泰海通城投宽庭保租房REIT,A,4.063,4.069,4.05,4.058,2958100,
2025-05-15,508031.SH,国泰海通城投宽庭保租房REIT,A,4.048,4.072,4.048,4.054,2336200,
2025-05-16,508031.SH,国泰海通城投宽庭保租房REIT,A,4.06,4.08,4.04,4.071,2350700,
2025-05-19,508031.SH,国泰海通城投宽庭保租房REIT,A,4.071,4.155,4.071,4.15,3802904,
2025-05-20,508031.SH,国泰海通城投宽庭保租房REIT,A,4.166,4.237,4.15,4.203,4239288,
2025-05-21,508031.SH,国泰海通城投宽庭保租房REIT,A,4.203,4.293,4.203,4.253,1518500,
2025-05-22,508031.SH,国泰海通城投宽庭保租房REIT,A,4.25,4.306,4.25,4.29,1834000,
2025-05-23,508031.SH,国泰海通城投宽庭保租房REIT,A,4.29,4.33,4.222,4.259,5319060,
2025-05-26,508031.SH,国泰海通城投宽庭保租房REIT,A,4.232,4.31,4.232,4.294,991288,
2025-05-27,508031.SH,国泰海通城投宽庭保租房REIT,A,4.309,4.313,4.242,4.291,1310464,
2025-05-28,508031.SH,国泰海通城投宽庭保租房REIT,A,4.274,4.3,4.255,4.29,1011536,
2025-05-29,508031.SH,国泰海通城投宽庭保租房REIT,A,4.29,4.292,4.24,4.289,1911800,
2025-05-30,508031.SH,国泰海通城投宽庭保租房REIT,A,4.289,4.333,4.271,4.298,915469,
2025-06-03,508031.SH,国泰海通城投宽庭保租房REIT,A,4.299,4.301,4.262,4.285,742525,
2025-06-04,508031.SH,国泰海通城投宽庭保租房REIT,A,4.276,4.3,4.242,4.292,759888,
2025-06-05,508031.SH,国泰海通城投宽庭保租房REIT,A,4.291,4.33,4.285,4.327,1003676,
2025-06-06,508031.SH,国泰海通城投宽庭保租房REIT,A,4.325,4.325,4.269,4.269,2043900,
2025-06-09,508031.SH,国泰海通城投宽庭保租房REIT,A,4.273,4.273,4.167,4.192,3485500,
2025-06-10,508031.SH,国泰海通城投宽庭保租房REIT,A,4.192,4.214,4.175,4.209,2412600,
2025-06-11,508031.SH,国泰海通城投宽庭保租房REIT,A,4.209,4.227,4.195,4.216,3444437,
2025-06-12,508031.SH,国泰海通城投宽庭保租房REIT,A,4.202,4.25,4.2,4.25,3702680,
2025-06-13,508031.SH,国泰海通城投宽庭保租房REIT,A,4.252,4.267,4.199,4.258,11061800,
2025-06-16,508031.SH,国泰海通城投宽庭保租房REIT,A,4.258,4.264,4.241,4.254,2515900,
2025-06-17,508031.SH,国泰海通城投宽庭保租房REIT,A,4.268,4.268,4.227,4.257,3811600,
2025-06-18,508031.SH,国泰海通城投宽庭保租房REIT,A,4.259,4.297,4.246,4.291,4028081,
2025-06-19,508031.SH,国泰海通城投宽庭保租房REIT,A,4.299,4.326,4.26,4.28,2619000,
2025-06-20,508031.SH,国泰海通城投宽庭保租房REIT,A,4.297,4.403,4.261,4.31,6274535,
2025-06-23,508031.SH,国泰海通城投宽庭保租房REIT,A,4.327,4.355,4.301,4.325,4480219,
2025-06-24,508031.SH,国泰海通城投宽庭保租房REIT,A,4.34,4.34,4.274,4.335,4211820,
2025-06-25,508031.SH,国泰海通城投宽庭保租房REIT,A,4.346,4.363,4.27,4.345,1918364,
2025-06-26,508031.SH,国泰海通城投宽庭保租房REIT,A,4.352,4.361,4.297,4.323,2913500,
2025-06-27,508031.SH,国泰海通城投宽庭保租房REIT,A,4.306,4.322,4.252,4.275,3452300,
2025-06-30,508031.SH,国泰海通城投宽庭保租房REIT,A,4.275,4.359,4.216,4.272,835606,
2025-07-01,508031.SH,国泰海通城投宽庭保租房REIT,A,4.291,4.291,4.209,4.234,1048779,
2025-07-02,508031.SH,国泰海通城投宽庭保租房REIT,A,4.236,4.3,4.217,4.284,3092988,
2025-07-03,508031.SH,国泰海通城投宽庭保租房REIT,A,4.282,4.306,4.231,4.255,1209900,
2025-07-04,508031.SH,国泰海通城投宽庭保租房REIT,A,4.255,4.269,4.221,4.238,1241200,
2025-07-07,508031.SH,国泰海通城投宽庭保租房REIT,A,4.23,4.24,4.215,4.227,306400,
2025-07-08,508031.SH,国泰海通城投宽庭保租房REIT,A,4.243,4.243,4.16,4.186,986600,
2025-07-09,508031.SH,国泰海通城投宽庭保租房REIT,A,4.203,4.204,4.167,4.188,1387800,
2025-07-10,508031.SH,国泰海通城投宽庭保租房REIT,A,4.201,4.236,4.179,4.194,916076,
2025-07-11,508031.SH,国泰海通城投宽庭保租房REIT,A,4.2,4.2,4.125,4.168,1238750,
2025-07-14,508031.SH,国泰海通城投宽庭保租房REIT,A,4.168,4.185,4.132,4.14,1447200,
2025-07-15,508031.SH,国泰海通城投宽庭保租房REIT,A,4.132,4.22,4.125,4.207,1348716,
2025-07-16,508031.SH,国泰海通城投宽庭保租房REIT,A,4.22,4.22,4.182,4.214,2788788,
2025-07-17,508031.SH,国泰海通城投宽庭保租房REIT,A,4.213,4.233,4.195,4.219,3681316,
2025-07-18,508031.SH,国泰海通城投宽庭保租房REIT,A,4.219,4.219,4.183,4.192,1437309,
2025-07-21,508031.SH,国泰海通城投宽庭保租房REIT,A,4.21,4.21,4.178,4.189,1758400,
2025-07-22,508031.SH,国泰海通城投宽庭保租房REIT,A,4.189,4.202,4.084,4.124,3376288,
2025-07-23,508031.SH,国泰海通城投宽庭保租房REIT,A,4.125,4.125,4.034,4.097,3893735,
2025-07-24,508031.SH,国泰海通城投宽庭保租房REIT,A,4.103,4.103,4.043,4.05,2474440,
2025-07-25,508031.SH,国泰海通城投宽庭保租房REIT,A,4.043,4.05,4.01,4.042,2927883,
2025-07-28,508031.SH,国泰海通城投宽庭保租房REIT,A,4.026,4.096,4.024,4.05,2201488,
2025-07-29,508031.SH,国泰海通城投宽庭保租房REIT,A,4.064,4.064,4.0,4.048,2393200,
2025-07-30,508031.SH,国泰海通城投宽庭保租房REIT,A,4.04,4.08,4.024,4.076,3875288,
2025-07-31,508031.SH,国泰海通城投宽庭保租房REIT,A,4.08,4.209,4.08,4.203,8588588,
2025-08-01,508031.SH,国泰海通城投宽庭保租房REIT,A,4.204,4.234,4.19,4.203,2946100,
2025-08-04,508031.SH,国泰海通城投宽庭保租房REIT,A,4.19,4.232,4.148,4.18,1242700,
2025-08-05,508031.SH,国泰海通城投宽庭保租房REIT,A,4.163,4.176,4.111,4.155,1026681,
2025-08-06,508031.SH,国泰海通城投宽庭保租房REIT,A,4.138,4.189,4.1,4.187,1924400,
2025-08-07,508031.SH,国泰海通城投宽庭保租房REIT,A,4.2,4.308,4.2,4.29,9745569,
2025-08-08,508031.SH,国泰海通城投宽庭保租房REIT,A,4.277,4.3,4.24,4.282,2693200,
2025-08-11,508031.SH,国泰海通城投宽庭保租房REIT,A,4.294,4.299,4.198,4.225,5125388,
2025-08-12,508031.SH,国泰海通城投宽庭保租房REIT,A,4.206,4.231,4.195,4.197,1302569,
2025-08-13,508031.SH,国泰海通城投宽庭保租房REIT,A,4.195,4.195,4.138,4.182,741288,
2025-08-14,508031.SH,国泰海通城投宽庭保租房REIT,A,4.177,4.182,4.146,4.16,1130200,
2025-08-15,508031.SH,国泰海通城投宽庭保租房REIT,A,4.169,4.169,4.118,4.121,728588,
2025-08-18,508031.SH,国泰海通城投宽庭保租房REIT,A,4.105,4.125,4.005,4.105,2392900,
2025-08-19,508031.SH,国泰海通城投宽庭保租房REIT,A,4.086,4.086,4.027,4.054,1575707,
2025-08-20,508031.SH,国泰海通城投宽庭保租房REIT,A,4.03,4.105,4.027,4.062,2793200,
2025-08-21,508031.SH,国泰海通城投宽庭保租房REIT,A,4.065,4.088,4.05,4.062,4360400,
2025-08-22,508031.SH,国泰海通城投宽庭保租房REIT,A,4.074,4.079,4.039,4.052,2077471,
2025-08-25,508031.SH,国泰海通城投宽庭保租房REIT,A,4.049,4.063,4.04,4.04,2447000,
2025-08-26,508031.SH,国泰海通城投宽庭保租房REIT,A,4.04,4.103,4.04,4.09,4156700,
2025-08-27,508031.SH,国泰海通城投宽庭保租房REIT,A,4.1,4.125,4.048,4.079,3400000,
2025-08-28,508031.SH,国泰海通城投宽庭保租房REIT,A,4.061,4.142,4.061,4.079,2064776,
2025-08-29,508031.SH,国泰海通城投宽庭保租房REIT,A,4.086,4.09,4.069,4.081,2787881,
2025-09-01,508031.SH,国泰海通城投宽庭保租房REIT,A,4.062,4.103,4.062,4.082,1537200,
2025-09-02,508031.SH,国泰海通城投宽庭保租房REIT,A,4.106,4.11,4.076,4.09,1522700,
2025-09-03,508031.SH,国泰海通城投宽庭保租房REIT,A,4.062,4.121,4.021,4.12,1511900,
2025-09-04,508031.SH,国泰海通城投宽庭保租房REIT,A,4.12,4.229,4.101,4.183,1426633,
2025-09-05,508031.SH,国泰海通城投宽庭保租房REIT,A,4.164,4.199,4.12,4.146,1940525,
2025-09-08,508031.SH,国泰海通城投宽庭保租房REIT,A,4.127,4.127,4.097,4.116,1498288,
2025-09-09,508031.SH,国泰海通城投宽庭保租房REIT,A,4.117,4.143,4.071,4.11,2434576,
2025-09-10,508031.SH,国泰海通城投宽庭保租房REIT,A,4.085,4.138,4.07,4.096,3115200,
2025-09-11,508031.SH,国泰海通城投宽庭保租房REIT,A,4.069,4.094,4.069,4.073,1342088,
2025-09-12,508031.SH,国泰海通城投宽庭保租房REIT,A,4.066,4.13,4.066,4.108,879388,
2025-09-15,508031.SH,国泰海通城投宽庭保租房REIT,A,4.083,4.157,4.07,4.148,905772,
2025-09-16,508031.SH,国泰海通城投宽庭保租房REIT,A,4.123,4.162,4.098,4.148,1843371,
2025-09-17,508031.SH,国泰海通城投宽庭保租房REIT,A,4.123,4.16,4.116,4.133,654876,
2025-09-18,508031.SH,国泰海通城投宽庭保租房REIT,A,4.12,4.147,4.11,4.111,1511078,
2025-09-19,508031.SH,国泰海通城投宽庭保租房REIT,A,4.128,4.152,4.111,4.126,1721800,
2025-09-22,508031.SH,国泰海通城投宽庭保租房REIT,A,4.144,4.144,4.088,4.1,3551000,
2025-09-23,508031.SH,国泰海通城投宽庭保租房REIT,A,4.053,4.053,4.004,4.02,1593600,
2025-09-24,508031.SH,国泰海通城投宽庭保租房REIT,A,3.997,4.019,3.996,4.005,992700,
2025-09-25,508031.SH,国泰海通城投宽庭保租房REIT,A,4.005,4.1,3.991,4.002,763400,
2025-09-26,508031.SH,国泰海通城投宽庭保租房REIT,A,4.0,4.01,3.995,4.002,750300,
2025-09-29,508031.SH,国泰海通城投宽庭保租房REIT,A,4.002,4.002,3.96,3.977,1429200,
2025-09-30,508031.SH,国泰海通城投宽庭保租房REIT,A,3.981,3.987,3.962,3.97,753300,
2025-10-09,508031.SH,国泰海通城投宽庭保租房REIT,A,3.97,3.97,3.946,3.962,374256,
2025-10-10,508031.SH,国泰海通城投宽庭保租房REIT,A,3.962,4.008,3.96,3.976,2454669,
2025-10-13,508031.SH,国泰海通城投宽庭保租房REIT,A,3.962,4.001,3.952,3.97,1745600,
2025-10-14,508031.SH,国泰海通城投宽庭保租房REIT,A,3.973,3.975,3.942,3.949,3886400,
2025-10-15,508031.SH,国泰海通城投宽庭保租房REIT,A,3.945,3.95,3.9,3.936,1960200,
2025-10-16,508031.SH,国泰海通城投宽庭保租房REIT,A,3.936,3.956,3.911,3.918,1333400,
2025-10-17,508031.SH,国泰海通城投宽庭保租房REIT,A,3.894,3.938,3.878,3.9,1220400,
2025-10-20,508031.SH,国泰海通城投宽庭保租房REIT,A,3.9,3.941,3.827,3.864,605488,
2025-10-21,508031.SH,国泰海通城投宽庭保租房REIT,A,3.875,3.875,3.824,3.845,1268776,
2025-10-22,508031.SH,国泰海通城投宽庭保租房REIT,A,3.858,3.866,3.808,3.848,2686500,
2025-10-23,508031.SH,国泰海通城投宽庭保租房REIT,A,3.849,3.857,3.812,3.842,2401688,
2025-10-24,508031.SH,国泰海通城投宽庭保租房REIT,A,3.842,3.871,3.825,3.86,3596313,
2025-10-27,508031.SH,国泰海通城投宽庭保租房REIT,A,3.86,3.87,3.822,3.87,1301381,
2025-10-28,508031.SH,国泰海通城投宽庭保租房REIT,A,3.869,3.949,3.867,3.941,4428088,
2025-10-29,508031.SH,国泰海通城投宽庭保租房REIT,A,3.951,3.963,3.896,3.938,6162840,
2025-10-30,508031.SH,国泰海通城投宽庭保租房REIT,A,3.937,3.945,3.914,3.94,3384788,
2025-10-31,508031.SH,国泰海通城投宽庭保租房REIT,A,3.924,3.953,3.921,3.94,2060076,
2025-11-03,508031.SH,国泰海通城投宽庭保租房REIT,A,3.957,3.957,3.901,3.942,1673588,
2025-11-04,508031.SH,国泰海通城投宽庭保租房REIT,A,3.924,3.932,3.858,3.925,1413300,
2025-11-05,508031.SH,国泰海通城投宽庭保租房REIT,A,3.938,3.939,3.868,3.902,2526888,
2025-11-06,508031.SH,国泰海通城投宽庭保租房REIT,A,3.902,3.924,3.87,3.916,1502500,
2025-11-07,508031.SH,国泰海通城投宽庭保租房REIT,A,3.916,3.938,3.902,3.93,2099288,
2025-11-10,508031.SH,国泰海通城投宽庭保租房REIT,A,3.93,3.953,3.909,3.95,3544200,
2025-11-11,508031.SH,国泰海通城投宽庭保租房REIT,A,3.966,3.988,3.91,3.96,3113400,
2025-11-12,508031.SH,国泰海通城投宽庭保租房REIT,A,3.961,3.972,3.939,3.94,1829400,
2025-11-13,508031.SH,国泰海通城投宽庭保租房REIT,A,3.922,3.964,3.922,3.94,2094800,
2025-11-14,508031.SH,国泰海通城投宽庭保租房REIT,A,3.947,3.999,3.9,3.96,4182370,
2025-11-17,508031.SH,国泰海通城投宽庭保租房REIT,A,3.974,3.983,3.947,3.96,948470,
2025-11-18,508031.SH,国泰海通城投宽庭保租房REIT,A,3.955,3.984,3.955,3.969,2236957,
2025-11-19,508031.SH,国泰海通城投宽庭保租房REIT,A,3.969,3.975,3.933,3.957,411200,
2025-11-20,508031.SH,国泰海通城投宽庭保租房REIT,A,3.937,3.956,3.934,3.951,314788,
2025-11-21,508031.SH,国泰海通城投宽庭保租房REIT,A,3.975,3.975,3.902,3.923,2441600,
2025-11-24,508031.SH,国泰海通城投宽庭保租房REIT,A,3.939,3.939,3.88,3.885,2478988,
2025-11-25,508031.SH,国泰海通城投宽庭保租房REIT,A,3.9,3.9,3.846,3.877,4259876,
2025-11-26,508031.SH,国泰海通城投宽庭保租房REIT,A,3.865,3.887,3.865,3.87,6405600,
2025-11-27,508031.SH,国泰海通城投宽庭保租房REIT,A,3.866,3.876,3.85,3.86,3137043,
2025-11-28,508031.SH,国泰海通城投宽庭保租房REIT,A,3.855,3.875,3.855,3.869,2643888,
2025-12-01,508031.SH,国泰海通城投宽庭保租房REIT,A,3.852,3.883,3.829,3.848,3895888,
2025-12-02,508031.SH,国泰海通城投宽庭保租房REIT,A,3.864,3.864,3.847,3.862,677273,
2025-12-03,508031.SH,国泰海通城投宽庭保租房REIT,A,3.861,3.885,3.849,3.885,1095900,
2025-12-04,508031.SH,国泰海通城投宽庭保租房REIT,A,3.865,3.898,3.844,3.882,1464755,
2025-12-05,508031.SH,国泰海通城投宽庭保租房REIT,A,3.859,3.92,3.843,3.9,2834700,
2025-12-08,508031.SH,国泰海通城投宽庭保租房REIT,A,3.882,3.916,3.867,3.874,763600,
2025-12-09,508031.SH,国泰海通城投宽庭保租房REIT,A,3.851,3.9,3.843,3.877,545800,
2025-12-10,508031.SH,国泰海通城投宽庭保租房REIT,A,3.898,3.9,3.83,3.89,2351700,
2025-12-11,508031.SH,国泰海通城投宽庭保租房REIT,A,3.872,3.898,3.872,3.895,583700,
2025-12-12,508031.SH,国泰海通城投宽庭保租房REIT,A,3.897,3.912,3.88,3.899,489800,
2025-12-15,508031.SH,国泰海通城投宽庭保租房REIT,A,3.867,3.881,3.846,3.86,878000,
2025-12-16,508031.SH,国泰海通城投宽庭保租房REIT,A,3.842,3.86,3.821,3.844,817400,
2025-12-17,508031.SH,国泰海通城投宽庭保租房REIT,A,3.838,3.875,3.795,3.798,1043500,
2025-12-18,508031.SH,国泰海通城投宽庭保租房REIT,A,3.766,3.81,3.766,3.79,2331998,
2025-12-19,508031.SH,国泰海通城投宽庭保租房REIT,A,3.782,3.809,3.73,3.784,3473400,
2025-12-22,508031.SH,国泰海通城投宽庭保租房REIT,A,3.784,3.799,3.77,3.783,4282300,
2025-12-23,508031.SH,国泰海通城投宽庭保租房REIT,A,3.821,3.821,3.734,3.779,2484108,
2025-12-24,508031.SH,国泰海通城投宽庭保租房REIT,A,3.762,3.918,3.748,3.855,2113014,
2025-12-25,508031.SH,国泰海通城投宽庭保租房REIT,A,3.847,3.9,3.829,3.899,2413540,
2025-12-26,508031.SH,国泰海通城投宽庭保租房REIT,A,3.859,3.9,3.858,3.883,730700,
2025-12-29,508031.SH,国泰海通城投宽庭保租房REIT,A,3.844,3.89,3.844,3.885,873976,
2025-12-30,508031.SH,国泰海通城投宽庭保租房REIT,A,3.9,3.9,3.86,3.88,471943,
2025-12-31,508031.SH,国泰海通城投宽庭保租房REIT,A,3.884,3.908,3.839,3.89,2230600,
2026-01-05,508031.SH,国泰海通城投宽庭保租房REIT,A,3.9,3.911,3.865,3.9,3736209,
2026-01-06,508031.SH,国泰海通城投宽庭保租房REIT,A,3.9,3.915,3.885,3.915,9495500,
2026-01-07,508031.SH,国泰海通城投宽庭保租房REIT,A,3.91,3.923,3.881,3.918,5568500,
2026-01-08,508031.SH,国泰海通城投宽庭保租房REIT,A,3.9,3.918,3.871,3.887,4859235,
2026-01-09,508031.SH,国泰海通城投宽庭保租房REIT,A,3.869,3.899,3.848,3.872,2515600,
2026-01-12,508031.SH,国泰海通城投宽庭保租房REIT,A,3.87,3.88,3.829,3.875,1774296,
2026-01-13,508031.SH,国泰海通城投宽庭保租房REIT,A,3.899,3.899,3.796,3.88,2431188,
2026-01-14,508031.SH,国泰海通城投宽庭保租房REIT,A,3.826,3.885,3.826,3.88,1020688,
2026-01-15,508031.SH,国泰海通城投宽庭保租房REIT,A,3.88,3.88,3.817,3.877,1723200,
2026-01-16,508031.SH,国泰海通城投宽庭保租房REIT,A,3.859,3.877,3.84,3.874,1117700,
2026-01-19,508031.SH,国泰海通城投宽庭保租房REIT,A,3.856,3.879,3.851,3.867,1684525,
2026-01-20,508031.SH,国泰海通城投宽庭保租房REIT,A,3.867,3.899,3.849,3.888,2268973,
2026-01-21,508031.SH,国泰海通城投宽庭保租房REIT,A,3.9,3.902,3.863,3.889,2093100,
2026-01-22,508031.SH,国泰海通城投宽庭保租房REIT,A,3.885,3.954,3.869,3.92,1820322,
2026-01-23,508031.SH,国泰海通城投宽庭保租房REIT,A,3.936,3.973,3.896,3.957,3954792,
2026-01-26,508031.SH,国泰海通城投宽庭保租房REIT,A,3.933,3.972,3.93,3.94,2378769,
2026-01-27,508031.SH,国泰海通城投宽庭保租房REIT,A,3.952,3.952,3.917,3.949,2383322,
2026-01-28,508031.SH,国泰海通城投宽庭保租房REIT,A,3.936,3.974,3.933,3.974,1976922,
2026-01-29,508031.SH,国泰海通城投宽庭保租房REIT,A,3.974,4.01,3.951,4.001,2067384,
2026-01-30,508031.SH,国泰海通城投宽庭保租房REIT,A,3.999,4.01,3.97,3.979,617200,
2026-02-02,508031.SH,国泰海通城投宽庭保租房REIT,A,3.963,3.966,3.905,3.937,594839,
2026-02-03,508031.SH,国泰海通城投宽庭保租房REIT,A,3.921,3.949,3.921,3.939,1031082,
2026-02-04,508031.SH,国泰海通城投宽庭保租房REIT,A,3.933,3.948,3.908,3.94,712952,
2026-02-05,508031.SH,国泰海通城投宽庭保租房REIT,A,3.943,3.943,3.901,3.917,675200,
2026-02-06,508031.SH,国泰海通城投宽庭保租房REIT,A,3.899,3.917,3.888,3.903,529500,
2026-02-09,508031.SH,国泰海通城投宽庭保租房REIT,A,3.903,3.915,3.881,3.9,264600,
2026-02-10,508031.SH,国泰海通城投宽庭保租房REIT,A,3.885,3.929,3.881,3.923,483164,
2026-02-11,508031.SH,国泰海通城投宽庭保租房REIT,A,3.916,3.967,3.882,3.931,1363300,
2026-02-12,508031.SH,国泰海通城投宽庭保租房REIT,A,3.932,3.932,3.892,3.91,1074000,
2026-02-13,508031.SH,国泰海通城投宽庭保租房REIT,A,3.91,3.937,3.889,3.93,412907,
2026-02-24,508031.SH,国泰海通城投宽庭保租房REIT,A,3.945,3.945,3.894,3.913,472481,
2026-02-25,508031.SH,国泰海通城投宽庭保租房REIT,A,3.899,3.919,3.899,3.911,414318,
2026-02-26,508031.SH,国泰海通城投宽庭保租房REIT,A,3.913,3.919,3.877,3.89,497088,
2026-02-27,508031.SH,国泰海通城投宽庭保租房REIT,A,3.891,3.909,3.823,3.869,1370700,
2026-03-02,508031.SH,国泰海通城投宽庭保租房REIT,A,3.869,3.869,3.789,3.837,2652795,
2026-03-03,508031.SH,国泰海通城投宽庭保租房REIT,A,3.819,3.867,3.818,3.843,2642175,
2026-03-04,508031.SH,国泰海通城投宽庭保租房REIT,A,3.849,3.854,3.83,3.847,600700,
2026-03-05,508031.SH,国泰海通城投宽庭保租房REIT,A,3.83,3.86,3.806,3.833,1247100,
2026-03-06,508031.SH,国泰海通城投宽庭保租房REIT,A,3.833,3.833,3.79,3.815,1196388,
2026-03-09,508031.SH,国泰海通城投宽庭保租房REIT,A,3.787,3.819,3.759,3.804,1122000,
2026-03-10,508031.SH,国泰海通城投宽庭保租房REIT,A,3.804,3.832,3.787,3.82,1760276,
2026-03-11,508031.SH,国泰海通城投宽庭保租房REIT,A,3.803,3.835,3.787,3.808,1499700,
2026-03-12,508031.SH,国泰海通城投宽庭保租房REIT,A,3.808,3.829,3.784,3.799,902200,
2026-03-13,508031.SH,国泰海通城投宽庭保租房REIT,A,3.785,3.81,3.75,3.774,2209300,
2026-03-16,508031.SH,国泰海通城投宽庭保租房REIT,A,3.774,3.774,3.72,3.735,1255000,
2026-03-17,508031.SH,国泰海通城投宽庭保租房REIT,A,3.719,3.76,3.715,3.736,1436356,
2026-03-18,508031.SH,国泰海通城投宽庭保租房REIT,A,3.728,3.772,3.71,3.771,1095700,
2026-03-19,508031.SH,国泰海通城投宽庭保租房REIT,A,3.754,3.789,3.748,3.785,545510,
2026-03-20,508031.SH,国泰海通城投宽庭保租房REIT,A,3.785,3.802,3.767,3.786,811488,
2026-03-23,508031.SH,国泰海通城投宽庭保租房REIT,A,3.771,3.772,3.718,3.755,2441169,
2026-03-24,508031.SH,国泰海通城投宽庭保租房REIT,A,3.77,3.778,3.728,3.778,708891,
2026-03-25,508031.SH,国泰海通城投宽庭保租房REIT,A,3.776,3.785,3.742,3.764,414100,
2026-03-26,508031.SH,国泰海通城投宽庭保租房REIT,A,3.748,3.775,3.733,3.775,965300,
2026-03-27,508031.SH,国泰海通城投宽庭保租房REIT,A,3.758,3.779,3.733,3.779,774000,
2026-03-30,508031.SH,国泰海通城投宽庭保租房REIT,A,3.762,3.784,3.745,3.773,980414,
2026-03-31,508031.SH,国泰海通城投宽庭保租房REIT,A,3.773,3.773,3.745,3.749,121100,
2026-04-01,508031.SH,国泰海通城投宽庭保租房REIT,A,3.76,3.764,3.737,3.762,117664,
2026-04-02,508031.SH,国泰海通城投宽庭保租房REIT,A,3.773,3.778,3.755,3.767,44900,
2026-04-03,508031.SH,国泰海通城投宽庭保租房REIT,A,3.773,3.817,3.751,3.816,1296076,
2026-04-07,508031.SH,国泰海通城投宽庭保租房REIT,A,3.815,3.852,3.798,3.841,2176288,
2026-04-08,508031.SH,国泰海通城投宽庭保租房REIT,A,3.857,3.897,3.856,3.86,799300,
2026-04-09,508031.SH,国泰海通城投宽庭保租房REIT,A,3.856,3.873,3.827,3.83,232888,
2026-04-10,508031.SH,国泰海通城投宽庭保租房REIT,A,3.848,3.867,3.816,3.823,626300,
2026-04-13,508031.SH,国泰海通城投宽庭保租房REIT,A,3.814,3.814,3.79,3.808,408100,
2026-04-14,508031.SH,国泰海通城投宽庭保租房REIT,A,3.797,3.872,3.797,3.848,2660071,
2026-04-15,508031.SH,国泰海通城投宽庭保租房REIT,A,3.831,3.882,3.831,3.862,5128612,
2026-04-16,508031.SH,国泰海通城投宽庭保租房REIT,A,3.862,3.923,3.851,3.921,572969,
2026-04-17,508031.SH,国泰海通城投宽庭保租房REIT,A,3.905,3.942,3.905,3.935,408564,
2026-04-20,508031.SH,国泰海通城投宽庭保租房REIT,A,3.942,3.942,3.913,3.917,601600,
2026-04-21,508031.SH,国泰海通城投宽庭保租房REIT,A,3.904,3.938,3.888,3.9,963302,
2026-04-22,508031.SH,国泰海通城投宽庭保租房REIT,A,3.891,3.945,3.865,3.944,1019464,
2026-04-23,508031.SH,国泰海通城投宽庭保租房REIT,A,3.933,3.953,3.9,3.92,472340,
2026-04-24,508031.SH,国泰海通城投宽庭保租房REIT,A,3.921,3.921,3.89,3.897,394000,
2026-04-27,508031.SH,国泰海通城投宽庭保租房REIT,A,3.849,3.85,3.764,3.78,1163500,
2026-04-28,508031.SH,国泰海通城投宽庭保租房REIT,A,3.776,3.802,3.764,3.78,216493,
2026-04-29,508031.SH,国泰海通城投宽庭保租房REIT,A,3.78,3.78,3.732,3.763,419464,
2026-04-30,508031.SH,国泰海通城投宽庭保租房REIT,A,3.751,3.761,3.73,3.739,331900,
2026-05-06,508031.SH,国泰海通城投宽庭保租房REIT,A,3.74,3.748,3.714,3.73,967600,
2026-05-07,508031.SH,国泰海通城投宽庭保租房REIT,A,3.741,3.762,3.696,3.72,1343800,
2026-05-08,508031.SH,国泰海通城投宽庭保租房REIT,A,3.718,3.771,3.718,3.771,290988,
2026-05-11,508031.SH,国泰海通城投宽庭保租房REIT,A,3.771,3.773,3.754,3.763,134776,
2026-05-12,508031.SH,国泰海通城投宽庭保租房REIT,A,3.771,3.78,3.747,3.767,152200,
2026-05-13,508031.SH,国泰海通城投宽庭保租房REIT,A,3.783,3.784,3.7,3.733,714442,
2026-05-14,508031.SH,国泰海通城投宽庭保租房REIT,A,3.747,3.754,3.7,3.718,754900,
2026-05-15,508031.SH,国泰海通城投宽庭保租房REIT,A,3.702,3.718,3.696,3.708,444942,
2026-05-18,508031.SH,国泰海通城投宽庭保租房REIT,A,3.691,3.759,3.677,3.726,1184652,
2026-05-19,508031.SH,国泰海通城投宽庭保租房REIT,A,3.725,3.865,3.725,3.841,4739709,
2026-05-20,508031.SH,国泰海通城投宽庭保租房REIT,A,3.836,3.874,3.832,3.845,2054000,
2026-05-21,508031.SH,国泰海通城投宽庭保租房REIT,A,3.855,3.855,3.819,3.835,3629788,
2026-05-22,508031.SH,国泰海通城投宽庭保租房REIT,A,3.85,3.851,3.823,3.832,836000,
2026-05-25,508031.SH,国泰海通城投宽庭保租房REIT,A,3.832,3.85,3.815,3.819,617300,
2026-05-26,508031.SH,国泰海通城投宽庭保租房REIT,A,3.836,3.837,3.799,3.799,483400,
2026-05-27,508031.SH,国泰海通城投宽庭保租房REIT,A,3.819,3.827,3.76,3.764,1177000,
2026-05-28,508031.SH,国泰海通城投宽庭保租房REIT,A,3.764,3.764,3.727,3.744,821200,
2026-05-29,508031.SH,国泰海通城投宽庭保租房REIT,A,3.739,3.781,3.737,3.781,416888,
2026-06-01,508031.SH,国泰海通城投宽庭保租房REIT,A,3.781,3.82,3.769,3.814,598200,
2026-06-02,508031.SH,国泰海通城投宽庭保租房REIT,A,3.809,3.828,3.78,3.797,645900,
2026-06-03,508031.SH,国泰海通城投宽庭保租房REIT,A,3.813,3.813,3.796,3.796,169300,
2026-06-04,508031.SH,国泰海通城投宽庭保租房REIT,A,3.809,3.817,3.788,3.799,690288,
2026-06-05,508031.SH,国泰海通城投宽庭保租房REIT,A,3.809,3.818,3.808,3.809,473700,
2026-06-08,508031.SH,国泰海通城投宽庭保租房REIT,A,3.809,3.835,3.807,3.82,6475100,
2026-06-09,508031.SH,国泰海通城投宽庭保租房REIT,A,3.823,3.831,3.797,3.8,309600,
2026-06-10,508031.SH,国泰海通城投宽庭保租房REIT,A,3.781,3.79,3.754,3.754,185400,
2026-06-11,508031.SH,国泰海通城投宽庭保租房REIT,A,3.762,3.77,3.7,3.744,1423000,
2026-06-12,508031.SH,国泰海通城投宽庭保租房REIT,A,3.761,3.798,3.742,3.772,705100,
2026-06-15,508031.SH,国泰海通城投宽庭保租房REIT,A,3.756,3.797,3.747,3.767,1276635,
2026-06-16,508031.SH,国泰海通城投宽庭保租房REIT,A,3.78,3.781,3.747,3.757,261800,
2026-06-17,508031.SH,国泰海通城投宽庭保租房REIT,A,3.747,3.78,3.737,3.763,270288,
2026-06-18,508031.SH,国泰海通城投宽庭保租房REIT,A,3.765,3.765,3.681,3.711,1469600,
2026-06-22,508031.SH,国泰海通城投宽庭保租房REIT,A,3.713,3.713,3.618,3.625,1948000,
2026-06-23,508031.SH,国泰海通城投宽庭保租房REIT,A,3.641,3.657,3.585,3.615,2182581,
2026-06-24,508031.SH,国泰海通城投宽庭保租房REIT,A,3.643,3.643,3.573,3.582,2223500,
2026-06-25,508031.SH,国泰海通城投宽庭保租房REIT,A,3.591,3.722,3.585,3.69,3708800,
2026-06-26,508031.SH,国泰海通城投宽庭保租房REIT,A,3.689,3.719,3.611,3.679,4737700,
2026-06-29,508031.SH,国泰海通城投宽庭保租房REIT,A,3.65,3.75,3.65,3.74,2456984,
2026-06-30,508031.SH,国泰海通城投宽庭保租房REIT,A,3.74,3.81,3.711,3.802,1332152,
2026-07-01,508031.SH,国泰海通城投宽庭保租房REIT,A,3.813,3.813,3.777,3.797,4496980,
2026-07-02,508031.SH,国泰海通城投宽庭保租房REIT,A,3.8,3.801,3.738,3.764,2541000,
2026-07-03,508031.SH,国泰海通城投宽庭保租房REIT,A,3.764,3.81,3.76,3.8,1390100,
2026-07-06,508031.SH,国泰海通城投宽庭保租房REIT,A,3.782,3.813,3.78,3.8,1134900,
2026-07-07,508031.SH,国泰海通城投宽庭保租房REIT,A,3.8,3.815,3.785,3.799,965900,
2026-07-08,508031.SH,国泰海通城投宽庭保租房REIT,A,3.782,3.8,3.761,3.768,582588,
2026-07-09,508031.SH,国泰海通城投宽庭保租房REIT,A,3.764,3.801,3.713,3.79,1188739,
2026-07-10,508031.SH,国泰海通城投宽庭保租房REIT,A,3.758,3.83,3.734,3.805,2264500,
2026-07-13,508031.SH,国泰海通城投宽庭保租房REIT,A,3.789,3.805,3.763,3.773,341000,
2026-07-14,508031.SH,国泰海通城投宽庭保租房REIT,A,3.773,3.804,3.763,3.785,1619500,
2026-07-15,508031.SH,国泰海通城投宽庭保租房REIT,A,3.772,3.8,3.769,3.78,274503,
2026-07-16,508031.SH,国泰海通城投宽庭保租房REIT,A,3.8,3.8,3.772,3.785,1031088,
2026-07-17,508031.SH,国泰海通城投宽庭保租房REIT,A,3.765,3.83,3.749,3.755,3653052,
2026-07-20,508031.SH,国泰海通城投宽庭保租房REIT,A,3.755,3.793,3.73,3.74,607300,
2026-07-21,508031.SH,国泰海通城投宽庭保租房REIT,A,3.785,3.8,3.73,3.745,1238800,
2026-07-22,508031.SH,国泰海通城投宽庭保租房REIT,A,3.72,3.77,3.72,3.75,2112200,
2026-07-23,508031.SH,国泰海通城投宽庭保租房REIT,A,3.775,3.8,3.737,3.738,4439400,
2026-07-24,508031.SH,国泰海通城投宽庭保租房REIT,A,3.76,3.798,3.658,3.704,3708784,
2026-07-27,508031.SH,国泰海通城投宽庭保租房REIT,A,3.687,3.75,3.687,3.712,1299600,
2026-07-28,508031.SH,国泰海通城投宽庭保租房REIT,A,3.719,3.74,3.701,3.733,463888,
2026-07-29,508031.SH,国泰海通城投宽庭保租房REIT,A,3.745,3.77,3.739,3.747,737400,
2026-07-30,508031.SH,国泰海通城投宽庭保租房REIT,A,3.781,3.781,3.751,3.769,799600,
2026-07-31,508031.SH,国泰海通城投宽庭保租房REIT,A,3.767,3.83,3.75,3.821,945900,
2026-08-03,508031.SH,国泰海通城投宽庭保租房REIT,A,3.832,3.846,3.757,3.785,2551238,
2026-08-04,508031.SH,国泰海通城投宽庭保租房REIT,A,3.821,3.821,3.737,3.75,357388,
2026-08-05,508031.SH,国泰海通城投宽庭保租房REIT,A,3.767,3.776,3.707,3.742,1278082,
2026-08-06,508031.SH,国泰海通城投宽庭保租房REIT,A,3.776,3.795,3.714,3.741,3298200,
2026-08-07,508031.SH,国泰海通城投宽庭保租房REIT,A,3.753,3.807,3.737,3.783,334788,
2026-08-10,508031.SH,国泰海通城投宽庭保租房REIT,A,3.772,3.808,3.748,3.763,822462,
2026-08-11,508031.SH,国泰海通城投宽庭保租房REIT,A,3.746,3.824,3.746,3.802,866700,
2026-08-12,508031.SH,国泰海通城投宽庭保租房REIT,A,3.805,3.813,3.768,3.782,1042632,
2026-08-13,508031.SH,国泰海通城投宽庭保租房REIT,A,3.783,3.816,3.781,3.798,763328,
2026-08-14,508031.SH,国泰海通城投宽庭保租房REIT,A,3.797,3.815,3.795,3.802,360240,
2026-08-17,508031.SH,国泰海通城投宽庭保租房REIT,A,3.818,3.822,3.769,3.813,706900,
2026-08-18,508031.SH,国泰海通城投宽庭保租房REIT,A,3.813,3.863,3.781,3.814,1219301,
2026-08-19,508031.SH,国泰海通城投宽庭保租房REIT,A,3.848,3.85,3.793,3.838,671200,
2026-08-20,508031.SH,国泰海通城投宽庭保租房REIT,A,3.792,3.86,3.792,3.859,1350900,
2025-03-31,508055.SH,汇添富上海地产租赁住房REIT,A,3.541,3.541,3.541,3.541,6785095,
2025-04-01,508055.SH,汇添富上海地产租赁住房REIT,A,3.75,3.892,3.363,3.582,35381623,
2025-04-02,508055.SH,汇添富上海地产租赁住房REIT,A,3.584,3.648,3.566,3.632,6861373,
2025-04-03,508055.SH,汇添富上海地产租赁住房REIT,A,3.648,3.749,3.647,3.736,17280426,
2025-04-07,508055.SH,汇添富上海地产租赁住房REIT,A,3.773,3.892,3.725,3.818,10144938,
2025-04-08,508055.SH,汇添富上海地产租赁住房REIT,A,3.817,3.817,3.728,3.782,3533391,
2025-04-09,508055.SH,汇添富上海地产租赁住房REIT,A,3.761,3.782,3.716,3.719,2873411,
2025-04-10,508055.SH,汇添富上海地产租赁住房REIT,A,3.716,3.75,3.633,3.74,3135245,
2025-04-11,508055.SH,汇添富上海地产租赁住房REIT,A,3.739,3.78,3.696,3.733,3240579,
2025-04-14,508055.SH,汇添富上海地产租赁住房REIT,A,3.73,3.757,3.694,3.751,2011608,
2025-04-15,508055.SH,汇添富上海地产租赁住房REIT,A,3.755,3.773,3.751,3.761,2124682,
2025-04-16,508055.SH,汇添富上海地产租赁住房REIT,A,3.759,3.773,3.756,3.77,1909735,
2025-04-17,508055.SH,汇添富上海地产租赁住房REIT,A,3.761,3.819,3.761,3.812,1807272,
2025-04-18,508055.SH,汇添富上海地产租赁住房REIT,A,3.815,3.852,3.783,3.807,2090963,
2025-04-21,508055.SH,汇添富上海地产租赁住房REIT,A,3.807,3.83,3.767,3.804,1667770,
2025-04-22,508055.SH,汇添富上海地产租赁住房REIT,A,3.805,3.83,3.774,3.824,1582920,
2025-04-23,508055.SH,汇添富上海地产租赁住房REIT,A,3.825,3.835,3.802,3.82,1654642,
2025-04-24,508055.SH,汇添富上海地产租赁住房REIT,A,3.82,3.836,3.806,3.832,1862220,
2025-04-25,508055.SH,汇添富上海地产租赁住房REIT,A,3.833,3.85,3.828,3.835,667361,
2025-04-28,508055.SH,汇添富上海地产租赁住房REIT,A,3.835,3.84,3.778,3.78,874970,
2025-04-29,508055.SH,汇添富上海地产租赁住房REIT,A,3.776,3.798,3.763,3.796,728823,
2025-04-30,508055.SH,汇添富上海地产租赁住房REIT,A,3.78,3.833,3.78,3.809,1681849,
2025-05-06,508055.SH,汇添富上海地产租赁住房REIT,A,3.794,3.84,3.794,3.831,2221307,
2025-05-07,508055.SH,汇添富上海地产租赁住房REIT,A,3.832,3.85,3.81,3.844,1833565,
2025-05-08,508055.SH,汇添富上海地产租赁住房REIT,A,3.829,3.876,3.829,3.868,1979361,
2025-05-09,508055.SH,汇添富上海地产租赁住房REIT,A,3.853,3.919,3.853,3.91,1626176,
2025-05-12,508055.SH,汇添富上海地产租赁住房REIT,A,3.909,3.948,3.894,3.921,985613,
2025-05-13,508055.SH,汇添富上海地产租赁住房REIT,A,3.911,3.941,3.889,3.937,1719822,
2025-05-14,508055.SH,汇添富上海地产租赁住房REIT,A,3.921,4.006,3.921,3.971,1034393,
2025-05-15,508055.SH,汇添富上海地产租赁住房REIT,A,3.971,4.012,3.965,4.011,1236117,
2025-05-16,508055.SH,汇添富上海地产租赁住房REIT,A,4.011,4.07,4.001,4.043,1081291,
2025-05-19,508055.SH,汇添富上海地产租赁住房REIT,A,4.059,4.077,4.028,4.041,1238139,
2025-05-20,508055.SH,汇添富上海地产租赁住房REIT,A,4.054,4.055,4.021,4.048,1638366,
2025-05-21,508055.SH,汇添富上海地产租赁住房REIT,A,4.055,4.058,4.0,4.031,1306108,
2025-05-22,508055.SH,汇添富上海地产租赁住房REIT,A,4.03,4.04,4.002,4.01,1709221,
2025-05-23,508055.SH,汇添富上海地产租赁住房REIT,A,4.013,4.03,3.983,3.99,1538346,
2025-05-26,508055.SH,汇添富上海地产租赁住房REIT,A,3.99,4.049,3.971,4.043,1277308,
2025-05-27,508055.SH,汇添富上海地产租赁住房REIT,A,4.047,4.069,4.014,4.025,1106224,
2025-05-28,508055.SH,汇添富上海地产租赁住房REIT,A,4.026,4.04,4.014,4.027,477466,
2025-05-29,508055.SH,汇添富上海地产租赁住房REIT,A,4.03,4.039,4.022,4.03,612908,
2025-05-30,508055.SH,汇添富上海地产租赁住房REIT,A,4.03,4.042,4.029,4.037,786886,
2025-06-03,508055.SH,汇添富上海地产租赁住房REIT,A,4.038,4.045,4.032,4.039,337708,
2025-06-04,508055.SH,汇添富上海地产租赁住房REIT,A,4.041,4.041,4.024,4.031,266267,
2025-06-05,508055.SH,汇添富上海地产租赁住房REIT,A,4.031,4.035,4.02,4.028,476325,
2025-06-06,508055.SH,汇添富上海地产租赁住房REIT,A,4.038,4.038,4.011,4.026,497713,
2025-06-09,508055.SH,汇添富上海地产租赁住房REIT,A,4.027,4.034,3.985,3.99,857696,
2025-06-10,508055.SH,汇添富上海地产租赁住房REIT,A,3.989,3.999,3.975,3.988,972346,
2025-06-11,508055.SH,汇添富上海地产租赁住房REIT,A,3.986,3.995,3.985,3.991,1608354,
2025-06-12,508055.SH,汇添富上海地产租赁住房REIT,A,3.992,3.998,3.974,3.991,361859,
2025-06-13,508055.SH,汇添富上海地产租赁住房REIT,A,3.982,4.016,3.97,4.012,1877020,
2025-06-16,508055.SH,汇添富上海地产租赁住房REIT,A,4.015,4.02,3.995,4.011,1100550,
2025-06-17,508055.SH,汇添富上海地产租赁住房REIT,A,4.011,4.075,4.011,4.06,1796665,
2025-06-18,508055.SH,汇添富上海地产租赁住房REIT,A,4.06,4.168,4.056,4.154,1230892,
2025-06-19,508055.SH,汇添富上海地产租赁住房REIT,A,4.155,4.171,4.055,4.144,1371025,
2025-06-20,508055.SH,汇添富上海地产租赁住房REIT,A,4.144,4.198,4.115,4.18,1548891,
2025-06-23,508055.SH,汇添富上海地产租赁住房REIT,A,4.18,4.277,4.163,4.269,1369598,
2025-06-24,508055.SH,汇添富上海地产租赁住房REIT,A,4.269,4.269,4.15,4.223,2001979,
2025-06-25,508055.SH,汇添富上海地产租赁住房REIT,A,4.222,4.222,4.149,4.189,999812,
2025-06-26,508055.SH,汇添富上海地产租赁住房REIT,A,4.185,4.202,4.126,4.139,739521,
2025-06-27,508055.SH,汇添富上海地产租赁住房REIT,A,4.139,4.149,4.07,4.13,5467170,
2025-06-30,508055.SH,汇添富上海地产租赁住房REIT,A,4.113,4.13,4.06,4.116,2159774,
2025-07-01,508055.SH,汇添富上海地产租赁住房REIT,A,4.099,4.121,4.08,4.094,634031,
2025-07-02,508055.SH,汇添富上海地产租赁住房REIT,A,4.095,4.199,4.094,4.18,1678561,
2025-07-03,508055.SH,汇添富上海地产租赁住房REIT,A,4.18,4.215,4.158,4.178,797655,
2025-07-04,508055.SH,汇添富上海地产租赁住房REIT,A,4.187,4.187,4.15,4.168,659781,
2025-07-07,508055.SH,汇添富上海地产租赁住房REIT,A,4.16,4.178,4.14,4.155,377959,
2025-07-08,508055.SH,汇添富上海地产租赁住房REIT,A,4.155,4.155,4.105,4.105,600597,
2025-07-09,508055.SH,汇添富上海地产租赁住房REIT,A,4.105,4.111,4.062,4.075,1115904,
2025-07-10,508055.SH,汇添富上海地产租赁住房REIT,A,4.075,4.092,4.064,4.083,608896,
2025-07-11,508055.SH,汇添富上海地产租赁住房REIT,A,4.068,4.09,4.04,4.063,1074784,
2025-07-14,508055.SH,汇添富上海地产租赁住房REIT,A,4.065,4.075,4.047,4.061,344139,
2025-07-15,508055.SH,汇添富上海地产租赁住房REIT,A,4.061,4.119,4.061,4.118,841280,
2025-07-16,508055.SH,汇添富上海地产租赁住房REIT,A,4.116,4.13,4.086,4.127,1051660,
2025-07-17,508055.SH,汇添富上海地产租赁住房REIT,A,4.126,4.139,4.101,4.133,843803,
2025-07-18,508055.SH,汇添富上海地产租赁住房REIT,A,4.133,4.133,4.076,4.116,965606,
2025-07-21,508055.SH,汇添富上海地产租赁住房REIT,A,4.097,4.112,4.05,4.061,857114,
2025-07-22,508055.SH,汇添富上海地产租赁住房REIT,A,4.061,4.061,3.973,3.981,1703664,
2025-07-23,508055.SH,汇添富上海地产租赁住房REIT,A,3.991,3.997,3.9,3.975,1767262,
2025-07-24,508055.SH,汇添富上海地产租赁住房REIT,A,3.959,3.974,3.93,3.938,626135,
2025-07-25,508055.SH,汇添富上海地产租赁住房REIT,A,3.93,3.931,3.905,3.909,679600,
2025-07-28,508055.SH,汇添富上海地产租赁住房REIT,A,3.911,3.941,3.911,3.934,597927,
2025-07-29,508055.SH,汇添富上海地产租赁住房REIT,A,3.941,3.947,3.894,3.898,583436,
2025-07-30,508055.SH,汇添富上海地产租赁住房REIT,A,3.899,3.911,3.894,3.899,1147280,
2025-07-31,508055.SH,汇添富上海地产租赁住房REIT,A,3.895,4.004,3.895,4.0,1765988,
2025-08-01,508055.SH,汇添富上海地产租赁住房REIT,A,4.011,4.078,3.953,4.049,1947099,
2025-08-04,508055.SH,汇添富上海地产租赁住房REIT,A,4.049,4.089,3.984,3.99,706622,
2025-08-05,508055.SH,汇添富上海地产租赁住房REIT,A,3.974,3.99,3.945,3.981,366299,
2025-08-06,508055.SH,汇添富上海地产租赁住房REIT,A,3.981,3.997,3.964,3.971,336625,
2025-08-07,508055.SH,汇添富上海地产租赁住房REIT,A,3.987,3.995,3.961,3.963,354734,
2025-08-08,508055.SH,汇添富上海地产租赁住房REIT,A,3.947,3.972,3.935,3.967,161567,
2025-08-11,508055.SH,汇添富上海地产租赁住房REIT,A,3.951,3.978,3.938,3.941,214835,
2025-08-12,508055.SH,汇添富上海地产租赁住房REIT,A,3.943,3.965,3.927,3.931,513771,
2025-08-13,508055.SH,汇添富上海地产租赁住房REIT,A,3.94,3.94,3.91,3.923,505692,
2025-08-14,508055.SH,汇添富上海地产租赁住房REIT,A,3.923,3.923,3.893,3.9,665515,
2025-08-15,508055.SH,汇添富上海地产租赁住房REIT,A,3.912,3.912,3.87,3.876,425705,
2025-08-18,508055.SH,汇添富上海地产租赁住房REIT,A,3.877,3.877,3.745,3.746,1258049,
2025-08-19,508055.SH,汇添富上海地产租赁住房REIT,A,3.746,3.751,3.603,3.642,3948562,
2025-08-20,508055.SH,汇添富上海地产租赁住房REIT,A,3.642,3.711,3.626,3.636,842069,
2025-08-21,508055.SH,汇添富上海地产租赁住房REIT,A,3.64,3.677,3.602,3.65,2180600,
2025-08-22,508055.SH,汇添富上海地产租赁住房REIT,A,3.65,3.664,3.63,3.657,801984,
2025-08-25,508055.SH,汇添富上海地产租赁住房REIT,A,3.657,3.74,3.628,3.719,1269346,
2025-08-26,508055.SH,汇添富上海地产租赁住房REIT,A,3.725,3.858,3.715,3.852,1868411,
2025-08-27,508055.SH,汇添富上海地产租赁住房REIT,A,3.865,3.865,3.756,3.84,939891,
2025-08-28,508055.SH,汇添富上海地产租赁住房REIT,A,3.82,3.844,3.78,3.801,727751,
2025-08-29,508055.SH,汇添富上海地产租赁住房REIT,A,3.778,3.795,3.771,3.785,275109,
2025-09-01,508055.SH,汇添富上海地产租赁住房REIT,A,3.778,3.778,3.748,3.752,452606,
2025-09-02,508055.SH,汇添富上海地产租赁住房REIT,A,3.75,3.849,3.734,3.802,800330,
2025-09-03,508055.SH,汇添富上海地产租赁住房REIT,A,3.8,3.83,3.769,3.812,372543,
2025-09-04,508055.SH,汇添富上海地产租赁住房REIT,A,3.8,3.979,3.775,3.873,3839986,
2025-09-05,508055.SH,汇添富上海地产租赁住房REIT,A,3.864,3.864,3.75,3.775,1652345,
2025-09-08,508055.SH,汇添富上海地产租赁住房REIT,A,3.777,3.79,3.738,3.75,478504,
2025-09-09,508055.SH,汇添富上海地产租赁住房REIT,A,3.76,3.77,3.75,3.76,258650,
2025-09-10,508055.SH,汇添富上海地产租赁住房REIT,A,3.76,3.776,3.76,3.771,520886,
2025-09-11,508055.SH,汇添富上海地产租赁住房REIT,A,3.771,3.786,3.732,3.753,276845,
2025-09-12,508055.SH,汇添富上海地产租赁住房REIT,A,3.74,3.753,3.73,3.74,565303,
2025-09-15,508055.SH,汇添富上海地产租赁住房REIT,A,3.738,3.752,3.725,3.734,174885,
2025-09-16,508055.SH,汇添富上海地产租赁住房REIT,A,3.732,3.742,3.722,3.729,1259113,
2025-09-17,508055.SH,汇添富上海地产租赁住房REIT,A,3.73,3.739,3.718,3.726,613033,
2025-09-18,508055.SH,汇添富上海地产租赁住房REIT,A,3.72,3.731,3.715,3.72,312000,
2025-09-19,508055.SH,汇添富上海地产租赁住房REIT,A,3.722,3.73,3.704,3.72,375330,
2025-09-22,508055.SH,汇添富上海地产租赁住房REIT,A,3.704,3.729,3.696,3.698,233299,
2025-09-23,508055.SH,汇添富上海地产租赁住房REIT,A,3.696,3.696,3.672,3.677,441161,
2025-09-24,508055.SH,汇添富上海地产租赁住房REIT,A,3.671,3.671,3.65,3.666,321929,
2025-09-25,508055.SH,汇添富上海地产租赁住房REIT,A,3.66,3.703,3.659,3.664,236534,
2025-09-26,508055.SH,汇添富上海地产租赁住房REIT,A,3.664,3.664,3.645,3.646,309297,
2025-09-29,508055.SH,汇添富上海地产租赁住房REIT,A,3.639,3.648,3.623,3.624,242013,
2025-09-30,508055.SH,汇添富上海地产租赁住房REIT,A,3.63,3.654,3.617,3.617,326741,
2025-10-09,508055.SH,汇添富上海地产租赁住房REIT,A,3.617,3.629,3.599,3.599,378836,
2025-10-10,508055.SH,汇添富上海地产租赁住房REIT,A,3.6,3.617,3.592,3.602,270065,
2025-10-13,508055.SH,汇添富上海地产租赁住房REIT,A,3.611,3.649,3.611,3.624,426203,
2025-10-14,508055.SH,汇添富上海地产租赁住房REIT,A,3.635,3.642,3.593,3.634,482073,
2025-10-15,508055.SH,汇添富上海地产租赁住房REIT,A,3.633,3.633,3.601,3.608,865100,
2025-10-16,508055.SH,汇添富上海地产租赁住房REIT,A,3.593,3.608,3.58,3.605,680442,
2025-10-17,508055.SH,汇添富上海地产租赁住房REIT,A,3.596,3.599,3.558,3.592,1118497,
2025-10-20,508055.SH,汇添富上海地产租赁住房REIT,A,3.592,3.597,3.473,3.533,1684641,
2025-10-21,508055.SH,汇添富上海地产租赁住房REIT,A,3.517,3.53,3.485,3.496,1147900,
2025-10-22,508055.SH,汇添富上海地产租赁住房REIT,A,3.48,3.525,3.48,3.513,636607,
2025-10-23,508055.SH,汇添富上海地产租赁住房REIT,A,3.513,3.525,3.493,3.509,548094,
2025-10-24,508055.SH,汇添富上海地产租赁住房REIT,A,3.509,3.57,3.488,3.56,1414695,
2025-10-27,508055.SH,汇添富上海地产租赁住房REIT,A,3.544,3.575,3.51,3.535,872569,
2025-10-28,508055.SH,汇添富上海地产租赁住房REIT,A,3.537,3.597,3.521,3.593,1227439,
2025-10-29,508055.SH,汇添富上海地产租赁住房REIT,A,3.597,3.646,3.572,3.6,1814139,
2025-10-30,508055.SH,汇添富上海地产租赁住房REIT,A,3.612,3.626,3.558,3.605,898024,
2025-10-31,508055.SH,汇添富上海地产租赁住房REIT,A,3.604,3.628,3.55,3.582,3613789,
2025-11-03,508055.SH,汇添富上海地产租赁住房REIT,A,3.579,3.605,3.561,3.58,1003506,
2025-11-04,508055.SH,汇添富上海地产租赁住房REIT,A,3.58,3.58,3.513,3.559,4119031,
2025-11-05,508055.SH,汇添富上海地产租赁住房REIT,A,3.559,3.6,3.519,3.594,1550140,
2025-11-06,508055.SH,汇添富上海地产租赁住房REIT,A,3.594,3.606,3.564,3.592,927190,
2025-11-07,508055.SH,汇添富上海地产租赁住房REIT,A,3.603,3.649,3.593,3.647,1808723,
2025-11-10,508055.SH,汇添富上海地产租赁住房REIT,A,3.647,3.68,3.631,3.678,1116001,
2025-11-11,508055.SH,汇添富上海地产租赁住房REIT,A,3.689,3.707,3.665,3.707,956830,
2025-11-12,508055.SH,汇添富上海地产租赁住房REIT,A,3.707,3.712,3.673,3.708,1142543,
2025-11-13,508055.SH,汇添富上海地产租赁住房REIT,A,3.708,3.71,3.66,3.706,856521,
2025-11-14,508055.SH,汇添富上海地产租赁住房REIT,A,3.684,3.728,3.677,3.728,709621,
2025-11-17,508055.SH,汇添富上海地产租赁住房REIT,A,3.727,3.745,3.694,3.719,408540,
2025-11-18,508055.SH,汇添富上海地产租赁住房REIT,A,3.721,3.721,3.661,3.696,438292,
2025-11-19,508055.SH,汇添富上海地产租赁住房REIT,A,3.679,3.703,3.657,3.685,761643,
2025-11-20,508055.SH,汇添富上海地产租赁住房REIT,A,3.687,3.697,3.652,3.67,386928,
2025-11-21,508055.SH,汇添富上海地产租赁住房REIT,A,3.681,3.681,3.614,3.667,2340582,
2025-11-24,508055.SH,汇添富上海地产租赁住房REIT,A,3.65,3.668,3.643,3.654,390826,
2025-11-25,508055.SH,汇添富上海地产租赁住房REIT,A,3.676,3.685,3.64,3.684,615212,
2025-11-26,508055.SH,汇添富上海地产租赁住房REIT,A,3.667,3.702,3.662,3.696,746407,
2025-11-27,508055.SH,汇添富上海地产租赁住房REIT,A,3.68,3.696,3.652,3.664,2130078,
2025-11-28,508055.SH,汇添富上海地产租赁住房REIT,A,3.655,3.666,3.616,3.655,388042,
2025-12-01,508055.SH,汇添富上海地产租赁住房REIT,A,3.639,3.654,3.616,3.652,164955,
2025-12-02,508055.SH,汇添富上海地产租赁住房REIT,A,3.652,3.652,3.627,3.635,66700,
2025-12-03,508055.SH,汇添富上海地产租赁住房REIT,A,3.62,3.671,3.6,3.646,203517,
2025-12-04,508055.SH,汇添富上海地产租赁住房REIT,A,3.641,3.641,3.599,3.601,353466,
2025-12-05,508055.SH,汇添富上海地产租赁住房REIT,A,3.601,3.615,3.583,3.589,414910,
2025-12-08,508055.SH,汇添富上海地产租赁住房REIT,A,3.585,3.588,3.552,3.56,470140,
2025-12-09,508055.SH,汇添富上海地产租赁住房REIT,A,3.575,3.575,3.491,3.515,1065499,
2025-12-10,508055.SH,汇添富上海地产租赁住房REIT,A,3.5,3.562,3.491,3.56,744232,
2025-12-11,508055.SH,汇添富上海地产租赁住房REIT,A,3.56,3.561,3.518,3.56,509980,
2025-12-12,508055.SH,汇添富上海地产租赁住房REIT,A,3.567,3.568,3.539,3.554,224930,
2025-12-15,508055.SH,汇添富上海地产租赁住房REIT,A,3.55,3.55,3.507,3.53,473107,
2025-12-16,508055.SH,汇添富上海地产租赁住房REIT,A,3.528,3.528,3.491,3.509,359457,
2025-12-17,508055.SH,汇添富上海地产租赁住房REIT,A,3.51,3.533,3.51,3.523,1309714,
2025-12-18,508055.SH,汇添富上海地产租赁住房REIT,A,3.508,3.546,3.502,3.544,1094718,
2025-12-19,508055.SH,汇添富上海地产租赁住房REIT,A,3.542,3.559,3.511,3.539,476880,
2025-12-22,508055.SH,汇添富上海地产租赁住房REIT,A,3.463,3.521,3.448,3.469,320201,
2025-12-23,508055.SH,汇添富上海地产租赁住房REIT,A,3.472,3.505,3.431,3.458,332584,
2025-12-24,508055.SH,汇添富上海地产租赁住房REIT,A,3.458,3.565,3.447,3.556,954966,
2025-12-25,508055.SH,汇添富上海地产租赁住房REIT,A,3.559,3.603,3.53,3.576,587955,
2025-12-26,508055.SH,汇添富上海地产租赁住房REIT,A,3.578,3.585,3.542,3.58,529141,
2025-12-29,508055.SH,汇添富上海地产租赁住房REIT,A,3.564,3.58,3.532,3.54,197060,
2025-12-30,508055.SH,汇添富上海地产租赁住房REIT,A,3.533,3.568,3.5,3.526,768925,
2025-12-31,508055.SH,汇添富上海地产租赁住房REIT,A,3.529,3.532,3.506,3.519,287631,
2026-01-05,508055.SH,汇添富上海地产租赁住房REIT,A,3.506,3.532,3.505,3.519,494639,
2026-01-06,508055.SH,汇添富上海地产租赁住房REIT,A,3.514,3.557,3.508,3.541,491505,
2026-01-07,508055.SH,汇添富上海地产租赁住房REIT,A,3.547,3.567,3.535,3.555,1014405,
2026-01-08,508055.SH,汇添富上海地产租赁住房REIT,A,3.539,3.576,3.52,3.556,1377665,
2026-01-09,508055.SH,汇添富上海地产租赁住房REIT,A,3.55,3.559,3.537,3.55,275865,
2026-01-12,508055.SH,汇添富上海地产租赁住房REIT,A,3.548,3.578,3.514,3.57,576702,
2026-01-13,508055.SH,汇添富上海地产租赁住房REIT,A,3.55,3.582,3.54,3.581,1002714,
2026-01-14,508055.SH,汇添富上海地产租赁住房REIT,A,3.552,3.585,3.552,3.585,766010,
2026-01-15,508055.SH,汇添富上海地产租赁住房REIT,A,3.57,3.622,3.57,3.612,1782475,
2026-01-16,508055.SH,汇添富上海地产租赁住房REIT,A,3.597,3.67,3.597,3.662,763685,
2026-01-19,508055.SH,汇添富上海地产租赁住房REIT,A,3.678,3.72,3.662,3.662,1409027,
2026-01-20,508055.SH,汇添富上海地产租赁住房REIT,A,3.659,3.715,3.648,3.7,1197607,
2026-01-21,508055.SH,汇添富上海地产租赁住房REIT,A,3.682,3.731,3.678,3.73,334896,
2026-01-22,508055.SH,汇添富上海地产租赁住房REIT,A,3.73,3.735,3.7,3.702,809420,
2026-01-23,508055.SH,汇添富上海地产租赁住房REIT,A,3.7,3.755,3.694,3.717,2654497,
2026-01-26,508055.SH,汇添富上海地产租赁住房REIT,A,3.715,3.715,3.65,3.697,1504417,
2026-01-27,508055.SH,汇添富上海地产租赁住房REIT,A,3.68,3.681,3.638,3.678,671977,
2026-01-28,508055.SH,汇添富上海地产租赁住房REIT,A,3.67,3.69,3.65,3.675,1536785,
2026-01-29,508055.SH,汇添富上海地产租赁住房REIT,A,3.664,3.712,3.656,3.676,814434,
2026-01-30,508055.SH,汇添富上海地产租赁住房REIT,A,3.691,3.7,3.642,3.65,467203,
2026-02-02,508055.SH,汇添富上海地产租赁住房REIT,A,3.635,3.648,3.611,3.626,720631,
2026-02-03,508055.SH,汇添富上海地产租赁住房REIT,A,3.637,3.662,3.637,3.658,758800,
2026-02-04,508055.SH,汇添富上海地产租赁住房REIT,A,3.648,3.721,3.644,3.7,762248,
2026-02-05,508055.SH,汇添富上海地产租赁住房REIT,A,3.683,3.7,3.662,3.689,883549,
2026-02-06,508055.SH,汇添富上海地产租赁住房REIT,A,3.681,3.69,3.67,3.685,229884,
2026-02-09,508055.SH,汇添富上海地产租赁住房REIT,A,3.672,3.733,3.671,3.7,288445,
2026-02-10,508055.SH,汇添富上海地产租赁住房REIT,A,3.703,3.736,3.665,3.715,834952,
2026-02-11,508055.SH,汇添富上海地产租赁住房REIT,A,3.731,3.762,3.71,3.744,714452,
2026-02-12,508055.SH,汇添富上海地产租赁住房REIT,A,3.76,3.765,3.74,3.749,219012,
2026-02-13,508055.SH,汇添富上海地产租赁住房REIT,A,3.749,3.769,3.732,3.764,468123,
2026-02-24,508055.SH,汇添富上海地产租赁住房REIT,A,3.764,3.769,3.725,3.74,241213,
2026-02-25,508055.SH,汇添富上海地产租赁住房REIT,A,3.735,3.754,3.732,3.736,126300,
2026-02-26,508055.SH,汇添富上海地产租赁住房REIT,A,3.736,3.736,3.676,3.705,676201,
2026-02-27,508055.SH,汇添富上海地产租赁住房REIT,A,3.692,3.694,3.645,3.66,317900,
2026-03-02,508055.SH,汇添富上海地产租赁住房REIT,A,3.65,3.66,3.635,3.651,543273,
2026-03-03,508055.SH,汇添富上海地产租赁住房REIT,A,3.658,3.688,3.652,3.67,885830,
2026-03-04,508055.SH,汇添富上海地产租赁住房REIT,A,3.659,3.68,3.648,3.67,360035,
2026-03-05,508055.SH,汇添富上海地产租赁住房REIT,A,3.659,3.677,3.659,3.673,78603,
2026-03-06,508055.SH,汇添富上海地产租赁住房REIT,A,3.659,3.67,3.64,3.645,598310,
2026-03-09,508055.SH,汇添富上海地产租赁住房REIT,A,3.646,3.649,3.634,3.644,219386,
2026-03-10,508055.SH,汇添富上海地产租赁住房REIT,A,3.644,3.67,3.631,3.664,440248,
2026-03-11,508055.SH,汇添富上海地产租赁住房REIT,A,3.666,3.666,3.642,3.654,663525,
2026-03-12,508055.SH,汇添富上海地产租赁住房REIT,A,3.659,3.666,3.627,3.628,199900,
2026-03-13,508055.SH,汇添富上海地产租赁住房REIT,A,3.633,3.633,3.582,3.582,361400,
2026-03-16,508055.SH,汇添富上海地产租赁住房REIT,A,3.587,3.587,3.539,3.553,205900,
2026-03-17,508055.SH,汇添富上海地产租赁住房REIT,A,3.539,3.555,3.529,3.538,166807,
2026-03-18,508055.SH,汇添富上海地产租赁住房REIT,A,3.541,3.568,3.527,3.564,606037,
2026-03-19,508055.SH,汇添富上海地产租赁住房REIT,A,3.569,3.602,3.564,3.581,550416,
2026-03-20,508055.SH,汇添富上海地产租赁住房REIT,A,3.581,3.603,3.574,3.598,497481,
2026-03-23,508055.SH,汇添富上海地产租赁住房REIT,A,3.582,3.61,3.5,3.582,1059934,
2026-03-24,508055.SH,汇添富上海地产租赁住房REIT,A,3.565,3.574,3.534,3.559,663001,
2026-03-25,508055.SH,汇添富上海地产租赁住房REIT,A,3.57,3.593,3.521,3.55,429901,
2026-03-26,508055.SH,汇添富上海地产租赁住房REIT,A,3.543,3.579,3.525,3.55,671300,
2026-03-27,508055.SH,汇添富上海地产租赁住房REIT,A,3.55,3.588,3.527,3.546,491838,
2026-03-30,508055.SH,汇添富上海地产租赁住房REIT,A,3.549,3.552,3.518,3.52,364493,
2026-03-31,508055.SH,汇添富上海地产租赁住房REIT,A,3.534,3.534,3.481,3.482,174103,
2026-04-01,508055.SH,汇添富上海地产租赁住房REIT,A,3.5,3.5,3.462,3.472,332919,
2026-04-02,508055.SH,汇添富上海地产租赁住房REIT,A,3.475,3.479,3.452,3.471,329952,
2026-04-03,508055.SH,汇添富上海地产租赁住房REIT,A,3.46,3.489,3.46,3.465,611800,
2026-04-07,508055.SH,汇添富上海地产租赁住房REIT,A,3.474,3.498,3.448,3.456,1945750,
2026-04-08,508055.SH,汇添富上海地产租赁住房REIT,A,3.465,3.491,3.465,3.48,736754,
2026-04-09,508055.SH,汇添富上海地产租赁住房REIT,A,3.49,3.49,3.465,3.481,162583,
2026-04-10,508055.SH,汇添富上海地产租赁住房REIT,A,3.483,3.49,3.474,3.48,267706,
2026-04-13,508055.SH,汇添富上海地产租赁住房REIT,A,3.474,3.48,3.473,3.473,206513,
2026-04-14,508055.SH,汇添富上海地产租赁住房REIT,A,3.473,3.53,3.473,3.528,4054676,
2026-04-15,508055.SH,汇添富上海地产租赁住房REIT,A,3.518,3.549,3.512,3.52,2820835,
2026-04-16,508055.SH,汇添富上海地产租赁住房REIT,A,3.526,3.583,3.52,3.573,2321849,
2026-04-17,508055.SH,汇添富上海地产租赁住房REIT,A,3.584,3.594,3.573,3.593,1864012,
2026-04-20,508055.SH,汇添富上海地产租赁住房REIT,A,3.59,3.59,3.561,3.561,202810,
2026-04-21,508055.SH,汇添富上海地产租赁住房REIT,A,3.557,3.57,3.546,3.56,559210,
2026-04-22,508055.SH,汇添富上海地产租赁住房REIT,A,3.552,3.552,3.531,3.535,636593,
2026-04-23,508055.SH,汇添富上海地产租赁住房REIT,A,3.535,3.54,3.484,3.496,435900,
2026-04-24,508055.SH,汇添富上海地产租赁住房REIT,A,3.492,3.492,3.459,3.475,460214,
2026-04-27,508055.SH,汇添富上海地产租赁住房REIT,A,3.479,3.484,3.434,3.454,1082903,
2026-04-28,508055.SH,汇添富上海地产租赁住房REIT,A,3.469,3.47,3.437,3.46,1019200,
2026-04-29,508055.SH,汇添富上海地产租赁住房REIT,A,3.466,3.483,3.435,3.442,1416915,
2026-04-30,508055.SH,汇添富上海地产租赁住房REIT,A,3.449,3.466,3.412,3.415,437184,
2026-05-06,508055.SH,汇添富上海地产租赁住房REIT,A,3.423,3.438,3.401,3.401,402300,
2026-05-07,508055.SH,汇添富上海地产租赁住房REIT,A,3.411,3.435,3.383,3.415,483413,
2026-05-08,508055.SH,汇添富上海地产租赁住房REIT,A,3.41,3.435,3.403,3.434,205654,
2026-05-11,508055.SH,汇添富上海地产租赁住房REIT,A,3.435,3.435,3.378,3.43,884709,
2026-05-12,508055.SH,汇添富上海地产租赁住房REIT,A,3.423,3.435,3.376,3.431,1178931,
2026-05-13,508055.SH,汇添富上海地产租赁住房REIT,A,3.431,3.439,3.379,3.385,1999700,
2026-05-14,508055.SH,汇添富上海地产租赁住房REIT,A,3.369,3.392,3.304,3.337,1625336,
2026-05-15,508055.SH,汇添富上海地产租赁住房REIT,A,3.322,3.34,3.305,3.335,589912,
2026-05-18,508055.SH,汇添富上海地产租赁住房REIT,A,3.34,3.381,3.338,3.365,921250,
2026-05-19,508055.SH,汇添富上海地产租赁住房REIT,A,3.375,3.438,3.375,3.416,2028407,
2026-05-20,508055.SH,汇添富上海地产租赁住房REIT,A,3.436,3.452,3.401,3.404,381003,
2026-05-21,508055.SH,汇添富上海地产租赁住房REIT,A,3.404,3.404,3.358,3.361,152601,
2026-05-22,508055.SH,汇添富上海地产租赁住房REIT,A,3.358,3.361,3.341,3.353,853601,
2026-05-25,508055.SH,汇添富上海地产租赁住房REIT,A,3.359,3.359,3.327,3.342,228539,
2026-05-26,508055.SH,汇添富上海地产租赁住房REIT,A,3.343,3.343,3.24,3.256,691107,
2026-05-27,508055.SH,汇添富上海地产租赁住房REIT,A,3.256,3.256,3.181,3.215,1186627,
2026-05-28,508055.SH,汇添富上海地产租赁住房REIT,A,3.211,3.211,3.121,3.151,1210203,
2026-05-29,508055.SH,汇添富上海地产租赁住房REIT,A,3.151,3.157,3.088,3.145,4181320,
2026-06-01,508055.SH,汇添富上海地产租赁住房REIT,A,3.096,3.182,3.092,3.177,926403,
2026-06-02,508055.SH,汇添富上海地产租赁住房REIT,A,3.183,3.186,3.149,3.179,210700,
2026-06-03,508055.SH,汇添富上海地产租赁住房REIT,A,3.178,3.178,3.152,3.171,743500,
2026-06-04,508055.SH,汇添富上海地产租赁住房REIT,A,3.1,3.194,3.1,3.194,1829226,
2026-06-05,508055.SH,汇添富上海地产租赁住房REIT,A,3.179,3.217,3.175,3.217,580500,
2026-06-08,508055.SH,汇添富上海地产租赁住房REIT,A,3.217,3.224,3.125,3.218,978407,
2026-06-09,508055.SH,汇添富上海地产租赁住房REIT,A,3.22,3.222,3.18,3.196,212951,
2026-06-10,508055.SH,汇添富上海地产租赁住房REIT,A,3.101,3.196,3.101,3.154,252011,
2026-06-11,508055.SH,汇添富上海地产租赁住房REIT,A,3.25,3.25,3.1,3.148,658598,
2026-06-12,508055.SH,汇添富上海地产租赁住房REIT,A,3.133,3.198,3.112,3.145,871466,
2026-06-15,508055.SH,汇添富上海地产租赁住房REIT,A,3.117,3.173,3.101,3.144,797707,
2026-06-16,508055.SH,汇添富上海地产租赁住房REIT,A,3.129,3.197,3.102,3.184,1958093,
2026-06-17,508055.SH,汇添富上海地产租赁住房REIT,A,3.184,3.2,3.16,3.185,511800,
2026-06-18,508055.SH,汇添富上海地产租赁住房REIT,A,3.172,3.202,3.12,3.12,1390219,
2026-06-22,508055.SH,汇添富上海地产租赁住房REIT,A,3.12,3.138,3.051,3.123,1820893,
2026-06-23,508055.SH,汇添富上海地产租赁住房REIT,A,3.098,3.118,3.082,3.117,561120,
2026-06-24,508055.SH,汇添富上海地产租赁住房REIT,A,3.13,3.132,3.055,3.126,2125400,
2026-06-25,508055.SH,汇添富上海地产租赁住房REIT,A,3.128,3.19,3.052,3.178,904107,
2026-06-26,508055.SH,汇添富上海地产租赁住房REIT,A,3.159,3.19,3.159,3.183,246300,
2026-06-29,508055.SH,汇添富上海地产租赁住房REIT,A,3.198,3.279,3.14,3.266,2121329,
2026-06-30,508055.SH,汇添富上海地产租赁住房REIT,A,3.237,3.3,3.224,3.298,1153210,
2026-07-01,508055.SH,汇添富上海地产租赁住房REIT,A,3.312,3.312,3.256,3.268,562989,
2026-07-02,508055.SH,汇添富上海地产租赁住房REIT,A,3.239,3.296,3.22,3.251,247912,
2026-07-03,508055.SH,汇添富上海地产租赁住房REIT,A,3.251,3.294,3.215,3.292,619955,
2026-07-06,508055.SH,汇添富上海地产租赁住房REIT,A,3.277,3.322,3.268,3.289,651210,
2026-07-07,508055.SH,汇添富上海地产租赁住房REIT,A,3.294,3.315,3.243,3.25,368622,
2026-07-08,508055.SH,汇添富上海地产租赁住房REIT,A,3.236,3.255,3.225,3.234,128311,
2026-07-09,508055.SH,汇添富上海地产租赁住房REIT,A,3.222,3.232,3.197,3.228,954357,
2026-07-10,508055.SH,汇添富上海地产租赁住房REIT,A,3.238,3.25,3.192,3.241,1019912,
2026-07-13,508055.SH,汇添富上海地产租赁住房REIT,A,3.212,3.261,3.208,3.209,705510,
2026-07-14,508055.SH,汇添富上海地产租赁住房REIT,A,3.212,3.254,3.212,3.24,943310,
2026-07-15,508055.SH,汇添富上海地产租赁住房REIT,A,3.211,3.224,3.211,3.222,169401,
2026-07-16,508055.SH,汇添富上海地产租赁住房REIT,A,3.223,3.252,3.218,3.24,1339496,
2026-07-17,508055.SH,汇添富上海地产租赁住房REIT,A,3.247,3.279,3.24,3.275,5539906,
2026-07-20,508055.SH,汇添富上海地产租赁住房REIT,A,3.274,3.298,3.241,3.244,3025136,
2026-07-21,508055.SH,汇添富上海地产租赁住房REIT,A,3.239,3.256,3.21,3.253,252700,
2026-07-22,508055.SH,汇添富上海地产租赁住房REIT,A,3.263,3.287,3.232,3.255,985822,
2026-07-23,508055.SH,汇添富上海地产租赁住房REIT,A,3.268,3.283,3.258,3.281,1369816,
2026-07-24,508055.SH,汇添富上海地产租赁住房REIT,A,3.293,3.319,3.234,3.307,4575034,
2026-07-27,508055.SH,汇添富上海地产租赁住房REIT,A,3.321,3.321,3.268,3.297,1247600,
2026-07-28,508055.SH,汇添富上海地产租赁住房REIT,A,3.282,3.3,3.272,3.283,616982,
2026-07-29,508055.SH,汇添富上海地产租赁住房REIT,A,3.291,3.299,3.269,3.296,1205823,
2026-07-30,508055.SH,汇添富上海地产租赁住房REIT,A,3.297,3.3,3.28,3.284,751924,
2026-07-31,508055.SH,汇添富上海地产租赁住房REIT,A,3.283,3.318,3.283,3.314,604500,
2026-08-03,508055.SH,汇添富上海地产租赁住房REIT,A,3.317,3.328,3.311,3.326,637503,
2026-08-04,508055.SH,汇添富上海地产租赁住房REIT,A,3.29,3.309,3.29,3.3,404012,
2026-08-05,508055.SH,汇添富上海地产租赁住房REIT,A,3.298,3.306,3.26,3.292,644281,
2026-08-06,508055.SH,汇添富上海地产租赁住房REIT,A,3.262,3.316,3.262,3.297,409914,
2026-08-07,508055.SH,汇添富上海地产租赁住房REIT,A,3.268,3.283,3.268,3.28,71683,
2026-08-10,508055.SH,汇添富上海地产租赁住房REIT,A,3.31,3.31,3.295,3.307,119501,
2026-08-11,508055.SH,汇添富上海地产租赁住房REIT,A,3.277,3.321,3.277,3.298,414400,
2026-08-12,508055.SH,汇添富上海地产租赁住房REIT,A,3.308,3.308,3.28,3.304,251760,
2026-08-13,508055.SH,汇添富上海地产租赁住房REIT,A,3.319,3.319,3.3,3.3,210400,
2026-08-14,508055.SH,汇添富上海地产租赁住房REIT,A,3.274,3.311,3.274,3.3,56855,
2026-08-17,508055.SH,汇添富上海地产租赁住房REIT,A,3.27,3.33,3.27,3.276,441228,
2026-08-18,508055.SH,汇添富上海地产租赁住房REIT,A,3.285,3.297,3.258,3.277,756633,
2026-08-19,508055.SH,汇添富上海地产租赁住房REIT,A,3.305,3.305,3.26,3.275,117199,
2026-08-20,508055.SH,汇添富上海地产租赁住房REIT,A,3.271,3.278,3.241,3.252,858117,
2022-08-31,508058.SH,中金厦门安居REIT,B,3.38,3.38,3.304,3.38,33592635,
2022-09-01,508058.SH,中金厦门安居REIT,B,3.381,3.69,3.38,3.457,29425704,
2022-09-02,508058.SH,中金厦门安居REIT,B,3.466,3.483,3.407,3.42,7269431,
2022-09-05,508058.SH,中金厦门安居REIT,B,3.42,3.43,3.391,3.4,2213642,
2022-09-06,508058.SH,中金厦门安居REIT,B,3.401,3.405,3.38,3.388,3477468,
2022-09-07,508058.SH,中金厦门安居REIT,B,3.389,3.4,3.366,3.394,1831152,
2022-09-08,508058.SH,中金厦门安居REIT,B,3.37,3.4,3.37,3.39,3404798,
2022-09-09,508058.SH,中金厦门安居REIT,B,3.391,3.438,3.38,3.429,4182231,
2022-09-13,508058.SH,中金厦门安居REIT,B,3.439,3.459,3.403,3.447,3443543,
2022-09-14,508058.SH,中金厦门安居REIT,B,3.447,3.47,3.42,3.454,4295074,
2022-09-15,508058.SH,中金厦门安居REIT,B,3.455,3.48,3.436,3.454,2537046,
2022-09-16,508058.SH,中金厦门安居REIT,B,3.45,3.47,3.443,3.448,1956555,
2022-09-19,508058.SH,中金厦门安居REIT,B,3.45,3.469,3.443,3.445,1910797,
2022-09-20,508058.SH,中金厦门安居REIT,B,3.444,3.455,3.425,3.44,906809,
2022-09-21,508058.SH,中金厦门安居REIT,B,3.44,3.45,3.424,3.428,1837660,
2022-09-22,508058.SH,中金厦门安居REIT,B,3.429,3.444,3.42,3.443,1961824,
2022-09-23,508058.SH,中金厦门安居REIT,B,3.444,3.459,3.44,3.455,4165111,
2022-09-26,508058.SH,中金厦门安居REIT,B,3.457,3.463,3.455,3.461,3501562,
2022-09-27,508058.SH,中金厦门安居REIT,B,3.462,3.467,3.435,3.453,4542641,
2022-09-28,508058.SH,中金厦门安居REIT,B,3.45,3.468,3.418,3.46,2062339,
2022-09-29,508058.SH,中金厦门安居REIT,B,3.459,3.46,3.448,3.453,1053028,
2022-09-30,508058.SH,中金厦门安居REIT,B,3.447,3.461,3.435,3.446,1891674,
2022-10-10,508058.SH,中金厦门安居REIT,B,3.445,3.445,3.39,3.403,2741495,
2022-10-11,508058.SH,中金厦门安居REIT,B,3.414,3.414,3.33,3.349,4260459,
2022-10-12,508058.SH,中金厦门安居REIT,B,3.335,3.36,3.331,3.344,1519444,
2022-10-13,508058.SH,中金厦门安居REIT,B,3.344,3.355,3.338,3.346,1926359,
2022-10-14,508058.SH,中金厦门安居REIT,B,3.346,3.366,3.339,3.351,1307256,
2022-10-17,508058.SH,中金厦门安居REIT,B,3.351,3.355,3.334,3.337,2268862,
2022-10-18,508058.SH,中金厦门安居REIT,B,3.337,3.355,3.336,3.338,1955886,
2022-10-19,508058.SH,中金厦门安居REIT,B,3.337,3.343,3.317,3.317,1569645,
2022-10-20,508058.SH,中金厦门安居REIT,B,3.314,3.329,3.281,3.291,1828245,
2022-10-21,508058.SH,中金厦门安居REIT,B,3.29,3.299,3.251,3.261,2054081,
2022-10-24,508058.SH,中金厦门安居REIT,B,3.256,3.28,3.206,3.227,1722365,
2022-10-25,508058.SH,中金厦门安居REIT,B,3.217,3.217,3.16,3.189,3005978,
2022-10-26,508058.SH,中金厦门安居REIT,B,3.184,3.194,3.175,3.177,927421,
2022-10-27,508058.SH,中金厦门安居REIT,B,3.177,3.192,3.172,3.184,1272520,
2022-10-28,508058.SH,中金厦门安居REIT,B,3.181,3.239,3.173,3.237,3477226,
2022-10-31,508058.SH,中金厦门安居REIT,B,3.235,3.236,3.178,3.183,3834861,
2022-11-01,508058.SH,中金厦门安居REIT,B,3.18,3.216,3.161,3.192,2640584,
2022-11-02,508058.SH,中金厦门安居REIT,B,3.181,3.238,3.181,3.216,2067597,
2022-11-03,508058.SH,中金厦门安居REIT,B,3.216,3.27,3.216,3.261,5350389,
2022-11-04,508058.SH,中金厦门安居REIT,B,3.261,3.321,3.261,3.304,2200689,
2022-11-07,508058.SH,中金厦门安居REIT,B,3.304,3.309,3.282,3.298,3886842,
2022-11-08,508058.SH,中金厦门安居REIT,B,3.299,3.307,3.208,3.276,1970924,
2022-11-09,508058.SH,中金厦门安居REIT,B,3.276,3.286,3.224,3.26,2865091,
2022-11-10,508058.SH,中金厦门安居REIT,B,3.245,3.271,3.234,3.263,1720290,
2022-11-11,508058.SH,中金厦门安居REIT,B,3.263,3.284,3.245,3.277,1623860,
2022-11-14,508058.SH,中金厦门安居REIT,B,3.279,3.29,3.255,3.278,2339840,
2022-11-15,508058.SH,中金厦门安居REIT,B,3.276,3.279,3.256,3.267,1221789,
2022-11-16,508058.SH,中金厦门安居REIT,B,3.26,3.278,3.19,3.205,2250686,
2022-11-17,508058.SH,中金厦门安居REIT,B,3.205,3.229,3.15,3.176,3823431,
2022-11-18,508058.SH,中金厦门安居REIT,B,3.176,3.192,3.133,3.157,3992582,
2022-11-21,508058.SH,中金厦门安居REIT,B,3.155,3.186,3.13,3.156,5499396,
2022-11-22,508058.SH,中金厦门安居REIT,B,3.156,3.165,3.135,3.139,2608105,
2022-11-23,508058.SH,中金厦门安居REIT,B,3.14,3.165,3.13,3.139,1729992,
2022-11-24,508058.SH,中金厦门安居REIT,B,3.136,3.167,3.123,3.135,2609429,
2022-11-25,508058.SH,中金厦门安居REIT,B,3.125,3.157,3.125,3.137,2395143,
2022-11-28,508058.SH,中金厦门安居REIT,B,3.136,3.142,3.124,3.136,2266252,
2022-11-29,508058.SH,中金厦门安居REIT,B,3.135,3.153,3.13,3.147,2046635,
2022-11-30,508058.SH,中金厦门安居REIT,B,3.147,3.162,3.144,3.15,1980892,
2022-12-01,508058.SH,中金厦门安居REIT,B,3.145,3.174,3.145,3.166,3501836,
2022-12-02,508058.SH,中金厦门安居REIT,B,3.166,3.19,3.122,3.183,2395173,
2022-12-05,508058.SH,中金厦门安居REIT,B,3.183,3.213,3.163,3.2,4198507,
2022-12-06,508058.SH,中金厦门安居REIT,B,3.201,3.209,3.18,3.197,2095877,
2022-12-07,508058.SH,中金厦门安居REIT,B,3.197,3.197,3.167,3.173,1746093,
2022-12-08,508058.SH,中金厦门安居REIT,B,3.173,3.181,3.169,3.17,961588,
2022-12-09,508058.SH,中金厦门安居REIT,B,3.17,3.175,3.151,3.157,1617107,
2022-12-12,508058.SH,中金厦门安居REIT,B,3.156,3.157,3.136,3.137,1623836,
2022-12-13,508058.SH,中金厦门安居REIT,B,3.13,3.136,3.12,3.124,2116427,
2022-12-14,508058.SH,中金厦门安居REIT,B,3.124,3.135,3.106,3.118,2088308,
2022-12-15,508058.SH,中金厦门安居REIT,B,3.115,3.122,3.086,3.112,1392933,
2022-12-16,508058.SH,中金厦门安居REIT,B,3.112,3.12,3.096,3.104,1433936,
2022-12-19,508058.SH,中金厦门安居REIT,B,3.104,3.111,3.101,3.107,2832515,
2022-12-20,508058.SH,中金厦门安居REIT,B,3.107,3.124,3.01,3.05,5067010,
2022-12-21,508058.SH,中金厦门安居REIT,B,3.067,3.067,2.952,2.991,3667402,
2022-12-22,508058.SH,中金厦门安居REIT,B,2.992,2.993,2.962,2.99,3642599,
2022-12-23,508058.SH,中金厦门安居REIT,B,3.044,3.044,2.781,3.005,3038296,
2022-12-26,508058.SH,中金厦门安居REIT,B,3.02,3.02,2.996,3.0,1778142,
2022-12-27,508058.SH,中金厦门安居REIT,B,3.024,3.024,2.701,2.976,1911265,
2022-12-28,508058.SH,中金厦门安居REIT,B,2.974,2.974,2.886,2.91,2936247,
2022-12-29,508058.SH,中金厦门安居REIT,B,2.935,2.935,2.86,2.89,3644582,
2022-12-30,508058.SH,中金厦门安居REIT,B,2.88,2.905,2.874,2.901,2143995,
2023-01-03,508058.SH,中金厦门安居REIT,B,2.904,2.904,2.859,2.88,1832542,
2023-01-04,508058.SH,中金厦门安居REIT,B,2.876,2.9,2.85,2.87,1580616,
2023-01-05,508058.SH,中金厦门安居REIT,B,2.87,2.89,2.801,2.853,2123970,
2023-01-06,508058.SH,中金厦门安居REIT,B,2.853,2.924,2.821,2.918,2872564,
2023-01-09,508058.SH,中金厦门安居REIT,B,2.918,2.918,2.892,2.912,1219360,
2023-01-10,508058.SH,中金厦门安居REIT,B,2.925,2.925,2.88,2.885,3620310,
2023-01-11,508058.SH,中金厦门安居REIT,B,2.885,2.9,2.83,2.831,4264084,
2023-01-12,508058.SH,中金厦门安居REIT,B,2.83,2.852,2.821,2.845,2199849,
2023-01-13,508058.SH,中金厦门安居REIT,B,2.846,2.86,2.817,2.832,2832570,
2023-01-16,508058.SH,中金厦门安居REIT,B,2.832,2.848,2.824,2.832,2596643,
2023-01-17,508058.SH,中金厦门安居REIT,B,2.834,2.834,2.809,2.817,1937799,
2023-01-18,508058.SH,中金厦门安居REIT,B,2.818,2.853,2.807,2.853,2793598,
2023-01-19,508058.SH,中金厦门安居REIT,B,2.857,2.858,2.822,2.849,3909872,
2023-01-20,508058.SH,中金厦门安居REIT,B,2.858,2.878,2.833,2.872,2411213,
2023-01-30,508058.SH,中金厦门安居REIT,B,2.867,2.908,2.867,2.894,3428069,
2023-01-31,508058.SH,中金厦门安居REIT,B,2.897,2.944,2.897,2.928,4394653,
2023-02-01,508058.SH,中金厦门安居REIT,B,2.928,2.973,2.928,2.964,5284616,
2023-02-02,508058.SH,中金厦门安居REIT,B,2.968,2.98,2.937,2.958,2110480,
2023-02-03,508058.SH,中金厦门安居REIT,B,2.958,2.971,2.95,2.968,3998212,
2023-02-06,508058.SH,中金厦门安居REIT,B,2.969,2.992,2.943,2.964,3620323,
2023-02-07,508058.SH,中金厦门安居REIT,B,2.964,2.972,2.946,2.959,3382851,
2023-02-08,508058.SH,中金厦门安居REIT,B,2.95,2.977,2.95,2.963,2195210,
2023-02-09,508058.SH,中金厦门安居REIT,B,2.963,2.972,2.95,2.966,2013689,
2023-02-10,508058.SH,中金厦门安居REIT,B,2.966,2.986,2.961,2.973,3016232,
2023-02-13,508058.SH,中金厦门安居REIT,B,2.973,2.988,2.973,2.983,1568486,
2023-02-14,508058.SH,中金厦门安居REIT,B,2.983,3.035,2.982,3.013,2545002,
2023-02-15,508058.SH,中金厦门安居REIT,B,3.014,3.044,3.0,3.01,3148682,
2023-02-16,508058.SH,中金厦门安居REIT,B,3.011,3.014,2.996,3.009,2063260,
2023-02-17,508058.SH,中金厦门安居REIT,B,3.009,3.032,2.986,3.02,3766196,
2023-02-20,508058.SH,中金厦门安居REIT,B,2.999,3.022,2.999,3.017,2628381,
2023-02-21,508058.SH,中金厦门安居REIT,B,3.018,3.039,3.017,3.017,3394301,
2023-02-22,508058.SH,中金厦门安居REIT,B,3.017,3.032,2.999,3.009,1690445,
2023-02-23,508058.SH,中金厦门安居REIT,B,3.023,3.023,2.982,2.999,1808859,
2023-02-24,508058.SH,中金厦门安居REIT,B,3.0,3.015,2.971,2.994,2182627,
2023-02-27,508058.SH,中金厦门安居REIT,B,2.987,2.995,2.97,2.982,1927742,
2023-02-28,508058.SH,中金厦门安居REIT,B,2.982,2.99,2.977,2.984,1846103,
2023-03-01,508058.SH,中金厦门安居REIT,B,2.984,2.999,2.9,2.971,2025302,
2023-03-02,508058.SH,中金厦门安居REIT,B,2.971,2.979,2.961,2.97,1073652,
2023-03-03,508058.SH,中金厦门安居REIT,B,2.97,2.974,2.96,2.964,1405113,
2023-03-06,508058.SH,中金厦门安居REIT,B,2.948,2.96,2.924,2.938,2905887,
2023-03-07,508058.SH,中金厦门安居REIT,B,2.934,2.944,2.916,2.922,2253011,
2023-03-08,508058.SH,中金厦门安居REIT,B,2.921,2.929,2.9,2.902,2070204,
2023-03-09,508058.SH,中金厦门安居REIT,B,2.9,2.915,2.887,2.905,2850442,
2023-03-10,508058.SH,中金厦门安居REIT,B,2.91,2.91,2.894,2.899,1653087,
2023-03-13,508058.SH,中金厦门安居REIT,B,2.898,2.916,2.87,2.902,3187934,
2023-03-14,508058.SH,中金厦门安居REIT,B,2.888,2.909,2.888,2.9,1093362,
2023-03-15,508058.SH,中金厦门安居REIT,B,2.903,2.909,2.899,2.905,3463915,
2023-03-16,508058.SH,中金厦门安居REIT,B,2.905,2.909,2.889,2.902,2709729,
2023-03-17,508058.SH,中金厦门安居REIT,B,2.902,2.911,2.897,2.898,1280774,
2023-03-20,508058.SH,中金厦门安居REIT,B,2.898,2.907,2.876,2.891,4235952,
2023-03-21,508058.SH,中金厦门安居REIT,B,2.891,2.891,2.877,2.885,1693806,
2023-03-22,508058.SH,中金厦门安居REIT,B,2.884,2.892,2.874,2.876,2231440,
2023-03-23,508058.SH,中金厦门安居REIT,B,2.87,2.878,2.866,2.874,1543654,
2023-03-24,508058.SH,中金厦门安居REIT,B,2.873,2.881,2.859,2.866,1884056,
2023-03-27,508058.SH,中金厦门安居REIT,B,2.864,2.897,2.864,2.872,2320195,
2023-03-28,508058.SH,中金厦门安居REIT,B,2.872,2.886,2.869,2.87,1614658,
2023-03-29,508058.SH,中金厦门安居REIT,B,2.87,2.956,2.856,2.856,1829305,
2023-03-30,508058.SH,中金厦门安居REIT,B,2.856,2.881,2.852,2.865,2882423,
2023-03-31,508058.SH,中金厦门安居REIT,B,2.867,2.908,2.857,2.886,2425199,
2023-04-03,508058.SH,中金厦门安居REIT,B,2.885,2.913,2.872,2.909,1608712,
2023-04-04,508058.SH,中金厦门安居REIT,B,2.909,2.935,2.908,2.915,1272944,
2023-04-06,508058.SH,中金厦门安居REIT,B,2.896,2.896,2.82,2.86,401057,
2023-04-07,508058.SH,中金厦门安居REIT,B,2.86,2.873,2.848,2.867,2466971,
2023-04-10,508058.SH,中金厦门安居REIT,B,2.867,2.93,2.853,2.857,688875,
2023-04-11,508058.SH,中金厦门安居REIT,B,2.858,2.858,2.834,2.843,1434335,
2023-04-12,508058.SH,中金厦门安居REIT,B,2.832,2.842,2.814,2.82,1234125,
2023-04-13,508058.SH,中金厦门安居REIT,B,2.805,2.849,2.791,2.822,1743922,
2023-04-14,508058.SH,中金厦门安居REIT,B,2.806,2.838,2.806,2.818,2367948,
2023-04-17,508058.SH,中金厦门安居REIT,B,2.819,2.843,2.81,2.839,1759201,
2023-04-18,508058.SH,中金厦门安居REIT,B,2.839,2.862,2.823,2.853,3515485,
2023-04-19,508058.SH,中金厦门安居REIT,B,2.853,2.866,2.828,2.842,1997710,
2023-04-20,508058.SH,中金厦门安居REIT,B,2.842,2.843,2.825,2.839,1382609,
2023-04-21,508058.SH,中金厦门安居REIT,B,2.838,2.863,2.811,2.828,2375348,
2023-04-24,508058.SH,中金厦门安居REIT,B,2.828,2.828,2.803,2.819,1243552,
2023-04-25,508058.SH,中金厦门安居REIT,B,2.802,2.819,2.802,2.819,773462,
2023-04-26,508058.SH,中金厦门安居REIT,B,2.818,2.818,2.804,2.808,306131,
2023-04-27,508058.SH,中金厦门安居REIT,B,2.808,2.84,2.733,2.774,1299118,
2023-04-28,508058.SH,中金厦门安居REIT,B,2.762,2.776,2.702,2.766,1170888,
2023-05-04,508058.SH,中金厦门安居REIT,B,2.774,2.783,2.758,2.765,1370096,
2023-05-05,508058.SH,中金厦门安居REIT,B,2.775,2.781,2.744,2.763,1784708,
2023-05-08,508058.SH,中金厦门安居REIT,B,2.763,2.763,2.711,2.724,626525,
2023-05-09,508058.SH,中金厦门安居REIT,B,2.724,2.779,2.724,2.759,1714027,
2023-05-10,508058.SH,中金厦门安居REIT,B,2.761,2.81,2.759,2.799,1957524,
2023-05-11,508058.SH,中金厦门安居REIT,B,2.787,2.8,2.786,2.79,1405292,
2023-05-12,508058.SH,中金厦门安居REIT,B,2.786,2.806,2.753,2.798,1537021,
2023-05-15,508058.SH,中金厦门安居REIT,B,2.805,2.805,2.77,2.786,2138036,
2023-05-16,508058.SH,中金厦门安居REIT,B,2.774,2.806,2.764,2.784,1505362,
2023-05-17,508058.SH,中金厦门安居REIT,B,2.777,2.787,2.767,2.783,1394186,
2023-05-18,508058.SH,中金厦门安居REIT,B,2.767,2.779,2.741,2.777,2638188,
2023-05-19,508058.SH,中金厦门安居REIT,B,2.777,2.787,2.75,2.764,2444605,
2023-05-22,508058.SH,中金厦门安居REIT,B,2.756,2.764,2.738,2.756,3463561,
2023-05-23,508058.SH,中金厦门安居REIT,B,2.756,2.772,2.735,2.744,1510394,
2023-05-24,508058.SH,中金厦门安居REIT,B,2.732,2.74,2.703,2.723,2362770,
2023-05-25,508058.SH,中金厦门安居REIT,B,2.711,2.721,2.705,2.714,674341,
2023-05-26,508058.SH,中金厦门安居REIT,B,2.719,2.719,2.667,2.697,1947461,
2023-05-29,508058.SH,中金厦门安居REIT,B,2.697,2.707,2.685,2.705,372074,
2023-05-30,508058.SH,中金厦门安居REIT,B,2.702,2.702,2.674,2.692,640025,
2023-05-31,508058.SH,中金厦门安居REIT,B,2.685,2.697,2.667,2.673,407347,
2023-06-01,508058.SH,中金厦门安居REIT,B,2.673,2.681,2.6,2.648,2104114,
2023-06-02,508058.SH,中金厦门安居REIT,B,2.64,2.641,2.618,2.631,1784591,
2023-06-05,508058.SH,中金厦门安居REIT,B,2.63,2.63,2.555,2.561,2358952,
2023-06-06,508058.SH,中金厦门安居REIT,B,2.573,2.584,2.485,2.561,1215123,
2023-06-07,508058.SH,中金厦门安居REIT,B,2.561,2.584,2.446,2.58,5596398,
2023-06-08,508058.SH,中金厦门安居REIT,B,2.58,2.626,2.551,2.614,2823480,
2023-06-09,508058.SH,中金厦门安居REIT,B,2.613,2.613,2.59,2.6,2211539,
2023-06-12,508058.SH,中金厦门安居REIT,B,2.6,2.6,2.559,2.588,2208815,
2023-06-13,508058.SH,中金厦门安居REIT,B,2.584,2.584,2.552,2.558,1905157,
2023-06-14,508058.SH,中金厦门安居REIT,B,2.558,2.558,2.531,2.546,3079075,
2023-06-15,508058.SH,中金厦门安居REIT,B,2.546,2.562,2.533,2.562,2656584,
2023-06-16,508058.SH,中金厦门安居REIT,B,2.555,2.579,2.554,2.577,1735111,
2023-06-19,508058.SH,中金厦门安居REIT,B,2.578,2.587,2.567,2.57,1495971,
2023-06-20,508058.SH,中金厦门安居REIT,B,2.571,2.58,2.568,2.572,1295603,
2023-06-21,508058.SH,中金厦门安居REIT,B,2.572,2.588,2.568,2.586,731428,
2023-06-26,508058.SH,中金厦门安居REIT,B,2.556,2.57,2.551,2.565,461744,
2023-06-27,508058.SH,中金厦门安居REIT,B,2.565,2.575,2.554,2.558,1748650,
2023-06-28,508058.SH,中金厦门安居REIT,B,2.558,2.6,2.536,2.55,4286394,
2023-06-29,508058.SH,中金厦门安居REIT,B,2.559,2.561,2.51,2.546,3011557,
2023-06-30,508058.SH,中金厦门安居REIT,B,2.538,2.559,2.507,2.538,5045786,
2023-07-03,508058.SH,中金厦门安居REIT,B,2.54,2.567,2.514,2.527,4895753,
2023-07-04,508058.SH,中金厦门安居REIT,B,2.514,2.554,2.502,2.507,2557567,
2023-07-05,508058.SH,中金厦门安居REIT,B,2.503,2.534,2.486,2.498,2250497,
2023-07-06,508058.SH,中金厦门安居REIT,B,2.497,2.514,2.496,2.512,8473700,
2023-07-07,508058.SH,中金厦门安居REIT,B,2.512,2.581,2.502,2.566,9149372,
2023-07-10,508058.SH,中金厦门安居REIT,B,2.567,2.577,2.555,2.57,4130488,
2023-07-11,508058.SH,中金厦门安居REIT,B,2.57,2.573,2.558,2.572,1293220,
2023-07-12,508058.SH,中金厦门安居REIT,B,2.568,2.576,2.559,2.569,1366468,
2023-07-13,508058.SH,中金厦门安居REIT,B,2.569,2.598,2.567,2.597,3026071,
2023-07-14,508058.SH,中金厦门安居REIT,B,2.597,2.673,2.583,2.633,4974153,
2023-07-17,508058.SH,中金厦门安居REIT,B,2.633,2.686,2.627,2.662,7945546,
2023-07-18,508058.SH,中金厦门安居REIT,B,2.657,2.722,2.657,2.717,6037622,
2023-07-19,508058.SH,中金厦门安居REIT,B,2.718,2.718,2.65,2.669,6522564,
2023-07-20,508058.SH,中金厦门安居REIT,B,2.655,2.655,2.611,2.637,3049872,
2023-07-21,508058.SH,中金厦门安居REIT,B,2.634,2.694,2.622,2.657,4076876,
2023-07-24,508058.SH,中金厦门安居REIT,B,2.657,2.678,2.637,2.673,7505285,
2023-07-25,508058.SH,中金厦门安居REIT,B,2.673,2.735,2.673,2.73,7658701,
2023-07-26,508058.SH,中金厦门安居REIT,B,2.716,2.763,2.716,2.734,6700496,
2023-07-27,508058.SH,中金厦门安居REIT,B,2.734,2.749,2.708,2.716,4720656,
2023-07-28,508058.SH,中金厦门安居REIT,B,2.709,2.75,2.708,2.742,5642620,
2023-07-31,508058.SH,中金厦门安居REIT,B,2.742,2.794,2.742,2.782,4883077,
2023-08-01,508058.SH,中金厦门安居REIT,B,2.786,2.807,2.73,2.749,8759252,
2023-08-02,508058.SH,中金厦门安居REIT,B,2.749,2.774,2.728,2.747,6369514,
2023-08-03,508058.SH,中金厦门安居REIT,B,2.74,2.767,2.717,2.727,4793979,
2023-08-04,508058.SH,中金厦门安居REIT,B,2.725,2.745,2.72,2.743,2675920,
2023-08-07,508058.SH,中金厦门安居REIT,B,2.742,2.767,2.73,2.75,4142351,
2023-08-08,508058.SH,中金厦门安居REIT,B,2.736,2.777,2.736,2.758,15406665,
2023-08-09,508058.SH,中金厦门安居REIT,B,2.769,2.794,2.758,2.783,5424718,
2023-08-10,508058.SH,中金厦门安居REIT,B,2.772,2.835,2.772,2.808,7323041,
2023-08-11,508058.SH,中金厦门安居REIT,B,2.817,2.822,2.791,2.8,9164621,
2023-08-14,508058.SH,中金厦门安居REIT,B,2.797,2.797,2.762,2.797,4565564,
2023-08-15,508058.SH,中金厦门安居REIT,B,2.776,2.826,2.776,2.825,9479567,
2023-08-16,508058.SH,中金厦门安居REIT,B,2.825,2.83,2.807,2.816,2390348,
2023-08-17,508058.SH,中金厦门安居REIT,B,2.8,2.819,2.79,2.804,7251668,
2023-08-18,508058.SH,中金厦门安居REIT,B,2.809,2.826,2.784,2.811,8033678,
2023-08-21,508058.SH,中金厦门安居REIT,B,2.82,2.82,2.783,2.808,4035840,
2023-08-22,508058.SH,中金厦门安居REIT,B,2.801,2.813,2.774,2.787,2477014,
2023-08-23,508058.SH,中金厦门安居REIT,B,2.787,2.788,2.769,2.771,5344080,
2023-08-24,508058.SH,中金厦门安居REIT,B,2.769,2.778,2.726,2.769,5241524,
2023-08-25,508058.SH,中金厦门安居REIT,B,2.759,2.789,2.736,2.787,6635775,
2023-08-28,508058.SH,中金厦门安居REIT,B,2.788,2.824,2.776,2.798,4329160,
2023-08-29,508058.SH,中金厦门安居REIT,B,2.804,2.804,2.761,2.789,4167620,
2023-08-30,508058.SH,中金厦门安居REIT,B,2.779,2.794,2.746,2.774,6847129,
2023-08-31,508058.SH,中金厦门安居REIT,B,2.763,2.784,2.755,2.771,7899674,
2023-09-01,508058.SH,中金厦门安居REIT,B,2.779,2.779,2.761,2.765,5145630,
2023-09-04,508058.SH,中金厦门安居REIT,B,2.771,2.771,2.75,2.768,4673049,
2023-09-05,508058.SH,中金厦门安居REIT,B,2.725,2.725,2.695,2.715,3825304,
2023-09-06,508058.SH,中金厦门安居REIT,B,2.704,2.714,2.704,2.708,3730688,
2023-09-07,508058.SH,中金厦门安居REIT,B,2.708,2.713,2.688,2.71,2736964,
2023-09-08,508058.SH,中金厦门安居REIT,B,2.709,2.724,2.702,2.717,7431599,
2023-09-11,508058.SH,中金厦门安居REIT,B,2.717,2.727,2.717,2.722,6085331,
2023-09-12,508058.SH,中金厦门安居REIT,B,2.726,2.729,2.707,2.714,5388965,
2023-09-13,508058.SH,中金厦门安居REIT,B,2.716,2.718,2.706,2.715,3228071,
2023-09-14,508058.SH,中金厦门安居REIT,B,2.714,2.723,2.707,2.715,3058860,
2023-09-15,508058.SH,中金厦门安居REIT,B,2.714,2.715,2.702,2.705,4822399,
2023-09-18,508058.SH,中金厦门安居REIT,B,2.701,2.707,2.688,2.695,7277441,
2023-09-19,508058.SH,中金厦门安居REIT,B,2.687,2.699,2.683,2.689,3426680,
2023-09-20,508058.SH,中金厦门安居REIT,B,2.682,2.692,2.68,2.687,3186059,
2023-09-21,508058.SH,中金厦门安居REIT,B,2.678,2.694,2.678,2.689,1984862,
2023-09-22,508058.SH,中金厦门安居REIT,B,2.677,2.696,2.668,2.681,3572798,
2023-09-25,508058.SH,中金厦门安居REIT,B,2.675,2.687,2.666,2.681,2912701,
2023-09-26,508058.SH,中金厦门安居REIT,B,2.675,2.689,2.671,2.68,2313438,
2023-09-27,508058.SH,中金厦门安居REIT,B,2.679,2.698,2.666,2.691,1712139,
2023-09-28,508058.SH,中金厦门安居REIT,B,2.69,2.72,2.687,2.716,3078981,
2023-10-09,508058.SH,中金厦门安居REIT,B,2.71,2.726,2.697,2.715,2198003,
2023-10-10,508058.SH,中金厦门安居REIT,B,2.714,2.718,2.705,2.715,1394067,
2023-10-11,508058.SH,中金厦门安居REIT,B,2.715,2.715,2.7,2.709,1603473,
2023-10-12,508058.SH,中金厦门安居REIT,B,2.705,2.716,2.691,2.714,2667907,
2023-10-13,508058.SH,中金厦门安居REIT,B,2.704,2.712,2.684,2.697,2048941,
2023-10-16,508058.SH,中金厦门安居REIT,B,2.686,2.698,2.663,2.685,2562690,
2023-10-17,508058.SH,中金厦门安居REIT,B,2.684,2.687,2.606,2.681,4495257,
2023-10-18,508058.SH,中金厦门安居REIT,B,2.678,2.678,2.607,2.658,4106586,
2023-10-19,508058.SH,中金厦门安居REIT,B,2.662,2.662,2.6,2.642,3381882,
2023-10-20,508058.SH,中金厦门安居REIT,B,2.63,2.64,2.565,2.59,2165594,
2023-10-23,508058.SH,中金厦门安居REIT,B,2.578,2.585,2.52,2.539,2396597,
2023-10-24,508058.SH,中金厦门安居REIT,B,2.538,2.592,2.522,2.591,2904434,
2023-10-25,508058.SH,中金厦门安居REIT,B,2.592,2.644,2.591,2.609,3361438,
2023-10-26,508058.SH,中金厦门安居REIT,B,2.61,2.646,2.583,2.611,3152204,
2023-10-27,508058.SH,中金厦门安居REIT,B,2.597,2.622,2.597,2.61,1852688,
2023-10-30,508058.SH,中金厦门安居REIT,B,2.61,2.626,2.591,2.598,3135742,
2023-10-31,508058.SH,中金厦门安居REIT,B,2.603,2.603,2.578,2.593,1596355,
2023-11-01,508058.SH,中金厦门安居REIT,B,2.593,2.604,2.571,2.582,2002096,
2023-11-02,508058.SH,中金厦门安居REIT,B,2.582,2.582,2.546,2.572,2834686,
2023-11-03,508058.SH,中金厦门安居REIT,B,2.572,2.598,2.551,2.554,3528877,
2023-11-06,508058.SH,中金厦门安居REIT,B,2.551,2.579,2.531,2.576,3491025,
2023-11-07,508058.SH,中金厦门安居REIT,B,2.566,2.609,2.535,2.574,3494186,
2023-11-08,508058.SH,中金厦门安居REIT,B,2.578,2.629,2.562,2.628,4584872,
2023-11-09,508058.SH,中金厦门安居REIT,B,2.625,2.669,2.601,2.661,4482070,
2023-11-10,508058.SH,中金厦门安居REIT,B,2.656,2.669,2.629,2.642,2674448,
2023-11-13,508058.SH,中金厦门安居REIT,B,2.639,2.652,2.619,2.64,2200110,
2023-11-14,508058.SH,中金厦门安居REIT,B,2.638,2.67,2.623,2.66,3034469,
2023-11-15,508058.SH,中金厦门安居REIT,B,2.667,2.669,2.637,2.66,2141988,
2023-11-16,508058.SH,中金厦门安居REIT,B,2.659,2.663,2.627,2.652,1321792,
2023-11-17,508058.SH,中金厦门安居REIT,B,2.651,2.66,2.628,2.657,2505402,
2023-11-20,508058.SH,中金厦门安居REIT,B,2.66,2.664,2.627,2.661,3254219,
2023-11-21,508058.SH,中金厦门安居REIT,B,2.659,2.671,2.631,2.662,3893972,
2023-11-22,508058.SH,中金厦门安居REIT,B,2.659,2.663,2.634,2.656,2929141,
2023-11-23,508058.SH,中金厦门安居REIT,B,2.644,2.654,2.626,2.652,3595224,
2023-11-24,508058.SH,中金厦门安居REIT,B,2.649,2.663,2.578,2.651,4004957,
2023-11-27,508058.SH,中金厦门安居REIT,B,2.639,2.639,2.557,2.593,3306562,
2023-11-28,508058.SH,中金厦门安居REIT,B,2.581,2.64,2.558,2.602,4033554,
2023-11-29,508058.SH,中金厦门安居REIT,B,2.602,2.655,2.552,2.594,3614920,
2023-11-30,508058.SH,中金厦门安居REIT,B,2.595,2.639,2.584,2.598,6499482,
2023-12-01,508058.SH,中金厦门安居REIT,B,2.6,2.639,2.566,2.592,2730083,
2023-12-04,508058.SH,中金厦门安居REIT,B,2.596,2.598,2.57,2.598,6946481,
2023-12-05,508058.SH,中金厦门安居REIT,B,2.598,2.63,2.56,2.597,4150295,
2023-12-06,508058.SH,中金厦门安居REIT,B,2.596,2.622,2.572,2.59,3840298,
2023-12-07,508058.SH,中金厦门安居REIT,B,2.597,2.597,2.551,2.551,3381584,
2023-12-08,508058.SH,中金厦门安居REIT,B,2.551,2.57,2.493,2.503,4033741,
2023-12-11,508058.SH,中金厦门安居REIT,B,2.502,2.506,2.474,2.504,5073343,
2023-12-12,508058.SH,中金厦门安居REIT,B,2.504,2.54,2.487,2.522,3148377,
2023-12-13,508058.SH,中金厦门安居REIT,B,2.511,2.59,2.511,2.53,3043348,
2023-12-14,508058.SH,中金厦门安居REIT,B,2.53,2.541,2.491,2.527,3402384,
2023-12-15,508058.SH,中金厦门安居REIT,B,2.515,2.533,2.479,2.51,4801662,
2023-12-18,508058.SH,中金厦门安居REIT,B,2.5,2.52,2.492,2.511,3512506,
2023-12-19,508058.SH,中金厦门安居REIT,B,2.509,2.539,2.462,2.506,3029928,
2023-12-20,508058.SH,中金厦门安居REIT,B,2.485,2.522,2.476,2.512,2046462,
2023-12-21,508058.SH,中金厦门安居REIT,B,2.516,2.578,2.495,2.558,6398543,
2023-12-22,508058.SH,中金厦门安居REIT,B,2.558,2.616,2.553,2.579,8782450,
2023-12-25,508058.SH,中金厦门安居REIT,B,2.578,2.61,2.549,2.592,2456460,
2023-12-26,508058.SH,中金厦门安居REIT,B,2.59,2.616,2.562,2.589,7743375,
2023-12-27,508058.SH,中金厦门安居REIT,B,2.585,2.623,2.56,2.58,3789203,
2023-12-28,508058.SH,中金厦门安居REIT,B,2.578,2.607,2.501,2.6,2418977,
2023-12-29,508058.SH,中金厦门安居REIT,B,2.602,2.66,2.582,2.625,2030502,
2024-01-02,508058.SH,中金厦门安居REIT,B,2.622,2.66,2.588,2.589,2978381,
2024-01-03,508058.SH,中金厦门安居REIT,B,2.582,2.626,2.535,2.586,4091805,
2024-01-04,508058.SH,中金厦门安居REIT,B,2.577,2.621,2.534,2.553,1806865,
2024-01-05,508058.SH,中金厦门安居REIT,B,2.562,2.577,2.521,2.562,5457717,
2024-01-08,508058.SH,中金厦门安居REIT,B,2.558,2.582,2.529,2.562,3386244,
2024-01-09,508058.SH,中金厦门安居REIT,B,2.567,2.6,2.462,2.499,3900366,
2024-01-10,508058.SH,中金厦门安居REIT,B,2.499,2.54,2.4,2.46,6595446,
2024-01-11,508058.SH,中金厦门安居REIT,B,2.443,2.475,2.443,2.447,5511216,
2024-01-12,508058.SH,中金厦门安居REIT,B,2.443,2.476,2.388,2.417,3983923,
2024-01-15,508058.SH,中金厦门安居REIT,B,2.412,2.434,2.4,2.43,4811818,
2024-01-16,508058.SH,中金厦门安居REIT,B,2.423,2.469,2.42,2.46,5562344,
2024-01-17,508058.SH,中金厦门安居REIT,B,2.46,2.508,2.427,2.495,7309610,
2024-01-18,508058.SH,中金厦门安居REIT,B,2.497,2.505,2.456,2.479,4051278,
2024-01-19,508058.SH,中金厦门安居REIT,B,2.479,2.519,2.441,2.499,6377074,
2024-01-22,508058.SH,中金厦门安居REIT,B,2.504,2.504,2.443,2.493,5316940,
2024-01-23,508058.SH,中金厦门安居REIT,B,2.492,2.514,2.456,2.493,5283414,
2024-01-24,508058.SH,中金厦门安居REIT,B,2.493,2.514,2.468,2.498,5666980,
2024-01-25,508058.SH,中金厦门安居REIT,B,2.498,2.525,2.482,2.521,7623350,
2024-01-26,508058.SH,中金厦门安居REIT,B,2.516,2.529,2.5,2.516,4622254,
2024-01-29,508058.SH,中金厦门安居REIT,B,2.509,2.518,2.498,2.517,4368960,
2024-01-30,508058.SH,中金厦门安居REIT,B,2.516,2.523,2.481,2.507,3843523,
2024-01-31,508058.SH,中金厦门安居REIT,B,2.514,2.514,2.487,2.496,4502966,
2024-02-01,508058.SH,中金厦门安居REIT,B,2.487,2.512,2.452,2.501,3834406,
2024-02-02,508058.SH,中金厦门安居REIT,B,2.501,2.519,2.46,2.516,6533773,
2024-02-05,508058.SH,中金厦门安居REIT,B,2.511,2.577,2.486,2.505,5710173,
2024-02-06,508058.SH,中金厦门安居REIT,B,2.504,2.516,2.451,2.516,3658998,
2024-02-07,508058.SH,中金厦门安居REIT,B,2.508,2.539,2.476,2.517,5569208,
2024-02-08,508058.SH,中金厦门安居REIT,B,2.509,2.578,2.491,2.573,10634349,
2024-02-19,508058.SH,中金厦门安居REIT,B,2.568,2.655,2.541,2.64,10228073,
2024-02-20,508058.SH,中金厦门安居REIT,B,2.625,2.687,2.602,2.662,5158854,
2024-02-21,508058.SH,中金厦门安居REIT,B,2.659,2.659,2.617,2.656,6503545,
2024-02-22,508058.SH,中金厦门安居REIT,B,2.64,2.684,2.636,2.68,5621759,
2024-02-23,508058.SH,中金厦门安居REIT,B,2.675,2.722,2.641,2.695,11454773,
2024-02-26,508058.SH,中金厦门安居REIT,B,2.694,2.729,2.68,2.704,13624186,
2024-02-27,508058.SH,中金厦门安居REIT,B,2.701,2.719,2.66,2.702,8856727,
2024-02-28,508058.SH,中金厦门安居REIT,B,2.697,2.704,2.64,2.7,4012516,
2024-02-29,508058.SH,中金厦门安居REIT,B,2.686,2.722,2.653,2.713,5784300,
2024-03-01,508058.SH,中金厦门安居REIT,B,2.713,2.747,2.677,2.741,10461164,
2024-03-04,508058.SH,中金厦门安居REIT,B,2.736,2.824,2.704,2.81,11191784,
2024-03-05,508058.SH,中金厦门安居REIT,B,2.803,2.849,2.778,2.79,9226650,
2024-03-06,508058.SH,中金厦门安居REIT,B,2.79,2.804,2.758,2.776,5879810,
2024-03-07,508058.SH,中金厦门安居REIT,B,2.766,2.8,2.758,2.769,6052339,
2024-03-08,508058.SH,中金厦门安居REIT,B,2.756,2.798,2.751,2.767,7852635,
2024-03-11,508058.SH,中金厦门安居REIT,B,2.756,2.83,2.727,2.772,3637320,
2024-03-12,508058.SH,中金厦门安居REIT,B,2.772,2.784,2.758,2.768,3586767,
2024-03-13,508058.SH,中金厦门安居REIT,B,2.757,2.773,2.75,2.754,3352737,
2024-03-14,508058.SH,中金厦门安居REIT,B,2.75,2.785,2.715,2.747,2151498,
2024-03-15,508058.SH,中金厦门安居REIT,B,2.747,2.768,2.713,2.75,3547652,
2024-03-18,508058.SH,中金厦门安居REIT,B,2.745,2.753,2.728,2.751,3088474,
2024-03-19,508058.SH,中金厦门安居REIT,B,2.744,2.759,2.72,2.724,3572761,
2024-03-20,508058.SH,中金厦门安居REIT,B,2.724,2.729,2.677,2.699,4293580,
2024-03-21,508058.SH,中金厦门安居REIT,B,2.699,2.734,2.639,2.68,5401711,
2024-03-22,508058.SH,中金厦门安居REIT,B,2.679,2.696,2.625,2.637,5703182,
2024-03-25,508058.SH,中金厦门安居REIT,B,2.637,2.664,2.612,2.634,4556376,
2024-03-26,508058.SH,中金厦门安居REIT,B,2.626,2.667,2.601,2.662,4227392,
2024-03-27,508058.SH,中金厦门安居REIT,B,2.662,2.708,2.648,2.697,4958844,
2024-03-28,508058.SH,中金厦门安居REIT,B,2.697,2.75,2.68,2.699,3661545,
2024-03-29,508058.SH,中金厦门安居REIT,B,2.699,2.72,2.676,2.682,1897372,
2024-04-01,508058.SH,中金厦门安居REIT,B,2.69,2.69,2.67,2.684,792751,
2024-04-02,508058.SH,中金厦门安居REIT,B,2.684,2.716,2.624,2.69,9398392,
2024-04-03,508058.SH,中金厦门安居REIT,B,2.637,2.665,2.624,2.646,8190757,
2024-04-08,508058.SH,中金厦门安居REIT,B,2.646,2.656,2.62,2.656,3184406,
2024-04-09,508058.SH,中金厦门安居REIT,B,2.66,2.695,2.656,2.676,3298921,
2024-04-10,508058.SH,中金厦门安居REIT,B,2.676,2.7,2.644,2.7,5841985,
2024-04-11,508058.SH,中金厦门安居REIT,B,2.698,2.725,2.67,2.708,3141663,
2024-04-12,508058.SH,中金厦门安居REIT,B,2.696,2.718,2.677,2.708,4954693,
2024-04-15,508058.SH,中金厦门安居REIT,B,2.708,2.722,2.678,2.696,3633791,
2024-04-16,508058.SH,中金厦门安居REIT,B,2.692,2.696,2.676,2.691,2708465,
2024-04-17,508058.SH,中金厦门安居REIT,B,2.69,2.714,2.649,2.709,5958892,
2024-04-18,508058.SH,中金厦门安居REIT,B,2.715,2.724,2.683,2.708,2823280,
2024-04-19,508058.SH,中金厦门安居REIT,B,2.706,2.721,2.673,2.721,3014561,
2024-04-22,508058.SH,中金厦门安居REIT,B,2.716,2.774,2.7,2.769,4412564,
2024-04-23,508058.SH,中金厦门安居REIT,B,2.769,2.798,2.737,2.795,7502573,
2024-04-24,508058.SH,中金厦门安居REIT,B,2.79,2.82,2.776,2.809,9716820,
2024-04-25,508058.SH,中金厦门安居REIT,B,2.812,2.853,2.78,2.85,7337784,
2024-04-26,508058.SH,中金厦门安居REIT,B,2.85,2.888,2.832,2.878,5271566,
2024-04-29,508058.SH,中金厦门安居REIT,B,2.883,2.883,2.823,2.823,14529881,
2024-04-30,508058.SH,中金厦门安居REIT,B,2.803,2.822,2.781,2.793,5717067,
2024-05-06,508058.SH,中金厦门安居REIT,B,2.793,2.81,2.759,2.798,3867001,
2024-05-07,508058.SH,中金厦门安居REIT,B,2.798,2.843,2.77,2.83,7589296,
2024-05-08,508058.SH,中金厦门安居REIT,B,2.826,2.859,2.826,2.847,4975823,
2024-05-09,508058.SH,中金厦门安居REIT,B,2.836,2.879,2.834,2.859,2748922,
2024-05-10,508058.SH,中金厦门安居REIT,B,2.859,2.878,2.831,2.858,3053217,
2024-05-13,508058.SH,中金厦门安居REIT,B,2.856,2.873,2.83,2.859,3066317,
2024-05-14,508058.SH,中金厦门安居REIT,B,2.859,2.886,2.834,2.842,5388024,
2024-05-15,508058.SH,中金厦门安居REIT,B,2.841,2.861,2.804,2.847,3776957,
2024-05-16,508058.SH,中金厦门安居REIT,B,2.84,2.854,2.825,2.848,2556871,
2024-05-17,508058.SH,中金厦门安居REIT,B,2.848,2.85,2.814,2.848,2243159,
2024-05-20,508058.SH,中金厦门安居REIT,B,2.848,2.858,2.811,2.833,5320784,
2024-05-21,508058.SH,中金厦门安居REIT,B,2.817,2.883,2.812,2.832,5063894,
2024-05-22,508058.SH,中金厦门安居REIT,B,2.83,2.855,2.802,2.834,5958769,
2024-05-23,508058.SH,中金厦门安居REIT,B,2.836,2.85,2.805,2.836,4525206,
2024-05-24,508058.SH,中金厦门安居REIT,B,2.821,2.88,2.804,2.836,4550678,
2024-05-27,508058.SH,中金厦门安居REIT,B,2.836,2.847,2.811,2.824,3822338,
2024-05-28,508058.SH,中金厦门安居REIT,B,2.821,2.831,2.794,2.821,4722165,
2024-05-29,508058.SH,中金厦门安居REIT,B,2.821,2.847,2.797,2.819,7092336,
2024-05-30,508058.SH,中金厦门安居REIT,B,2.811,2.827,2.78,2.804,8653413,
2024-05-31,508058.SH,中金厦门安居REIT,B,2.804,2.815,2.788,2.81,3136677,
2024-06-03,508058.SH,中金厦门安居REIT,B,2.801,2.836,2.796,2.828,2876444,
2024-06-04,508058.SH,中金厦门安居REIT,B,2.826,2.828,2.799,2.82,5297699,
2024-06-05,508058.SH,中金厦门安居REIT,B,2.82,2.865,2.803,2.856,3129204,
2024-06-06,508058.SH,中金厦门安居REIT,B,2.85,2.9,2.82,2.89,3834008,
2024-06-07,508058.SH,中金厦门安居REIT,B,2.856,2.92,2.856,2.909,3307196,
2024-06-11,508058.SH,中金厦门安居REIT,B,2.901,2.919,2.856,2.909,4114835,
2024-06-12,508058.SH,中金厦门安居REIT,B,2.891,2.914,2.891,2.904,2820826,
2024-06-13,508058.SH,中金厦门安居REIT,B,2.904,2.95,2.866,2.92,4140807,
2024-06-14,508058.SH,中金厦门安居REIT,B,2.893,2.977,2.882,2.963,4407756,
2024-06-17,508058.SH,中金厦门安居REIT,B,2.938,2.985,2.931,2.961,2756564,
2024-06-18,508058.SH,中金厦门安居REIT,B,2.946,2.975,2.933,2.955,2485723,
2024-06-19,508058.SH,中金厦门安居REIT,B,2.95,2.97,2.937,2.951,3984829,
2024-06-20,508058.SH,中金厦门安居REIT,B,2.956,2.956,2.93,2.953,3346667,
2024-06-21,508058.SH,中金厦门安居REIT,B,2.951,2.983,2.946,2.98,1384704,
2024-06-24,508058.SH,中金厦门安居REIT,B,2.966,3.002,2.952,2.98,2486958,
2024-06-25,508058.SH,中金厦门安居REIT,B,2.98,2.99,2.954,2.989,3068318,
2024-06-26,508058.SH,中金厦门安居REIT,B,2.986,2.999,2.966,2.99,3011737,
2024-06-27,508058.SH,中金厦门安居REIT,B,2.99,3.084,2.99,3.051,4612297,
2024-06-28,508058.SH,中金厦门安居REIT,B,3.051,3.086,3.021,3.029,6739572,
2024-07-01,508058.SH,中金厦门安居REIT,B,3.016,3.052,3.014,3.028,1316136,
2024-07-02,508058.SH,中金厦门安居REIT,B,3.027,3.094,3.006,3.075,3637508,
2024-07-03,508058.SH,中金厦门安居REIT,B,3.079,3.133,3.066,3.1,2208403,
2024-07-04,508058.SH,中金厦门安居REIT,B,3.1,3.1,3.057,3.093,2989191,
2024-07-05,508058.SH,中金厦门安居REIT,B,3.077,3.134,3.056,3.092,3268784,
2024-07-08,508058.SH,中金厦门安居REIT,B,3.086,3.101,3.041,3.057,2529571,
2024-07-09,508058.SH,中金厦门安居REIT,B,3.046,3.064,3.003,3.014,7304212,
2024-07-10,508058.SH,中金厦门安居REIT,B,3.002,3.047,3.002,3.041,7589961,
2024-07-11,508058.SH,中金厦门安居REIT,B,3.056,3.058,3.025,3.034,2010548,
2024-07-12,508058.SH,中金厦门安居REIT,B,3.034,3.066,3.019,3.049,4024204,
2024-07-15,508058.SH,中金厦门安居REIT,B,3.056,3.144,3.033,3.125,5616913,
2024-07-16,508058.SH,中金厦门安居REIT,B,3.121,3.169,3.096,3.147,8057174,
2024-07-17,508058.SH,中金厦门安居REIT,B,3.135,3.165,3.116,3.14,5081525,
2024-07-18,508058.SH,中金厦门安居REIT,B,3.124,3.19,3.118,3.184,3754274,
2024-07-19,508058.SH,中金厦门安居REIT,B,3.184,3.208,3.17,3.191,3066450,
2024-07-22,508058.SH,中金厦门安居REIT,B,3.184,3.201,3.146,3.176,4270843,
2024-07-23,508058.SH,中金厦门安居REIT,B,3.157,3.215,3.153,3.18,7365213,
2024-07-24,508058.SH,中金厦门安居REIT,B,3.18,3.21,3.16,3.197,2799930,
2024-07-25,508058.SH,中金厦门安居REIT,B,3.197,3.24,3.166,3.24,2521856,
2024-07-26,508058.SH,中金厦门安居REIT,B,3.24,3.355,3.21,3.295,6722561,
2024-07-29,508058.SH,中金厦门安居REIT,B,3.26,3.303,3.244,3.284,4719171,
2024-07-30,508058.SH,中金厦门安居REIT,B,3.259,3.37,3.259,3.347,7089992,
2024-07-31,508058.SH,中金厦门安居REIT,B,3.35,3.38,3.31,3.347,5512361,
2024-08-01,508058.SH,中金厦门安居REIT,B,3.331,3.377,3.319,3.346,2762437,
2024-08-02,508058.SH,中金厦门安居REIT,B,3.353,3.359,3.317,3.352,2922433,
2024-08-05,508058.SH,中金厦门安居REIT,B,3.356,3.42,3.34,3.393,4443989,
2024-08-06,508058.SH,中金厦门安居REIT,B,3.4,3.4,3.35,3.372,3013816,
2024-08-07,508058.SH,中金厦门安居REIT,B,3.366,3.4,3.342,3.395,3942402,
2024-08-08,508058.SH,中金厦门安居REIT,B,3.374,3.426,3.365,3.388,3066754,
2024-08-09,508058.SH,中金厦门安居REIT,B,3.371,3.378,3.327,3.361,4378839,
2024-08-12,508058.SH,中金厦门安居REIT,B,3.361,3.361,3.302,3.35,4529468,
2024-08-13,508058.SH,中金厦门安居REIT,B,3.346,3.368,3.316,3.347,2557239,
2024-08-14,508058.SH,中金厦门安居REIT,B,3.347,3.42,3.339,3.386,3335537,
2024-08-15,508058.SH,中金厦门安居REIT,B,3.392,3.392,3.332,3.367,3023614,
2024-08-16,508058.SH,中金厦门安居REIT,B,3.356,3.382,3.336,3.357,2188507,
2024-08-19,508058.SH,中金厦门安居REIT,B,3.346,3.367,3.311,3.348,3336894,
2024-08-20,508058.SH,中金厦门安居REIT,B,3.326,3.36,3.302,3.322,3560644,
2024-08-21,508058.SH,中金厦门安居REIT,B,3.296,3.346,3.258,3.277,3402659,
2024-08-22,508058.SH,中金厦门安居REIT,B,3.266,3.334,3.251,3.315,4108300,
2024-08-23,508058.SH,中金厦门安居REIT,B,3.315,3.336,3.304,3.323,2627955,
2024-08-26,508058.SH,中金厦门安居REIT,B,3.316,3.366,3.288,3.302,2760607,
2024-08-27,508058.SH,中金厦门安居REIT,B,3.302,3.346,3.26,3.327,5004700,
2024-08-28,508058.SH,中金厦门安居REIT,B,3.327,3.362,3.303,3.333,7449320,
2024-08-29,508058.SH,中金厦门安居REIT,B,3.333,3.353,3.281,3.32,11316789,
2024-08-30,508058.SH,中金厦门安居REIT,B,3.297,3.337,3.284,3.314,6089237,
2024-09-02,508058.SH,中金厦门安居REIT,B,3.313,3.384,3.298,3.37,4530363,
2024-09-03,508058.SH,中金厦门安居REIT,B,3.356,3.39,3.32,3.364,3050311,
2024-09-04,508058.SH,中金厦门安居REIT,B,3.322,3.322,3.218,3.267,7575635,
2024-09-05,508058.SH,中金厦门安居REIT,B,3.25,3.31,3.226,3.299,3161240,
2024-09-06,508058.SH,中金厦门安居REIT,B,3.295,3.318,3.266,3.303,2714869,
2024-09-09,508058.SH,中金厦门安居REIT,B,3.296,3.326,3.274,3.302,2709654,
2024-09-10,508058.SH,中金厦门安居REIT,B,3.302,3.315,3.261,3.29,1828688,
2024-09-11,508058.SH,中金厦门安居REIT,B,3.276,3.3,3.261,3.289,2050626,
2024-09-12,508058.SH,中金厦门安居REIT,B,3.276,3.293,3.251,3.28,2118080,
2024-09-13,508058.SH,中金厦门安居REIT,B,3.28,3.302,3.26,3.277,2435709,
2024-09-18,508058.SH,中金厦门安居REIT,B,3.266,3.291,3.231,3.268,2470050,
2024-09-19,508058.SH,中金厦门安居REIT,B,3.265,3.269,3.203,3.244,2848810,
2024-09-20,508058.SH,中金厦门安居REIT,B,3.244,3.252,3.209,3.237,3037508,
2024-09-23,508058.SH,中金厦门安居REIT,B,3.236,3.246,3.203,3.226,2339607,
2024-09-24,508058.SH,中金厦门安居REIT,B,3.232,3.29,3.195,3.251,1963055,
2024-09-25,508058.SH,中金厦门安居REIT,B,3.24,3.349,3.221,3.275,1943651,
2024-09-26,508058.SH,中金厦门安居REIT,B,3.275,3.319,3.267,3.313,2660595,
2024-09-27,508058.SH,中金厦门安居REIT,B,3.313,3.367,3.266,3.271,1867547,
2024-09-30,508058.SH,中金厦门安居REIT,B,3.265,3.265,3.136,3.221,5830914,
2024-10-08,508058.SH,中金厦门安居REIT,B,3.19,3.24,3.16,3.183,3570740,
2024-10-09,508058.SH,中金厦门安居REIT,B,3.176,3.247,3.123,3.125,3111149,
2024-10-10,508058.SH,中金厦门安居REIT,B,3.12,3.14,3.061,3.105,3685766,
2024-10-11,508058.SH,中金厦门安居REIT,B,3.096,3.188,3.086,3.185,2919571,
2024-10-14,508058.SH,中金厦门安居REIT,B,3.185,3.246,3.153,3.183,2943692,
2024-10-15,508058.SH,中金厦门安居REIT,B,3.18,3.195,3.13,3.142,4049096,
2024-10-16,508058.SH,中金厦门安居REIT,B,3.14,3.144,3.112,3.121,2794672,
2024-10-17,508058.SH,中金厦门安居REIT,B,3.107,3.137,3.097,3.132,4054973,
2024-10-18,508058.SH,中金厦门安居REIT,B,3.116,3.168,3.116,3.147,2992448,
2024-10-21,508058.SH,中金厦门安居REIT,B,3.146,3.15,3.121,3.14,1758111,
2024-10-22,508058.SH,中金厦门安居REIT,B,3.14,3.14,3.115,3.133,3151245,
2024-10-23,508058.SH,中金厦门安居REIT,B,3.13,3.149,3.102,3.144,3209576,
2024-10-24,508058.SH,中金厦门安居REIT,B,3.153,3.153,3.122,3.14,2708601,
2024-10-25,508058.SH,中金厦门安居REIT,B,3.129,3.146,3.115,3.133,1108643,
2024-10-28,508058.SH,中金厦门安居REIT,B,3.133,3.145,3.111,3.136,1040886,
2024-10-29,508058.SH,中金厦门安居REIT,B,3.136,3.158,3.108,3.118,1814643,
2024-10-30,508058.SH,中金厦门安居REIT,B,3.118,3.124,3.069,3.118,1684221,
2024-10-31,508058.SH,中金厦门安居REIT,B,3.106,3.124,3.077,3.094,1601018,
2024-11-01,508058.SH,中金厦门安居REIT,B,3.095,3.129,3.066,3.112,1267859,
2024-11-04,508058.SH,中金厦门安居REIT,B,3.112,3.119,3.097,3.109,507556,
2024-11-05,508058.SH,中金厦门安居REIT,B,3.116,3.125,3.095,3.096,853804,
2024-11-06,508058.SH,中金厦门安居REIT,B,3.096,3.145,3.062,3.115,1059545,
2024-11-07,508058.SH,中金厦门安居REIT,B,3.106,3.128,3.098,3.12,1134605,
2024-11-08,508058.SH,中金厦门安居REIT,B,3.12,3.147,3.087,3.147,2760744,
2024-11-11,508058.SH,中金厦门安居REIT,B,3.147,3.215,3.131,3.203,2373075,
2024-11-12,508058.SH,中金厦门安居REIT,B,3.194,3.276,3.182,3.271,2876618,
2024-11-13,508058.SH,中金厦门安居REIT,B,3.274,3.288,3.246,3.28,3241518,
2024-11-14,508058.SH,中金厦门安居REIT,B,3.28,3.295,3.229,3.247,3823487,
2024-11-15,508058.SH,中金厦门安居REIT,B,3.244,3.26,3.217,3.23,3986760,
2024-11-18,508058.SH,中金厦门安居REIT,B,3.216,3.237,3.202,3.22,2148196,
2024-11-19,508058.SH,中金厦门安居REIT,B,3.22,3.234,3.205,3.214,2029044,
2024-11-20,508058.SH,中金厦门安居REIT,B,3.223,3.276,3.184,3.212,3928231,
2024-11-21,508058.SH,中金厦门安居REIT,B,3.206,3.24,3.176,3.222,2543445,
2024-11-22,508058.SH,中金厦门安居REIT,B,3.216,3.266,3.208,3.243,1731825,
2024-11-25,508058.SH,中金厦门安居REIT,B,3.243,3.256,3.201,3.246,1425811,
2024-11-26,508058.SH,中金厦门安居REIT,B,3.246,3.26,3.212,3.231,965226,
2024-11-27,508058.SH,中金厦门安居REIT,B,3.216,3.256,3.203,3.249,1067529,
2024-11-28,508058.SH,中金厦门安居REIT,B,3.249,3.261,3.23,3.259,1422880,
2024-11-29,508058.SH,中金厦门安居REIT,B,3.246,3.296,3.241,3.274,2717700,
2024-12-02,508058.SH,中金厦门安居REIT,B,3.256,3.3,3.241,3.273,2713853,
2024-12-03,508058.SH,中金厦门安居REIT,B,3.258,3.317,3.256,3.298,1863074,
2024-12-04,508058.SH,中金厦门安居REIT,B,3.306,3.314,3.28,3.298,2690734,
2024-12-05,508058.SH,中金厦门安居REIT,B,3.298,3.305,3.276,3.297,3989748,
2024-12-06,508058.SH,中金厦门安居REIT,B,3.292,3.308,3.281,3.293,5736523,
2024-12-09,508058.SH,中金厦门安居REIT,B,3.292,3.319,3.267,3.292,8849701,
2024-12-10,508058.SH,中金厦门安居REIT,B,3.289,3.466,3.289,3.427,10198559,
2024-12-11,508058.SH,中金厦门安居REIT,B,3.392,3.55,3.392,3.528,7682178,
2024-12-12,508058.SH,中金厦门安居REIT,B,3.491,3.574,3.461,3.512,6537705,
2024-12-13,508058.SH,中金厦门安居REIT,B,3.5,3.554,3.496,3.52,3219519,
2024-12-16,508058.SH,中金厦门安居REIT,B,3.51,3.7,3.51,3.687,2933605,
2024-12-17,508058.SH,中金厦门安居REIT,B,3.68,3.796,3.624,3.665,3820482,
2024-12-18,508058.SH,中金厦门安居REIT,B,3.678,3.748,3.58,3.653,5257742,
2024-12-19,508058.SH,中金厦门安居REIT,B,3.652,3.699,3.614,3.646,5973335,
2024-12-20,508058.SH,中金厦门安居REIT,B,3.659,3.709,3.614,3.679,6975375,
2024-12-23,508058.SH,中金厦门安居REIT,B,3.664,3.748,3.644,3.686,1919287,
2024-12-24,508058.SH,中金厦门安居REIT,B,3.699,3.719,3.637,3.669,7377883,
2024-12-25,508058.SH,中金厦门安居REIT,B,3.665,3.689,3.633,3.648,4610637,
2024-12-26,508058.SH,中金厦门安居REIT,B,3.64,3.665,3.61,3.649,1755112,
2024-12-27,508058.SH,中金厦门安居REIT,B,3.647,3.7,3.621,3.679,6357202,
2024-12-30,508058.SH,中金厦门安居REIT,B,3.674,3.715,3.647,3.702,4050108,
2024-12-31,508058.SH,中金厦门安居REIT,B,3.702,3.725,3.663,3.683,2327007,
2025-01-02,508058.SH,中金厦门安居REIT,B,3.686,3.792,3.658,3.786,2460558,
2025-01-03,508058.SH,中金厦门安居REIT,B,3.785,3.913,3.78,3.828,3429692,
2025-01-06,508058.SH,中金厦门安居REIT,B,3.809,3.865,3.788,3.839,3904057,
2025-01-07,508058.SH,中金厦门安居REIT,B,3.837,3.866,3.799,3.827,4939068,
2025-01-08,508058.SH,中金厦门安居REIT,B,3.826,3.906,3.794,3.864,3471490,
2025-01-09,508058.SH,中金厦门安居REIT,B,3.853,3.911,3.853,3.884,4013961,
2025-01-10,508058.SH,中金厦门安居REIT,B,3.884,3.938,3.826,3.89,6056535,
2025-01-13,508058.SH,中金厦门安居REIT,B,3.948,3.948,3.823,3.855,4037743,
2025-01-14,508058.SH,中金厦门安居REIT,B,3.839,3.859,3.722,3.803,7536225,
2025-01-15,508058.SH,中金厦门安居REIT,B,3.79,3.852,3.75,3.816,6898330,
2025-01-16,508058.SH,中金厦门安居REIT,B,3.81,3.886,3.8,3.852,6188421,
2025-01-17,508058.SH,中金厦门安居REIT,B,3.825,3.87,3.825,3.865,4308817,
2025-01-20,508058.SH,中金厦门安居REIT,B,3.854,3.944,3.815,3.92,3012685,
2025-01-21,508058.SH,中金厦门安居REIT,B,3.899,3.944,3.881,3.907,4426052,
2025-01-22,508058.SH,中金厦门安居REIT,B,3.907,3.957,3.869,3.916,2836007,
2025-01-23,508058.SH,中金厦门安居REIT,B,3.912,3.953,3.88,3.903,2377858,
2025-01-24,508058.SH,中金厦门安居REIT,B,3.913,3.918,3.86,3.881,4012114,
2025-01-27,508058.SH,中金厦门安居REIT,B,3.877,3.945,3.854,3.904,4446197,
2025-02-05,508058.SH,中金厦门安居REIT,B,3.904,3.95,3.854,3.95,5038729,
2025-02-06,508058.SH,中金厦门安居REIT,B,3.95,3.968,3.884,3.917,4783911,
2025-02-07,508058.SH,中金厦门安居REIT,B,3.914,3.936,3.883,3.892,4565686,
2025-02-10,508058.SH,中金厦门安居REIT,B,3.891,3.93,3.821,3.832,5260992,
2025-02-11,508058.SH,中金厦门安居REIT,B,3.823,3.913,3.802,3.849,9754570,
2025-02-12,508058.SH,中金厦门安居REIT,B,3.864,3.864,3.769,3.797,5666785,
2025-02-13,508058.SH,中金厦门安居REIT,B,3.798,3.815,3.701,3.77,6972439,
2025-02-14,508058.SH,中金厦门安居REIT,B,3.747,3.825,3.702,3.813,5023165,
2025-02-17,508058.SH,中金厦门安居REIT,B,3.783,3.879,3.783,3.838,6894981,
2025-02-18,508058.SH,中金厦门安居REIT,B,3.838,3.858,3.79,3.811,3773012,
2025-02-19,508058.SH,中金厦门安居REIT,B,3.809,3.824,3.771,3.785,5577686,
2025-02-20,508058.SH,中金厦门安居REIT,B,3.79,3.809,3.734,3.76,6836074,
2025-02-21,508058.SH,中金厦门安居REIT,B,3.767,3.82,3.718,3.799,14527183,
2025-02-24,508058.SH,中金厦门安居REIT,B,3.779,3.8,3.725,3.742,6996798,
2025-02-25,508058.SH,中金厦门安居REIT,B,3.741,3.762,3.695,3.715,7062941,
2025-02-26,508058.SH,中金厦门安居REIT,B,3.718,3.78,3.691,3.75,10036242,
2025-02-27,508058.SH,中金厦门安居REIT,B,3.738,3.799,3.731,3.75,4564233,
2025-02-28,508058.SH,中金厦门安居REIT,B,3.752,3.777,3.71,3.748,6337461,
2025-03-03,508058.SH,中金厦门安居REIT,B,3.75,3.83,3.731,3.809,8427161,
2025-03-04,508058.SH,中金厦门安居REIT,B,3.791,3.876,3.791,3.81,9607513,
2025-03-05,508058.SH,中金厦门安居REIT,B,3.794,3.853,3.777,3.8,6387251,
2025-03-06,508058.SH,中金厦门安居REIT,B,3.809,3.836,3.746,3.776,7948068,
2025-03-07,508058.SH,中金厦门安居REIT,B,3.76,3.784,3.73,3.756,7431078,
2025-03-10,508058.SH,中金厦门安居REIT,B,3.75,3.79,3.721,3.772,5206603,
2025-03-11,508058.SH,中金厦门安居REIT,B,3.768,3.78,3.714,3.736,3926604,
2025-03-12,508058.SH,中金厦门安居REIT,B,3.719,3.75,3.659,3.736,8566510,
2025-03-13,508058.SH,中金厦门安居REIT,B,3.705,3.763,3.675,3.755,4938971,
2025-03-14,508058.SH,中金厦门安居REIT,B,3.741,3.878,3.708,3.793,12685677,
2025-03-17,508058.SH,中金厦门安居REIT,B,3.772,3.809,3.743,3.789,2681180,
2025-03-18,508058.SH,中金厦门安居REIT,B,3.773,3.81,3.755,3.787,4882228,
2025-03-19,508058.SH,中金厦门安居REIT,B,3.773,3.861,3.769,3.815,4352801,
2025-03-20,508058.SH,中金厦门安居REIT,B,3.824,3.848,3.789,3.816,4424449,
2025-03-21,508058.SH,中金厦门安居REIT,B,3.818,3.867,3.787,3.848,4910575,
2025-03-24,508058.SH,中金厦门安居REIT,B,3.829,3.898,3.828,3.849,4429938,
2025-03-25,508058.SH,中金厦门安居REIT,B,3.848,3.911,3.831,3.903,7259027,
2025-03-26,508058.SH,中金厦门安居REIT,B,3.886,3.909,3.851,3.883,4131180,
2025-03-27,508058.SH,中金厦门安居REIT,B,3.874,3.9,3.853,3.883,5299966,
2025-03-28,508058.SH,中金厦门安居REIT,B,3.9,4.0,3.87,3.902,8121907,
2025-03-31,508058.SH,中金厦门安居REIT,B,3.885,3.959,3.885,3.899,4378385,
2025-04-01,508058.SH,中金厦门安居REIT,B,3.914,3.918,3.876,3.892,5105090,
2025-04-02,508058.SH,中金厦门安居REIT,B,3.841,3.881,3.803,3.875,6751607,
2025-04-03,508058.SH,中金厦门安居REIT,B,3.888,3.99,3.887,3.965,5543042,
2025-04-07,508058.SH,中金厦门安居REIT,B,3.965,4.308,3.965,4.03,5726442,
2025-04-08,508058.SH,中金厦门安居REIT,B,4.013,4.069,3.954,4.02,5504266,
2025-04-09,508058.SH,中金厦门安居REIT,B,4.02,4.045,3.901,3.934,5662289,
2025-04-10,508058.SH,中金厦门安居REIT,B,3.921,3.961,3.87,3.917,4212007,
2025-04-11,508058.SH,中金厦门安居REIT,B,3.893,3.956,3.892,3.922,4449527,
2025-04-14,508058.SH,中金厦门安居REIT,B,3.924,3.95,3.89,3.934,4140708,
2025-04-15,508058.SH,中金厦门安居REIT,B,3.915,3.985,3.906,3.98,4993665,
2025-04-16,508058.SH,中金厦门安居REIT,B,3.98,3.989,3.938,3.987,4767561,
2025-04-17,508058.SH,中金厦门安居REIT,B,3.975,4.035,3.953,3.965,4800618,
2025-04-18,508058.SH,中金厦门安居REIT,B,3.965,3.994,3.935,3.97,4522948,
2025-04-21,508058.SH,中金厦门安居REIT,B,3.97,4.004,3.909,3.939,4873281,
2025-04-22,508058.SH,中金厦门安居REIT,B,3.939,3.978,3.907,3.954,6963731,
2025-04-23,508058.SH,中金厦门安居REIT,B,3.973,3.973,3.93,3.95,2727256,
2025-04-24,508058.SH,中金厦门安居REIT,B,3.946,3.96,3.913,3.946,2205324,
2025-04-25,508058.SH,中金厦门安居REIT,B,3.943,3.979,3.907,3.957,4539695,
2025-04-28,508058.SH,中金厦门安居REIT,B,3.955,3.975,3.926,3.946,2841035,
2025-04-29,508058.SH,中金厦门安居REIT,B,3.955,4.012,3.927,4.003,7949487,
2025-04-30,508058.SH,中金厦门安居REIT,B,4.004,4.049,3.982,4.048,8166406,
2025-05-06,508058.SH,中金厦门安居REIT,B,4.048,4.132,4.012,4.118,2602376,
2025-05-07,508058.SH,中金厦门安居REIT,B,4.084,4.176,4.084,4.17,4103082,
2025-05-08,508058.SH,中金厦门安居REIT,B,4.16,4.213,4.131,4.201,3991716,
2025-05-09,508058.SH,中金厦门安居REIT,B,4.199,4.238,4.17,4.189,3395342,
2025-05-12,508058.SH,中金厦门安居REIT,B,4.179,4.306,4.156,4.28,4738745,
2025-05-13,508058.SH,中金厦门安居REIT,B,4.279,4.369,4.246,4.338,4187740,
2025-05-14,508058.SH,中金厦门安居REIT,B,4.323,4.425,4.303,4.419,2167819,
2025-05-15,508058.SH,中金厦门安居REIT,B,4.423,4.473,4.292,4.338,3899219,
2025-05-16,508058.SH,中金厦门安居REIT,B,4.324,4.46,4.25,4.442,4606049,
2025-05-20,508058.SH,中金厦门安居REIT,B,4.428,4.522,4.37,4.515,3957220,
2025-05-21,508058.SH,中金厦门安居REIT,B,4.501,4.55,4.451,4.529,2685150,
2025-05-22,508058.SH,中金厦门安居REIT,B,4.529,4.574,4.415,4.429,3077163,
2025-05-23,508058.SH,中金厦门安居REIT,B,4.42,4.456,4.38,4.44,3202219,
2025-05-26,508058.SH,中金厦门安居REIT,B,4.436,4.466,4.422,4.463,2737583,
2025-05-27,508058.SH,中金厦门安居REIT,B,4.463,4.517,4.428,4.509,1894759,
2025-05-28,508058.SH,中金厦门安居REIT,B,4.499,4.545,4.47,4.505,2893433,
2025-05-29,508058.SH,中金厦门安居REIT,B,4.495,4.519,4.473,4.499,2313304,
2025-05-30,508058.SH,中金厦门安居REIT,B,4.5,4.539,4.46,4.495,1792121,
2025-06-03,508058.SH,中金厦门安居REIT,B,4.505,4.511,4.459,4.494,1605848,
2025-06-04,508058.SH,中金厦门安居REIT,B,4.5,4.548,4.467,4.491,1684645,
2025-06-05,508058.SH,中金厦门安居REIT,B,4.493,4.533,4.458,4.506,2750675,
2025-06-06,508058.SH,中金厦门安居REIT,B,4.5,4.548,4.478,4.509,3309739,
2025-06-09,508058.SH,中金厦门安居REIT,B,4.519,4.53,4.444,4.494,3341421,
2025-06-10,508058.SH,中金厦门安居REIT,B,4.48,4.519,4.45,4.496,1655928,
2025-06-11,508058.SH,中金厦门安居REIT,B,4.496,4.526,4.471,4.489,3712614,
2025-06-12,508058.SH,中金厦门安居REIT,B,4.489,4.521,4.454,4.5,3708457,
2025-06-13,508058.SH,中金厦门安居REIT,B,4.495,4.631,4.472,4.614,2715999,
2025-06-16,508058.SH,中金厦门安居REIT,B,4.614,4.664,4.568,4.659,4177209,
2025-06-17,508058.SH,中金厦门安居REIT,B,4.649,4.834,4.649,4.799,3786919,
2025-06-18,508058.SH,中金厦门安居REIT,B,4.789,5.0,4.775,5.0,1674156,
2025-06-19,508058.SH,中金厦门安居REIT,B,5.014,5.034,4.98,5.008,3306218,
2025-06-20,508058.SH,中金厦门安居REIT,B,5.008,5.027,4.94,4.97,3556683,
2025-06-23,508058.SH,中金厦门安居REIT,B,4.954,5.016,4.92,4.942,2352746,
2025-06-24,508058.SH,中金厦门安居REIT,B,4.934,4.95,4.77,4.879,5924801,
2025-06-25,508058.SH,中金厦门安居REIT,B,4.859,4.9,4.781,4.839,2481186,
2025-06-26,508058.SH,中金厦门安居REIT,B,4.833,4.88,4.789,4.821,2857206,
2025-06-27,508058.SH,中金厦门安居REIT,B,4.833,4.881,4.782,4.858,3802918,
2025-06-30,508058.SH,中金厦门安居REIT,B,4.844,4.884,4.806,4.842,1428529,
2025-07-01,508058.SH,中金厦门安居REIT,B,4.856,4.856,4.8,4.85,2626837,
2025-07-02,508058.SH,中金厦门安居REIT,B,4.85,4.953,4.812,4.949,4117650,
2025-07-03,508058.SH,中金厦门安居REIT,B,4.938,4.99,4.917,4.937,2318252,
2025-07-04,508058.SH,中金厦门安居REIT,B,4.933,4.959,4.898,4.927,2962000,
2025-07-07,508058.SH,中金厦门安居REIT,B,4.925,4.943,4.879,4.89,1872587,
2025-07-08,508058.SH,中金厦门安居REIT,B,4.884,4.889,4.813,4.834,3498026,
2025-07-09,508058.SH,中金厦门安居REIT,B,4.82,4.863,4.667,4.739,4208859,
2025-07-10,508058.SH,中金厦门安居REIT,B,4.724,4.759,4.669,4.702,3484636,
2025-07-11,508058.SH,中金厦门安居REIT,B,4.688,4.733,4.622,4.708,7097794,
2025-07-14,508058.SH,中金厦门安居REIT,B,4.712,4.723,4.666,4.704,3115360,
2025-07-15,508058.SH,中金厦门安居REIT,B,4.69,4.77,4.686,4.745,4821194,
2025-07-16,508058.SH,中金厦门安居REIT,B,4.757,4.786,4.731,4.741,3198514,
2025-07-17,508058.SH,中金厦门安居REIT,B,4.731,4.755,4.711,4.737,5564823,
2025-07-18,508058.SH,中金厦门安居REIT,B,4.716,4.73,4.701,4.709,3038085,
2025-07-21,508058.SH,中金厦门安居REIT,B,4.705,4.755,4.647,4.67,2116887,
2025-07-22,508058.SH,中金厦门安居REIT,B,4.669,4.697,4.594,4.599,2774509,
2025-07-23,508058.SH,中金厦门安居REIT,B,4.597,4.628,4.483,4.598,4078477,
2025-07-24,508058.SH,中金厦门安居REIT,B,4.59,4.626,4.524,4.598,2005285,
2025-07-25,508058.SH,中金厦门安居REIT,B,4.593,4.61,4.547,4.568,3129241,
2025-07-28,508058.SH,中金厦门安居REIT,B,4.554,4.608,4.522,4.585,2351971,
2025-07-29,508058.SH,中金厦门安居REIT,B,4.571,4.603,4.534,4.546,2635120,
2025-07-30,508058.SH,中金厦门安居REIT,B,4.554,4.601,4.508,4.595,4376831,
2025-07-31,508058.SH,中金厦门安居REIT,B,4.595,4.69,4.558,4.69,3142349,
2025-08-01,508058.SH,中金厦门安居REIT,B,4.676,4.788,4.661,4.751,2393685,
2025-08-04,508058.SH,中金厦门安居REIT,B,4.757,4.776,4.657,4.718,4121455,
2025-08-05,508058.SH,中金厦门安居REIT,B,4.704,4.746,4.68,4.742,3126724,
2025-08-06,508058.SH,中金厦门安居REIT,B,4.75,4.756,4.686,4.737,1619328,
2025-08-07,508058.SH,中金厦门安居REIT,B,4.723,4.792,4.707,4.749,2792288,
2025-08-08,508058.SH,中金厦门安居REIT,B,4.744,4.773,4.685,4.692,5419032,
2025-08-11,508058.SH,中金厦门安居REIT,B,4.683,4.711,4.617,4.619,3923400,
2025-08-12,508058.SH,中金厦门安居REIT,B,4.615,4.642,4.558,4.602,3105506,
2025-08-13,508058.SH,中金厦门安居REIT,B,4.616,4.616,4.542,4.554,5320171,
2025-08-14,508058.SH,中金厦门安居REIT,B,4.541,4.567,4.52,4.521,7211036,
2025-08-15,508058.SH,中金厦门安居REIT,B,4.525,4.534,4.466,4.478,3207703,
2025-08-18,508058.SH,中金厦门安居REIT,B,4.467,4.467,4.285,4.3,6159780,
2025-08-19,508058.SH,中金厦门安居REIT,B,4.278,4.339,4.172,4.192,6706915,
2025-08-20,508058.SH,中金厦门安居REIT,B,4.184,4.255,4.177,4.196,5067066,
2025-08-21,508058.SH,中金厦门安居REIT,B,4.212,4.228,4.168,4.218,4302984,
2025-08-22,508058.SH,中金厦门安居REIT,B,4.23,4.243,4.17,4.197,3452105,
2025-08-25,508058.SH,中金厦门安居REIT,B,4.187,4.222,4.15,4.211,5429754,
2025-08-26,508058.SH,中金厦门安居REIT,B,4.222,4.39,4.177,4.371,6066752,
2025-08-27,508058.SH,中金厦门安居REIT,B,4.384,4.434,4.35,4.389,3269030,
2025-08-28,508058.SH,中金厦门安居REIT,B,4.389,4.445,4.349,4.397,4106042,
2025-08-29,508058.SH,中金厦门安居REIT,B,4.382,4.426,4.337,4.356,3551120,
2025-09-01,508058.SH,中金厦门安居REIT,B,4.336,4.386,4.31,4.339,2475450,
2025-09-02,508058.SH,中金厦门安居REIT,B,4.338,4.385,4.301,4.38,2783535,
2025-09-03,508058.SH,中金厦门安居REIT,B,4.321,4.37,4.251,4.332,5817770,
2025-09-04,508058.SH,中金厦门安居REIT,B,4.324,4.504,4.292,4.425,4077502,
2025-09-05,508058.SH,中金厦门安居REIT,B,4.415,4.449,4.334,4.374,5404031,
2025-09-08,508058.SH,中金厦门安居REIT,B,4.374,4.383,4.325,4.368,2783196,
2025-09-09,508058.SH,中金厦门安居REIT,B,4.368,4.399,4.33,4.386,1977491,
2025-09-10,508058.SH,中金厦门安居REIT,B,4.372,4.402,4.351,4.386,3642326,
2025-09-11,508058.SH,中金厦门安居REIT,B,4.38,4.39,4.336,4.368,2888402,
2025-09-12,508058.SH,中金厦门安居REIT,B,4.354,4.395,4.323,4.379,3642243,
2025-09-15,508058.SH,中金厦门安居REIT,B,4.369,4.397,4.349,4.371,2298048,
2025-09-16,508058.SH,中金厦门安居REIT,B,4.371,4.381,4.304,4.333,4651623,
2025-09-17,508058.SH,中金厦门安居REIT,B,4.323,4.339,4.293,4.315,3344555,
2025-09-18,508058.SH,中金厦门安居REIT,B,4.307,4.35,4.272,4.348,3565209,
2025-09-19,508058.SH,中金厦门安居REIT,B,4.334,4.372,4.306,4.358,3920699,
2025-09-22,508058.SH,中金厦门安居REIT,B,4.352,4.369,4.321,4.347,2029342,
2025-09-23,508058.SH,中金厦门安居REIT,B,4.338,4.362,4.307,4.346,3621999,
2025-09-24,508058.SH,中金厦门安居REIT,B,4.333,4.35,4.306,4.341,3351149,
2025-09-25,508058.SH,中金厦门安居REIT,B,4.329,4.348,4.295,4.3,3006524,
2025-09-26,508058.SH,中金厦门安居REIT,B,4.286,4.33,4.28,4.297,1828985,
2025-09-29,508058.SH,中金厦门安居REIT,B,4.292,4.308,4.256,4.297,1807579,
2025-09-30,508058.SH,中金厦门安居REIT,B,4.304,4.306,4.255,4.276,1538004,
2025-10-09,508058.SH,中金厦门安居REIT,B,4.258,4.279,4.217,4.257,1791066,
2025-10-10,508058.SH,中金厦门安居REIT,B,4.254,4.262,4.213,4.25,1511683,
2025-10-13,508058.SH,中金厦门安居REIT,B,4.25,4.296,4.219,4.268,4176626,
2025-10-14,508058.SH,中金厦门安居REIT,B,4.266,4.278,4.227,4.26,2779674,
2025-10-15,508058.SH,中金厦门安居REIT,B,4.26,4.286,4.221,4.232,1464868,
2025-10-16,508058.SH,中金厦门安居REIT,B,4.219,4.241,4.184,4.218,4074213,
2025-10-17,508058.SH,中金厦门安居REIT,B,4.205,4.239,4.131,4.174,4506508,
2025-10-20,508058.SH,中金厦门安居REIT,B,4.158,4.202,4.048,4.07,3635734,
2025-10-21,508058.SH,中金厦门安居REIT,B,4.051,4.078,4.007,4.067,5712795,
2025-10-22,508058.SH,中金厦门安居REIT,B,4.06,4.102,4.025,4.089,4604113,
2025-10-23,508058.SH,中金厦门安居REIT,B,4.088,4.125,4.04,4.107,4588147,
2025-10-24,508058.SH,中金厦门安居REIT,B,4.103,4.2,4.067,4.18,3888820,
2025-10-27,508058.SH,中金厦门安居REIT,B,4.166,4.221,4.113,4.173,4356463,
2025-10-28,508058.SH,中金厦门安居REIT,B,4.17,4.312,4.15,4.285,8428691,
2025-10-29,508058.SH,中金厦门安居REIT,B,4.285,4.33,4.255,4.31,5229906,
2025-10-30,508058.SH,中金厦门安居REIT,B,4.297,4.336,4.275,4.328,3533743,
2025-10-31,508058.SH,中金厦门安居REIT,B,4.323,4.35,4.286,4.323,5885848,
2025-11-03,508058.SH,中金厦门安居REIT,B,4.311,4.354,4.258,4.3,5487901,
2025-11-04,508058.SH,中金厦门安居REIT,B,4.288,4.306,4.196,4.249,3320077,
2025-11-05,508058.SH,中金厦门安居REIT,B,4.229,4.25,4.18,4.205,4062238,
2025-11-06,508058.SH,中金厦门安居REIT,B,4.198,4.211,4.18,4.189,3700119,
2025-11-07,508058.SH,中金厦门安居REIT,B,4.185,4.258,4.155,4.255,3980137,
2025-11-10,508058.SH,中金厦门安居REIT,B,4.244,4.339,4.222,4.335,3794958,
2025-11-11,508058.SH,中金厦门安居REIT,B,4.319,4.357,4.31,4.341,3528980,
2025-11-12,508058.SH,中金厦门安居REIT,B,4.349,4.349,4.29,4.293,2746100,
2025-11-13,508058.SH,中金厦门安居REIT,B,4.286,4.313,4.25,4.267,1255153,
2025-11-14,508058.SH,中金厦门安居REIT,B,4.253,4.3,4.221,4.266,3405752,
2025-11-17,508058.SH,中金厦门安居REIT,B,4.277,4.296,4.235,4.271,2655187,
2025-11-18,508058.SH,中金厦门安居REIT,B,4.262,4.284,4.222,4.271,3277044,
2025-11-19,508058.SH,中金厦门安居REIT,B,4.262,4.272,4.243,4.257,2937694,
2025-11-20,508058.SH,中金厦门安居REIT,B,4.265,4.27,4.211,4.252,2892640,
2025-11-21,508058.SH,中金厦门安居REIT,B,4.256,4.256,4.118,4.164,4951197,
2025-11-24,508058.SH,中金厦门安居REIT,B,4.152,4.182,4.137,4.15,5659614,
2025-11-25,508058.SH,中金厦门安居REIT,B,4.146,4.166,4.11,4.161,6969629,
2025-11-26,508058.SH,中金厦门安居REIT,B,4.172,4.253,4.146,4.244,6200302,
2025-11-27,508058.SH,中金厦门安居REIT,B,4.244,4.292,4.196,4.279,3853683,
2025-11-28,508058.SH,中金厦门安居REIT,B,4.272,4.32,4.225,4.316,3695773,
2025-12-01,508058.SH,中金厦门安居REIT,B,4.305,4.319,4.261,4.311,3320880,
2025-12-02,508058.SH,中金厦门安居REIT,B,4.303,4.316,4.263,4.28,973801,
2025-12-03,508058.SH,中金厦门安居REIT,B,4.267,4.32,4.239,4.299,3477417,
2025-12-04,508058.SH,中金厦门安居REIT,B,4.285,4.311,4.246,4.284,1335055,
2025-12-05,508058.SH,中金厦门安居REIT,B,4.275,4.294,4.244,4.279,1717081,
2025-12-08,508058.SH,中金厦门安居REIT,B,4.269,4.295,4.214,4.26,1633327,
2025-12-09,508058.SH,中金厦门安居REIT,B,4.25,4.283,4.208,4.262,1424429,
2025-12-10,508058.SH,中金厦门安居REIT,B,4.248,4.316,4.202,4.307,2871332,
2025-12-11,508058.SH,中金厦门安居REIT,B,4.31,4.32,4.253,4.286,2152765,
2025-12-12,508058.SH,中金厦门安居REIT,B,4.293,4.312,4.254,4.305,2639721,
2025-12-15,508058.SH,中金厦门安居REIT,B,4.294,4.325,4.22,4.287,1978609,
2025-12-16,508058.SH,中金厦门安居REIT,B,4.267,4.284,4.23,4.257,2976736,
2025-12-17,508058.SH,中金厦门安居REIT,B,4.246,4.265,4.213,4.249,1701672,
2025-12-18,508058.SH,中金厦门安居REIT,B,4.238,4.254,4.174,4.234,1647563,
2025-12-19,508058.SH,中金厦门安居REIT,B,4.223,4.237,4.144,4.202,1314137,
2025-12-22,508058.SH,中金厦门安居REIT,B,4.192,4.25,4.165,4.241,1270383,
2025-12-23,508058.SH,中金厦门安居REIT,B,4.237,4.263,4.189,4.238,1723532,
2025-12-24,508058.SH,中金厦门安居REIT,B,4.22,4.33,4.184,4.329,2612707,
2025-12-25,508058.SH,中金厦门安居REIT,B,4.316,4.382,4.281,4.343,2312571,
2025-12-26,508058.SH,中金厦门安居REIT,B,4.331,4.343,4.294,4.323,1360494,
2025-12-29,508058.SH,中金厦门安居REIT,B,4.312,4.328,4.25,4.28,1070154,
2025-12-30,508058.SH,中金厦门安居REIT,B,4.268,4.293,4.202,4.249,1045348,
2025-12-31,508058.SH,中金厦门安居REIT,B,4.237,4.271,4.2,4.261,1085967,
2026-01-05,508058.SH,中金厦门安居REIT,B,4.25,4.273,4.21,4.24,1491446,
2026-01-06,508058.SH,中金厦门安居REIT,B,4.229,4.294,4.201,4.292,2357691,
2026-01-07,508058.SH,中金厦门安居REIT,B,4.278,4.341,4.252,4.323,1578678,
2026-01-08,508058.SH,中金厦门安居REIT,B,4.319,4.409,4.301,4.345,3551631,
2026-01-09,508058.SH,中金厦门安居REIT,B,4.334,4.356,4.297,4.311,1813302,
2026-01-12,508058.SH,中金厦门安居REIT,B,4.301,4.343,4.247,4.304,1470675,
2026-01-13,508058.SH,中金厦门安居REIT,B,4.29,4.323,4.233,4.296,1686162,
2026-01-14,508058.SH,中金厦门安居REIT,B,4.276,4.294,4.226,4.249,1105593,
2026-01-15,508058.SH,中金厦门安居REIT,B,4.244,4.257,4.208,4.256,1055570,
2026-01-16,508058.SH,中金厦门安居REIT,B,4.244,4.269,4.214,4.264,1361228,
2026-01-19,508058.SH,中金厦门安居REIT,B,4.26,4.293,4.24,4.243,1336979,
2026-01-20,508058.SH,中金厦门安居REIT,B,4.241,4.302,4.211,4.282,1259017,
2026-01-21,508058.SH,中金厦门安居REIT,B,4.27,4.337,4.234,4.327,1803920,
2026-01-22,508058.SH,中金厦门安居REIT,B,4.315,4.397,4.276,4.329,2938489,
2026-01-23,508058.SH,中金厦门安居REIT,B,4.314,4.367,4.3,4.318,2176855,
2026-01-26,508058.SH,中金厦门安居REIT,B,4.309,4.322,4.262,4.268,759200,
2026-01-27,508058.SH,中金厦门安居REIT,B,4.268,4.284,4.231,4.274,1198742,
2026-01-28,508058.SH,中金厦门安居REIT,B,4.262,4.299,4.242,4.288,1293492,
2026-01-29,508058.SH,中金厦门安居REIT,B,4.295,4.354,4.26,4.347,1847264,
2026-01-30,508058.SH,中金厦门安居REIT,B,4.356,4.36,4.301,4.318,1324013,
2026-02-02,508058.SH,中金厦门安居REIT,B,4.323,4.328,4.259,4.278,1126855,
2026-02-03,508058.SH,中金厦门安居REIT,B,4.266,4.31,4.247,4.29,1389414,
2026-02-04,508058.SH,中金厦门安居REIT,B,4.295,4.32,4.262,4.302,1750768,
2026-02-05,508058.SH,中金厦门安居REIT,B,4.302,4.323,4.257,4.277,601109,
2026-02-06,508058.SH,中金厦门安居REIT,B,4.265,4.283,4.214,4.236,1389627,
2026-02-09,508058.SH,中金厦门安居REIT,B,4.24,4.259,4.192,4.197,2393551,
2026-02-10,508058.SH,中金厦门安居REIT,B,4.192,4.216,4.173,4.205,1433106,
2026-02-11,508058.SH,中金厦门安居REIT,B,4.205,4.267,4.191,4.226,2008324,
2026-02-12,508058.SH,中金厦门安居REIT,B,4.235,4.244,4.202,4.24,1741354,
2026-02-13,508058.SH,中金厦门安居REIT,B,4.247,4.289,4.226,4.27,1544790,
2026-02-24,508058.SH,中金厦门安居REIT,B,4.279,4.28,4.224,4.225,723103,
2026-02-25,508058.SH,中金厦门安居REIT,B,4.218,4.24,4.201,4.22,1818284,
2026-02-26,508058.SH,中金厦门安居REIT,B,4.212,4.24,4.175,4.195,1409649,
2026-02-27,508058.SH,中金厦门安居REIT,B,4.184,4.2,4.115,4.134,4754755,
2026-03-02,508058.SH,中金厦门安居REIT,B,4.131,4.146,4.049,4.082,6287379,
2026-03-03,508058.SH,中金厦门安居REIT,B,4.063,4.122,4.063,4.098,4148566,
2026-03-04,508058.SH,中金厦门安居REIT,B,4.101,4.114,4.053,4.111,2774354,
2026-03-05,508058.SH,中金厦门安居REIT,B,4.112,4.129,4.083,4.122,1312034,
2026-03-06,508058.SH,中金厦门安居REIT,B,4.122,4.124,4.098,4.1,1225805,
2026-03-09,508058.SH,中金厦门安居REIT,B,4.098,4.102,4.025,4.057,2921846,
2026-03-10,508058.SH,中金厦门安居REIT,B,4.045,4.129,4.045,4.092,2104822,
2026-03-11,508058.SH,中金厦门安居REIT,B,4.096,4.132,4.029,4.12,2134753,
2026-03-12,508058.SH,中金厦门安居REIT,B,4.12,4.144,4.058,4.07,1256611,
2026-03-13,508058.SH,中金厦门安居REIT,B,4.07,4.08,4.035,4.073,2580313,
2026-03-16,508058.SH,中金厦门安居REIT,B,4.074,4.106,4.016,4.033,1511579,
2026-03-17,508058.SH,中金厦门安居REIT,B,4.038,4.089,4.004,4.089,1561298,
2026-03-18,508058.SH,中金厦门安居REIT,B,4.089,4.146,4.056,4.133,1832353,
2026-03-19,508058.SH,中金厦门安居REIT,B,4.131,4.174,4.101,4.165,2304175,
2026-03-20,508058.SH,中金厦门安居REIT,B,4.156,4.185,4.128,4.17,1444656,
2026-03-23,508058.SH,中金厦门安居REIT,B,4.181,4.188,4.106,4.12,1211106,
2026-03-24,508058.SH,中金厦门安居REIT,B,4.116,4.18,4.063,4.172,936803,
2026-03-25,508058.SH,中金厦门安居REIT,B,4.174,4.195,4.13,4.188,1108946,
2026-03-26,508058.SH,中金厦门安居REIT,B,4.176,4.2,4.121,4.148,1001121,
2026-03-27,508058.SH,中金厦门安居REIT,B,4.144,4.166,4.101,4.149,986485,
2026-03-30,508058.SH,中金厦门安居REIT,B,4.143,4.175,4.112,4.136,859608,
2026-03-31,508058.SH,中金厦门安居REIT,B,4.122,4.151,4.053,4.092,1156900,
2026-04-01,508058.SH,中金厦门安居REIT,B,4.087,4.099,4.052,4.08,1124101,
2026-04-02,508058.SH,中金厦门安居REIT,B,4.08,4.1,4.058,4.068,1295956,
2026-04-03,508058.SH,中金厦门安居REIT,B,4.068,4.085,4.011,4.066,2618738,
2026-04-07,508058.SH,中金厦门安居REIT,B,4.056,4.107,4.052,4.08,2946229,
2026-04-08,508058.SH,中金厦门安居REIT,B,4.032,4.1,4.009,4.084,3016963,
2026-04-09,508058.SH,中金厦门安居REIT,B,4.084,4.086,4.038,4.048,1670992,
2026-04-10,508058.SH,中金厦门安居REIT,B,4.052,4.065,4.024,4.044,729242,
2026-04-13,508058.SH,中金厦门安居REIT,B,4.045,4.053,4.012,4.042,1498874,
2026-04-14,508058.SH,中金厦门安居REIT,B,4.042,4.132,4.018,4.095,3054820,
2026-04-15,508058.SH,中金厦门安居REIT,B,4.1,4.115,4.065,4.08,3314503,
2026-04-16,508058.SH,中金厦门安居REIT,B,4.084,4.127,4.062,4.093,3033857,
2026-04-17,508058.SH,中金厦门安居REIT,B,4.081,4.134,4.079,4.117,846384,
2026-04-20,508058.SH,中金厦门安居REIT,B,4.117,4.153,4.096,4.103,2271313,
2026-04-21,508058.SH,中金厦门安居REIT,B,4.099,4.121,4.066,4.074,1949400,
2026-04-22,508058.SH,中金厦门安居REIT,B,4.074,4.15,4.065,4.082,4600067,
2026-04-23,508058.SH,中金厦门安居REIT,B,4.083,4.092,4.057,4.062,2435178,
2026-04-27,508058.SH,中金厦门安居REIT,B,4.062,4.074,3.986,4.023,4467955,
2026-04-28,508058.SH,中金厦门安居REIT,B,4.016,4.039,3.983,4.001,2345762,
2026-04-29,508058.SH,中金厦门安居REIT,B,4.001,4.028,3.984,3.987,2050639,
2026-04-30,508058.SH,中金厦门安居REIT,B,3.995,4.007,3.944,3.97,2869046,
2026-05-06,508058.SH,中金厦门安居REIT,B,3.966,3.998,3.92,3.946,2606063,
2026-05-07,508058.SH,中金厦门安居REIT,B,3.955,3.964,3.92,3.962,1843226,
2026-05-08,508058.SH,中金厦门安居REIT,B,3.956,4.0,3.936,3.999,1929843,
2026-05-11,508058.SH,中金厦门安居REIT,B,3.999,4.023,3.977,4.001,2668302,
2026-05-12,508058.SH,中金厦门安居REIT,B,4.001,4.001,3.966,3.979,987814,
2026-05-13,508058.SH,中金厦门安居REIT,B,3.98,3.99,3.899,3.92,3320406,
2026-05-14,508058.SH,中金厦门安居REIT,B,3.92,3.926,3.872,3.9,2061250,
2026-05-15,508058.SH,中金厦门安居REIT,B,3.9,3.922,3.842,3.907,2109007,
2026-05-18,508058.SH,中金厦门安居REIT,B,3.907,3.915,3.864,3.905,4385402,
2026-05-19,508058.SH,中金厦门安居REIT,B,3.91,3.977,3.908,3.955,4673771,
2026-05-20,508058.SH,中金厦门安居REIT,B,3.948,4.036,3.926,3.959,3005275,
2026-05-21,508058.SH,中金厦门安居REIT,B,3.951,3.966,3.911,3.952,1439034,
2026-05-22,508058.SH,中金厦门安居REIT,B,3.952,3.953,3.912,3.952,1502100,
2026-05-25,508058.SH,中金厦门安居REIT,B,3.94,3.96,3.889,3.928,1492342,
2026-05-26,508058.SH,中金厦门安居REIT,B,3.931,3.939,3.89,3.924,2606877,
2026-05-27,508058.SH,中金厦门安居REIT,B,3.924,3.924,3.85,3.92,1586008,
2026-05-28,508058.SH,中金厦门安居REIT,B,3.909,3.918,3.85,3.9,2409608,
2026-05-29,508058.SH,中金厦门安居REIT,B,3.89,3.925,3.833,3.921,1406271,
2026-06-01,508058.SH,中金厦门安居REIT,B,3.907,3.951,3.887,3.945,2833694,
2026-06-02,508058.SH,中金厦门安居REIT,B,3.945,3.945,3.894,3.914,1803308,
2026-06-03,508058.SH,中金厦门安居REIT,B,3.908,3.928,3.894,3.926,2023743,
2026-06-04,508058.SH,中金厦门安居REIT,B,3.928,3.944,3.914,3.938,1997790,
2026-06-05,508058.SH,中金厦门安居REIT,B,3.948,3.952,3.906,3.942,1293201,
2026-06-08,508058.SH,中金厦门安居REIT,B,3.942,3.953,3.934,3.945,1490991,
2026-06-09,508058.SH,中金厦门安居REIT,B,3.954,3.954,3.917,3.941,1417913,
2026-06-10,508058.SH,中金厦门安居REIT,B,3.94,3.95,3.882,3.894,2179096,
2026-06-11,508058.SH,中金厦门安居REIT,B,3.904,3.904,3.868,3.874,992903,
2026-06-12,508058.SH,中金厦门安居REIT,B,3.88,3.894,3.847,3.889,1087179,
2026-06-15,508058.SH,中金厦门安居REIT,B,3.889,3.891,3.878,3.887,554468,
2026-06-16,508058.SH,中金厦门安居REIT,B,3.89,3.89,3.872,3.885,177655,
2026-06-17,508058.SH,中金厦门安居REIT,B,3.891,3.892,3.871,3.891,160022,
2026-06-18,508058.SH,中金厦门安居REIT,B,3.877,3.906,3.823,3.86,2603941,
2026-06-22,508058.SH,中金厦门安居REIT,B,3.857,3.876,3.738,3.759,6570107,
2026-06-23,508058.SH,中金厦门安居REIT,B,3.742,3.777,3.741,3.758,3499316,
2026-06-24,508058.SH,中金厦门安居REIT,B,3.758,3.778,3.723,3.758,2538122,
2026-06-25,508058.SH,中金厦门安居REIT,B,3.77,3.803,3.727,3.79,1778358,
2026-06-26,508058.SH,中金厦门安居REIT,B,3.793,3.812,3.758,3.766,1612597,
2026-06-29,508058.SH,中金厦门安居REIT,B,3.77,3.855,3.738,3.847,998464,
2026-06-30,508058.SH,中金厦门安居REIT,B,3.847,3.911,3.836,3.897,1467387,
2026-07-01,508058.SH,中金厦门安居REIT,B,3.911,4.036,3.867,3.899,1338340,
2026-07-02,508058.SH,中金厦门安居REIT,B,3.891,3.924,3.854,3.896,986125,
2026-07-03,508058.SH,中金厦门安居REIT,B,3.886,3.923,3.871,3.917,1251323,
2026-07-06,508058.SH,中金厦门安居REIT,B,3.924,3.93,3.862,3.92,1238041,
2026-07-07,508058.SH,中金厦门安居REIT,B,3.906,3.941,3.906,3.914,1799327,
2026-07-08,508058.SH,中金厦门安居REIT,B,3.914,3.93,3.823,3.882,1127129,
2026-07-09,508058.SH,中金厦门安居REIT,B,3.867,3.89,3.831,3.878,1190801,
2026-07-10,508058.SH,中金厦门安居REIT,B,3.888,3.911,3.867,3.889,1506137,
2026-07-13,508058.SH,中金厦门安居REIT,B,3.888,3.903,3.87,3.87,806928,
2026-07-14,508058.SH,中金厦门安居REIT,B,3.879,3.89,3.855,3.882,808950,
2026-07-15,508058.SH,中金厦门安居REIT,B,3.871,3.905,3.85,3.896,1427242,
2026-07-16,508058.SH,中金厦门安居REIT,B,3.891,3.95,3.881,3.915,1239219,
2026-07-17,508058.SH,中金厦门安居REIT,B,3.915,3.924,3.87,3.905,159793,
2026-07-20,508058.SH,中金厦门安居REIT,B,3.905,3.915,3.864,3.893,724228,
2026-07-21,508058.SH,中金厦门安居REIT,B,3.885,3.899,3.845,3.859,921717,
2026-07-22,508058.SH,中金厦门安居REIT,B,3.845,3.85,3.815,3.832,1477866,
2026-07-23,508058.SH,中金厦门安居REIT,B,3.824,3.852,3.811,3.811,2034809,
2026-07-24,508058.SH,中金厦门安居REIT,B,3.823,3.835,3.795,3.811,3324677,
2026-07-27,508058.SH,中金厦门安居REIT,B,3.811,3.825,3.779,3.787,2388112,
2026-07-28,508058.SH,中金厦门安居REIT,B,3.787,3.842,3.78,3.782,2849904,
2026-07-29,508058.SH,中金厦门安居REIT,B,3.796,3.828,3.778,3.827,2398759,
2026-07-30,508058.SH,中金厦门安居REIT,B,3.83,3.888,3.829,3.882,2106343,
2026-07-31,508058.SH,中金厦门安居REIT,B,3.882,3.924,3.871,3.908,594576,
2026-08-03,508058.SH,中金厦门安居REIT,B,3.906,3.949,3.887,3.895,732293,
2026-08-04,508058.SH,中金厦门安居REIT,B,3.885,3.906,3.845,3.889,962704,
2026-08-05,508058.SH,中金厦门安居REIT,B,3.882,3.895,3.854,3.871,2507198,
2026-08-06,508058.SH,中金厦门安居REIT,B,3.859,3.878,3.801,3.856,2226993,
2026-08-07,508058.SH,中金厦门安居REIT,B,3.87,3.874,3.835,3.859,2250070,
2026-08-10,508058.SH,中金厦门安居REIT,B,3.852,3.865,3.847,3.857,739125,
2026-08-11,508058.SH,中金厦门安居REIT,B,3.847,3.87,3.843,3.856,656684,
2026-08-12,508058.SH,中金厦门安居REIT,B,3.856,3.865,3.818,3.84,1196205,
2026-08-13,508058.SH,中金厦门安居REIT,B,3.843,3.846,3.808,3.839,822931,
2026-08-14,508058.SH,中金厦门安居REIT,B,3.825,3.839,3.815,3.831,908705,
2026-08-17,508058.SH,中金厦门安居REIT,B,3.817,3.852,3.805,3.835,620405,
2026-08-18,508058.SH,中金厦门安居REIT,B,3.829,3.877,3.798,3.833,1207905,
2026-08-19,508058.SH,中金厦门安居REIT,B,3.819,3.856,3.771,3.822,2777221,
2026-08-20,508058.SH,中金厦门安居REIT,B,3.807,3.838,3.787,3.812,1813248,
2022-08-31,508068.SH,华夏北京保障房REIT,B,3.263,3.263,3.263,3.263,19047281,
2022-09-01,508068.SH,华夏北京保障房REIT,B,3.36,3.45,3.263,3.414,47591543,
2022-09-02,508068.SH,华夏北京保障房REIT,B,3.415,3.418,3.387,3.389,8889313,
2022-09-05,508068.SH,华夏北京保障房REIT,B,3.391,3.4,3.357,3.378,3099496,
2022-09-06,508068.SH,华夏北京保障房REIT,B,3.376,3.376,3.35,3.372,3839828,
2022-09-07,508068.SH,华夏北京保障房REIT,B,3.38,3.386,3.37,3.381,1849114,
2022-09-08,508068.SH,华夏北京保障房REIT,B,3.385,3.39,3.385,3.387,2367302,
2022-09-09,508068.SH,华夏北京保障房REIT,B,3.387,3.406,3.387,3.402,2025895,
2022-09-13,508068.SH,华夏北京保障房REIT,B,3.406,3.417,3.391,3.395,2586328,
2022-09-14,508068.SH,华夏北京保障房REIT,B,3.391,3.407,3.377,3.392,2984159,
2022-09-15,508068.SH,华夏北京保障房REIT,B,3.391,3.4,3.386,3.393,2304182,
2022-09-16,508068.SH,华夏北京保障房REIT,B,3.393,3.399,3.387,3.391,3390412,
2022-09-19,508068.SH,华夏北京保障房REIT,B,3.391,3.399,3.379,3.385,2692533,
2022-09-20,508068.SH,华夏北京保障房REIT,B,3.385,3.391,3.373,3.374,3381454,
2022-09-21,508068.SH,华夏北京保障房REIT,B,3.373,3.376,3.356,3.373,3090268,
2022-09-22,508068.SH,华夏北京保障房REIT,B,3.373,3.38,3.366,3.379,1589918,
2022-09-23,508068.SH,华夏北京保障房REIT,B,3.379,3.394,3.372,3.387,3274979,
2022-09-26,508068.SH,华夏北京保障房REIT,B,3.389,3.391,3.375,3.379,2784705,
2022-09-27,508068.SH,华夏北京保障房REIT,B,3.379,3.385,3.368,3.382,5082311,
2022-09-28,508068.SH,华夏北京保障房REIT,B,3.382,3.39,3.368,3.383,1798764,
2022-09-29,508068.SH,华夏北京保障房REIT,B,3.383,3.387,3.372,3.374,3167232,
2022-09-30,508068.SH,华夏北京保障房REIT,B,3.374,3.393,3.37,3.38,2833239,
2022-10-10,508068.SH,华夏北京保障房REIT,B,3.38,3.38,3.33,3.342,2226413,
2022-10-11,508068.SH,华夏北京保障房REIT,B,3.342,3.35,3.263,3.282,3026686,
2022-10-12,508068.SH,华夏北京保障房REIT,B,3.276,3.285,3.262,3.277,1903979,
2022-10-13,508068.SH,华夏北京保障房REIT,B,3.258,3.3,3.258,3.292,2156968,
2022-10-14,508068.SH,华夏北京保障房REIT,B,3.288,3.321,3.263,3.301,1305279,
2022-10-17,508068.SH,华夏北京保障房REIT,B,3.302,3.319,3.302,3.302,785274,
2022-10-18,508068.SH,华夏北京保障房REIT,B,3.302,3.31,3.298,3.302,1139065,
2022-10-19,508068.SH,华夏北京保障房REIT,B,3.301,3.308,3.288,3.291,865365,
2022-10-20,508068.SH,华夏北京保障房REIT,B,3.29,3.308,3.266,3.271,1357838,
2022-10-21,508068.SH,华夏北京保障房REIT,B,3.271,3.272,3.235,3.24,2084904,
2022-10-24,508068.SH,华夏北京保障房REIT,B,3.24,3.269,3.195,3.215,2136246,
2022-10-25,508068.SH,华夏北京保障房REIT,B,3.231,3.231,3.178,3.188,1362114,
2022-10-26,508068.SH,华夏北京保障房REIT,B,3.187,3.211,3.1,3.185,1328506,
2022-10-27,508068.SH,华夏北京保障房REIT,B,3.191,3.293,3.191,3.233,3632835,
2022-10-28,508068.SH,华夏北京保障房REIT,B,3.233,3.261,3.201,3.21,2095394,
2022-10-31,508068.SH,华夏北京保障房REIT,B,3.21,3.226,3.128,3.199,3328688,
2022-11-01,508068.SH,华夏北京保障房REIT,B,3.195,3.241,3.166,3.219,1532753,
2022-11-02,508068.SH,华夏北京保障房REIT,B,3.22,3.268,3.22,3.256,1210394,
2022-11-03,508068.SH,华夏北京保障房REIT,B,3.256,3.262,3.217,3.241,1739442,
2022-11-04,508068.SH,华夏北京保障房REIT,B,3.241,3.297,3.241,3.29,2869445,
2022-11-07,508068.SH,华夏北京保障房REIT,B,3.286,3.305,3.266,3.279,2079651,
2022-11-08,508068.SH,华夏北京保障房REIT,B,3.278,3.286,3.249,3.272,717325,
2022-11-09,508068.SH,华夏北京保障房REIT,B,3.272,3.307,3.247,3.255,1698615,
2022-11-10,508068.SH,华夏北京保障房REIT,B,3.253,3.263,3.24,3.262,787945,
2022-11-11,508068.SH,华夏北京保障房REIT,B,3.27,3.3,3.24,3.264,1108281,
2022-11-14,508068.SH,华夏北京保障房REIT,B,3.246,3.259,3.228,3.245,1275631,
2022-11-15,508068.SH,华夏北京保障房REIT,B,3.245,3.26,3.203,3.206,1106945,
2022-11-16,508068.SH,华夏北京保障房REIT,B,3.204,3.205,2.95,3.035,2763150,
2022-11-17,508068.SH,华夏北京保障房REIT,B,3.126,3.201,3.051,3.156,4927564,
2022-11-18,508068.SH,华夏北京保障房REIT,B,3.149,3.149,3.055,3.136,2566060,
2022-11-21,508068.SH,华夏北京保障房REIT,B,3.1,3.153,3.1,3.137,932295,
2022-11-22,508068.SH,华夏北京保障房REIT,B,3.134,3.151,3.097,3.121,484749,
2022-11-23,508068.SH,华夏北京保障房REIT,B,3.121,3.122,3.099,3.101,834798,
2022-11-24,508068.SH,华夏北京保障房REIT,B,3.101,3.101,3.068,3.075,1461248,
2022-11-25,508068.SH,华夏北京保障房REIT,B,3.075,3.098,3.075,3.081,1004559,
2022-11-28,508068.SH,华夏北京保障房REIT,B,3.081,3.085,3.073,3.074,359674,
2022-11-29,508068.SH,华夏北京保障房REIT,B,3.074,3.089,3.064,3.078,1378367,
2022-11-30,508068.SH,华夏北京保障房REIT,B,3.077,3.077,3.066,3.07,447982,
2022-12-01,508068.SH,华夏北京保障房REIT,B,3.07,3.094,3.06,3.085,726116,
2022-12-02,508068.SH,华夏北京保障房REIT,B,3.084,3.131,3.084,3.116,1578280,
2022-12-05,508068.SH,华夏北京保障房REIT,B,3.115,3.2,3.115,3.168,1387338,
2022-12-06,508068.SH,华夏北京保障房REIT,B,3.168,3.189,3.152,3.166,1553429,
2022-12-07,508068.SH,华夏北京保障房REIT,B,3.167,3.17,3.151,3.156,891240,
2022-12-08,508068.SH,华夏北京保障房REIT,B,3.156,3.191,3.147,3.156,1311588,
2022-12-09,508068.SH,华夏北京保障房REIT,B,3.155,3.158,3.133,3.137,968521,
2022-12-12,508068.SH,华夏北京保障房REIT,B,3.133,3.133,3.117,3.119,718944,
2022-12-13,508068.SH,华夏北京保障房REIT,B,3.119,3.119,3.088,3.093,743978,
2022-12-14,508068.SH,华夏北京保障房REIT,B,3.089,3.095,3.085,3.086,283778,
2022-12-15,508068.SH,华夏北京保障房REIT,B,3.085,3.096,3.085,3.091,336113,
2022-12-16,508068.SH,华夏北京保障房REIT,B,3.091,3.093,3.075,3.092,471695,
2022-12-19,508068.SH,华夏北京保障房REIT,B,3.092,3.092,3.056,3.059,1028555,
2022-12-20,508068.SH,华夏北京保障房REIT,B,3.059,3.059,2.991,3.0,1768991,
2022-12-21,508068.SH,华夏北京保障房REIT,B,3.0,3.0,2.916,2.934,3529117,
2022-12-22,508068.SH,华夏北京保障房REIT,B,2.934,2.934,2.916,2.929,3560928,
2022-12-23,508068.SH,华夏北京保障房REIT,B,2.925,2.975,2.92,2.97,2016086,
2022-12-26,508068.SH,华夏北京保障房REIT,B,2.999,2.999,2.959,2.968,2557154,
2022-12-27,508068.SH,华夏北京保障房REIT,B,2.922,2.971,2.922,2.934,3292675,
2022-12-28,508068.SH,华夏北京保障房REIT,B,2.933,2.934,2.906,2.913,3227621,
2022-12-29,508068.SH,华夏北京保障房REIT,B,2.913,2.933,2.819,2.867,4755644,
2022-12-30,508068.SH,华夏北京保障房REIT,B,2.863,2.863,2.812,2.845,3942411,
2023-01-03,508068.SH,华夏北京保障房REIT,B,2.843,2.843,2.815,2.824,3048440,
2023-01-04,508068.SH,华夏北京保障房REIT,B,2.824,2.824,2.805,2.816,2688719,
2023-01-05,508068.SH,华夏北京保障房REIT,B,2.81,2.839,2.793,2.81,3196502,
2023-01-06,508068.SH,华夏北京保障房REIT,B,2.81,2.871,2.806,2.84,3119137,
2023-01-09,508068.SH,华夏北京保障房REIT,B,2.84,2.859,2.832,2.837,2850580,
2023-01-10,508068.SH,华夏北京保障房REIT,B,2.84,2.848,2.831,2.841,1975191,
2023-01-11,508068.SH,华夏北京保障房REIT,B,2.841,2.854,2.836,2.85,2578680,
2023-01-12,508068.SH,华夏北京保障房REIT,B,2.85,2.878,2.839,2.847,1772644,
2023-01-13,508068.SH,华夏北京保障房REIT,B,2.847,2.858,2.82,2.833,1277342,
2023-01-16,508068.SH,华夏北京保障房REIT,B,2.838,2.838,2.816,2.823,4058500,
2023-01-17,508068.SH,华夏北京保障房REIT,B,2.823,2.823,2.799,2.817,3821470,
2023-01-18,508068.SH,华夏北京保障房REIT,B,2.818,2.846,2.792,2.829,4059704,
2023-01-19,508068.SH,华夏北京保障房REIT,B,2.833,2.833,2.793,2.821,4138113,
2023-01-20,508068.SH,华夏北京保障房REIT,B,2.821,2.837,2.816,2.833,1864023,
2023-01-30,508068.SH,华夏北京保障房REIT,B,2.834,2.854,2.834,2.85,2979686,
2023-01-31,508068.SH,华夏北京保障房REIT,B,2.85,2.907,2.849,2.879,5852576,
2023-02-01,508068.SH,华夏北京保障房REIT,B,2.879,2.95,2.876,2.936,5466530,
2023-02-02,508068.SH,华夏北京保障房REIT,B,2.936,2.95,2.911,2.936,2996925,
2023-02-03,508068.SH,华夏北京保障房REIT,B,2.936,2.955,2.913,2.954,3977606,
2023-02-06,508068.SH,华夏北京保障房REIT,B,2.955,2.98,2.9,2.959,3593225,
2023-02-07,508068.SH,华夏北京保障房REIT,B,2.955,2.958,2.94,2.949,3015172,
2023-02-08,508068.SH,华夏北京保障房REIT,B,2.949,2.967,2.93,2.949,3635793,
2023-02-09,508068.SH,华夏北京保障房REIT,B,2.949,2.964,2.931,2.95,3276874,
2023-02-10,508068.SH,华夏北京保障房REIT,B,2.95,2.965,2.942,2.957,2670761,
2023-02-13,508068.SH,华夏北京保障房REIT,B,2.957,2.984,2.948,2.97,3471665,
2023-02-14,508068.SH,华夏北京保障房REIT,B,2.97,2.996,2.96,2.992,3498890,
2023-02-15,508068.SH,华夏北京保障房REIT,B,2.992,3.022,2.962,2.991,4932902,
2023-02-16,508068.SH,华夏北京保障房REIT,B,2.989,2.991,2.962,2.972,2938404,
2023-02-17,508068.SH,华夏北京保障房REIT,B,2.972,2.998,2.962,2.995,3423043,
2023-02-20,508068.SH,华夏北京保障房REIT,B,2.995,3.002,2.975,2.995,3149884,
2023-02-21,508068.SH,华夏北京保障房REIT,B,2.995,3.022,2.985,3.007,4674428,
2023-02-22,508068.SH,华夏北京保障房REIT,B,3.002,3.043,2.98,3.002,4594380,
2023-02-23,508068.SH,华夏北京保障房REIT,B,3.002,3.007,2.969,2.999,1714236,
2023-02-24,508068.SH,华夏北京保障房REIT,B,3.001,3.014,2.96,2.97,4650139,
2023-02-27,508068.SH,华夏北京保障房REIT,B,2.968,2.981,2.946,2.965,5992447,
2023-02-28,508068.SH,华夏北京保障房REIT,B,2.965,2.971,2.929,2.948,3602068,
2023-03-01,508068.SH,华夏北京保障房REIT,B,2.948,2.973,2.928,2.951,3931660,
2023-03-02,508068.SH,华夏北京保障房REIT,B,2.95,2.974,2.927,2.951,3928233,
2023-03-03,508068.SH,华夏北京保障房REIT,B,2.947,2.966,2.931,2.941,4138965,
2023-03-06,508068.SH,华夏北京保障房REIT,B,2.942,2.942,2.916,2.928,3854534,
2023-03-07,508068.SH,华夏北京保障房REIT,B,2.927,2.938,2.896,2.899,3996067,
2023-03-08,508068.SH,华夏北京保障房REIT,B,2.898,2.904,2.878,2.885,3545209,
2023-03-09,508068.SH,华夏北京保障房REIT,B,2.884,2.9,2.88,2.886,2831600,
2023-03-10,508068.SH,华夏北京保障房REIT,B,2.886,2.898,2.881,2.884,3485359,
2023-03-13,508068.SH,华夏北京保障房REIT,B,2.854,2.892,2.854,2.887,3081258,
2023-03-14,508068.SH,华夏北京保障房REIT,B,2.887,2.899,2.872,2.893,4339003,
2023-03-15,508068.SH,华夏北京保障房REIT,B,2.893,2.919,2.893,2.895,2901784,
2023-03-16,508068.SH,华夏北京保障房REIT,B,2.893,2.897,2.875,2.89,1765599,
2023-03-17,508068.SH,华夏北京保障房REIT,B,2.892,2.908,2.882,2.886,2356550,
2023-03-20,508068.SH,华夏北京保障房REIT,B,2.886,2.904,2.874,2.877,2446020,
2023-03-21,508068.SH,华夏北京保障房REIT,B,2.877,2.883,2.861,2.87,2284859,
2023-03-22,508068.SH,华夏北京保障房REIT,B,2.87,2.874,2.844,2.86,2995191,
2023-03-23,508068.SH,华夏北京保障房REIT,B,2.858,2.867,2.855,2.863,1472801,
2023-03-24,508068.SH,华夏北京保障房REIT,B,2.863,2.863,2.84,2.855,1842712,
2023-03-27,508068.SH,华夏北京保障房REIT,B,2.854,2.868,2.84,2.863,2877098,
2023-03-28,508068.SH,华夏北京保障房REIT,B,2.865,2.879,2.859,2.865,1757657,
2023-03-29,508068.SH,华夏北京保障房REIT,B,2.863,2.863,2.82,2.845,2569603,
2023-03-30,508068.SH,华夏北京保障房REIT,B,2.84,2.857,2.805,2.822,2901926,
2023-03-31,508068.SH,华夏北京保障房REIT,B,2.825,2.877,2.824,2.87,4647424,
2023-04-03,508068.SH,华夏北京保障房REIT,B,2.87,2.87,2.805,2.861,3830587,
2023-04-04,508068.SH,华夏北京保障房REIT,B,2.859,2.874,2.847,2.857,3681559,
2023-04-06,508068.SH,华夏北京保障房REIT,B,2.857,2.858,2.822,2.844,2647384,
2023-04-07,508068.SH,华夏北京保障房REIT,B,2.844,2.853,2.835,2.851,2264044,
2023-04-10,508068.SH,华夏北京保障房REIT,B,2.853,2.867,2.838,2.848,1308967,
2023-04-11,508068.SH,华夏北京保障房REIT,B,2.832,2.848,2.83,2.845,2520173,
2023-04-12,508068.SH,华夏北京保障房REIT,B,2.832,2.846,2.823,2.83,1769459,
2023-04-13,508068.SH,华夏北京保障房REIT,B,2.822,2.844,2.81,2.83,4136868,
2023-04-14,508068.SH,华夏北京保障房REIT,B,2.832,2.843,2.82,2.831,2464027,
2023-04-17,508068.SH,华夏北京保障房REIT,B,2.835,2.863,2.831,2.855,2938748,
2023-04-18,508068.SH,华夏北京保障房REIT,B,2.859,2.895,2.859,2.881,3638825,
2023-04-19,508068.SH,华夏北京保障房REIT,B,2.85,2.867,2.828,2.839,2830614,
2023-04-20,508068.SH,华夏北京保障房REIT,B,2.839,2.85,2.81,2.834,3437536,
2023-04-21,508068.SH,华夏北京保障房REIT,B,2.834,2.852,2.813,2.823,3045838,
2023-04-24,508068.SH,华夏北京保障房REIT,B,2.817,2.833,2.814,2.825,3189630,
2023-04-25,508068.SH,华夏北京保障房REIT,B,2.825,2.831,2.812,2.824,1867262,
2023-04-26,508068.SH,华夏北京保障房REIT,B,2.819,2.824,2.8,2.8,1568854,
2023-04-27,508068.SH,华夏北京保障房REIT,B,2.8,2.809,2.767,2.795,2013270,
2023-04-28,508068.SH,华夏北京保障房REIT,B,2.789,2.795,2.758,2.789,4225699,
2023-05-04,508068.SH,华夏北京保障房REIT,B,2.784,2.784,2.736,2.753,5270202,
2023-05-05,508068.SH,华夏北京保障房REIT,B,2.743,2.743,2.687,2.713,4789421,
2023-05-08,508068.SH,华夏北京保障房REIT,B,2.713,2.715,2.684,2.688,1181330,
2023-05-09,508068.SH,华夏北京保障房REIT,B,2.689,2.704,2.679,2.692,2609494,
2023-05-10,508068.SH,华夏北京保障房REIT,B,2.691,2.752,2.687,2.745,2756763,
2023-05-11,508068.SH,华夏北京保障房REIT,B,2.746,2.78,2.733,2.755,3197182,
2023-05-12,508068.SH,华夏北京保障房REIT,B,2.741,2.782,2.716,2.776,4192279,
2023-05-15,508068.SH,华夏北京保障房REIT,B,2.775,2.788,2.734,2.76,4439306,
2023-05-16,508068.SH,华夏北京保障房REIT,B,2.757,2.764,2.742,2.755,1572166,
2023-05-17,508068.SH,华夏北京保障房REIT,B,2.755,2.774,2.723,2.744,3095508,
2023-05-18,508068.SH,华夏北京保障房REIT,B,2.746,2.752,2.71,2.733,3416810,
2023-05-19,508068.SH,华夏北京保障房REIT,B,2.733,2.738,2.69,2.709,3855195,
2023-05-22,508068.SH,华夏北京保障房REIT,B,2.702,2.704,2.679,2.7,2947257,
2023-05-23,508068.SH,华夏北京保障房REIT,B,2.699,2.7,2.671,2.695,1864268,
2023-05-24,508068.SH,华夏北京保障房REIT,B,2.691,2.702,2.661,2.693,3488342,
2023-05-25,508068.SH,华夏北京保障房REIT,B,2.693,2.707,2.656,2.668,4666655,
2023-05-26,508068.SH,华夏北京保障房REIT,B,2.661,2.668,2.65,2.666,1881698,
2023-05-29,508068.SH,华夏北京保障房REIT,B,2.666,2.669,2.651,2.662,865827,
2023-05-30,508068.SH,华夏北京保障房REIT,B,2.662,2.662,2.638,2.65,2169570,
2023-05-31,508068.SH,华夏北京保障房REIT,B,2.653,2.653,2.61,2.625,2416434,
2023-06-01,508068.SH,华夏北京保障房REIT,B,2.625,2.625,2.586,2.601,2228797,
2023-06-02,508068.SH,华夏北京保障房REIT,B,2.598,2.617,2.57,2.617,4010356,
2023-06-05,508068.SH,华夏北京保障房REIT,B,2.617,2.617,2.569,2.583,3080160,
2023-06-06,508068.SH,华夏北京保障房REIT,B,2.583,2.583,2.525,2.55,1490590,
2023-06-07,508068.SH,华夏北京保障房REIT,B,2.541,2.558,2.536,2.557,1896763,
2023-06-08,508068.SH,华夏北京保障房REIT,B,2.557,2.61,2.555,2.604,2227787,
2023-06-09,508068.SH,华夏北京保障房REIT,B,2.605,2.61,2.6,2.603,1474888,
2023-06-12,508068.SH,华夏北京保障房REIT,B,2.565,2.597,2.565,2.591,1255218,
2023-06-13,508068.SH,华夏北京保障房REIT,B,2.576,2.591,2.575,2.575,1799350,
2023-06-14,508068.SH,华夏北京保障房REIT,B,2.575,2.576,2.566,2.572,1747651,
2023-06-15,508068.SH,华夏北京保障房REIT,B,2.565,2.581,2.552,2.575,1124453,
2023-06-16,508068.SH,华夏北京保障房REIT,B,2.576,2.59,2.576,2.584,1168797,
2023-06-19,508068.SH,华夏北京保障房REIT,B,2.584,2.584,2.579,2.58,595544,
2023-06-20,508068.SH,华夏北京保障房REIT,B,2.582,2.582,2.57,2.571,1018842,
2023-06-21,508068.SH,华夏北京保障房REIT,B,2.553,2.568,2.551,2.556,861189,
2023-06-26,508068.SH,华夏北京保障房REIT,B,2.515,2.565,2.515,2.529,1773439,
2023-06-27,508068.SH,华夏北京保障房REIT,B,2.532,2.55,2.526,2.538,3241786,
2023-06-28,508068.SH,华夏北京保障房REIT,B,2.538,2.539,2.505,2.531,3449378,
2023-06-29,508068.SH,华夏北京保障房REIT,B,2.531,2.531,2.497,2.515,2954278,
2023-06-30,508068.SH,华夏北京保障房REIT,B,2.505,2.519,2.505,2.516,2071773,
2023-07-03,508068.SH,华夏北京保障房REIT,B,2.51,2.516,2.5,2.516,2126643,
2023-07-04,508068.SH,华夏北京保障房REIT,B,2.516,2.519,2.502,2.512,2042056,
2023-07-05,508068.SH,华夏北京保障房REIT,B,2.512,2.53,2.505,2.513,2572526,
2023-07-06,508068.SH,华夏北京保障房REIT,B,2.521,2.576,2.514,2.569,2711447,
2023-07-07,508068.SH,华夏北京保障房REIT,B,2.57,2.625,2.543,2.606,2788294,
2023-07-10,508068.SH,华夏北京保障房REIT,B,2.606,2.623,2.603,2.603,1331830,
2023-07-11,508068.SH,华夏北京保障房REIT,B,2.597,2.612,2.583,2.604,1375080,
2023-07-12,508068.SH,华夏北京保障房REIT,B,2.597,2.604,2.587,2.59,388902,
2023-07-13,508068.SH,华夏北京保障房REIT,B,2.577,2.598,2.577,2.597,1063413,
2023-07-14,508068.SH,华夏北京保障房REIT,B,2.591,2.62,2.591,2.607,2062406,
2023-07-17,508068.SH,华夏北京保障房REIT,B,2.62,2.638,2.607,2.631,2127991,
2023-07-18,508068.SH,华夏北京保障房REIT,B,2.645,2.66,2.625,2.648,4144330,
2023-07-19,508068.SH,华夏北京保障房REIT,B,2.648,2.648,2.603,2.622,4604850,
2023-07-20,508068.SH,华夏北京保障房REIT,B,2.606,2.649,2.585,2.639,2993375,
2023-07-21,508068.SH,华夏北京保障房REIT,B,2.628,2.681,2.62,2.679,2867959,
2023-07-24,508068.SH,华夏北京保障房REIT,B,2.682,2.706,2.64,2.699,4972570,
2023-07-25,508068.SH,华夏北京保障房REIT,B,2.699,2.723,2.681,2.713,4364571,
2023-07-26,508068.SH,华夏北京保障房REIT,B,2.709,2.749,2.681,2.747,3253187,
2023-07-27,508068.SH,华夏北京保障房REIT,B,2.747,2.747,2.713,2.737,2329491,
2023-07-28,508068.SH,华夏北京保障房REIT,B,2.723,2.757,2.716,2.751,3257912,
2023-07-31,508068.SH,华夏北京保障房REIT,B,2.751,2.81,2.751,2.798,4438168,
2023-08-01,508068.SH,华夏北京保障房REIT,B,2.789,2.83,2.75,2.751,5266246,
2023-08-02,508068.SH,华夏北京保障房REIT,B,2.751,2.782,2.751,2.752,3877600,
2023-08-03,508068.SH,华夏北京保障房REIT,B,2.752,2.78,2.728,2.753,4014028,
2023-08-04,508068.SH,华夏北京保障房REIT,B,2.735,2.763,2.71,2.75,6167163,
2023-08-07,508068.SH,华夏北京保障房REIT,B,2.736,2.75,2.729,2.74,4314299,
2023-08-08,508068.SH,华夏北京保障房REIT,B,2.741,2.757,2.728,2.737,3892803,
2023-08-09,508068.SH,华夏北京保障房REIT,B,2.737,2.761,2.734,2.756,5017578,
2023-08-10,508068.SH,华夏北京保障房REIT,B,2.758,2.79,2.736,2.78,6500268,
2023-08-11,508068.SH,华夏北京保障房REIT,B,2.785,2.796,2.768,2.788,3755702,
2023-08-14,508068.SH,华夏北京保障房REIT,B,2.787,2.803,2.75,2.796,3054015,
2023-08-15,508068.SH,华夏北京保障房REIT,B,2.796,2.816,2.783,2.79,2446191,
2023-08-16,508068.SH,华夏北京保障房REIT,B,2.79,2.801,2.773,2.784,2761224,
2023-08-17,508068.SH,华夏北京保障房REIT,B,2.785,2.791,2.78,2.783,1851789,
2023-08-18,508068.SH,华夏北京保障房REIT,B,2.789,2.815,2.781,2.814,3805404,
2023-08-21,508068.SH,华夏北京保障房REIT,B,2.825,2.825,2.7,2.795,2548350,
2023-08-22,508068.SH,华夏北京保障房REIT,B,2.788,2.788,2.7,2.747,4177724,
2023-08-23,508068.SH,华夏北京保障房REIT,B,2.74,2.757,2.731,2.739,4494966,
2023-08-24,508068.SH,华夏北京保障房REIT,B,2.727,2.82,2.724,2.79,2703150,
2023-08-25,508068.SH,华夏北京保障房REIT,B,2.78,2.818,2.741,2.791,2229465,
2023-08-28,508068.SH,华夏北京保障房REIT,B,2.784,2.82,2.781,2.805,2598868,
2023-08-29,508068.SH,华夏北京保障房REIT,B,2.805,2.805,2.734,2.786,3461182,
2023-08-30,508068.SH,华夏北京保障房REIT,B,2.774,2.789,2.746,2.783,3003627,
2023-08-31,508068.SH,华夏北京保障房REIT,B,2.767,2.788,2.765,2.787,1156685,
2023-09-01,508068.SH,华夏北京保障房REIT,B,2.787,2.8,2.768,2.783,2019596,
2023-09-04,508068.SH,华夏北京保障房REIT,B,2.782,2.782,2.749,2.751,2358997,
2023-09-05,508068.SH,华夏北京保障房REIT,B,2.738,2.806,2.738,2.772,2990681,
2023-09-06,508068.SH,华夏北京保障房REIT,B,2.761,2.795,2.761,2.78,1962786,
2023-09-07,508068.SH,华夏北京保障房REIT,B,2.78,2.795,2.749,2.769,3220952,
2023-09-08,508068.SH,华夏北京保障房REIT,B,2.757,2.784,2.757,2.775,2814559,
2023-09-11,508068.SH,华夏北京保障房REIT,B,2.773,2.783,2.765,2.775,2475995,
2023-09-12,508068.SH,华夏北京保障房REIT,B,2.781,2.794,2.774,2.786,2150485,
2023-09-13,508068.SH,华夏北京保障房REIT,B,2.786,2.801,2.767,2.79,2966834,
2023-09-14,508068.SH,华夏北京保障房REIT,B,2.79,2.804,2.77,2.785,2529274,
2023-09-15,508068.SH,华夏北京保障房REIT,B,2.785,2.785,2.77,2.773,1715722,
2023-09-18,508068.SH,华夏北京保障房REIT,B,2.773,2.773,2.756,2.765,1381617,
2023-09-19,508068.SH,华夏北京保障房REIT,B,2.75,2.777,2.75,2.771,1144190,
2023-09-20,508068.SH,华夏北京保障房REIT,B,2.769,2.774,2.76,2.767,1010878,
2023-09-21,508068.SH,华夏北京保障房REIT,B,2.764,2.781,2.76,2.774,1469362,
2023-09-22,508068.SH,华夏北京保障房REIT,B,2.764,2.776,2.763,2.769,1111724,
2023-09-25,508068.SH,华夏北京保障房REIT,B,2.769,2.797,2.752,2.772,1342812,
2023-09-26,508068.SH,华夏北京保障房REIT,B,2.764,2.782,2.76,2.78,1027484,
2023-09-27,508068.SH,华夏北京保障房REIT,B,2.774,2.785,2.769,2.775,1451517,
2023-09-28,508068.SH,华夏北京保障房REIT,B,2.769,2.8,2.768,2.775,2977943,
2023-10-09,508068.SH,华夏北京保障房REIT,B,2.777,2.778,2.761,2.765,1163105,
2023-10-10,508068.SH,华夏北京保障房REIT,B,2.762,2.771,2.761,2.765,1233114,
2023-10-11,508068.SH,华夏北京保障房REIT,B,2.767,2.775,2.763,2.77,1679256,
2023-10-12,508068.SH,华夏北京保障房REIT,B,2.767,2.777,2.759,2.773,1032511,
2023-10-13,508068.SH,华夏北京保障房REIT,B,2.76,2.772,2.76,2.765,1693680,
2023-10-16,508068.SH,华夏北京保障房REIT,B,2.732,2.732,2.687,2.71,1562983,
2023-10-17,508068.SH,华夏北京保障房REIT,B,2.696,2.704,2.67,2.676,3056668,
2023-10-18,508068.SH,华夏北京保障房REIT,B,2.675,2.675,2.633,2.665,1390729,
2023-10-19,508068.SH,华夏北京保障房REIT,B,2.656,2.656,2.632,2.644,1328426,
2023-10-20,508068.SH,华夏北京保障房REIT,B,2.615,2.649,2.609,2.612,1404898,
2023-10-23,508068.SH,华夏北京保障房REIT,B,2.59,2.613,2.59,2.61,1216055,
2023-10-24,508068.SH,华夏北京保障房REIT,B,2.61,2.635,2.594,2.633,1212853,
2023-10-25,508068.SH,华夏北京保障房REIT,B,2.639,2.737,2.634,2.685,1384815,
2023-10-26,508068.SH,华夏北京保障房REIT,B,2.685,2.7,2.685,2.685,1314478,
2023-10-27,508068.SH,华夏北京保障房REIT,B,2.685,2.71,2.681,2.693,479477,
2023-10-30,508068.SH,华夏北京保障房REIT,B,2.693,2.722,2.668,2.684,1338374,
2023-10-31,508068.SH,华夏北京保障房REIT,B,2.687,2.697,2.663,2.69,889405,
2023-11-01,508068.SH,华夏北京保障房REIT,B,2.69,2.69,2.64,2.665,897491,
2023-11-02,508068.SH,华夏北京保障房REIT,B,2.665,2.665,2.63,2.659,736556,
2023-11-03,508068.SH,华夏北京保障房REIT,B,2.657,2.66,2.644,2.651,511613,
2023-11-06,508068.SH,华夏北京保障房REIT,B,2.657,2.657,2.63,2.646,499067,
2023-11-07,508068.SH,华夏北京保障房REIT,B,2.625,2.675,2.625,2.66,1545232,
2023-11-08,508068.SH,华夏北京保障房REIT,B,2.64,2.683,2.64,2.675,1287135,
2023-11-09,508068.SH,华夏北京保障房REIT,B,2.675,2.697,2.673,2.689,1463782,
2023-11-10,508068.SH,华夏北京保障房REIT,B,2.686,2.696,2.663,2.667,3145277,
2023-11-13,508068.SH,华夏北京保障房REIT,B,2.666,2.686,2.651,2.653,915485,
2023-11-14,508068.SH,华夏北京保障房REIT,B,2.653,2.682,2.653,2.659,2660980,
2023-11-15,508068.SH,华夏北京保障房REIT,B,2.657,2.675,2.652,2.653,1145955,
2023-11-16,508068.SH,华夏北京保障房REIT,B,2.653,2.658,2.641,2.647,316165,
2023-11-17,508068.SH,华夏北京保障房REIT,B,2.638,2.652,2.638,2.648,67421,
2023-11-20,508068.SH,华夏北京保障房REIT,B,2.645,2.649,2.638,2.649,318172,
2023-11-21,508068.SH,华夏北京保障房REIT,B,2.657,2.657,2.635,2.64,499549,
2023-11-22,508068.SH,华夏北京保障房REIT,B,2.638,2.649,2.63,2.634,1589522,
2023-11-23,508068.SH,华夏北京保障房REIT,B,2.634,2.642,2.596,2.606,2290261,
2023-11-24,508068.SH,华夏北京保障房REIT,B,2.599,2.603,2.577,2.596,3006556,
2023-11-27,508068.SH,华夏北京保障房REIT,B,2.596,2.596,2.542,2.548,809582,
2023-11-28,508068.SH,华夏北京保障房REIT,B,2.54,2.57,2.537,2.568,1076750,
2023-11-29,508068.SH,华夏北京保障房REIT,B,2.572,2.581,2.547,2.578,887357,
2023-11-30,508068.SH,华夏北京保障房REIT,B,2.565,2.611,2.54,2.563,2140605,
2023-12-01,508068.SH,华夏北京保障房REIT,B,2.55,2.582,2.544,2.58,1814018,
2023-12-04,508068.SH,华夏北京保障房REIT,B,2.58,2.636,2.58,2.628,1899005,
2023-12-05,508068.SH,华夏北京保障房REIT,B,2.618,2.62,2.591,2.611,1812828,
2023-12-06,508068.SH,华夏北京保障房REIT,B,2.611,2.637,2.595,2.619,774094,
2023-12-07,508068.SH,华夏北京保障房REIT,B,2.618,2.618,2.607,2.613,239885,
2023-12-08,508068.SH,华夏北京保障房REIT,B,2.612,2.622,2.595,2.595,820668,
2023-12-11,508068.SH,华夏北京保障房REIT,B,2.595,2.599,2.57,2.573,1123278,
2023-12-12,508068.SH,华夏北京保障房REIT,B,2.572,2.599,2.546,2.546,822775,
2023-12-13,508068.SH,华夏北京保障房REIT,B,2.542,2.586,2.539,2.561,622487,
2023-12-14,508068.SH,华夏北京保障房REIT,B,2.549,2.569,2.548,2.553,637034,
2023-12-15,508068.SH,华夏北京保障房REIT,B,2.554,2.564,2.541,2.547,557774,
2023-12-18,508068.SH,华夏北京保障房REIT,B,2.547,2.556,2.528,2.546,529797,
2023-12-19,508068.SH,华夏北京保障房REIT,B,2.56,2.56,2.507,2.51,3510708,
2023-12-20,508068.SH,华夏北京保障房REIT,B,2.51,2.533,2.462,2.516,3732488,
2023-12-21,508068.SH,华夏北京保障房REIT,B,2.516,2.55,2.507,2.538,4777952,
2023-12-22,508068.SH,华夏北京保障房REIT,B,2.538,2.611,2.533,2.565,5066007,
2023-12-25,508068.SH,华夏北京保障房REIT,B,2.565,2.566,2.522,2.553,5780402,
2023-12-26,508068.SH,华夏北京保障房REIT,B,2.546,2.598,2.513,2.528,4447354,
2023-12-27,508068.SH,华夏北京保障房REIT,B,2.528,2.584,2.502,2.527,4649085,
2023-12-28,508068.SH,华夏北京保障房REIT,B,2.507,2.561,2.507,2.517,2983048,
2023-12-29,508068.SH,华夏北京保障房REIT,B,2.517,2.54,2.502,2.538,2728694,
2024-01-02,508068.SH,华夏北京保障房REIT,B,2.53,2.567,2.518,2.52,2877548,
2024-01-03,508068.SH,华夏北京保障房REIT,B,2.512,2.558,2.501,2.51,3066803,
2024-01-04,508068.SH,华夏北京保障房REIT,B,2.52,2.52,2.457,2.5,7210278,
2024-01-05,508068.SH,华夏北京保障房REIT,B,2.494,2.508,2.487,2.503,3495082,
2024-01-08,508068.SH,华夏北京保障房REIT,B,2.488,2.533,2.488,2.528,3088435,
2024-01-09,508068.SH,华夏北京保障房REIT,B,2.526,2.531,2.501,2.51,3525465,
2024-01-10,508068.SH,华夏北京保障房REIT,B,2.509,2.509,2.445,2.465,4316885,
2024-01-11,508068.SH,华夏北京保障房REIT,B,2.465,2.491,2.428,2.431,4283548,
2024-01-12,508068.SH,华夏北京保障房REIT,B,2.439,2.439,2.415,2.419,3115540,
2024-01-15,508068.SH,华夏北京保障房REIT,B,2.419,2.43,2.407,2.425,3091831,
2024-01-16,508068.SH,华夏北京保障房REIT,B,2.418,2.48,2.418,2.477,3202855,
2024-01-17,508068.SH,华夏北京保障房REIT,B,2.479,2.567,2.477,2.54,3716961,
2024-01-18,508068.SH,华夏北京保障房REIT,B,2.54,2.549,2.47,2.495,2784931,
2024-01-19,508068.SH,华夏北京保障房REIT,B,2.479,2.55,2.478,2.549,2040605,
2024-01-22,508068.SH,华夏北京保障房REIT,B,2.553,2.562,2.518,2.539,2521272,
2024-01-23,508068.SH,华夏北京保障房REIT,B,2.539,2.557,2.521,2.541,2241106,
2024-01-24,508068.SH,华夏北京保障房REIT,B,2.541,2.57,2.541,2.56,3052010,
2024-01-25,508068.SH,华夏北京保障房REIT,B,2.565,2.598,2.555,2.593,1346883,
2024-01-26,508068.SH,华夏北京保障房REIT,B,2.588,2.61,2.567,2.601,900119,
2024-01-29,508068.SH,华夏北京保障房REIT,B,2.601,2.614,2.587,2.601,2762869,
2024-01-30,508068.SH,华夏北京保障房REIT,B,2.601,2.607,2.58,2.592,2238916,
2024-01-31,508068.SH,华夏北京保障房REIT,B,2.57,2.616,2.567,2.616,2585572,
2024-02-01,508068.SH,华夏北京保障房REIT,B,2.616,2.632,2.585,2.629,1178151,
2024-02-02,508068.SH,华夏北京保障房REIT,B,2.618,2.635,2.606,2.629,3095709,
2024-02-05,508068.SH,华夏北京保障房REIT,B,2.62,2.63,2.588,2.6,5029030,
2024-02-06,508068.SH,华夏北京保障房REIT,B,2.594,2.645,2.565,2.635,2954549,
2024-02-07,508068.SH,华夏北京保障房REIT,B,2.63,2.65,2.621,2.635,3347424,
2024-02-08,508068.SH,华夏北京保障房REIT,B,2.645,2.65,2.62,2.634,2766831,
2024-02-19,508068.SH,华夏北京保障房REIT,B,2.63,2.749,2.62,2.733,3405254,
2024-02-20,508068.SH,华夏北京保障房REIT,B,2.733,2.784,2.711,2.721,3355169,
2024-02-21,508068.SH,华夏北京保障房REIT,B,2.729,2.74,2.72,2.728,5430949,
2024-02-22,508068.SH,华夏北京保障房REIT,B,2.728,2.75,2.723,2.75,3585801,
2024-02-23,508068.SH,华夏北京保障房REIT,B,2.75,2.814,2.71,2.799,7745091,
2024-02-26,508068.SH,华夏北京保障房REIT,B,2.799,2.872,2.794,2.864,5808522,
2024-02-27,508068.SH,华夏北京保障房REIT,B,2.869,2.883,2.765,2.832,4887855,
2024-02-28,508068.SH,华夏北京保障房REIT,B,2.803,2.831,2.803,2.808,3946194,
2024-02-29,508068.SH,华夏北京保障房REIT,B,2.777,2.863,2.775,2.858,3988617,
2024-03-01,508068.SH,华夏北京保障房REIT,B,2.858,2.927,2.848,2.921,4858320,
2024-03-04,508068.SH,华夏北京保障房REIT,B,2.923,2.954,2.908,2.953,6345543,
2024-03-05,508068.SH,华夏北京保障房REIT,B,2.952,2.968,2.921,2.936,3821903,
2024-03-06,508068.SH,华夏北京保障房REIT,B,2.936,2.936,2.886,2.894,5922985,
2024-03-07,508068.SH,华夏北京保障房REIT,B,2.886,2.922,2.865,2.866,7528069,
2024-03-08,508068.SH,华夏北京保障房REIT,B,2.866,2.876,2.85,2.867,5904633,
2024-03-11,508068.SH,华夏北京保障房REIT,B,2.869,2.9,2.86,2.875,5109221,
2024-03-12,508068.SH,华夏北京保障房REIT,B,2.875,2.884,2.8,2.871,4787246,
2024-03-13,508068.SH,华夏北京保障房REIT,B,2.866,2.873,2.806,2.847,5330791,
2024-03-14,508068.SH,华夏北京保障房REIT,B,2.84,2.86,2.82,2.86,4437680,
2024-03-15,508068.SH,华夏北京保障房REIT,B,2.86,2.885,2.839,2.883,2737287,
2024-03-18,508068.SH,华夏北京保障房REIT,B,2.886,2.912,2.879,2.895,4373425,
2024-03-19,508068.SH,华夏北京保障房REIT,B,2.895,2.916,2.859,2.902,3384434,
2024-03-20,508068.SH,华夏北京保障房REIT,B,2.902,2.906,2.885,2.894,2988264,
2024-03-21,508068.SH,华夏北京保障房REIT,B,2.894,2.908,2.889,2.905,2967294,
2024-03-22,508068.SH,华夏北京保障房REIT,B,2.905,2.918,2.8,2.823,4538358,
2024-03-25,508068.SH,华夏北京保障房REIT,B,2.823,2.823,2.762,2.763,4391303,
2024-03-26,508068.SH,华夏北京保障房REIT,B,2.763,2.79,2.742,2.79,4847686,
2024-03-27,508068.SH,华夏北京保障房REIT,B,2.78,2.85,2.78,2.836,5053946,
2024-03-28,508068.SH,华夏北京保障房REIT,B,2.836,2.855,2.8,2.819,4099881,
2024-03-29,508068.SH,华夏北京保障房REIT,B,2.819,2.833,2.803,2.823,3805941,
2024-04-01,508068.SH,华夏北京保障房REIT,B,2.823,2.843,2.8,2.843,4678837,
2024-04-02,508068.SH,华夏北京保障房REIT,B,2.843,2.866,2.842,2.857,3213603,
2024-04-03,508068.SH,华夏北京保障房REIT,B,2.857,2.897,2.848,2.868,2742415,
2024-04-08,508068.SH,华夏北京保障房REIT,B,2.868,2.883,2.852,2.868,2696758,
2024-04-09,508068.SH,华夏北京保障房REIT,B,2.868,2.88,2.856,2.86,2229529,
2024-04-10,508068.SH,华夏北京保障房REIT,B,2.85,2.869,2.847,2.868,4891715,
2024-04-11,508068.SH,华夏北京保障房REIT,B,2.868,2.93,2.863,2.913,2400781,
2024-04-12,508068.SH,华夏北京保障房REIT,B,2.912,2.917,2.891,2.908,2573254,
2024-04-15,508068.SH,华夏北京保障房REIT,B,2.89,2.912,2.89,2.903,1760498,
2024-04-16,508068.SH,华夏北京保障房REIT,B,2.903,2.903,2.883,2.891,2183939,
2024-04-17,508068.SH,华夏北京保障房REIT,B,2.892,2.911,2.892,2.897,3264605,
2024-04-18,508068.SH,华夏北京保障房REIT,B,2.901,2.901,2.871,2.877,2078824,
2024-04-19,508068.SH,华夏北京保障房REIT,B,2.877,2.899,2.865,2.867,2198412,
2024-04-22,508068.SH,华夏北京保障房REIT,B,2.867,2.894,2.867,2.886,2259572,
2024-04-23,508068.SH,华夏北京保障房REIT,B,2.886,2.913,2.88,2.907,2620319,
2024-04-24,508068.SH,华夏北京保障房REIT,B,2.857,2.884,2.819,2.847,2038471,
2024-04-25,508068.SH,华夏北京保障房REIT,B,2.831,2.901,2.826,2.883,2621815,
2024-04-26,508068.SH,华夏北京保障房REIT,B,2.883,2.924,2.863,2.915,3247111,
2024-04-29,508068.SH,华夏北京保障房REIT,B,2.916,2.927,2.876,2.916,5140508,
2024-04-30,508068.SH,华夏北京保障房REIT,B,2.915,2.915,2.89,2.898,3024276,
2024-05-06,508068.SH,华夏北京保障房REIT,B,2.898,2.9,2.87,2.895,2778891,
2024-05-07,508068.SH,华夏北京保障房REIT,B,2.895,2.926,2.877,2.91,2251113,
2024-05-08,508068.SH,华夏北京保障房REIT,B,2.91,2.918,2.885,2.891,2781083,
2024-05-09,508068.SH,华夏北京保障房REIT,B,2.891,2.898,2.879,2.885,1635504,
2024-05-10,508068.SH,华夏北京保障房REIT,B,2.885,2.915,2.885,2.901,1707124,
2024-05-13,508068.SH,华夏北京保障房REIT,B,2.899,2.911,2.897,2.901,2075505,
2024-05-14,508068.SH,华夏北京保障房REIT,B,2.901,2.91,2.871,2.881,2093949,
2024-05-15,508068.SH,华夏北京保障房REIT,B,2.885,2.885,2.871,2.872,2151598,
2024-05-16,508068.SH,华夏北京保障房REIT,B,2.872,2.878,2.868,2.873,2895151,
2024-05-17,508068.SH,华夏北京保障房REIT,B,2.873,2.874,2.853,2.859,3176921,
2024-05-20,508068.SH,华夏北京保障房REIT,B,2.861,2.87,2.851,2.859,3873415,
2024-05-21,508068.SH,华夏北京保障房REIT,B,2.86,2.86,2.851,2.851,2887982,
2024-05-22,508068.SH,华夏北京保障房REIT,B,2.851,2.868,2.846,2.85,2797112,
2024-05-23,508068.SH,华夏北京保障房REIT,B,2.88,2.881,2.842,2.848,3923088,
2024-05-24,508068.SH,华夏北京保障房REIT,B,2.848,2.868,2.848,2.865,2990588,
2024-05-27,508068.SH,华夏北京保障房REIT,B,2.863,2.881,2.863,2.869,2076019,
2024-05-28,508068.SH,华夏北京保障房REIT,B,2.869,2.879,2.861,2.863,1726584,
2024-05-29,508068.SH,华夏北京保障房REIT,B,2.863,2.87,2.855,2.863,2271139,
2024-05-30,508068.SH,华夏北京保障房REIT,B,2.861,2.863,2.853,2.858,1817475,
2024-05-31,508068.SH,华夏北京保障房REIT,B,2.855,2.868,2.851,2.859,1921151,
2024-06-03,508068.SH,华夏北京保障房REIT,B,2.857,2.869,2.84,2.868,2002764,
2024-06-04,508068.SH,华夏北京保障房REIT,B,2.868,2.868,2.847,2.856,2844517,
2024-06-05,508068.SH,华夏北京保障房REIT,B,2.856,2.858,2.847,2.858,2571170,
2024-06-06,508068.SH,华夏北京保障房REIT,B,2.857,2.861,2.848,2.856,3069950,
2024-06-07,508068.SH,华夏北京保障房REIT,B,2.859,2.864,2.857,2.863,1329342,
2024-06-11,508068.SH,华夏北京保障房REIT,B,2.863,2.867,2.852,2.859,1685421,
2024-06-12,508068.SH,华夏北京保障房REIT,B,2.85,2.865,2.84,2.863,2041764,
2024-06-13,508068.SH,华夏北京保障房REIT,B,2.85,2.909,2.85,2.889,4677772,
2024-06-14,508068.SH,华夏北京保障房REIT,B,2.889,2.9,2.878,2.893,4803609,
2024-06-17,508068.SH,华夏北京保障房REIT,B,2.891,2.905,2.881,2.901,2019305,
2024-06-18,508068.SH,华夏北京保障房REIT,B,2.901,2.901,2.882,2.896,4363049,
2024-06-19,508068.SH,华夏北京保障房REIT,B,2.883,2.9,2.883,2.899,2286806,
2024-06-20,508068.SH,华夏北京保障房REIT,B,2.9,2.9,2.86,2.88,4659998,
2024-06-21,508068.SH,华夏北京保障房REIT,B,2.88,2.899,2.868,2.891,2613866,
2024-06-24,508068.SH,华夏北京保障房REIT,B,2.882,2.898,2.88,2.893,3276249,
2024-06-25,508068.SH,华夏北京保障房REIT,B,2.899,2.9,2.876,2.881,2958941,
2024-06-26,508068.SH,华夏北京保障房REIT,B,2.868,2.905,2.868,2.905,2943056,
2024-06-27,508068.SH,华夏北京保障房REIT,B,2.9,2.983,2.9,2.965,4080547,
2024-06-28,508068.SH,华夏北京保障房REIT,B,3.024,3.024,2.925,2.954,8192800,
2024-07-01,508068.SH,华夏北京保障房REIT,B,2.94,2.99,2.935,2.989,6965223,
2024-07-02,508068.SH,华夏北京保障房REIT,B,2.994,3.045,2.98,3.033,2726946,
2024-07-03,508068.SH,华夏北京保障房REIT,B,3.033,3.044,3.009,3.043,4143568,
2024-07-04,508068.SH,华夏北京保障房REIT,B,3.037,3.04,3.015,3.02,2902013,
2024-07-05,508068.SH,华夏北京保障房REIT,B,3.009,3.015,2.994,2.997,2592464,
2024-07-08,508068.SH,华夏北京保障房REIT,B,2.95,2.999,2.95,2.992,2535224,
2024-07-09,508068.SH,华夏北京保障房REIT,B,2.98,3.012,2.966,3.011,1386670,
2024-07-10,508068.SH,华夏北京保障房REIT,B,3.014,3.053,3.0,3.052,1987536,
2024-07-11,508068.SH,华夏北京保障房REIT,B,3.052,3.054,3.025,3.035,2465724,
2024-07-12,508068.SH,华夏北京保障房REIT,B,3.024,3.054,3.024,3.044,2151537,
2024-07-15,508068.SH,华夏北京保障房REIT,B,3.042,3.094,3.03,3.091,2130881,
2024-07-16,508068.SH,华夏北京保障房REIT,B,3.088,3.151,3.069,3.096,2882060,
2024-07-17,508068.SH,华夏北京保障房REIT,B,3.096,3.096,3.06,3.069,3472688,
2024-07-18,508068.SH,华夏北京保障房REIT,B,3.062,3.101,3.053,3.083,3917053,
2024-07-19,508068.SH,华夏北京保障房REIT,B,3.083,3.097,3.07,3.092,2929378,
2024-07-22,508068.SH,华夏北京保障房REIT,B,3.076,3.087,3.053,3.084,2734977,
2024-07-23,508068.SH,华夏北京保障房REIT,B,3.068,3.085,3.054,3.085,3501735,
2024-07-24,508068.SH,华夏北京保障房REIT,B,3.07,3.105,3.07,3.1,2209563,
2024-07-25,508068.SH,华夏北京保障房REIT,B,3.098,3.143,3.086,3.121,2598246,
2024-07-26,508068.SH,华夏北京保障房REIT,B,3.144,3.171,3.09,3.166,3887589,
2024-07-29,508068.SH,华夏北京保障房REIT,B,3.133,3.176,3.133,3.155,2022763,
2024-07-30,508068.SH,华夏北京保障房REIT,B,3.144,3.179,3.14,3.179,3262063,
2024-07-31,508068.SH,华夏北京保障房REIT,B,3.18,3.198,3.174,3.181,1947823,
2024-08-01,508068.SH,华夏北京保障房REIT,B,3.181,3.21,3.181,3.191,2152097,
2024-08-02,508068.SH,华夏北京保障房REIT,B,3.18,3.216,3.18,3.205,2968753,
2024-08-05,508068.SH,华夏北京保障房REIT,B,3.205,3.278,3.175,3.269,4886528,
2024-08-06,508068.SH,华夏北京保障房REIT,B,3.269,3.277,3.212,3.251,2697520,
2024-08-07,508068.SH,华夏北京保障房REIT,B,3.251,3.3,3.248,3.29,2965883,
2024-08-08,508068.SH,华夏北京保障房REIT,B,3.29,3.353,3.28,3.28,3352178,
2024-08-09,508068.SH,华夏北京保障房REIT,B,3.28,3.297,3.167,3.27,3647476,
2024-08-12,508068.SH,华夏北京保障房REIT,B,3.27,3.27,3.241,3.258,2017960,
2024-08-13,508068.SH,华夏北京保障房REIT,B,3.258,3.296,3.216,3.276,2481063,
2024-08-14,508068.SH,华夏北京保障房REIT,B,3.3,3.357,3.222,3.356,2961843,
2024-08-15,508068.SH,华夏北京保障房REIT,B,3.356,3.356,3.322,3.349,1772516,
2024-08-16,508068.SH,华夏北京保障房REIT,B,3.349,3.356,3.328,3.349,2127323,
2024-08-19,508068.SH,华夏北京保障房REIT,B,3.351,3.351,3.331,3.341,1810663,
2024-08-20,508068.SH,华夏北京保障房REIT,B,3.341,3.356,3.27,3.272,2712053,
2024-08-21,508068.SH,华夏北京保障房REIT,B,3.24,3.288,3.197,3.205,3411072,
2024-08-22,508068.SH,华夏北京保障房REIT,B,3.189,3.326,3.188,3.282,8874186,
2024-08-23,508068.SH,华夏北京保障房REIT,B,3.289,3.313,3.27,3.304,5145226,
2024-08-26,508068.SH,华夏北京保障房REIT,B,3.305,3.32,3.262,3.297,5076296,
2024-08-27,508068.SH,华夏北京保障房REIT,B,3.281,3.296,3.266,3.279,2966915,
2024-08-28,508068.SH,华夏北京保障房REIT,B,3.27,3.283,3.241,3.272,2800160,
2024-08-29,508068.SH,华夏北京保障房REIT,B,3.272,3.3,3.24,3.24,4428117,
2024-08-30,508068.SH,华夏北京保障房REIT,B,3.234,3.295,3.234,3.236,4151316,
2024-09-02,508068.SH,华夏北京保障房REIT,B,3.236,3.27,3.216,3.267,3480139,
2024-09-03,508068.SH,华夏北京保障房REIT,B,3.265,3.267,3.235,3.24,3311624,
2024-09-04,508068.SH,华夏北京保障房REIT,B,3.243,3.257,3.203,3.21,1606624,
2024-09-05,508068.SH,华夏北京保障房REIT,B,3.19,3.234,3.18,3.23,3502604,
2024-09-06,508068.SH,华夏北京保障房REIT,B,3.229,3.287,3.194,3.275,1936245,
2024-09-09,508068.SH,华夏北京保障房REIT,B,3.275,3.303,3.246,3.298,2230178,
2024-09-10,508068.SH,华夏北京保障房REIT,B,3.302,3.315,3.264,3.281,1578094,
2024-09-11,508068.SH,华夏北京保障房REIT,B,3.281,3.281,3.237,3.253,2447908,
2024-09-12,508068.SH,华夏北京保障房REIT,B,3.25,3.26,3.199,3.201,4832017,
2024-09-13,508068.SH,华夏北京保障房REIT,B,3.157,3.157,3.116,3.13,6698161,
2024-09-18,508068.SH,华夏北京保障房REIT,B,3.13,3.13,3.116,3.121,835942,
2024-09-19,508068.SH,华夏北京保障房REIT,B,3.121,3.148,3.105,3.122,1509832,
2024-09-20,508068.SH,华夏北京保障房REIT,B,3.122,3.142,3.108,3.13,3334559,
2024-09-23,508068.SH,华夏北京保障房REIT,B,3.137,3.153,3.117,3.14,1040344,
2024-09-24,508068.SH,华夏北京保障房REIT,B,3.14,3.173,3.14,3.163,1545612,
2024-09-25,508068.SH,华夏北京保障房REIT,B,3.169,3.21,3.15,3.208,1472411,
2024-09-26,508068.SH,华夏北京保障房REIT,B,3.208,3.29,3.18,3.286,2298840,
2024-09-27,508068.SH,华夏北京保障房REIT,B,3.287,3.3,3.2,3.226,892260,
2024-09-30,508068.SH,华夏北京保障房REIT,B,3.11,3.219,3.11,3.186,3064727,
2024-10-08,508068.SH,华夏北京保障房REIT,B,3.177,3.177,3.086,3.142,3500841,
2024-10-09,508068.SH,华夏北京保障房REIT,B,3.138,3.138,3.092,3.106,2780252,
2024-10-10,508068.SH,华夏北京保障房REIT,B,3.092,3.12,3.088,3.107,3909551,
2024-10-11,508068.SH,华夏北京保障房REIT,B,3.107,3.191,3.091,3.17,3133896,
2024-10-14,508068.SH,华夏北京保障房REIT,B,3.182,3.185,3.137,3.153,2114273,
2024-10-15,508068.SH,华夏北京保障房REIT,B,3.152,3.168,3.124,3.132,4725886,
2024-10-16,508068.SH,华夏北京保障房REIT,B,3.132,3.153,3.124,3.14,2525154,
2024-10-17,508068.SH,华夏北京保障房REIT,B,3.14,3.165,3.114,3.16,2441753,
2024-10-18,508068.SH,华夏北京保障房REIT,B,3.165,3.189,3.143,3.167,1045161,
2024-10-21,508068.SH,华夏北京保障房REIT,B,3.167,3.167,3.139,3.141,621699,
2024-10-22,508068.SH,华夏北京保障房REIT,B,3.141,3.145,3.135,3.138,2084535,
2024-10-23,508068.SH,华夏北京保障房REIT,B,3.138,3.138,3.125,3.132,3664337,
2024-10-24,508068.SH,华夏北京保障房REIT,B,3.132,3.166,3.124,3.133,2005356,
2024-10-25,508068.SH,华夏北京保障房REIT,B,3.129,3.135,3.118,3.135,1341241,
2024-10-28,508068.SH,华夏北京保障房REIT,B,3.135,3.135,3.12,3.126,1474633,
2024-10-29,508068.SH,华夏北京保障房REIT,B,3.126,3.14,3.112,3.129,754873,
2024-10-30,508068.SH,华夏北京保障房REIT,B,3.129,3.129,3.117,3.118,1493830,
2024-10-31,508068.SH,华夏北京保障房REIT,B,3.118,3.129,3.107,3.11,1700667,
2024-11-01,508068.SH,华夏北京保障房REIT,B,3.107,3.121,3.086,3.092,2527442,
2024-11-04,508068.SH,华夏北京保障房REIT,B,3.093,3.093,3.077,3.089,1047528,
2024-11-05,508068.SH,华夏北京保障房REIT,B,3.089,3.112,3.071,3.094,1872487,
2024-11-06,508068.SH,华夏北京保障房REIT,B,3.094,3.094,3.076,3.077,1623440,
2024-11-07,508068.SH,华夏北京保障房REIT,B,3.098,3.098,3.067,3.074,1639583,
2024-11-08,508068.SH,华夏北京保障房REIT,B,3.074,3.1,3.055,3.09,2404576,
2024-11-11,508068.SH,华夏北京保障房REIT,B,3.09,3.214,3.075,3.176,1475706,
2024-11-12,508068.SH,华夏北京保障房REIT,B,3.176,3.241,3.152,3.231,1516723,
2024-11-13,508068.SH,华夏北京保障房REIT,B,3.231,3.232,3.183,3.228,2634415,
2024-11-14,508068.SH,华夏北京保障房REIT,B,3.225,3.227,3.163,3.165,2595577,
2024-11-15,508068.SH,华夏北京保障房REIT,B,3.16,3.174,3.136,3.16,914478,
2024-11-18,508068.SH,华夏北京保障房REIT,B,3.165,3.178,3.15,3.173,1822812,
2024-11-19,508068.SH,华夏北京保障房REIT,B,3.145,3.179,3.145,3.162,2241953,
2024-11-20,508068.SH,华夏北京保障房REIT,B,3.162,3.193,3.145,3.149,1541977,
2024-11-21,508068.SH,华夏北京保障房REIT,B,3.149,3.165,3.14,3.148,2484369,
2024-11-22,508068.SH,华夏北京保障房REIT,B,3.139,3.155,3.138,3.15,4241963,
2024-11-25,508068.SH,华夏北京保障房REIT,B,3.15,3.162,3.135,3.153,1839694,
2024-11-26,508068.SH,华夏北京保障房REIT,B,3.135,3.165,3.135,3.161,836670,
2024-11-27,508068.SH,华夏北京保障房REIT,B,3.161,3.192,3.148,3.157,1005593,
2024-11-28,508068.SH,华夏北京保障房REIT,B,3.157,3.185,3.147,3.152,102826,
2024-11-29,508068.SH,华夏北京保障房REIT,B,3.158,3.166,3.136,3.163,1798051,
2024-12-02,508068.SH,华夏北京保障房REIT,B,3.163,3.199,3.15,3.171,5690812,
2024-12-03,508068.SH,华夏北京保障房REIT,B,3.141,3.224,3.14,3.19,3422979,
2024-12-04,508068.SH,华夏北京保障房REIT,B,3.19,3.243,3.174,3.185,736080,
2024-12-05,508068.SH,华夏北京保障房REIT,B,3.169,3.191,3.164,3.184,1189510,
2024-12-06,508068.SH,华夏北京保障房REIT,B,3.184,3.207,3.184,3.197,3866063,
2024-12-09,508068.SH,华夏北京保障房REIT,B,3.197,3.254,3.164,3.244,2920426,
2024-12-10,508068.SH,华夏北京保障房REIT,B,3.241,3.415,3.2,3.41,4666717,
2024-12-11,508068.SH,华夏北京保障房REIT,B,3.392,3.46,3.36,3.426,4950517,
2024-12-12,508068.SH,华夏北京保障房REIT,B,3.426,3.426,3.4,3.414,3765294,
2024-12-13,508068.SH,华夏北京保障房REIT,B,3.414,3.458,3.41,3.449,2670575,
2024-12-16,508068.SH,华夏北京保障房REIT,B,3.449,3.536,3.416,3.516,3630250,
2024-12-17,508068.SH,华夏北京保障房REIT,B,3.52,3.529,3.476,3.489,3224325,
2024-12-18,508068.SH,华夏北京保障房REIT,B,3.498,3.505,3.45,3.473,2829416,
2024-12-19,508068.SH,华夏北京保障房REIT,B,3.463,3.506,3.433,3.492,2070072,
2024-12-20,508068.SH,华夏北京保障房REIT,B,3.492,3.52,3.453,3.511,2371011,
2024-12-23,508068.SH,华夏北京保障房REIT,B,3.513,3.523,3.499,3.514,2630574,
2024-12-24,508068.SH,华夏北京保障房REIT,B,3.481,3.541,3.481,3.53,3239305,
2024-12-25,508068.SH,华夏北京保障房REIT,B,3.529,3.558,3.5,3.55,1782444,
2024-12-26,508068.SH,华夏北京保障房REIT,B,3.549,3.566,3.545,3.552,868548,
2024-12-27,508068.SH,华夏北京保障房REIT,B,3.513,3.563,3.513,3.563,1164530,
2024-12-30,508068.SH,华夏北京保障房REIT,B,3.53,3.595,3.53,3.587,2756574,
2024-12-31,508068.SH,华夏北京保障房REIT,B,3.589,3.591,3.547,3.587,3947624,
2025-01-02,508068.SH,华夏北京保障房REIT,B,3.585,3.695,3.585,3.651,3248475,
2025-01-03,508068.SH,华夏北京保障房REIT,B,3.651,3.792,3.651,3.709,5688577,
2025-01-06,508068.SH,华夏北京保障房REIT,B,3.707,3.735,3.69,3.702,3144869,
2025-01-07,508068.SH,华夏北京保障房REIT,B,3.663,3.76,3.633,3.651,2373334,
2025-01-08,508068.SH,华夏北京保障房REIT,B,3.645,3.712,3.612,3.698,1377175,
2025-01-09,508068.SH,华夏北京保障房REIT,B,3.7,3.78,3.69,3.765,3560396,
2025-01-10,508068.SH,华夏北京保障房REIT,B,3.765,3.8,3.605,3.771,2357290,
2025-01-13,508068.SH,华夏北京保障房REIT,B,3.732,3.81,3.732,3.733,2726271,
2025-01-14,508068.SH,华夏北京保障房REIT,B,3.726,3.796,3.672,3.74,4946200,
2025-01-15,508068.SH,华夏北京保障房REIT,B,3.75,3.78,3.748,3.772,3117260,
2025-01-16,508068.SH,华夏北京保障房REIT,B,3.797,3.884,3.738,3.797,2330725,
2025-01-17,508068.SH,华夏北京保障房REIT,B,3.781,3.88,3.757,3.803,4019029,
2025-01-20,508068.SH,华夏北京保障房REIT,B,3.763,3.915,3.761,3.911,2241144,
2025-01-21,508068.SH,华夏北京保障房REIT,B,3.914,3.971,3.907,3.921,3250830,
2025-01-22,508068.SH,华夏北京保障房REIT,B,3.9,3.97,3.883,3.965,2061366,
2025-01-23,508068.SH,华夏北京保障房REIT,B,3.965,3.999,3.925,3.949,1421312,
2025-01-24,508068.SH,华夏北京保障房REIT,B,3.921,3.98,3.898,3.911,2456288,
2025-01-27,508068.SH,华夏北京保障房REIT,B,3.913,3.965,3.895,3.962,3250927,
2025-02-05,508068.SH,华夏北京保障房REIT,B,3.964,4.146,3.94,4.14,2789142,
2025-02-06,508068.SH,华夏北京保障房REIT,B,4.145,4.155,4.026,4.035,4140051,
2025-02-07,508068.SH,华夏北京保障房REIT,B,4.035,4.035,3.988,4.013,6743509,
2025-02-10,508068.SH,华夏北京保障房REIT,B,4.013,4.013,3.9,3.954,5887948,
2025-02-11,508068.SH,华夏北京保障房REIT,B,3.942,3.967,3.937,3.963,5506230,
2025-02-12,508068.SH,华夏北京保障房REIT,B,3.963,3.986,3.93,3.946,6479756,
2025-02-13,508068.SH,华夏北京保障房REIT,B,3.946,3.946,3.862,3.882,4025396,
2025-02-14,508068.SH,华夏北京保障房REIT,B,3.882,3.923,3.81,3.905,6574575,
2025-02-17,508068.SH,华夏北京保障房REIT,B,3.914,3.939,3.885,3.924,4393919,
2025-02-18,508068.SH,华夏北京保障房REIT,B,3.924,3.964,3.885,3.902,2300493,
2025-02-19,508068.SH,华夏北京保障房REIT,B,3.894,3.917,3.855,3.876,3897148,
2025-02-20,508068.SH,华夏北京保障房REIT,B,3.876,3.876,3.792,3.8,5937082,
2025-02-21,508068.SH,华夏北京保障房REIT,B,3.795,3.825,3.757,3.784,4464823,
2025-02-24,508068.SH,华夏北京保障房REIT,B,3.788,3.788,3.724,3.747,3241403,
2025-02-25,508068.SH,华夏北京保障房REIT,B,3.75,3.777,3.708,3.712,6897245,
2025-02-26,508068.SH,华夏北京保障房REIT,B,3.712,3.789,3.671,3.757,4548938,
2025-02-27,508068.SH,华夏北京保障房REIT,B,3.74,3.776,3.74,3.775,5446287,
2025-02-28,508068.SH,华夏北京保障房REIT,B,3.775,3.835,3.745,3.823,6971064,
2025-03-03,508068.SH,华夏北京保障房REIT,B,3.833,3.945,3.833,3.94,4943238,
2025-03-04,508068.SH,华夏北京保障房REIT,B,3.94,4.048,3.869,3.882,7016318,
2025-03-05,508068.SH,华夏北京保障房REIT,B,3.879,3.94,3.873,3.912,5039073,
2025-03-06,508068.SH,华夏北京保障房REIT,B,3.912,3.912,3.874,3.894,10168273,
2025-03-07,508068.SH,华夏北京保障房REIT,B,3.89,3.909,3.832,3.86,9837536,
2025-03-10,508068.SH,华夏北京保障房REIT,B,3.855,3.874,3.819,3.828,4649033,
2025-03-11,508068.SH,华夏北京保障房REIT,B,3.828,3.843,3.768,3.79,5465169,
2025-03-12,508068.SH,华夏北京保障房REIT,B,3.79,3.808,3.705,3.772,6657654,
2025-03-13,508068.SH,华夏北京保障房REIT,B,3.77,3.772,3.748,3.76,5463098,
2025-03-14,508068.SH,华夏北京保障房REIT,B,3.763,3.826,3.723,3.771,6183307,
2025-03-17,508068.SH,华夏北京保障房REIT,B,3.759,3.759,3.724,3.749,4683695,
2025-03-18,508068.SH,华夏北京保障房REIT,B,3.747,3.773,3.736,3.757,6773571,
2025-03-19,508068.SH,华夏北京保障房REIT,B,3.757,3.811,3.748,3.81,4029341,
2025-03-20,508068.SH,华夏北京保障房REIT,B,3.811,3.851,3.811,3.834,3569422,
2025-03-21,508068.SH,华夏北京保障房REIT,B,3.834,3.844,3.825,3.83,4233304,
2025-03-24,508068.SH,华夏北京保障房REIT,B,3.835,3.907,3.822,3.871,3382422,
2025-03-25,508068.SH,华夏北京保障房REIT,B,3.88,3.898,3.849,3.868,3735793,
2025-03-26,508068.SH,华夏北京保障房REIT,B,3.87,3.889,3.856,3.868,4277024,
2025-03-27,508068.SH,华夏北京保障房REIT,B,3.862,3.929,3.862,3.921,3681558,
2025-03-28,508068.SH,华夏北京保障房REIT,B,3.916,3.996,3.916,3.957,5313816,
2025-03-31,508068.SH,华夏北京保障房REIT,B,3.969,4.006,3.951,3.958,3114652,
2025-04-01,508068.SH,华夏北京保障房REIT,B,3.958,3.96,3.92,3.944,3197897,
2025-04-02,508068.SH,华夏北京保障房REIT,B,3.949,3.97,3.945,3.956,3456331,
2025-04-03,508068.SH,华夏北京保障房REIT,B,3.961,4.11,3.961,4.062,5188650,
2025-04-07,508068.SH,华夏北京保障房REIT,B,4.103,4.398,4.069,4.242,5119748,
2025-04-08,508068.SH,华夏北京保障房REIT,B,4.242,4.266,4.124,4.227,3678679,
2025-04-09,508068.SH,华夏北京保障房REIT,B,4.212,4.228,4.15,4.199,3271161,
2025-04-10,508068.SH,华夏北京保障房REIT,B,4.199,4.21,4.15,4.2,3171962,
2025-04-11,508068.SH,华夏北京保障房REIT,B,4.152,4.213,4.152,4.211,2972192,
2025-04-14,508068.SH,华夏北京保障房REIT,B,4.2,4.248,4.2,4.245,2019409,
2025-04-15,508068.SH,华夏北京保障房REIT,B,4.246,4.27,4.246,4.258,3363895,
2025-04-16,508068.SH,华夏北京保障房REIT,B,4.256,4.356,4.243,4.255,4973619,
2025-04-17,508068.SH,华夏北京保障房REIT,B,4.298,4.298,4.234,4.294,3237177,
2025-04-21,508068.SH,华夏北京保障房REIT,B,4.295,4.295,4.22,4.228,3587009,
2025-04-22,508068.SH,华夏北京保障房REIT,B,4.244,4.29,4.23,4.242,2915933,
2025-04-23,508068.SH,华夏北京保障房REIT,B,4.245,4.246,4.19,4.202,3137695,
2025-04-24,508068.SH,华夏北京保障房REIT,B,4.218,4.218,4.118,4.131,4145896,
2025-04-25,508068.SH,华夏北京保障房REIT,B,4.131,4.167,4.125,4.158,3127551,
2025-04-28,508068.SH,华夏北京保障房REIT,B,4.158,4.169,4.124,4.14,3260062,
2025-04-29,508068.SH,华夏北京保障房REIT,B,4.14,4.18,4.1,4.154,2706689,
2025-04-30,508068.SH,华夏北京保障房REIT,B,4.138,4.196,4.138,4.189,2544598,
2025-05-06,508068.SH,华夏北京保障房REIT,B,4.189,4.248,4.17,4.234,1608053,
2025-05-07,508068.SH,华夏北京保障房REIT,B,4.235,4.247,4.195,4.207,3838804,
2025-05-08,508068.SH,华夏北京保障房REIT,B,4.218,4.31,4.218,4.26,5186320,
2025-05-09,508068.SH,华夏北京保障房REIT,B,4.28,4.32,4.254,4.308,4845131,
2025-05-12,508068.SH,华夏北京保障房REIT,B,4.3,4.32,4.252,4.305,2930752,
2025-05-13,508068.SH,华夏北京保障房REIT,B,4.249,4.298,4.211,4.28,2441250,
2025-05-14,508068.SH,华夏北京保障房REIT,B,4.28,4.32,4.28,4.301,4184449,
2025-05-15,508068.SH,华夏北京保障房REIT,B,4.301,4.34,4.298,4.325,3187740,
2025-05-16,508068.SH,华夏北京保障房REIT,B,4.355,4.4,4.281,4.345,4097863,
2025-05-19,508068.SH,华夏北京保障房REIT,B,4.345,4.376,4.288,4.329,4999488,
2025-05-20,508068.SH,华夏北京保障房REIT,B,4.312,4.336,4.29,4.321,4137152,
2025-05-21,508068.SH,华夏北京保障房REIT,B,4.314,4.328,4.29,4.316,3637917,
2025-05-22,508068.SH,华夏北京保障房REIT,B,4.316,4.318,4.262,4.284,5489900,
2025-05-26,508068.SH,华夏北京保障房REIT,B,4.284,4.41,4.284,4.305,4319930,
2025-05-27,508068.SH,华夏北京保障房REIT,B,4.322,4.389,4.285,4.299,3771245,
2025-05-28,508068.SH,华夏北京保障房REIT,B,4.31,4.316,4.277,4.309,2631729,
2025-05-29,508068.SH,华夏北京保障房REIT,B,4.309,4.329,4.297,4.306,2660966,
2025-05-30,508068.SH,华夏北京保障房REIT,B,4.321,4.328,4.292,4.297,2432300,
2025-06-03,508068.SH,华夏北京保障房REIT,B,4.298,4.313,4.28,4.285,1196374,
2025-06-04,508068.SH,华夏北京保障房REIT,B,4.285,4.3,4.274,4.285,2458984,
2025-06-05,508068.SH,华夏北京保障房REIT,B,4.286,4.3,4.279,4.289,1797153,
2025-06-06,508068.SH,华夏北京保障房REIT,B,4.289,4.302,4.28,4.299,2326391,
2025-06-09,508068.SH,华夏北京保障房REIT,B,4.31,4.31,4.28,4.297,4052968,
2025-06-10,508068.SH,华夏北京保障房REIT,B,4.285,4.307,4.28,4.299,3187719,
2025-06-11,508068.SH,华夏北京保障房REIT,B,4.3,4.329,4.286,4.315,2681677,
2025-06-12,508068.SH,华夏北京保障房REIT,B,4.321,4.359,4.32,4.359,1987791,
2025-06-13,508068.SH,华夏北京保障房REIT,B,4.37,4.414,4.36,4.4,4350350,
2025-06-16,508068.SH,华夏北京保障房REIT,B,4.4,4.45,4.37,4.442,3174783,
2025-06-17,508068.SH,华夏北京保障房REIT,B,4.45,4.481,4.43,4.453,5193508,
2025-06-18,508068.SH,华夏北京保障房REIT,B,4.453,4.5,4.44,4.498,4448081,
2025-06-19,508068.SH,华夏北京保障房REIT,B,4.504,4.549,4.46,4.479,5879756,
2025-06-20,508068.SH,华夏北京保障房REIT,B,4.479,4.6,4.456,4.519,5746527,
2025-06-23,508068.SH,华夏北京保障房REIT,B,4.51,4.54,4.496,4.511,4557409,
2025-06-24,508068.SH,华夏北京保障房REIT,B,4.511,4.515,4.39,4.501,3169775,
2025-06-25,508068.SH,华夏北京保障房REIT,B,4.519,4.528,4.445,4.519,2686545,
2025-06-26,508068.SH,华夏北京保障房REIT,B,4.497,4.519,4.471,4.489,3416160,
2025-06-27,508068.SH,华夏北京保障房REIT,B,4.488,4.489,4.432,4.465,3147294,
2025-06-30,508068.SH,华夏北京保障房REIT,B,4.45,4.463,4.4,4.443,2580432,
2025-07-01,508068.SH,华夏北京保障房REIT,B,4.438,4.442,4.398,4.406,4154378,
2025-07-02,508068.SH,华夏北京保障房REIT,B,4.422,4.44,4.399,4.428,7926120,
2025-07-03,508068.SH,华夏北京保障房REIT,B,4.428,4.435,4.386,4.41,4697787,
2025-07-04,508068.SH,华夏北京保障房REIT,B,4.408,4.42,4.368,4.389,7365925,
2025-07-07,508068.SH,华夏北京保障房REIT,B,4.38,4.381,4.359,4.362,3390026,
2025-07-08,508068.SH,华夏北京保障房REIT,B,4.383,4.385,4.29,4.299,6789512,
2025-07-09,508068.SH,华夏北京保障房REIT,B,4.299,4.332,4.265,4.269,4390420,
2025-07-10,508068.SH,华夏北京保障房REIT,B,4.27,4.311,4.27,4.285,4286320,
2025-07-11,508068.SH,华夏北京保障房REIT,B,4.289,4.299,4.24,4.297,9765743,
2025-07-14,508068.SH,华夏北京保障房REIT,B,4.276,4.324,4.268,4.3,5025047,
2025-07-15,508068.SH,华夏北京保障房REIT,B,4.29,4.366,4.283,4.345,6556322,
2025-07-16,508068.SH,华夏北京保障房REIT,B,4.345,4.362,4.33,4.349,5845491,
2025-07-17,508068.SH,华夏北京保障房REIT,B,4.333,4.35,4.296,4.33,5309158,
2025-07-18,508068.SH,华夏北京保障房REIT,B,4.33,4.335,4.3,4.33,3532676,
2025-07-21,508068.SH,华夏北京保障房REIT,B,4.328,4.328,4.296,4.315,2722968,
2025-07-22,508068.SH,华夏北京保障房REIT,B,4.314,4.32,4.266,4.282,3345786,
2025-07-23,508068.SH,华夏北京保障房REIT,B,4.282,4.282,4.205,4.239,8866077,
2025-07-24,508068.SH,华夏北京保障房REIT,B,4.255,4.255,4.222,4.235,2275782,
2025-07-25,508068.SH,华夏北京保障房REIT,B,4.228,4.259,4.2,4.221,3231667,
2025-07-28,508068.SH,华夏北京保障房REIT,B,4.218,4.3,4.201,4.278,4253128,
2025-07-29,508068.SH,华夏北京保障房REIT,B,4.278,4.299,4.244,4.247,1917692,
2025-07-30,508068.SH,华夏北京保障房REIT,B,4.248,4.278,4.237,4.276,3827222,
2025-07-31,508068.SH,华夏北京保障房REIT,B,4.26,4.35,4.26,4.338,5699430,
2025-08-01,508068.SH,华夏北京保障房REIT,B,4.348,4.348,4.306,4.344,5030338,
2025-08-04,508068.SH,华夏北京保障房REIT,B,4.35,4.37,4.3,4.303,4651816,
2025-08-05,508068.SH,华夏北京保障房REIT,B,4.318,4.319,4.262,4.299,3398951,
2025-08-06,508068.SH,华夏北京保障房REIT,B,4.3,4.308,4.276,4.295,2290877,
2025-08-07,508068.SH,华夏北京保障房REIT,B,4.28,4.31,4.252,4.293,3901260,
2025-08-08,508068.SH,华夏北京保障房REIT,B,4.293,4.293,4.26,4.263,2355411,
2025-08-11,508068.SH,华夏北京保障房REIT,B,4.26,4.268,4.225,4.247,2955654,
2025-08-12,508068.SH,华夏北京保障房REIT,B,4.25,4.262,4.232,4.245,709205,
2025-08-13,508068.SH,华夏北京保障房REIT,B,4.245,4.25,4.225,4.248,2313408,
2025-08-14,508068.SH,华夏北京保障房REIT,B,4.255,4.258,4.22,4.233,2431738,
2025-08-15,508068.SH,华夏北京保障房REIT,B,4.231,4.231,4.18,4.2,6973409,
2025-08-18,508068.SH,华夏北京保障房REIT,B,4.19,4.19,4.072,4.073,2061154,
2025-08-19,508068.SH,华夏北京保障房REIT,B,4.072,4.072,3.959,3.961,6225346,
2025-08-20,508068.SH,华夏北京保障房REIT,B,3.975,4.017,3.948,3.972,4230374,
2025-08-21,508068.SH,华夏北京保障房REIT,B,3.961,4.038,3.939,4.007,2565842,
2025-08-22,508068.SH,华夏北京保障房REIT,B,4.022,4.022,3.996,4.013,2918918,
2025-08-25,508068.SH,华夏北京保障房REIT,B,4.0,4.129,3.97,4.1,2886538,
2025-08-26,508068.SH,华夏北京保障房REIT,B,4.123,4.198,4.09,4.183,3385612,
2025-08-27,508068.SH,华夏北京保障房REIT,B,4.192,4.22,4.152,4.199,2663711,
2025-08-28,508068.SH,华夏北京保障房REIT,B,4.199,4.199,4.134,4.16,2083732,
2025-08-29,508068.SH,华夏北京保障房REIT,B,4.144,4.145,4.1,4.109,2037938,
2025-09-01,508068.SH,华夏北京保障房REIT,B,4.109,4.109,4.08,4.1,3733607,
2025-09-02,508068.SH,华夏北京保障房REIT,B,4.095,4.193,4.09,4.189,2256938,
2025-09-03,508068.SH,华夏北京保障房REIT,B,4.194,4.219,4.161,4.208,1163299,
2025-09-04,508068.SH,华夏北京保障房REIT,B,4.204,4.483,4.173,4.302,6729509,
2025-09-05,508068.SH,华夏北京保障房REIT,B,4.302,4.302,4.174,4.202,3806832,
2025-09-08,508068.SH,华夏北京保障房REIT,B,4.196,4.202,4.143,4.184,3830015,
2025-09-09,508068.SH,华夏北京保障房REIT,B,4.185,4.2,4.18,4.198,1467305,
2025-09-10,508068.SH,华夏北京保障房REIT,B,4.189,4.198,4.14,4.18,2536848,
2025-09-11,508068.SH,华夏北京保障房REIT,B,4.18,4.22,4.141,4.185,2792639,
2025-09-12,508068.SH,华夏北京保障房REIT,B,4.185,4.2,4.15,4.186,1367551,
2025-09-15,508068.SH,华夏北京保障房REIT,B,4.186,4.2,4.16,4.182,1002754,
2025-09-16,508068.SH,华夏北京保障房REIT,B,4.199,4.199,4.127,4.13,3001597,
2025-09-17,508068.SH,华夏北京保障房REIT,B,4.13,4.14,4.089,4.121,3685465,
2025-09-18,508068.SH,华夏北京保障房REIT,B,4.11,4.124,4.097,4.11,3569376,
2025-09-19,508068.SH,华夏北京保障房REIT,B,4.117,4.12,4.096,4.111,2267857,
2025-09-22,508068.SH,华夏北京保障房REIT,B,4.108,4.116,4.064,4.116,638609,
2025-09-23,508068.SH,华夏北京保障房REIT,B,4.108,4.108,4.086,4.104,1567388,
2025-09-24,508068.SH,华夏北京保障房REIT,B,4.104,4.115,4.091,4.092,629657,
2025-09-25,508068.SH,华夏北京保障房REIT,B,4.09,4.09,4.083,4.085,1945066,
2025-09-26,508068.SH,华夏北京保障房REIT,B,4.085,4.095,4.085,4.093,1498178,
2025-09-29,508068.SH,华夏北京保障房REIT,B,4.086,4.103,4.052,4.08,1041381,
2025-09-30,508068.SH,华夏北京保障房REIT,B,4.08,4.096,4.06,4.087,720934,
2025-10-09,508068.SH,华夏北京保障房REIT,B,4.088,4.1,4.055,4.055,1503584,
2025-10-10,508068.SH,华夏北京保障房REIT,B,4.064,4.068,4.035,4.038,2473095,
2025-10-13,508068.SH,华夏北京保障房REIT,B,4.036,4.081,4.025,4.033,4135931,
2025-10-14,508068.SH,华夏北京保障房REIT,B,4.044,4.044,4.02,4.034,2615580,
2025-10-15,508068.SH,华夏北京保障房REIT,B,4.034,4.044,3.998,4.001,2966971,
2025-10-16,508068.SH,华夏北京保障房REIT,B,3.996,4.028,3.972,3.999,1819757,
2025-10-17,508068.SH,华夏北京保障房REIT,B,3.999,3.999,3.97,3.98,4015849,
2025-10-20,508068.SH,华夏北京保障房REIT,B,3.98,3.98,3.9,3.971,2971812,
2025-10-21,508068.SH,华夏北京保障房REIT,B,3.968,4.065,3.955,3.98,2723866,
2025-10-22,508068.SH,华夏北京保障房REIT,B,3.972,4.009,3.971,3.99,4241015,
2025-10-23,508068.SH,华夏北京保障房REIT,B,3.992,4.039,3.992,4.038,3810639,
2025-10-24,508068.SH,华夏北京保障房REIT,B,4.039,4.12,4.033,4.068,2182262,
2025-10-27,508068.SH,华夏北京保障房REIT,B,4.068,4.093,4.039,4.087,3018997,
2025-10-28,508068.SH,华夏北京保障房REIT,B,4.093,4.168,4.093,4.149,4853077,
2025-10-29,508068.SH,华夏北京保障房REIT,B,4.132,4.183,4.132,4.177,5019147,
2025-10-30,508068.SH,华夏北京保障房REIT,B,4.177,4.196,4.162,4.177,2069712,
2025-10-31,508068.SH,华夏北京保障房REIT,B,4.192,4.192,4.127,4.136,2962305,
2025-11-03,508068.SH,华夏北京保障房REIT,B,4.135,4.169,4.11,4.12,3638617,
2025-11-04,508068.SH,华夏北京保障房REIT,B,4.116,4.12,4.052,4.076,1895613,
2025-11-05,508068.SH,华夏北京保障房REIT,B,4.07,4.096,4.02,4.085,3249576,
2025-11-06,508068.SH,华夏北京保障房REIT,B,4.08,4.123,4.072,4.112,2447417,
2025-11-07,508068.SH,华夏北京保障房REIT,B,4.112,4.151,4.112,4.148,670130,
2025-11-10,508068.SH,华夏北京保障房REIT,B,4.148,4.18,4.14,4.16,1299573,
2025-11-11,508068.SH,华夏北京保障房REIT,B,4.151,4.188,4.148,4.174,2005791,
2025-11-12,508068.SH,华夏北京保障房REIT,B,4.184,4.19,4.156,4.168,2127927,
2025-11-13,508068.SH,华夏北京保障房REIT,B,4.164,4.185,4.16,4.176,1748782,
2025-11-14,508068.SH,华夏北京保障房REIT,B,4.172,4.2,4.171,4.188,2977034,
2025-11-17,508068.SH,华夏北京保障房REIT,B,4.186,4.213,4.186,4.2,1387487,
2025-11-18,508068.SH,华夏北京保障房REIT,B,4.204,4.204,4.139,4.18,1970204,
2025-11-19,508068.SH,华夏北京保障房REIT,B,4.164,4.18,4.152,4.171,2611281,
2025-11-20,508068.SH,华夏北京保障房REIT,B,4.171,4.171,4.139,4.162,2114858,
2025-11-21,508068.SH,华夏北京保障房REIT,B,4.152,4.186,4.112,4.135,1183451,
2025-11-24,508068.SH,华夏北京保障房REIT,B,4.13,4.184,4.117,4.181,2807944,
2025-11-25,508068.SH,华夏北京保障房REIT,B,4.184,4.22,4.181,4.2,4989805,
2025-11-26,508068.SH,华夏北京保障房REIT,B,4.212,4.315,4.2,4.238,5012812,
2025-11-27,508068.SH,华夏北京保障房REIT,B,4.24,4.265,4.218,4.218,3671043,
2025-11-28,508068.SH,华夏北京保障房REIT,B,4.216,4.264,4.213,4.239,1382745,
2025-12-01,508068.SH,华夏北京保障房REIT,B,4.244,4.244,4.143,4.18,1488003,
2025-12-02,508068.SH,华夏北京保障房REIT,B,4.18,4.18,4.119,4.14,2116114,
2025-12-03,508068.SH,华夏北京保障房REIT,B,4.123,4.144,4.123,4.142,1705422,
2025-12-04,508068.SH,华夏北京保障房REIT,B,4.123,4.142,4.09,4.1,2692227,
2025-12-05,508068.SH,华夏北京保障房REIT,B,4.099,4.103,4.08,4.101,1478850,
2025-12-08,508068.SH,华夏北京保障房REIT,B,4.087,4.11,4.064,4.065,1871939,
2025-12-09,508068.SH,华夏北京保障房REIT,B,4.065,4.087,4.02,4.035,817856,
2025-12-10,508068.SH,华夏北京保障房REIT,B,4.023,4.165,3.988,4.154,2210934,
2025-12-11,508068.SH,华夏北京保障房REIT,B,4.164,4.164,4.079,4.15,1160647,
2025-12-12,508068.SH,华夏北京保障房REIT,B,4.14,4.177,4.1,4.128,2523960,
2025-12-15,508068.SH,华夏北京保障房REIT,B,4.119,4.133,4.049,4.128,1506902,
2025-12-16,508068.SH,华夏北京保障房REIT,B,4.115,4.116,4.075,4.116,1724295,
2025-12-17,508068.SH,华夏北京保障房REIT,B,4.095,4.116,4.03,4.094,2507814,
2025-12-18,508068.SH,华夏北京保障房REIT,B,4.086,4.086,4.01,4.045,1812912,
2025-12-19,508068.SH,华夏北京保障房REIT,B,4.026,4.044,4.004,4.037,1489242,
2025-12-22,508068.SH,华夏北京保障房REIT,B,4.031,4.078,4.031,4.059,1302111,
2025-12-23,508068.SH,华夏北京保障房REIT,B,4.06,4.08,3.915,3.937,3778534,
2025-12-24,508068.SH,华夏北京保障房REIT,B,3.93,4.081,3.849,4.062,2928314,
2025-12-25,508068.SH,华夏北京保障房REIT,B,4.05,4.112,4.032,4.094,2084966,
2025-12-26,508068.SH,华夏北京保障房REIT,B,4.103,4.148,4.033,4.124,1734252,
2025-12-29,508068.SH,华夏北京保障房REIT,B,4.103,4.104,4.041,4.072,1946911,
2025-12-30,508068.SH,华夏北京保障房REIT,B,4.07,4.079,4.051,4.072,850593,
2025-12-31,508068.SH,华夏北京保障房REIT,B,4.072,4.098,4.062,4.087,1204712,
2026-01-05,508068.SH,华夏北京保障房REIT,B,4.094,4.1,4.076,4.095,2477176,
2026-01-06,508068.SH,华夏北京保障房REIT,B,4.099,4.12,4.087,4.109,3967532,
2026-01-07,508068.SH,华夏北京保障房REIT,B,4.11,4.184,4.069,4.111,2327507,
2026-01-08,508068.SH,华夏北京保障房REIT,B,4.109,4.172,4.052,4.12,2630525,
2026-01-09,508068.SH,华夏北京保障房REIT,B,4.111,4.175,4.08,4.095,1810705,
2026-01-12,508068.SH,华夏北京保障房REIT,B,4.095,4.096,4.034,4.037,1361148,
2026-01-13,508068.SH,华夏北京保障房REIT,B,4.034,4.053,4.015,4.017,2816319,
2026-01-14,508068.SH,华夏北京保障房REIT,B,4.02,4.034,3.995,4.024,3056647,
2026-01-15,508068.SH,华夏北京保障房REIT,B,4.015,4.042,4.0,4.023,3543140,
2026-01-16,508068.SH,华夏北京保障房REIT,B,4.01,4.018,3.998,4.018,2358423,
2026-01-19,508068.SH,华夏北京保障房REIT,B,4.018,4.018,3.996,4.001,1464238,
2026-01-20,508068.SH,华夏北京保障房REIT,B,4.007,4.073,4.007,4.05,2390723,
2026-01-21,508068.SH,华夏北京保障房REIT,B,4.05,4.098,4.039,4.094,1416232,
2026-01-22,508068.SH,华夏北京保障房REIT,B,4.094,4.132,4.08,4.08,2072940,
2026-01-23,508068.SH,华夏北京保障房REIT,B,4.078,4.176,4.047,4.158,3706944,
2026-01-26,508068.SH,华夏北京保障房REIT,B,4.158,4.158,4.077,4.122,969934,
2026-01-27,508068.SH,华夏北京保障房REIT,B,4.118,4.176,4.094,4.115,2834729,
2026-01-28,508068.SH,华夏北京保障房REIT,B,4.118,4.154,4.103,4.134,1995071,
2026-01-29,508068.SH,华夏北京保障房REIT,B,4.134,4.175,4.129,4.174,1685694,
2026-01-30,508068.SH,华夏北京保障房REIT,B,4.161,4.173,4.149,4.149,1461950,
2026-02-02,508068.SH,华夏北京保障房REIT,B,4.143,4.143,4.08,4.105,1429594,
2026-02-03,508068.SH,华夏北京保障房REIT,B,4.103,4.132,4.06,4.126,2763234,
2026-02-04,508068.SH,华夏北京保障房REIT,B,4.126,4.137,4.104,4.121,2111105,
2026-02-05,508068.SH,华夏北京保障房REIT,B,4.121,4.127,4.1,4.116,1930133,
2026-02-06,508068.SH,华夏北京保障房REIT,B,4.121,4.121,4.095,4.112,1879085,
2026-02-09,508068.SH,华夏北京保障房REIT,B,4.12,4.12,4.089,4.097,1418168,
2026-02-10,508068.SH,华夏北京保障房REIT,B,4.1,4.117,4.06,4.095,1491516,
2026-02-11,508068.SH,华夏北京保障房REIT,B,4.095,4.125,4.079,4.102,3175421,
2026-02-12,508068.SH,华夏北京保障房REIT,B,4.102,4.106,4.08,4.104,1089559,
2026-02-13,508068.SH,华夏北京保障房REIT,B,4.11,4.118,4.095,4.106,1027537,
2026-02-24,508068.SH,华夏北京保障房REIT,B,4.104,4.118,4.09,4.092,1193525,
2026-02-25,508068.SH,华夏北京保障房REIT,B,4.089,4.1,4.08,4.1,1097950,
2026-02-26,508068.SH,华夏北京保障房REIT,B,4.101,4.103,4.064,4.088,2012006,
2026-02-27,508068.SH,华夏北京保障房REIT,B,4.088,4.088,4.022,4.047,3470931,
2026-03-02,508068.SH,华夏北京保障房REIT,B,4.035,4.053,3.985,3.987,5876979,
2026-03-03,508068.SH,华夏北京保障房REIT,B,3.986,4.027,3.982,4.005,3117041,
2026-03-04,508068.SH,华夏北京保障房REIT,B,3.999,4.04,3.995,4.029,1921469,
2026-03-05,508068.SH,华夏北京保障房REIT,B,4.03,4.048,3.97,3.979,2797062,
2026-03-06,508068.SH,华夏北京保障房REIT,B,3.976,3.98,3.95,3.967,1903813,
2026-03-09,508068.SH,华夏北京保障房REIT,B,3.967,3.975,3.918,3.923,2518017,
2026-03-10,508068.SH,华夏北京保障房REIT,B,3.923,3.975,3.923,3.931,2468461,
2026-03-11,508068.SH,华夏北京保障房REIT,B,3.943,3.943,3.918,3.94,2755300,
2026-03-12,508068.SH,华夏北京保障房REIT,B,3.94,3.95,3.914,3.933,2518229,
2026-03-13,508068.SH,华夏北京保障房REIT,B,3.921,3.946,3.92,3.937,2176827,
2026-03-16,508068.SH,华夏北京保障房REIT,B,3.937,3.95,3.908,3.911,1187407,
2026-03-17,508068.SH,华夏北京保障房REIT,B,3.919,3.968,3.919,3.949,1406599,
2026-03-18,508068.SH,华夏北京保障房REIT,B,3.945,4.041,3.938,4.01,1735531,
2026-03-19,508068.SH,华夏北京保障房REIT,B,4.012,4.047,4.005,4.031,1472337,
2026-03-20,508068.SH,华夏北京保障房REIT,B,4.023,4.06,3.993,4.046,1088568,
2026-03-23,508068.SH,华夏北京保障房REIT,B,4.05,4.05,3.99,3.999,2974391,
2026-03-24,508068.SH,华夏北京保障房REIT,B,3.991,4.003,3.974,4.0,3316626,
2026-03-25,508068.SH,华夏北京保障房REIT,B,4.007,4.007,3.971,3.975,1013999,
2026-03-26,508068.SH,华夏北京保障房REIT,B,3.975,3.985,3.966,3.984,2041508,
2026-03-27,508068.SH,华夏北京保障房REIT,B,3.984,4.034,3.949,3.994,1385742,
2026-03-30,508068.SH,华夏北京保障房REIT,B,3.984,4.035,3.984,4.014,2813655,
2026-03-31,508068.SH,华夏北京保障房REIT,B,4.013,4.046,4.008,4.02,1932598,
2026-04-01,508068.SH,华夏北京保障房REIT,B,4.02,4.055,4.007,4.019,1396706,
2026-04-02,508068.SH,华夏北京保障房REIT,B,4.007,4.019,4.007,4.013,144223,
2026-04-03,508068.SH,华夏北京保障房REIT,B,4.013,4.047,4.01,4.032,1642477,
2026-04-07,508068.SH,华夏北京保障房REIT,B,4.032,4.058,4.029,4.055,2113229,
2026-04-08,508068.SH,华夏北京保障房REIT,B,4.055,4.12,4.041,4.086,2016253,
2026-04-09,508068.SH,华夏北京保障房REIT,B,4.086,4.086,4.038,4.039,1273885,
2026-04-10,508068.SH,华夏北京保障房REIT,B,4.034,4.04,4.023,4.026,935107,
2026-04-13,508068.SH,华夏北京保障房REIT,B,4.026,4.03,4.008,4.026,2185962,
2026-04-14,508068.SH,华夏北京保障房REIT,B,4.018,4.099,4.018,4.09,3499860,
2026-04-15,508068.SH,华夏北京保障房REIT,B,4.09,4.127,4.065,4.096,2442014,
2026-04-16,508068.SH,华夏北京保障房REIT,B,4.096,4.112,4.089,4.105,3368504,
2026-04-17,508068.SH,华夏北京保障房REIT,B,4.106,4.106,4.087,4.105,1443964,
2026-04-20,508068.SH,华夏北京保障房REIT,B,4.104,4.137,4.089,4.119,3955070,
2026-04-21,508068.SH,华夏北京保障房REIT,B,4.124,4.14,4.08,4.083,1502991,
2026-04-22,508068.SH,华夏北京保障房REIT,B,4.074,4.162,4.065,4.15,2514311,
2026-04-23,508068.SH,华夏北京保障房REIT,B,4.15,4.162,4.139,4.139,2340743,
2026-04-24,508068.SH,华夏北京保障房REIT,B,4.151,4.151,4.103,4.105,2134185,
2026-04-27,508068.SH,华夏北京保障房REIT,B,4.103,4.103,4.077,4.077,1281268,
2026-04-28,508068.SH,华夏北京保障房REIT,B,4.077,4.099,4.061,4.093,1736520,
2026-04-29,508068.SH,华夏北京保障房REIT,B,4.082,4.094,4.056,4.082,1206470,
2026-04-30,508068.SH,华夏北京保障房REIT,B,4.087,4.088,4.056,4.059,1315570,
2026-05-06,508068.SH,华夏北京保障房REIT,B,4.058,4.074,4.02,4.039,1690533,
2026-05-07,508068.SH,华夏北京保障房REIT,B,4.039,4.048,4.015,4.019,358342,
2026-05-08,508068.SH,华夏北京保障房REIT,B,4.019,4.082,4.019,4.079,1018356,
2026-05-11,508068.SH,华夏北京保障房REIT,B,4.079,4.119,4.042,4.083,2301819,
2026-05-12,508068.SH,华夏北京保障房REIT,B,4.082,4.082,4.04,4.063,8065012,
2026-05-13,508068.SH,华夏北京保障房REIT,B,4.06,4.062,4.03,4.043,1332403,
2026-05-14,508068.SH,华夏北京保障房REIT,B,4.031,4.035,4.024,4.03,1325345,
2026-05-15,508068.SH,华夏北京保障房REIT,B,4.039,4.054,4.03,4.04,114859,
2026-05-18,508068.SH,华夏北京保障房REIT,B,3.997,4.04,3.958,3.98,1670416,
2026-05-19,508068.SH,华夏北京保障房REIT,B,3.985,4.07,3.985,4.056,6744318,
2026-05-20,508068.SH,华夏北京保障房REIT,B,4.051,4.174,4.0,4.02,1998019,
2026-05-21,508068.SH,华夏北京保障房REIT,B,4.02,4.055,3.995,4.02,2211032,
2026-05-22,508068.SH,华夏北京保障房REIT,B,4.026,4.029,4.0,4.01,599006,
2026-05-25,508068.SH,华夏北京保障房REIT,B,4.022,4.025,3.992,3.992,922002,
2026-05-26,508068.SH,华夏北京保障房REIT,B,3.992,4.018,3.992,4.006,1851710,
2026-05-27,508068.SH,华夏北京保障房REIT,B,4.019,4.019,3.96,4.005,390140,
2026-05-28,508068.SH,华夏北京保障房REIT,B,4.003,4.018,4.003,4.017,908765,
2026-05-29,508068.SH,华夏北京保障房REIT,B,4.005,4.017,3.999,4.007,2081439,
2026-06-01,508068.SH,华夏北京保障房REIT,B,4.001,4.02,4.001,4.018,383482,
2026-06-02,508068.SH,华夏北京保障房REIT,B,4.018,4.035,4.015,4.016,1604006,
2026-06-03,508068.SH,华夏北京保障房REIT,B,4.016,4.051,4.016,4.019,1600890,
2026-06-04,508068.SH,华夏北京保障房REIT,B,4.015,4.049,4.015,4.048,1292331,
2026-06-05,508068.SH,华夏北京保障房REIT,B,4.035,4.063,4.001,4.063,1032498,
2026-06-08,508068.SH,华夏北京保障房REIT,B,4.063,4.063,4.041,4.048,1657819,
2026-06-09,508068.SH,华夏北京保障房REIT,B,4.043,4.055,4.043,4.049,120747,
2026-06-10,508068.SH,华夏北京保障房REIT,B,4.043,4.059,4.018,4.038,1116726,
2026-06-11,508068.SH,华夏北京保障房REIT,B,4.027,4.06,3.976,4.039,1980652,
2026-06-12,508068.SH,华夏北京保障房REIT,B,4.05,4.059,4.003,4.018,1260120,
2026-06-15,508068.SH,华夏北京保障房REIT,B,4.018,4.018,4.001,4.013,1258839,
2026-06-16,508068.SH,华夏北京保障房REIT,B,4.017,4.035,4.004,4.012,1778020,
2026-06-17,508068.SH,华夏北京保障房REIT,B,4.019,4.019,3.994,3.999,1694136,
2026-06-18,508068.SH,华夏北京保障房REIT,B,3.995,4.01,3.937,3.956,3216285,
2026-06-22,508068.SH,华夏北京保障房REIT,B,3.96,3.974,3.887,3.916,6551868,
2026-06-23,508068.SH,华夏北京保障房REIT,B,3.916,3.941,3.821,3.92,2692548,
2026-06-24,508068.SH,华夏北京保障房REIT,B,3.915,3.915,3.865,3.884,4136381,
2026-06-25,508068.SH,华夏北京保障房REIT,B,3.898,3.918,3.862,3.912,1911150,
2026-06-26,508068.SH,华夏北京保障房REIT,B,3.907,3.95,3.882,3.939,1620866,
2026-06-29,508068.SH,华夏北京保障房REIT,B,3.948,3.98,3.92,3.975,1435914,
2026-06-30,508068.SH,华夏北京保障房REIT,B,3.957,4.009,3.957,3.993,1414834,
2026-07-01,508068.SH,华夏北京保障房REIT,B,4.01,4.012,3.973,3.996,1233220,
2026-07-02,508068.SH,华夏北京保障房REIT,B,4.011,4.011,3.975,3.997,1626448,
2026-07-03,508068.SH,华夏北京保障房REIT,B,3.982,4.011,3.977,4.0,1917766,
2026-07-06,508068.SH,华夏北京保障房REIT,B,3.978,4.0,3.965,3.996,653151,
2026-07-07,508068.SH,华夏北京保障房REIT,B,3.978,4.007,3.97,3.971,1372829,
2026-07-08,508068.SH,华夏北京保障房REIT,B,3.96,3.993,3.935,3.936,659632,
2026-07-09,508068.SH,华夏北京保障房REIT,B,3.936,3.954,3.902,3.943,1136010,
2026-07-10,508068.SH,华夏北京保障房REIT,B,3.917,3.975,3.917,3.933,876228,
2026-07-13,508068.SH,华夏北京保障房REIT,B,3.953,3.955,3.926,3.936,1299414,
2026-07-14,508068.SH,华夏北京保障房REIT,B,3.94,3.953,3.935,3.943,8677870,
2026-07-15,508068.SH,华夏北京保障房REIT,B,3.95,3.95,3.868,3.92,2236325,
2026-07-16,508068.SH,华夏北京保障房REIT,B,3.93,3.961,3.899,3.91,5695991,
2026-07-17,508068.SH,华夏北京保障房REIT,B,3.91,3.932,3.833,3.833,3824136,
2026-07-20,508068.SH,华夏北京保障房REIT,B,3.835,3.835,3.79,3.812,3077039,
2026-07-21,508068.SH,华夏北京保障房REIT,B,3.812,3.857,3.797,3.819,2429154,
2026-07-22,508068.SH,华夏北京保障房REIT,B,3.835,3.835,3.771,3.784,2662822,
2026-07-23,508068.SH,华夏北京保障房REIT,B,3.784,3.819,3.784,3.793,4303622,
2026-07-24,508068.SH,华夏北京保障房REIT,B,3.8,3.86,3.785,3.834,3711417,
2026-07-27,508068.SH,华夏北京保障房REIT,B,3.834,3.849,3.802,3.838,3080531,
2026-07-28,508068.SH,华夏北京保障房REIT,B,3.827,3.874,3.827,3.86,3435019,
2026-07-29,508068.SH,华夏北京保障房REIT,B,3.86,3.884,3.857,3.861,703562,
2026-07-30,508068.SH,华夏北京保障房REIT,B,3.87,3.898,3.87,3.893,2878305,
2026-07-31,508068.SH,华夏北京保障房REIT,B,3.876,3.934,3.876,3.91,1961582,
2026-08-03,508068.SH,华夏北京保障房REIT,B,3.905,3.937,3.892,3.898,2442921,
2026-08-04,508068.SH,华夏北京保障房REIT,B,3.93,3.93,3.813,3.863,1182696,
2026-08-05,508068.SH,华夏北京保障房REIT,B,3.853,3.887,3.85,3.868,1228554,
2026-08-06,508068.SH,华夏北京保障房REIT,B,3.853,3.89,3.851,3.866,988173,
2026-08-07,508068.SH,华夏北京保障房REIT,B,3.848,3.878,3.82,3.872,1744048,
2026-08-10,508068.SH,华夏北京保障房REIT,B,3.855,3.892,3.855,3.86,1053391,
2026-08-11,508068.SH,华夏北京保障房REIT,B,3.86,3.877,3.852,3.875,869068,
2026-08-12,508068.SH,华夏北京保障房REIT,B,3.875,3.875,3.853,3.863,827767,
2026-08-13,508068.SH,华夏北京保障房REIT,B,3.872,3.872,3.85,3.857,373228,
2026-08-14,508068.SH,华夏北京保障房REIT,B,3.858,3.87,3.85,3.85,1279553,
2026-08-17,508068.SH,华夏北京保障房REIT,B,3.834,3.871,3.834,3.852,1145749,
2026-08-18,508068.SH,华夏北京保障房REIT,B,3.851,3.903,3.834,3.88,2784835,
2026-08-19,508068.SH,华夏北京保障房REIT,B,3.88,3.916,3.877,3.897,1963695,
2026-08-20,508068.SH,华夏北京保障房REIT,B,3.885,3.93,3.885,3.9,1542042,
2022-12-09,508077.SH,华夏基金华润有巢REIT,A,2.878,2.878,2.78,2.824,65899041,
2022-12-12,508077.SH,华夏基金华润有巢REIT,A,2.8,2.824,2.77,2.807,7438705,
2022-12-13,508077.SH,华夏基金华润有巢REIT,A,2.798,2.815,2.767,2.801,8033998,
2022-12-14,508077.SH,华夏基金华润有巢REIT,A,2.793,2.8,2.521,2.778,2466656,
2022-12-15,508077.SH,华夏基金华润有巢REIT,A,2.771,2.779,2.746,2.754,1904467,
2022-12-16,508077.SH,华夏基金华润有巢REIT,A,2.756,2.757,2.729,2.741,2443087,
2022-12-19,508077.SH,华夏基金华润有巢REIT,A,2.736,2.741,2.702,2.708,2888707,
2022-12-20,508077.SH,华夏基金华润有巢REIT,A,2.707,2.71,2.669,2.696,3156142,
2022-12-21,508077.SH,华夏基金华润有巢REIT,A,2.694,2.705,2.67,2.704,5646442,
2022-12-22,508077.SH,华夏基金华润有巢REIT,A,2.704,2.713,2.666,2.697,4941381,
2022-12-23,508077.SH,华夏基金华润有巢REIT,A,2.697,2.756,2.685,2.75,5046208,
2022-12-26,508077.SH,华夏基金华润有巢REIT,A,2.751,2.761,2.724,2.741,1355285,
2022-12-27,508077.SH,华夏基金华润有巢REIT,A,2.74,2.74,2.7,2.705,1562220,
2022-12-28,508077.SH,华夏基金华润有巢REIT,A,2.705,2.705,2.624,2.636,4918245,
2022-12-29,508077.SH,华夏基金华润有巢REIT,A,2.648,2.648,2.578,2.58,3659343,
2022-12-30,508077.SH,华夏基金华润有巢REIT,A,2.596,2.6,2.561,2.578,3411296,
2023-01-03,508077.SH,华夏基金华润有巢REIT,A,2.587,2.594,2.55,2.566,1933705,
2023-01-04,508077.SH,华夏基金华润有巢REIT,A,2.582,2.582,2.558,2.572,2293348,
2023-01-05,508077.SH,华夏基金华润有巢REIT,A,2.572,2.581,2.562,2.57,3681921,
2023-01-06,508077.SH,华夏基金华润有巢REIT,A,2.575,2.596,2.551,2.588,5156839,
2023-01-09,508077.SH,华夏基金华润有巢REIT,A,2.592,2.595,2.56,2.583,1995348,
2023-01-10,508077.SH,华夏基金华润有巢REIT,A,2.589,2.597,2.579,2.592,3297437,
2023-01-11,508077.SH,华夏基金华润有巢REIT,A,2.59,2.63,2.59,2.6,4025139,
2023-01-12,508077.SH,华夏基金华润有巢REIT,A,2.6,2.6,2.592,2.594,1009831,
2023-01-13,508077.SH,华夏基金华润有巢REIT,A,2.594,2.617,2.555,2.576,2264968,
2023-01-16,508077.SH,华夏基金华润有巢REIT,A,2.576,2.576,2.555,2.559,2010186,
2023-01-17,508077.SH,华夏基金华润有巢REIT,A,2.559,2.569,2.556,2.563,747712,
2023-01-18,508077.SH,华夏基金华润有巢REIT,A,2.563,2.568,2.557,2.564,925802,
2023-01-19,508077.SH,华夏基金华润有巢REIT,A,2.564,2.569,2.556,2.563,1150165,
2023-01-20,508077.SH,华夏基金华润有巢REIT,A,2.562,2.587,2.56,2.586,1036591,
2023-01-30,508077.SH,华夏基金华润有巢REIT,A,2.586,2.612,2.579,2.595,3236526,
2023-01-31,508077.SH,华夏基金华润有巢REIT,A,2.595,2.638,2.592,2.628,2375498,
2023-02-01,508077.SH,华夏基金华润有巢REIT,A,2.626,2.65,2.613,2.65,2421401,
2023-02-02,508077.SH,华夏基金华润有巢REIT,A,2.65,2.65,2.619,2.631,1609519,
2023-02-03,508077.SH,华夏基金华润有巢REIT,A,2.628,2.631,2.614,2.626,854205,
2023-02-06,508077.SH,华夏基金华润有巢REIT,A,2.625,2.649,2.611,2.616,1938238,
2023-02-07,508077.SH,华夏基金华润有巢REIT,A,2.616,2.632,2.608,2.626,1570543,
2023-02-08,508077.SH,华夏基金华润有巢REIT,A,2.63,2.63,2.61,2.626,1075970,
2023-02-09,508077.SH,华夏基金华润有巢REIT,A,2.626,2.649,2.61,2.649,1134148,
2023-02-10,508077.SH,华夏基金华润有巢REIT,A,2.659,2.66,2.636,2.647,1835621,
2023-02-13,508077.SH,华夏基金华润有巢REIT,A,2.647,2.671,2.647,2.67,2217268,
2023-02-14,508077.SH,华夏基金华润有巢REIT,A,2.67,2.702,2.66,2.688,4503093,
2023-02-15,508077.SH,华夏基金华润有巢REIT,A,2.688,2.718,2.666,2.685,6568199,
2023-02-16,508077.SH,华夏基金华润有巢REIT,A,2.685,2.691,2.675,2.68,1941510,
2023-02-17,508077.SH,华夏基金华润有巢REIT,A,2.68,2.686,2.668,2.675,2255249,
2023-02-20,508077.SH,华夏基金华润有巢REIT,A,2.675,2.686,2.64,2.671,2718524,
2023-02-21,508077.SH,华夏基金华润有巢REIT,A,2.671,2.683,2.668,2.678,2213764,
2023-02-22,508077.SH,华夏基金华润有巢REIT,A,2.677,2.679,2.666,2.675,1059216,
2023-02-23,508077.SH,华夏基金华润有巢REIT,A,2.674,2.676,2.66,2.667,1195026,
2023-02-24,508077.SH,华夏基金华润有巢REIT,A,2.66,2.666,2.645,2.65,1206667,
2023-02-27,508077.SH,华夏基金华润有巢REIT,A,2.646,2.646,2.631,2.636,1462127,
2023-02-28,508077.SH,华夏基金华润有巢REIT,A,2.636,2.648,2.636,2.642,569707,
2023-03-01,508077.SH,华夏基金华润有巢REIT,A,2.632,2.642,2.632,2.64,471214,
2023-03-02,508077.SH,华夏基金华润有巢REIT,A,2.641,2.654,2.641,2.643,771752,
2023-03-03,508077.SH,华夏基金华润有巢REIT,A,2.642,2.652,2.635,2.643,1181509,
2023-03-06,508077.SH,华夏基金华润有巢REIT,A,2.646,2.66,2.646,2.658,741109,
2023-03-07,508077.SH,华夏基金华润有巢REIT,A,2.658,2.681,2.649,2.662,863278,
2023-03-08,508077.SH,华夏基金华润有巢REIT,A,2.661,2.703,2.643,2.694,2268226,
2023-03-09,508077.SH,华夏基金华润有巢REIT,A,2.689,2.693,2.661,2.68,1957145,
2023-03-10,508077.SH,华夏基金华润有巢REIT,A,2.68,2.696,2.667,2.691,1275361,
2023-03-13,508077.SH,华夏基金华润有巢REIT,A,2.7,2.7,2.674,2.684,2632015,
2023-03-14,508077.SH,华夏基金华润有巢REIT,A,2.68,2.68,2.666,2.669,733167,
2023-03-15,508077.SH,华夏基金华润有巢REIT,A,2.669,2.669,2.656,2.663,1036585,
2023-03-16,508077.SH,华夏基金华润有巢REIT,A,2.663,2.663,2.64,2.647,657652,
2023-03-17,508077.SH,华夏基金华润有巢REIT,A,2.648,2.67,2.646,2.666,2030694,
2023-03-20,508077.SH,华夏基金华润有巢REIT,A,2.666,2.666,2.642,2.659,432757,
2023-03-21,508077.SH,华夏基金华润有巢REIT,A,2.659,2.659,2.643,2.648,903643,
2023-03-22,508077.SH,华夏基金华润有巢REIT,A,2.648,2.648,2.64,2.646,369032,
2023-03-23,508077.SH,华夏基金华润有巢REIT,A,2.645,2.649,2.645,2.645,454387,
2023-03-24,508077.SH,华夏基金华润有巢REIT,A,2.645,2.657,2.631,2.654,1938183,
2023-03-27,508077.SH,华夏基金华润有巢REIT,A,2.66,2.667,2.648,2.66,921748,
2023-03-28,508077.SH,华夏基金华润有巢REIT,A,2.66,2.661,2.649,2.651,1155903,
2023-03-29,508077.SH,华夏基金华润有巢REIT,A,2.641,2.652,2.63,2.635,767082,
2023-03-30,508077.SH,华夏基金华润有巢REIT,A,2.635,2.669,2.629,2.655,1440937,
2023-03-31,508077.SH,华夏基金华润有巢REIT,A,2.655,2.68,2.642,2.669,1543279,
2023-04-03,508077.SH,华夏基金华润有巢REIT,A,2.671,2.675,2.657,2.66,844740,
2023-04-04,508077.SH,华夏基金华润有巢REIT,A,2.66,2.66,2.642,2.649,464413,
2023-04-06,508077.SH,华夏基金华润有巢REIT,A,2.649,2.654,2.639,2.647,743773,
2023-04-07,508077.SH,华夏基金华润有巢REIT,A,2.647,2.654,2.647,2.649,394439,
2023-04-10,508077.SH,华夏基金华润有巢REIT,A,2.649,2.649,2.636,2.638,631382,
2023-04-11,508077.SH,华夏基金华润有巢REIT,A,2.638,2.644,2.633,2.634,836463,
2023-04-12,508077.SH,华夏基金华润有巢REIT,A,2.634,2.652,2.621,2.633,1382284,
2023-04-13,508077.SH,华夏基金华润有巢REIT,A,2.627,2.627,2.589,2.599,1821795,
2023-04-14,508077.SH,华夏基金华润有巢REIT,A,2.599,2.602,2.561,2.589,1833511,
2023-04-17,508077.SH,华夏基金华润有巢REIT,A,2.585,2.605,2.58,2.605,2022511,
2023-04-18,508077.SH,华夏基金华润有巢REIT,A,2.602,2.628,2.592,2.611,3415117,
2023-04-19,508077.SH,华夏基金华润有巢REIT,A,2.611,2.623,2.587,2.612,4016984,
2023-04-20,508077.SH,华夏基金华润有巢REIT,A,2.6,2.615,2.595,2.601,2542808,
2023-04-21,508077.SH,华夏基金华润有巢REIT,A,2.602,2.624,2.585,2.593,5390826,
2023-04-24,508077.SH,华夏基金华润有巢REIT,A,2.593,2.623,2.592,2.621,3476952,
2023-04-25,508077.SH,华夏基金华润有巢REIT,A,2.623,2.629,2.613,2.615,1595666,
2023-04-26,508077.SH,华夏基金华润有巢REIT,A,2.612,2.615,2.602,2.613,1323303,
2023-04-27,508077.SH,华夏基金华润有巢REIT,A,2.613,2.616,2.586,2.603,4656419,
2023-04-28,508077.SH,华夏基金华润有巢REIT,A,2.603,2.603,2.57,2.585,2128143,
2023-05-04,508077.SH,华夏基金华润有巢REIT,A,2.58,2.58,2.532,2.557,2978227,
2023-05-05,508077.SH,华夏基金华润有巢REIT,A,2.557,2.557,2.535,2.543,2640377,
2023-05-08,508077.SH,华夏基金华润有巢REIT,A,2.54,2.54,2.521,2.53,752613,
2023-05-09,508077.SH,华夏基金华润有巢REIT,A,2.529,2.559,2.522,2.54,2279678,
2023-05-10,508077.SH,华夏基金华润有巢REIT,A,2.536,2.604,2.536,2.6,3821369,
2023-05-11,508077.SH,华夏基金华润有巢REIT,A,2.6,2.642,2.6,2.622,4111479,
2023-05-12,508077.SH,华夏基金华润有巢REIT,A,2.622,2.622,2.586,2.606,3400979,
2023-05-15,508077.SH,华夏基金华润有巢REIT,A,2.602,2.602,2.563,2.565,1991300,
2023-05-16,508077.SH,华夏基金华润有巢REIT,A,2.565,2.59,2.561,2.578,1606201,
2023-05-17,508077.SH,华夏基金华润有巢REIT,A,2.578,2.597,2.541,2.576,3126347,
2023-05-18,508077.SH,华夏基金华润有巢REIT,A,2.576,2.579,2.553,2.564,1348727,
2023-05-19,508077.SH,华夏基金华润有巢REIT,A,2.564,2.577,2.552,2.562,2234497,
2023-05-22,508077.SH,华夏基金华润有巢REIT,A,2.562,2.564,2.549,2.552,1678781,
2023-05-23,508077.SH,华夏基金华润有巢REIT,A,2.552,2.556,2.536,2.55,1848470,
2023-05-24,508077.SH,华夏基金华润有巢REIT,A,2.543,2.553,2.522,2.533,2548677,
2023-05-25,508077.SH,华夏基金华润有巢REIT,A,2.533,2.533,2.511,2.529,1200476,
2023-05-26,508077.SH,华夏基金华润有巢REIT,A,2.518,2.538,2.516,2.533,1966389,
2023-05-29,508077.SH,华夏基金华润有巢REIT,A,2.523,2.53,2.516,2.522,818301,
2023-05-30,508077.SH,华夏基金华润有巢REIT,A,2.521,2.534,2.494,2.498,3242196,
2023-05-31,508077.SH,华夏基金华润有巢REIT,A,2.499,2.518,2.445,2.448,3326348,
2023-06-01,508077.SH,华夏基金华润有巢REIT,A,2.465,2.465,2.421,2.423,2344031,
2023-06-02,508077.SH,华夏基金华润有巢REIT,A,2.425,2.437,2.417,2.422,2098667,
2023-06-05,508077.SH,华夏基金华润有巢REIT,A,2.419,2.43,2.366,2.373,2688879,
2023-06-06,508077.SH,华夏基金华润有巢REIT,A,2.373,2.373,2.296,2.354,4584743,
2023-06-07,508077.SH,华夏基金华润有巢REIT,A,2.347,2.39,2.338,2.39,3053782,
2023-06-08,508077.SH,华夏基金华润有巢REIT,A,2.39,2.448,2.39,2.443,2034934,
2023-06-09,508077.SH,华夏基金华润有巢REIT,A,2.45,2.466,2.424,2.455,3331492,
2023-06-12,508077.SH,华夏基金华润有巢REIT,A,2.45,2.459,2.419,2.438,3496071,
2023-06-13,508077.SH,华夏基金华润有巢REIT,A,2.437,2.454,2.431,2.452,2735902,
2023-06-14,508077.SH,华夏基金华润有巢REIT,A,2.452,2.453,2.44,2.443,1128265,
2023-06-15,508077.SH,华夏基金华润有巢REIT,A,2.409,2.458,2.409,2.439,1815554,
2023-06-16,508077.SH,华夏基金华润有巢REIT,A,2.439,2.453,2.439,2.445,1254988,
2023-06-19,508077.SH,华夏基金华润有巢REIT,A,2.419,2.45,2.417,2.424,1209482,
2023-06-20,508077.SH,华夏基金华润有巢REIT,A,2.434,2.439,2.423,2.425,1136249,
2023-06-21,508077.SH,华夏基金华润有巢REIT,A,2.429,2.435,2.407,2.425,2063522,
2023-06-26,508077.SH,华夏基金华润有巢REIT,A,2.43,2.43,2.409,2.411,1278606,
2023-06-27,508077.SH,华夏基金华润有巢REIT,A,2.411,2.429,2.405,2.422,6416231,
2023-06-28,508077.SH,华夏基金华润有巢REIT,A,2.424,2.458,2.407,2.45,4562967,
2023-06-29,508077.SH,华夏基金华润有巢REIT,A,2.45,2.477,2.45,2.466,4564348,
2023-06-30,508077.SH,华夏基金华润有巢REIT,A,2.466,2.466,2.444,2.452,2017057,
2023-07-03,508077.SH,华夏基金华润有巢REIT,A,2.422,2.456,2.421,2.423,1840378,
2023-07-04,508077.SH,华夏基金华润有巢REIT,A,2.423,2.433,2.422,2.427,473163,
2023-07-05,508077.SH,华夏基金华润有巢REIT,A,2.427,2.43,2.351,2.385,3673165,
2023-07-06,508077.SH,华夏基金华润有巢REIT,A,2.383,2.441,2.383,2.44,4385341,
2023-07-07,508077.SH,华夏基金华润有巢REIT,A,2.423,2.505,2.423,2.481,3278304,
2023-07-10,508077.SH,华夏基金华润有巢REIT,A,2.463,2.498,2.463,2.467,2235511,
2023-07-11,508077.SH,华夏基金华润有巢REIT,A,2.467,2.479,2.454,2.46,2238020,
2023-07-12,508077.SH,华夏基金华润有巢REIT,A,2.455,2.466,2.451,2.452,920601,
2023-07-13,508077.SH,华夏基金华润有巢REIT,A,2.454,2.483,2.433,2.479,5639015,
2023-07-14,508077.SH,华夏基金华润有巢REIT,A,2.478,2.521,2.469,2.501,3654095,
2023-07-17,508077.SH,华夏基金华润有巢REIT,A,2.5,2.55,2.483,2.54,5368651,
2023-07-18,508077.SH,华夏基金华润有巢REIT,A,2.54,2.609,2.535,2.602,7036738,
2023-07-19,508077.SH,华夏基金华润有巢REIT,A,2.602,2.602,2.55,2.578,5452635,
2023-07-20,508077.SH,华夏基金华润有巢REIT,A,2.577,2.577,2.548,2.553,4138254,
2023-07-21,508077.SH,华夏基金华润有巢REIT,A,2.553,2.596,2.548,2.584,5037051,
2023-07-24,508077.SH,华夏基金华润有巢REIT,A,2.559,2.609,2.549,2.609,5272018,
2023-07-25,508077.SH,华夏基金华润有巢REIT,A,2.606,2.634,2.576,2.617,6030948,
2023-07-26,508077.SH,华夏基金华润有巢REIT,A,2.6,2.63,2.582,2.621,4197020,
2023-07-27,508077.SH,华夏基金华润有巢REIT,A,2.621,2.632,2.593,2.613,2447173,
2023-07-28,508077.SH,华夏基金华润有巢REIT,A,2.581,2.63,2.556,2.627,4995201,
2023-07-31,508077.SH,华夏基金华润有巢REIT,A,2.614,2.648,2.605,2.636,6450976,
2023-08-01,508077.SH,华夏基金华润有巢REIT,A,2.636,2.664,2.573,2.639,7327822,
2023-08-02,508077.SH,华夏基金华润有巢REIT,A,2.619,2.676,2.601,2.636,8375340,
2023-08-03,508077.SH,华夏基金华润有巢REIT,A,2.64,2.659,2.611,2.64,4971681,
2023-08-04,508077.SH,华夏基金华润有巢REIT,A,2.639,2.666,2.61,2.625,4484659,
2023-08-07,508077.SH,华夏基金华润有巢REIT,A,2.62,2.633,2.591,2.629,3869089,
2023-08-08,508077.SH,华夏基金华润有巢REIT,A,2.603,2.65,2.603,2.636,7774884,
2023-08-09,508077.SH,华夏基金华润有巢REIT,A,2.633,2.657,2.612,2.628,5228877,
2023-08-10,508077.SH,华夏基金华润有巢REIT,A,2.619,2.646,2.6,2.623,3440932,
2023-08-11,508077.SH,华夏基金华润有巢REIT,A,2.623,2.644,2.601,2.625,4225169,
2023-08-14,508077.SH,华夏基金华润有巢REIT,A,2.617,2.631,2.608,2.629,2195130,
2023-08-15,508077.SH,华夏基金华润有巢REIT,A,2.624,2.648,2.624,2.64,5156188,
2023-08-16,508077.SH,华夏基金华润有巢REIT,A,2.629,2.645,2.622,2.636,3373078,
2023-08-17,508077.SH,华夏基金华润有巢REIT,A,2.639,2.652,2.625,2.638,4589843,
2023-08-18,508077.SH,华夏基金华润有巢REIT,A,2.643,2.674,2.643,2.672,3413343,
2023-08-21,508077.SH,华夏基金华润有巢REIT,A,2.679,2.699,2.662,2.684,3177586,
2023-08-22,508077.SH,华夏基金华润有巢REIT,A,2.629,2.629,2.561,2.591,5852860,
2023-08-23,508077.SH,华夏基金华润有巢REIT,A,2.578,2.591,2.565,2.583,4637024,
2023-08-24,508077.SH,华夏基金华润有巢REIT,A,2.588,2.641,2.554,2.63,5891312,
2023-08-25,508077.SH,华夏基金华润有巢REIT,A,2.618,2.643,2.582,2.617,4664563,
2023-08-28,508077.SH,华夏基金华润有巢REIT,A,2.603,2.67,2.6,2.613,6557515,
2023-08-29,508077.SH,华夏基金华润有巢REIT,A,2.61,2.623,2.575,2.588,3954738,
2023-08-30,508077.SH,华夏基金华润有巢REIT,A,2.593,2.598,2.557,2.589,2678393,
2023-08-31,508077.SH,华夏基金华润有巢REIT,A,2.581,2.597,2.55,2.577,6647089,
2023-09-01,508077.SH,华夏基金华润有巢REIT,A,2.569,2.59,2.551,2.556,3248075,
2023-09-04,508077.SH,华夏基金华润有巢REIT,A,2.553,2.568,2.531,2.566,2233158,
2023-09-05,508077.SH,华夏基金华润有巢REIT,A,2.565,2.571,2.549,2.562,2514815,
2023-09-06,508077.SH,华夏基金华润有巢REIT,A,2.557,2.572,2.551,2.562,2658319,
2023-09-07,508077.SH,华夏基金华润有巢REIT,A,2.562,2.601,2.562,2.594,1722456,
2023-09-08,508077.SH,华夏基金华润有巢REIT,A,2.594,2.602,2.567,2.578,3357611,
2023-09-11,508077.SH,华夏基金华润有巢REIT,A,2.577,2.6,2.565,2.594,6115377,
2023-09-12,508077.SH,华夏基金华润有巢REIT,A,2.591,2.594,2.565,2.586,4921380,
2023-09-13,508077.SH,华夏基金华润有巢REIT,A,2.58,2.59,2.579,2.585,3250917,
2023-09-14,508077.SH,华夏基金华润有巢REIT,A,2.584,2.59,2.581,2.585,1659649,
2023-09-15,508077.SH,华夏基金华润有巢REIT,A,2.585,2.589,2.581,2.584,1817261,
2023-09-18,508077.SH,华夏基金华润有巢REIT,A,2.582,2.587,2.57,2.575,2252665,
2023-09-19,508077.SH,华夏基金华润有巢REIT,A,2.572,2.578,2.57,2.574,2474990,
2023-09-20,508077.SH,华夏基金华润有巢REIT,A,2.571,2.579,2.559,2.573,1500227,
2023-09-21,508077.SH,华夏基金华润有巢REIT,A,2.571,2.584,2.556,2.569,1992272,
2023-09-22,508077.SH,华夏基金华润有巢REIT,A,2.56,2.578,2.55,2.576,1796589,
2023-09-25,508077.SH,华夏基金华润有巢REIT,A,2.567,2.576,2.555,2.575,1863974,
2023-09-26,508077.SH,华夏基金华润有巢REIT,A,2.56,2.578,2.56,2.566,2191843,
2023-09-27,508077.SH,华夏基金华润有巢REIT,A,2.56,2.577,2.559,2.568,1422633,
2023-09-28,508077.SH,华夏基金华润有巢REIT,A,2.563,2.592,2.56,2.567,3234961,
2023-10-09,508077.SH,华夏基金华润有巢REIT,A,2.567,2.577,2.563,2.57,1607201,
2023-10-10,508077.SH,华夏基金华润有巢REIT,A,2.57,2.589,2.564,2.573,1301228,
2023-10-11,508077.SH,华夏基金华润有巢REIT,A,2.573,2.577,2.565,2.569,1787962,
2023-10-12,508077.SH,华夏基金华润有巢REIT,A,2.566,2.574,2.565,2.572,1578361,
2023-10-13,508077.SH,华夏基金华润有巢REIT,A,2.566,2.599,2.566,2.572,2694861,
2023-10-16,508077.SH,华夏基金华润有巢REIT,A,2.573,2.573,2.547,2.559,1536577,
2023-10-17,508077.SH,华夏基金华润有巢REIT,A,2.548,2.549,2.499,2.52,3522930,
2023-10-18,508077.SH,华夏基金华润有巢REIT,A,2.519,2.519,2.464,2.485,3392013,
2023-10-19,508077.SH,华夏基金华润有巢REIT,A,2.475,2.475,2.452,2.465,997435,
2023-10-20,508077.SH,华夏基金华润有巢REIT,A,2.465,2.465,2.402,2.426,1675672,
2023-10-23,508077.SH,华夏基金华润有巢REIT,A,2.42,2.421,2.383,2.395,1771833,
2023-10-24,508077.SH,华夏基金华润有巢REIT,A,2.44,2.441,2.373,2.429,2372085,
2023-10-25,508077.SH,华夏基金华润有巢REIT,A,2.45,2.492,2.435,2.439,2963420,
2023-10-26,508077.SH,华夏基金华润有巢REIT,A,2.444,2.444,2.402,2.426,2357058,
2023-10-27,508077.SH,华夏基金华润有巢REIT,A,2.42,2.438,2.413,2.426,1439834,
2023-10-30,508077.SH,华夏基金华润有巢REIT,A,2.423,2.424,2.406,2.413,1186200,
2023-10-31,508077.SH,华夏基金华润有巢REIT,A,2.408,2.424,2.399,2.405,1868699,
2023-11-01,508077.SH,华夏基金华润有巢REIT,A,2.405,2.409,2.377,2.379,2252869,
2023-11-02,508077.SH,华夏基金华润有巢REIT,A,2.379,2.379,2.368,2.372,396490,
2023-11-03,508077.SH,华夏基金华润有巢REIT,A,2.365,2.379,2.36,2.379,1082272,
2023-11-06,508077.SH,华夏基金华润有巢REIT,A,2.379,2.407,2.37,2.405,1362389,
2023-11-07,508077.SH,华夏基金华润有巢REIT,A,2.402,2.417,2.385,2.41,2050839,
2023-11-08,508077.SH,华夏基金华润有巢REIT,A,2.406,2.45,2.4,2.444,1874788,
2023-11-09,508077.SH,华夏基金华润有巢REIT,A,2.444,2.487,2.437,2.472,2279222,
2023-11-10,508077.SH,华夏基金华润有巢REIT,A,2.471,2.479,2.437,2.441,2635804,
2023-11-13,508077.SH,华夏基金华润有巢REIT,A,2.437,2.44,2.409,2.421,1361868,
2023-11-14,508077.SH,华夏基金华润有巢REIT,A,2.421,2.435,2.41,2.411,871304,
2023-11-15,508077.SH,华夏基金华润有巢REIT,A,2.408,2.42,2.399,2.4,503775,
2023-11-16,508077.SH,华夏基金华润有巢REIT,A,2.396,2.399,2.389,2.394,613936,
2023-11-17,508077.SH,华夏基金华润有巢REIT,A,2.393,2.401,2.386,2.394,302975,
2023-11-20,508077.SH,华夏基金华润有巢REIT,A,2.395,2.395,2.381,2.389,828521,
2023-11-21,508077.SH,华夏基金华润有巢REIT,A,2.39,2.39,2.37,2.373,673445,
2023-11-22,508077.SH,华夏基金华润有巢REIT,A,2.373,2.378,2.336,2.344,1590700,
2023-11-23,508077.SH,华夏基金华润有巢REIT,A,2.337,2.337,2.29,2.292,2253534,
2023-11-24,508077.SH,华夏基金华润有巢REIT,A,2.292,2.292,2.227,2.251,2212867,
2023-11-27,508077.SH,华夏基金华润有巢REIT,A,2.234,2.255,2.204,2.204,2169385,
2023-11-28,508077.SH,华夏基金华润有巢REIT,A,2.209,2.21,2.185,2.197,1177958,
2023-11-29,508077.SH,华夏基金华润有巢REIT,A,2.198,2.223,2.194,2.22,1203690,
2023-11-30,508077.SH,华夏基金华润有巢REIT,A,2.223,2.286,2.222,2.285,2674544,
2023-12-01,508077.SH,华夏基金华润有巢REIT,A,2.29,2.341,2.287,2.33,1893113,
2023-12-04,508077.SH,华夏基金华润有巢REIT,A,2.333,2.348,2.268,2.296,1494154,
2023-12-05,508077.SH,华夏基金华润有巢REIT,A,2.289,2.289,2.208,2.228,1983275,
2023-12-06,508077.SH,华夏基金华润有巢REIT,A,2.238,2.259,2.227,2.235,958798,
2023-12-07,508077.SH,华夏基金华润有巢REIT,A,2.235,2.245,2.232,2.232,901816,
2023-12-08,508077.SH,华夏基金华润有巢REIT,A,2.232,2.238,2.228,2.237,913282,
2023-12-11,508077.SH,华夏基金华润有巢REIT,A,2.227,2.238,2.215,2.234,523228,
2023-12-12,508077.SH,华夏基金华润有巢REIT,A,2.234,2.248,2.227,2.242,523415,
2023-12-13,508077.SH,华夏基金华润有巢REIT,A,2.24,2.27,2.22,2.225,711981,
2023-12-14,508077.SH,华夏基金华润有巢REIT,A,2.225,2.231,2.211,2.228,476225,
2023-12-15,508077.SH,华夏基金华润有巢REIT,A,2.225,2.256,2.217,2.255,787023,
2023-12-18,508077.SH,华夏基金华润有巢REIT,A,2.256,2.275,2.236,2.27,1305228,
2023-12-19,508077.SH,华夏基金华润有巢REIT,A,2.27,2.282,2.247,2.272,283241,
2023-12-20,508077.SH,华夏基金华润有巢REIT,A,2.267,2.317,2.255,2.308,927938,
2023-12-21,508077.SH,华夏基金华润有巢REIT,A,2.302,2.359,2.288,2.353,1755866,
2023-12-22,508077.SH,华夏基金华润有巢REIT,A,2.35,2.423,2.346,2.389,2903386,
2023-12-25,508077.SH,华夏基金华润有巢REIT,A,2.387,2.406,2.35,2.365,5818233,
2023-12-26,508077.SH,华夏基金华润有巢REIT,A,2.358,2.387,2.339,2.34,3942905,
2023-12-27,508077.SH,华夏基金华润有巢REIT,A,2.338,2.351,2.31,2.31,4063854,
2023-12-28,508077.SH,华夏基金华润有巢REIT,A,2.304,2.314,2.291,2.304,2854910,
2023-12-29,508077.SH,华夏基金华润有巢REIT,A,2.317,2.381,2.303,2.362,2637246,
2024-01-02,508077.SH,华夏基金华润有巢REIT,A,2.359,2.368,2.353,2.358,1417946,
2024-01-03,508077.SH,华夏基金华润有巢REIT,A,2.351,2.366,2.328,2.36,2979549,
2024-01-04,508077.SH,华夏基金华润有巢REIT,A,2.36,2.36,2.305,2.32,6011246,
2024-01-05,508077.SH,华夏基金华润有巢REIT,A,2.32,2.324,2.261,2.315,3476817,
2024-01-08,508077.SH,华夏基金华润有巢REIT,A,2.308,2.308,2.27,2.289,2489127,
2024-01-09,508077.SH,华夏基金华润有巢REIT,A,2.289,2.301,2.217,2.233,5732024,
2024-01-10,508077.SH,华夏基金华润有巢REIT,A,2.228,2.238,2.15,2.156,4560928,
2024-01-11,508077.SH,华夏基金华润有巢REIT,A,2.152,2.185,2.1,2.121,5275387,
2024-01-12,508077.SH,华夏基金华润有巢REIT,A,2.116,2.121,2.02,2.057,5387450,
2024-01-15,508077.SH,华夏基金华润有巢REIT,A,2.057,2.057,2.02,2.036,2968125,
2024-01-16,508077.SH,华夏基金华润有巢REIT,A,2.041,2.085,2.027,2.074,3201340,
2024-01-17,508077.SH,华夏基金华润有巢REIT,A,2.079,2.15,2.067,2.143,4028058,
2024-01-18,508077.SH,华夏基金华润有巢REIT,A,2.139,2.152,2.106,2.13,3630793,
2024-01-19,508077.SH,华夏基金华润有巢REIT,A,2.129,2.172,2.105,2.146,3287289,
2024-01-22,508077.SH,华夏基金华润有巢REIT,A,2.15,2.153,2.128,2.13,2696023,
2024-01-23,508077.SH,华夏基金华润有巢REIT,A,2.13,2.14,2.087,2.104,2173948,
2024-01-24,508077.SH,华夏基金华润有巢REIT,A,2.104,2.15,2.076,2.111,3353388,
2024-01-25,508077.SH,华夏基金华润有巢REIT,A,2.107,2.136,2.1,2.13,4366379,
2024-01-26,508077.SH,华夏基金华润有巢REIT,A,2.126,2.152,2.123,2.15,987963,
2024-01-29,508077.SH,华夏基金华润有巢REIT,A,2.15,2.16,2.133,2.16,2782953,
2024-01-30,508077.SH,华夏基金华润有巢REIT,A,2.16,2.173,2.144,2.169,3616311,
2024-01-31,508077.SH,华夏基金华润有巢REIT,A,2.171,2.188,2.16,2.16,3004257,
2024-02-01,508077.SH,华夏基金华润有巢REIT,A,2.16,2.164,2.155,2.155,2873275,
2024-02-02,508077.SH,华夏基金华润有巢REIT,A,2.155,2.165,2.141,2.151,2853452,
2024-02-05,508077.SH,华夏基金华润有巢REIT,A,2.151,2.151,2.133,2.145,764534,
2024-02-06,508077.SH,华夏基金华润有巢REIT,A,2.145,2.156,2.133,2.149,946605,
2024-02-07,508077.SH,华夏基金华润有巢REIT,A,2.149,2.166,2.143,2.162,3240522,
2024-02-08,508077.SH,华夏基金华润有巢REIT,A,2.172,2.25,2.157,2.248,3117561,
2024-02-19,508077.SH,华夏基金华润有巢REIT,A,2.254,2.348,2.254,2.346,3822163,
2024-02-20,508077.SH,华夏基金华润有巢REIT,A,2.346,2.393,2.285,2.322,3880796,
2024-02-21,508077.SH,华夏基金华润有巢REIT,A,2.322,2.337,2.258,2.326,7772549,
2024-02-22,508077.SH,华夏基金华润有巢REIT,A,2.326,2.38,2.326,2.365,5208006,
2024-02-23,508077.SH,华夏基金华润有巢REIT,A,2.364,2.455,2.354,2.432,6835434,
2024-02-26,508077.SH,华夏基金华润有巢REIT,A,2.411,2.54,2.411,2.474,9433050,
2024-02-27,508077.SH,华夏基金华润有巢REIT,A,2.474,2.528,2.44,2.48,7880863,
2024-02-28,508077.SH,华夏基金华润有巢REIT,A,2.48,2.491,2.438,2.441,6416945,
2024-02-29,508077.SH,华夏基金华润有巢REIT,A,2.404,2.467,2.394,2.456,9504163,
2024-03-01,508077.SH,华夏基金华润有巢REIT,A,2.459,2.528,2.459,2.501,6504658,
2024-03-04,508077.SH,华夏基金华润有巢REIT,A,2.501,2.573,2.501,2.56,7067354,
2024-03-05,508077.SH,华夏基金华润有巢REIT,A,2.558,2.631,2.53,2.54,12411158,
2024-03-06,508077.SH,华夏基金华润有巢REIT,A,2.541,2.567,2.463,2.495,7188289,
2024-03-07,508077.SH,华夏基金华润有巢REIT,A,2.481,2.518,2.423,2.45,8959206,
2024-03-08,508077.SH,华夏基金华润有巢REIT,A,2.45,2.48,2.431,2.45,7850838,
2024-03-11,508077.SH,华夏基金华润有巢REIT,A,2.45,2.485,2.448,2.479,7186291,
2024-03-12,508077.SH,华夏基金华润有巢REIT,A,2.479,2.487,2.465,2.474,3139765,
2024-03-13,508077.SH,华夏基金华润有巢REIT,A,2.473,2.479,2.465,2.469,4935726,
2024-03-14,508077.SH,华夏基金华润有巢REIT,A,2.468,2.495,2.447,2.466,6136165,
2024-03-15,508077.SH,华夏基金华润有巢REIT,A,2.465,2.476,2.442,2.476,4502714,
2024-03-18,508077.SH,华夏基金华润有巢REIT,A,2.468,2.489,2.456,2.459,1107840,
2024-03-19,508077.SH,华夏基金华润有巢REIT,A,2.457,2.474,2.444,2.473,5890705,
2024-03-20,508077.SH,华夏基金华润有巢REIT,A,2.461,2.499,2.461,2.498,2635527,
2024-03-21,508077.SH,华夏基金华润有巢REIT,A,2.499,2.505,2.46,2.471,2664848,
2024-03-22,508077.SH,华夏基金华润有巢REIT,A,2.47,2.471,2.435,2.454,5961986,
2024-03-25,508077.SH,华夏基金华润有巢REIT,A,2.459,2.46,2.411,2.423,1545204,
2024-03-26,508077.SH,华夏基金华润有巢REIT,A,2.423,2.446,2.411,2.445,3651043,
2024-03-27,508077.SH,华夏基金华润有巢REIT,A,2.446,2.525,2.446,2.501,5635630,
2024-03-28,508077.SH,华夏基金华润有巢REIT,A,2.511,2.514,2.472,2.485,2995478,
2024-03-29,508077.SH,华夏基金华润有巢REIT,A,2.485,2.485,2.464,2.482,2803671,
2024-04-01,508077.SH,华夏基金华润有巢REIT,A,2.484,2.504,2.456,2.5,3402847,
2024-04-02,508077.SH,华夏基金华润有巢REIT,A,2.508,2.521,2.49,2.502,4475659,
2024-04-03,508077.SH,华夏基金华润有巢REIT,A,2.505,2.517,2.476,2.505,5831595,
2024-04-08,508077.SH,华夏基金华润有巢REIT,A,2.5,2.524,2.475,2.507,4867455,
2024-04-09,508077.SH,华夏基金华润有巢REIT,A,2.507,2.51,2.488,2.496,3806852,
2024-04-10,508077.SH,华夏基金华润有巢REIT,A,2.445,2.445,2.365,2.439,4692508,
2024-04-11,508077.SH,华夏基金华润有巢REIT,A,2.434,2.456,2.414,2.455,4552930,
2024-04-12,508077.SH,华夏基金华润有巢REIT,A,2.439,2.465,2.438,2.446,3738617,
2024-04-15,508077.SH,华夏基金华润有巢REIT,A,2.446,2.446,2.41,2.428,3988929,
2024-04-16,508077.SH,华夏基金华润有巢REIT,A,2.426,2.437,2.414,2.419,2958959,
2024-04-17,508077.SH,华夏基金华润有巢REIT,A,2.417,2.438,2.415,2.43,3224673,
2024-04-18,508077.SH,华夏基金华润有巢REIT,A,2.436,2.438,2.423,2.434,2360877,
2024-04-19,508077.SH,华夏基金华润有巢REIT,A,2.434,2.444,2.424,2.427,1947483,
2024-04-22,508077.SH,华夏基金华润有巢REIT,A,2.423,2.473,2.423,2.464,3598395,
2024-04-23,508077.SH,华夏基金华润有巢REIT,A,2.466,2.499,2.452,2.491,2468835,
2024-04-24,508077.SH,华夏基金华润有巢REIT,A,2.495,2.532,2.468,2.512,3304545,
2024-04-25,508077.SH,华夏基金华润有巢REIT,A,2.514,2.548,2.497,2.543,2743799,
2024-04-26,508077.SH,华夏基金华润有巢REIT,A,2.539,2.605,2.539,2.56,3863783,
2024-04-29,508077.SH,华夏基金华润有巢REIT,A,2.557,2.557,2.512,2.545,5949192,
2024-04-30,508077.SH,华夏基金华润有巢REIT,A,2.537,2.542,2.52,2.538,2553392,
2024-05-06,508077.SH,华夏基金华润有巢REIT,A,2.536,2.575,2.516,2.562,2234023,
2024-05-07,508077.SH,华夏基金华润有巢REIT,A,2.562,2.597,2.561,2.584,2707986,
2024-05-08,508077.SH,华夏基金华润有巢REIT,A,2.583,2.596,2.563,2.571,1642804,
2024-05-09,508077.SH,华夏基金华润有巢REIT,A,2.567,2.596,2.567,2.589,3532881,
2024-05-10,508077.SH,华夏基金华润有巢REIT,A,2.589,2.613,2.589,2.593,1009642,
2024-05-13,508077.SH,华夏基金华润有巢REIT,A,2.587,2.6,2.565,2.57,2970882,
2024-05-14,508077.SH,华夏基金华润有巢REIT,A,2.567,2.596,2.564,2.575,1448992,
2024-05-15,508077.SH,华夏基金华润有巢REIT,A,2.583,2.595,2.546,2.568,1954630,
2024-05-16,508077.SH,华夏基金华润有巢REIT,A,2.568,2.619,2.56,2.604,2431794,
2024-05-17,508077.SH,华夏基金华润有巢REIT,A,2.604,2.615,2.587,2.591,1679177,
2024-05-20,508077.SH,华夏基金华润有巢REIT,A,2.563,2.571,2.549,2.559,1926341,
2024-05-21,508077.SH,华夏基金华润有巢REIT,A,2.559,2.581,2.53,2.579,1839564,
2024-05-22,508077.SH,华夏基金华润有巢REIT,A,2.579,2.581,2.54,2.573,2622222,
2024-05-23,508077.SH,华夏基金华润有巢REIT,A,2.553,2.571,2.525,2.543,5243383,
2024-05-24,508077.SH,华夏基金华润有巢REIT,A,2.533,2.568,2.533,2.547,1573675,
2024-05-27,508077.SH,华夏基金华润有巢REIT,A,2.547,2.559,2.529,2.542,1824117,
2024-05-28,508077.SH,华夏基金华润有巢REIT,A,2.533,2.55,2.528,2.545,1993144,
2024-05-29,508077.SH,华夏基金华润有巢REIT,A,2.545,2.562,2.518,2.527,4165552,
2024-05-30,508077.SH,华夏基金华润有巢REIT,A,2.523,2.523,2.499,2.514,3202017,
2024-05-31,508077.SH,华夏基金华润有巢REIT,A,2.511,2.535,2.506,2.527,1720594,
2024-06-03,508077.SH,华夏基金华润有巢REIT,A,2.519,2.543,2.519,2.542,1310804,
2024-06-04,508077.SH,华夏基金华润有巢REIT,A,2.541,2.582,2.535,2.564,3232413,
2024-06-05,508077.SH,华夏基金华润有巢REIT,A,2.563,2.585,2.56,2.575,2005638,
2024-06-06,508077.SH,华夏基金华润有巢REIT,A,2.563,2.589,2.563,2.579,2169016,
2024-06-07,508077.SH,华夏基金华润有巢REIT,A,2.593,2.593,2.555,2.569,1353736,
2024-06-11,508077.SH,华夏基金华润有巢REIT,A,2.569,2.58,2.552,2.567,1230090,
2024-06-12,508077.SH,华夏基金华润有巢REIT,A,2.564,2.573,2.555,2.57,3769680,
2024-06-13,508077.SH,华夏基金华润有巢REIT,A,2.567,2.594,2.567,2.592,2326471,
2024-06-14,508077.SH,华夏基金华润有巢REIT,A,2.575,2.598,2.575,2.595,3120819,
2024-06-17,508077.SH,华夏基金华润有巢REIT,A,2.586,2.596,2.574,2.588,1697390,
2024-06-18,508077.SH,华夏基金华润有巢REIT,A,2.585,2.594,2.575,2.584,1518065,
2024-06-19,508077.SH,华夏基金华润有巢REIT,A,2.589,2.613,2.564,2.571,2325060,
2024-06-20,508077.SH,华夏基金华润有巢REIT,A,2.571,2.58,2.541,2.564,3514156,
2024-06-21,508077.SH,华夏基金华润有巢REIT,A,2.553,2.573,2.525,2.57,2218529,
2024-06-24,508077.SH,华夏基金华润有巢REIT,A,2.57,2.572,2.56,2.57,1529366,
2024-06-25,508077.SH,华夏基金华润有巢REIT,A,2.558,2.575,2.553,2.56,3531660,
2024-06-26,508077.SH,华夏基金华润有巢REIT,A,2.557,2.57,2.534,2.561,3547118,
2024-06-27,508077.SH,华夏基金华润有巢REIT,A,2.565,2.61,2.553,2.604,3538544,
2024-06-28,508077.SH,华夏基金华润有巢REIT,A,2.601,2.613,2.577,2.602,4104684,
2024-07-01,508077.SH,华夏基金华润有巢REIT,A,2.592,2.617,2.583,2.612,2832740,
2024-07-02,508077.SH,华夏基金华润有巢REIT,A,2.603,2.649,2.603,2.646,2577448,
2024-07-03,508077.SH,华夏基金华润有巢REIT,A,2.647,2.65,2.641,2.646,3200275,
2024-07-04,508077.SH,华夏基金华润有巢REIT,A,2.635,2.646,2.624,2.645,2565413,
2024-07-05,508077.SH,华夏基金华润有巢REIT,A,2.631,2.66,2.616,2.639,2599255,
2024-07-08,508077.SH,华夏基金华润有巢REIT,A,2.622,2.644,2.601,2.616,2805325,
2024-07-09,508077.SH,华夏基金华润有巢REIT,A,2.596,2.654,2.583,2.622,2876163,
2024-07-10,508077.SH,华夏基金华润有巢REIT,A,2.616,2.655,2.616,2.649,2607311,
2024-07-11,508077.SH,华夏基金华润有巢REIT,A,2.649,2.655,2.629,2.647,2518963,
2024-07-12,508077.SH,华夏基金华润有巢REIT,A,2.652,2.69,2.636,2.68,1612097,
2024-07-15,508077.SH,华夏基金华润有巢REIT,A,2.68,2.722,2.68,2.71,3080265,
2024-07-16,508077.SH,华夏基金华润有巢REIT,A,2.727,2.749,2.696,2.701,4120214,
2024-07-17,508077.SH,华夏基金华润有巢REIT,A,2.7,2.707,2.682,2.696,1863426,
2024-07-18,508077.SH,华夏基金华润有巢REIT,A,2.686,2.721,2.677,2.71,1997388,
2024-07-19,508077.SH,华夏基金华润有巢REIT,A,2.7,2.721,2.675,2.696,2194491,
2024-07-22,508077.SH,华夏基金华润有巢REIT,A,2.694,2.696,2.659,2.69,2098673,
2024-07-23,508077.SH,华夏基金华润有巢REIT,A,2.69,2.7,2.666,2.689,2949982,
2024-07-24,508077.SH,华夏基金华润有巢REIT,A,2.688,2.694,2.672,2.688,2365070,
2024-07-25,508077.SH,华夏基金华润有巢REIT,A,2.672,2.694,2.671,2.686,2277238,
2024-07-26,508077.SH,华夏基金华润有巢REIT,A,2.686,2.749,2.686,2.72,3847394,
2024-07-29,508077.SH,华夏基金华润有巢REIT,A,2.71,2.749,2.706,2.714,1438573,
2024-07-30,508077.SH,华夏基金华润有巢REIT,A,2.696,2.749,2.696,2.729,3386476,
2024-07-31,508077.SH,华夏基金华润有巢REIT,A,2.729,2.75,2.718,2.733,2565400,
2024-08-01,508077.SH,华夏基金华润有巢REIT,A,2.733,2.775,2.721,2.743,2419596,
2024-08-02,508077.SH,华夏基金华润有巢REIT,A,2.739,2.764,2.727,2.748,2943745,
2024-08-05,508077.SH,华夏基金华润有巢REIT,A,2.747,2.763,2.734,2.756,2970033,
2024-08-06,508077.SH,华夏基金华润有巢REIT,A,2.738,2.739,2.692,2.728,2142125,
2024-08-07,508077.SH,华夏基金华润有巢REIT,A,2.722,2.759,2.708,2.752,4685989,
2024-08-08,508077.SH,华夏基金华润有巢REIT,A,2.752,2.796,2.718,2.739,2973807,
2024-08-09,508077.SH,华夏基金华润有巢REIT,A,2.739,2.75,2.702,2.747,3009219,
2024-08-12,508077.SH,华夏基金华润有巢REIT,A,2.746,2.765,2.703,2.744,2043777,
2024-08-13,508077.SH,华夏基金华润有巢REIT,A,2.737,2.745,2.71,2.723,2986890,
2024-08-14,508077.SH,华夏基金华润有巢REIT,A,2.721,2.745,2.708,2.738,3734009,
2024-08-15,508077.SH,华夏基金华润有巢REIT,A,2.736,2.763,2.732,2.751,2782288,
2024-08-16,508077.SH,华夏基金华润有巢REIT,A,2.751,2.76,2.715,2.725,1283306,
2024-08-19,508077.SH,华夏基金华润有巢REIT,A,2.724,2.724,2.688,2.722,1754769,
2024-08-20,508077.SH,华夏基金华润有巢REIT,A,2.714,2.735,2.707,2.721,2922582,
2024-08-21,508077.SH,华夏基金华润有巢REIT,A,2.72,2.732,2.689,2.699,2543199,
2024-08-22,508077.SH,华夏基金华润有巢REIT,A,2.694,2.747,2.68,2.747,2745123,
2024-08-23,508077.SH,华夏基金华润有巢REIT,A,2.747,2.8,2.71,2.791,2693460,
2024-08-26,508077.SH,华夏基金华润有巢REIT,A,2.788,2.798,2.771,2.78,1548629,
2024-08-27,508077.SH,华夏基金华润有巢REIT,A,2.789,2.798,2.752,2.779,2324965,
2024-08-28,508077.SH,华夏基金华润有巢REIT,A,2.779,2.779,2.736,2.746,2622718,
2024-08-29,508077.SH,华夏基金华润有巢REIT,A,2.745,2.758,2.706,2.712,1649609,
2024-08-30,508077.SH,华夏基金华润有巢REIT,A,2.706,2.72,2.683,2.689,1985853,
2024-09-02,508077.SH,华夏基金华润有巢REIT,A,2.685,2.724,2.677,2.717,1695355,
2024-09-03,508077.SH,华夏基金华润有巢REIT,A,2.717,2.722,2.69,2.709,2405808,
2024-09-04,508077.SH,华夏基金华润有巢REIT,A,2.706,2.712,2.679,2.705,916095,
2024-09-05,508077.SH,华夏基金华润有巢REIT,A,2.705,2.74,2.691,2.707,2948810,
2024-09-06,508077.SH,华夏基金华润有巢REIT,A,2.706,2.713,2.684,2.697,2861941,
2024-09-09,508077.SH,华夏基金华润有巢REIT,A,2.691,2.736,2.658,2.713,2413041,
2024-09-10,508077.SH,华夏基金华润有巢REIT,A,2.701,2.72,2.692,2.718,1207558,
2024-09-11,508077.SH,华夏基金华润有巢REIT,A,2.728,2.728,2.679,2.715,2565709,
2024-09-12,508077.SH,华夏基金华润有巢REIT,A,2.696,2.713,2.67,2.681,2464686,
2024-09-13,508077.SH,华夏基金华润有巢REIT,A,2.67,2.716,2.67,2.685,1911964,
2024-09-18,508077.SH,华夏基金华润有巢REIT,A,2.682,2.712,2.664,2.689,1004492,
2024-09-19,508077.SH,华夏基金华润有巢REIT,A,2.68,2.715,2.635,2.682,2400263,
2024-09-20,508077.SH,华夏基金华润有巢REIT,A,2.679,2.684,2.646,2.665,1273052,
2024-09-23,508077.SH,华夏基金华润有巢REIT,A,2.652,2.668,2.604,2.637,3078764,
2024-09-24,508077.SH,华夏基金华润有巢REIT,A,2.625,2.7,2.624,2.678,876548,
2024-09-25,508077.SH,华夏基金华润有巢REIT,A,2.686,2.719,2.644,2.713,2516055,
2024-09-26,508077.SH,华夏基金华润有巢REIT,A,2.713,2.744,2.69,2.738,2989907,
2024-09-27,508077.SH,华夏基金华润有巢REIT,A,2.736,2.746,2.7,2.703,1299809,
2024-09-30,508077.SH,华夏基金华润有巢REIT,A,2.69,2.718,2.601,2.7,2218583,
2024-10-08,508077.SH,华夏基金华润有巢REIT,A,2.675,2.699,2.64,2.676,1775860,
2024-10-09,508077.SH,华夏基金华润有巢REIT,A,2.64,2.663,2.624,2.627,3552036,
2024-10-10,508077.SH,华夏基金华润有巢REIT,A,2.624,2.629,2.592,2.603,3574129,
2024-10-11,508077.SH,华夏基金华润有巢REIT,A,2.6,2.629,2.592,2.622,2652750,
2024-10-14,508077.SH,华夏基金华润有巢REIT,A,2.612,2.666,2.584,2.599,3286715,
2024-10-15,508077.SH,华夏基金华润有巢REIT,A,2.598,2.622,2.56,2.595,2233538,
2024-10-16,508077.SH,华夏基金华润有巢REIT,A,2.582,2.595,2.552,2.575,3152553,
2024-10-17,508077.SH,华夏基金华润有巢REIT,A,2.56,2.589,2.56,2.576,1033525,
2024-10-18,508077.SH,华夏基金华润有巢REIT,A,2.566,2.588,2.552,2.586,1459628,
2024-10-21,508077.SH,华夏基金华润有巢REIT,A,2.585,2.617,2.55,2.57,3244156,
2024-10-22,508077.SH,华夏基金华润有巢REIT,A,2.564,2.583,2.559,2.57,2697488,
2024-10-23,508077.SH,华夏基金华润有巢REIT,A,2.568,2.594,2.547,2.57,3298861,
2024-10-24,508077.SH,华夏基金华润有巢REIT,A,2.56,2.599,2.527,2.543,2732983,
2024-10-25,508077.SH,华夏基金华润有巢REIT,A,2.541,2.55,2.506,2.525,3740475,
2024-10-28,508077.SH,华夏基金华润有巢REIT,A,2.519,2.533,2.48,2.488,1784327,
2024-10-29,508077.SH,华夏基金华润有巢REIT,A,2.483,2.508,2.468,2.502,4136936,
2024-10-30,508077.SH,华夏基金华润有巢REIT,A,2.5,2.51,2.481,2.506,3302971,
2024-10-31,508077.SH,华夏基金华润有巢REIT,A,2.504,2.508,2.481,2.5,3808625,
2024-11-01,508077.SH,华夏基金华润有巢REIT,A,2.499,2.507,2.481,2.486,2457153,
2024-11-04,508077.SH,华夏基金华润有巢REIT,A,2.486,2.499,2.478,2.481,3000977,
2024-11-05,508077.SH,华夏基金华润有巢REIT,A,2.49,2.499,2.46,2.469,3448477,
2024-11-06,508077.SH,华夏基金华润有巢REIT,A,2.469,2.498,2.451,2.466,3429679,
2024-11-07,508077.SH,华夏基金华润有巢REIT,A,2.469,2.535,2.459,2.532,2844197,
2024-11-08,508077.SH,华夏基金华润有巢REIT,A,2.532,2.589,2.523,2.585,2787891,
2024-11-11,508077.SH,华夏基金华润有巢REIT,A,2.59,2.628,2.59,2.626,2327020,
2024-11-12,508077.SH,华夏基金华润有巢REIT,A,2.628,2.649,2.622,2.623,3153760,
2024-11-13,508077.SH,华夏基金华润有巢REIT,A,2.634,2.649,2.606,2.626,3571690,
2024-11-14,508077.SH,华夏基金华润有巢REIT,A,2.633,2.645,2.63,2.632,3523769,
2024-11-15,508077.SH,华夏基金华润有巢REIT,A,2.634,2.643,2.567,2.599,3645266,
2024-11-18,508077.SH,华夏基金华润有巢REIT,A,2.587,2.605,2.553,2.599,1795523,
2024-11-19,508077.SH,华夏基金华润有巢REIT,A,2.541,2.59,2.541,2.574,3142337,
2024-11-20,508077.SH,华夏基金华润有巢REIT,A,2.573,2.58,2.558,2.567,4082936,
2024-11-21,508077.SH,华夏基金华润有巢REIT,A,2.571,2.595,2.564,2.59,2620943,
2024-11-22,508077.SH,华夏基金华润有巢REIT,A,2.59,2.6,2.56,2.564,3490326,
2024-11-25,508077.SH,华夏基金华润有巢REIT,A,2.564,2.577,2.536,2.564,2299711,
2024-11-26,508077.SH,华夏基金华润有巢REIT,A,2.561,2.574,2.561,2.573,4065814,
2024-11-27,508077.SH,华夏基金华润有巢REIT,A,2.56,2.604,2.56,2.58,3492642,
2024-11-28,508077.SH,华夏基金华润有巢REIT,A,2.577,2.59,2.575,2.587,2081239,
2024-11-29,508077.SH,华夏基金华润有巢REIT,A,2.578,2.607,2.565,2.568,4791928,
2024-12-02,508077.SH,华夏基金华润有巢REIT,A,2.568,2.598,2.568,2.582,2973965,
2024-12-03,508077.SH,华夏基金华润有巢REIT,A,2.595,2.609,2.585,2.607,976783,
2024-12-04,508077.SH,华夏基金华润有巢REIT,A,2.607,2.622,2.601,2.619,2037202,
2024-12-05,508077.SH,华夏基金华润有巢REIT,A,2.619,2.67,2.608,2.618,2390531,
2024-12-06,508077.SH,华夏基金华润有巢REIT,A,2.608,2.627,2.598,2.617,3164724,
2024-12-09,508077.SH,华夏基金华润有巢REIT,A,2.616,2.64,2.602,2.607,16635693,
2024-12-10,508077.SH,华夏基金华润有巢REIT,A,2.618,2.714,2.6,2.701,7924242,
2024-12-11,508077.SH,华夏基金华润有巢REIT,A,2.701,2.77,2.662,2.756,7397370,
2024-12-12,508077.SH,华夏基金华润有巢REIT,A,2.719,2.79,2.719,2.742,5561453,
2024-12-13,508077.SH,华夏基金华润有巢REIT,A,2.74,2.776,2.704,2.75,5354513,
2024-12-16,508077.SH,华夏基金华润有巢REIT,A,2.739,2.886,2.713,2.881,5260775,
2024-12-17,508077.SH,华夏基金华润有巢REIT,A,2.881,2.903,2.842,2.857,3655274,
2024-12-18,508077.SH,华夏基金华润有巢REIT,A,2.857,2.871,2.776,2.819,5277770,
2024-12-19,508077.SH,华夏基金华润有巢REIT,A,2.806,2.835,2.764,2.812,7694476,
2024-12-20,508077.SH,华夏基金华润有巢REIT,A,2.8,2.87,2.775,2.83,13913555,
2024-12-23,508077.SH,华夏基金华润有巢REIT,A,2.843,2.885,2.834,2.876,9687353,
2024-12-24,508077.SH,华夏基金华润有巢REIT,A,2.848,2.9,2.843,2.875,5163332,
2024-12-25,508077.SH,华夏基金华润有巢REIT,A,2.874,2.884,2.839,2.839,3407773,
2024-12-26,508077.SH,华夏基金华润有巢REIT,A,2.839,2.879,2.8,2.85,9004199,
2024-12-27,508077.SH,华夏基金华润有巢REIT,A,2.847,2.874,2.831,2.861,7390805,
2024-12-30,508077.SH,华夏基金华润有巢REIT,A,2.859,2.9,2.835,2.869,3875897,
2024-12-31,508077.SH,华夏基金华润有巢REIT,A,2.869,2.934,2.86,2.9,5072364,
2025-01-02,508077.SH,华夏基金华润有巢REIT,A,2.9,3.005,2.86,2.985,3243441,
2025-01-03,508077.SH,华夏基金华润有巢REIT,A,2.996,3.125,2.996,3.022,5634916,
2025-01-06,508077.SH,华夏基金华润有巢REIT,A,3.01,3.078,3.01,3.025,3201692,
2025-01-07,508077.SH,华夏基金华润有巢REIT,A,2.985,3.025,2.96,2.98,3039923,
2025-01-08,508077.SH,华夏基金华润有巢REIT,A,2.973,3.07,2.967,3.0,4393237,
2025-01-09,508077.SH,华夏基金华润有巢REIT,A,3.004,3.067,3.004,3.055,5544635,
2025-01-10,508077.SH,华夏基金华润有巢REIT,A,3.056,3.118,3.028,3.066,3177890,
2025-01-13,508077.SH,华夏基金华润有巢REIT,A,3.06,3.115,3.026,3.076,6553431,
2025-01-14,508077.SH,华夏基金华润有巢REIT,A,3.068,3.068,3.0,3.032,4183383,
2025-01-15,508077.SH,华夏基金华润有巢REIT,A,3.032,3.078,2.992,3.057,6217568,
2025-01-16,508077.SH,华夏基金华润有巢REIT,A,3.018,3.055,3.018,3.044,3406072,
2025-01-17,508077.SH,华夏基金华润有巢REIT,A,3.044,3.05,3.005,3.041,2914225,
2025-01-20,508077.SH,华夏基金华润有巢REIT,A,3.003,3.076,3.003,3.046,3553806,
2025-01-21,508077.SH,华夏基金华润有巢REIT,A,3.052,3.06,3.021,3.058,2967647,
2025-01-22,508077.SH,华夏基金华润有巢REIT,A,3.051,3.125,3.044,3.112,4141231,
2025-01-23,508077.SH,华夏基金华润有巢REIT,A,3.102,3.12,3.087,3.106,2850527,
2025-01-24,508077.SH,华夏基金华润有巢REIT,A,3.1,3.114,3.078,3.079,2472410,
2025-01-27,508077.SH,华夏基金华润有巢REIT,A,3.081,3.1,3.074,3.077,855012,
2025-02-05,508077.SH,华夏基金华润有巢REIT,A,3.093,3.128,3.066,3.119,885252,
2025-02-06,508077.SH,华夏基金华润有巢REIT,A,3.124,3.17,3.124,3.146,2456367,
2025-02-07,508077.SH,华夏基金华润有巢REIT,A,3.196,3.196,3.129,3.148,921934,
2025-02-10,508077.SH,华夏基金华润有巢REIT,A,3.146,3.16,3.146,3.157,2994751,
2025-02-11,508077.SH,华夏基金华润有巢REIT,A,3.157,3.305,3.132,3.275,2494532,
2025-02-12,508077.SH,华夏基金华润有巢REIT,A,3.275,3.319,3.156,3.191,3052697,
2025-02-13,508077.SH,华夏基金华润有巢REIT,A,3.191,3.191,3.065,3.07,2378794,
2025-02-14,508077.SH,华夏基金华润有巢REIT,A,3.07,3.117,3.003,3.08,5082255,
2025-02-17,508077.SH,华夏基金华润有巢REIT,A,3.08,3.163,3.068,3.101,1623147,
2025-02-18,508077.SH,华夏基金华润有巢REIT,A,3.101,3.14,3.09,3.1,3079317,
2025-02-19,508077.SH,华夏基金华润有巢REIT,A,3.099,3.105,3.089,3.098,3037496,
2025-02-20,508077.SH,华夏基金华润有巢REIT,A,3.099,3.178,3.099,3.139,5110103,
2025-02-21,508077.SH,华夏基金华润有巢REIT,A,3.145,3.219,3.145,3.158,5809825,
2025-02-24,508077.SH,华夏基金华润有巢REIT,A,3.15,3.189,3.12,3.15,3875941,
2025-02-25,508077.SH,华夏基金华润有巢REIT,A,3.125,3.125,3.05,3.085,1857297,
2025-02-26,508077.SH,华夏基金华润有巢REIT,A,3.078,3.12,3.045,3.118,3913962,
2025-02-27,508077.SH,华夏基金华润有巢REIT,A,3.109,3.118,3.066,3.096,3682781,
2025-02-28,508077.SH,华夏基金华润有巢REIT,A,3.096,3.096,3.052,3.084,2678251,
2025-03-03,508077.SH,华夏基金华润有巢REIT,A,3.094,3.115,3.05,3.112,1023102,
2025-03-04,508077.SH,华夏基金华润有巢REIT,A,3.121,3.163,3.115,3.116,3878004,
2025-03-05,508077.SH,华夏基金华润有巢REIT,A,3.11,3.11,3.08,3.1,3810504,
2025-03-06,508077.SH,华夏基金华润有巢REIT,A,3.095,3.1,3.055,3.061,3852406,
2025-03-07,508077.SH,华夏基金华润有巢REIT,A,3.062,3.099,3.006,3.069,5142788,
2025-03-10,508077.SH,华夏基金华润有巢REIT,A,3.079,3.079,3.03,3.067,3157641,
2025-03-11,508077.SH,华夏基金华润有巢REIT,A,3.067,3.067,3.03,3.033,2765684,
2025-03-12,508077.SH,华夏基金华润有巢REIT,A,3.033,3.048,2.967,3.002,5697875,
2025-03-13,508077.SH,华夏基金华润有巢REIT,A,2.993,3.02,2.984,3.0,6871309,
2025-03-14,508077.SH,华夏基金华润有巢REIT,A,3.029,3.029,2.983,3.001,2542663,
2025-03-17,508077.SH,华夏基金华润有巢REIT,A,3.001,3.016,2.987,2.992,906416,
2025-03-18,508077.SH,华夏基金华润有巢REIT,A,2.99,3.037,2.99,3.029,3353631,
2025-03-19,508077.SH,华夏基金华润有巢REIT,A,3.029,3.107,3.025,3.088,3394624,
2025-03-20,508077.SH,华夏基金华润有巢REIT,A,3.088,3.12,3.073,3.092,3140317,
2025-03-21,508077.SH,华夏基金华润有巢REIT,A,3.092,3.108,3.051,3.052,2707615,
2025-03-24,508077.SH,华夏基金华润有巢REIT,A,3.052,3.074,3.039,3.07,1791964,
2025-03-25,508077.SH,华夏基金华润有巢REIT,A,3.067,3.116,3.04,3.108,1844797,
2025-03-26,508077.SH,华夏基金华润有巢REIT,A,3.107,3.124,3.083,3.1,2373842,
2025-03-27,508077.SH,华夏基金华润有巢REIT,A,3.1,3.153,3.089,3.117,2863903,
2025-03-28,508077.SH,华夏基金华润有巢REIT,A,3.117,3.225,3.117,3.194,1119033,
2025-03-31,508077.SH,华夏基金华润有巢REIT,A,3.194,3.22,3.138,3.195,4132097,
2025-04-01,508077.SH,华夏基金华润有巢REIT,A,3.195,3.222,3.157,3.2,2591454,
2025-04-02,508077.SH,华夏基金华润有巢REIT,A,3.295,3.295,3.196,3.215,1577446,
2025-04-03,508077.SH,华夏基金华润有巢REIT,A,3.211,3.34,3.211,3.296,1501650,
2025-04-07,508077.SH,华夏基金华润有巢REIT,A,3.3,3.528,3.264,3.283,3322253,
2025-04-08,508077.SH,华夏基金华润有巢REIT,A,3.298,3.31,3.215,3.241,1814812,
2025-04-09,508077.SH,华夏基金华润有巢REIT,A,3.242,3.263,3.201,3.224,1452197,
2025-04-10,508077.SH,华夏基金华润有巢REIT,A,3.222,3.267,3.187,3.267,1537927,
2025-04-11,508077.SH,华夏基金华润有巢REIT,A,3.253,3.32,3.253,3.286,3063223,
2025-04-14,508077.SH,华夏基金华润有巢REIT,A,3.283,3.349,3.268,3.292,2793882,
2025-04-15,508077.SH,华夏基金华润有巢REIT,A,3.287,3.312,3.275,3.311,872461,
2025-04-16,508077.SH,华夏基金华润有巢REIT,A,3.324,3.324,3.307,3.31,3000804,
2025-04-17,508077.SH,华夏基金华润有巢REIT,A,3.308,3.33,3.303,3.327,2113073,
2025-04-18,508077.SH,华夏基金华润有巢REIT,A,3.321,3.33,3.311,3.32,316998,
2025-04-21,508077.SH,华夏基金华润有巢REIT,A,3.309,3.309,3.274,3.305,1104602,
2025-04-22,508077.SH,华夏基金华润有巢REIT,A,3.292,3.313,3.276,3.297,1944746,
2025-04-23,508077.SH,华夏基金华润有巢REIT,A,3.285,3.309,3.277,3.29,447432,
2025-04-24,508077.SH,华夏基金华润有巢REIT,A,3.293,3.31,3.216,3.25,4293904,
2025-04-25,508077.SH,华夏基金华润有巢REIT,A,3.25,3.26,3.223,3.259,2053764,
2025-04-28,508077.SH,华夏基金华润有巢REIT,A,3.258,3.258,3.23,3.24,689749,
2025-04-29,508077.SH,华夏基金华润有巢REIT,A,3.24,3.292,3.239,3.242,536736,
2025-04-30,508077.SH,华夏基金华润有巢REIT,A,3.24,3.275,3.233,3.26,2216486,
2025-05-06,508077.SH,华夏基金华润有巢REIT,A,3.279,3.279,3.26,3.276,813034,
2025-05-07,508077.SH,华夏基金华润有巢REIT,A,3.276,3.313,3.213,3.296,2146251,
2025-05-08,508077.SH,华夏基金华润有巢REIT,A,3.297,3.316,3.272,3.309,1753306,
2025-05-09,508077.SH,华夏基金华润有巢REIT,A,3.312,3.374,3.296,3.359,785320,
2025-05-12,508077.SH,华夏基金华润有巢REIT,A,3.359,3.399,3.353,3.374,1834759,
2025-05-13,508077.SH,华夏基金华润有巢REIT,A,3.37,3.441,3.342,3.412,2071725,
2025-05-14,508077.SH,华夏基金华润有巢REIT,A,3.412,3.44,3.391,3.425,2189707,
2025-05-15,508077.SH,华夏基金华润有巢REIT,A,3.432,3.457,3.407,3.457,1204059,
2025-05-16,508077.SH,华夏基金华润有巢REIT,A,3.458,3.485,3.443,3.465,1910310,
2025-05-19,508077.SH,华夏基金华润有巢REIT,A,3.479,3.481,3.438,3.465,2349916,
2025-05-20,508077.SH,华夏基金华润有巢REIT,A,3.479,3.496,3.467,3.48,1908858,
2025-05-21,508077.SH,华夏基金华润有巢REIT,A,3.456,3.5,3.422,3.474,2161672,
2025-05-22,508077.SH,华夏基金华润有巢REIT,A,3.471,3.474,3.411,3.436,1431415,
2025-05-23,508077.SH,华夏基金华润有巢REIT,A,3.45,3.492,3.402,3.445,1818173,
2025-05-26,508077.SH,华夏基金华润有巢REIT,A,3.452,3.497,3.441,3.449,3546494,
2025-05-27,508077.SH,华夏基金华润有巢REIT,A,3.463,3.494,3.421,3.443,589601,
2025-05-28,508077.SH,华夏基金华润有巢REIT,A,3.429,3.46,3.42,3.435,194824,
2025-05-29,508077.SH,华夏基金华润有巢REIT,A,3.436,3.439,3.4,3.413,1768411,
2025-05-30,508077.SH,华夏基金华润有巢REIT,A,3.405,3.427,3.399,3.414,687933,
2025-06-03,508077.SH,华夏基金华润有巢REIT,A,3.412,3.434,3.398,3.415,1376090,
2025-06-04,508077.SH,华夏基金华润有巢REIT,A,3.415,3.454,3.401,3.426,650358,
2025-06-05,508077.SH,华夏基金华润有巢REIT,A,3.425,3.46,3.42,3.43,832076,
2025-06-06,508077.SH,华夏基金华润有巢REIT,A,3.432,3.453,3.417,3.429,406174,
2025-06-09,508077.SH,华夏基金华润有巢REIT,A,3.442,3.469,3.42,3.438,1495155,
2025-06-10,508077.SH,华夏基金华润有巢REIT,A,3.445,3.487,3.438,3.486,1332970,
2025-06-11,508077.SH,华夏基金华润有巢REIT,A,3.486,3.549,3.448,3.469,2404554,
2025-06-12,508077.SH,华夏基金华润有巢REIT,A,3.495,3.499,3.455,3.478,2378630,
2025-06-13,508077.SH,华夏基金华润有巢REIT,A,3.478,3.58,3.465,3.577,3736392,
2025-06-16,508077.SH,华夏基金华润有巢REIT,A,3.578,3.645,3.549,3.6,1695339,
2025-06-17,508077.SH,华夏基金华润有巢REIT,A,3.6,3.655,3.6,3.646,796695,
2025-06-18,508077.SH,华夏基金华润有巢REIT,A,3.587,3.8,3.551,3.794,567393,
2025-06-19,508077.SH,华夏基金华润有巢REIT,A,3.8,3.878,3.751,3.816,2496529,
2025-06-20,508077.SH,华夏基金华润有巢REIT,A,3.807,3.875,3.771,3.855,1343011,
2025-06-23,508077.SH,华夏基金华润有巢REIT,A,3.84,3.882,3.83,3.875,1838336,
2025-06-24,508077.SH,华夏基金华润有巢REIT,A,3.86,3.888,3.701,3.837,2463456,
2025-06-25,508077.SH,华夏基金华润有巢REIT,A,3.837,3.849,3.797,3.833,856364,
2025-06-26,508077.SH,华夏基金华润有巢REIT,A,3.818,3.87,3.8,3.824,1455787,
2025-06-27,508077.SH,华夏基金华润有巢REIT,A,3.822,3.824,3.785,3.82,1799731,
2025-06-30,508077.SH,华夏基金华润有巢REIT,A,3.82,3.83,3.782,3.821,1393248,
2025-07-01,508077.SH,华夏基金华润有巢REIT,A,3.8,3.815,3.773,3.79,1260095,
2025-07-02,508077.SH,华夏基金华润有巢REIT,A,3.785,3.85,3.776,3.836,1243877,
2025-07-03,508077.SH,华夏基金华润有巢REIT,A,3.826,3.885,3.811,3.836,1577200,
2025-07-04,508077.SH,华夏基金华润有巢REIT,A,3.836,3.848,3.82,3.842,1122197,
2025-07-07,508077.SH,华夏基金华润有巢REIT,A,3.843,3.847,3.82,3.83,568952,
2025-07-08,508077.SH,华夏基金华润有巢REIT,A,3.846,3.846,3.75,3.753,2171039,
2025-07-09,508077.SH,华夏基金华润有巢REIT,A,3.75,3.768,3.665,3.714,3330769,
2025-07-10,508077.SH,华夏基金华润有巢REIT,A,3.699,3.757,3.67,3.718,2064294,
2025-07-11,508077.SH,华夏基金华润有巢REIT,A,3.7,3.766,3.674,3.704,2635089,
2025-07-14,508077.SH,华夏基金华润有巢REIT,A,3.686,3.701,3.669,3.682,672203,
2025-07-15,508077.SH,华夏基金华润有巢REIT,A,3.68,3.733,3.644,3.731,1981189,
2025-07-16,508077.SH,华夏基金华润有巢REIT,A,3.718,3.76,3.7,3.723,1811747,
2025-07-17,508077.SH,华夏基金华润有巢REIT,A,3.705,3.741,3.691,3.703,1232478,
2025-07-18,508077.SH,华夏基金华润有巢REIT,A,3.703,3.703,3.65,3.653,1193276,
2025-07-21,508077.SH,华夏基金华润有巢REIT,A,3.65,3.653,3.619,3.627,1603624,
2025-07-22,508077.SH,华夏基金华润有巢REIT,A,3.626,3.638,3.569,3.587,1501050,
2025-07-23,508077.SH,华夏基金华润有巢REIT,A,3.601,3.602,3.511,3.564,2737529,
2025-07-24,508077.SH,华夏基金华润有巢REIT,A,3.563,3.602,3.524,3.545,1268597,
2025-07-25,508077.SH,华夏基金华润有巢REIT,A,3.545,3.568,3.517,3.542,1515739,
2025-07-28,508077.SH,华夏基金华润有巢REIT,A,3.542,3.593,3.542,3.578,1820742,
2025-07-29,508077.SH,华夏基金华润有巢REIT,A,3.589,3.614,3.56,3.571,582969,
2025-07-30,508077.SH,华夏基金华润有巢REIT,A,3.57,3.589,3.564,3.571,2012997,
2025-07-31,508077.SH,华夏基金华润有巢REIT,A,3.582,3.674,3.572,3.665,3135437,
2025-08-01,508077.SH,华夏基金华润有巢REIT,A,3.665,3.709,3.65,3.698,4342144,
2025-08-04,508077.SH,华夏基金华润有巢REIT,A,3.713,3.73,3.653,3.68,2383218,
2025-08-05,508077.SH,华夏基金华润有巢REIT,A,3.68,3.713,3.632,3.663,1287006,
2025-08-06,508077.SH,华夏基金华润有巢REIT,A,3.662,3.678,3.654,3.678,819130,
2025-08-07,508077.SH,华夏基金华润有巢REIT,A,3.676,3.697,3.663,3.68,2147940,
2025-08-08,508077.SH,华夏基金华润有巢REIT,A,3.695,3.716,3.66,3.666,1387929,
2025-08-11,508077.SH,华夏基金华润有巢REIT,A,3.666,3.682,3.61,3.645,1519897,
2025-08-12,508077.SH,华夏基金华润有巢REIT,A,3.644,3.659,3.63,3.652,1648812,
2025-08-13,508077.SH,华夏基金华润有巢REIT,A,3.637,3.643,3.589,3.596,2077098,
2025-08-14,508077.SH,华夏基金华润有巢REIT,A,3.6,3.6,3.541,3.548,4492311,
2025-08-15,508077.SH,华夏基金华润有巢REIT,A,3.546,3.548,3.508,3.508,3170917,
2025-08-18,508077.SH,华夏基金华润有巢REIT,A,3.508,3.508,3.413,3.42,2567656,
2025-08-19,508077.SH,华夏基金华润有巢REIT,A,3.423,3.439,3.31,3.368,8079027,
2025-08-20,508077.SH,华夏基金华润有巢REIT,A,3.388,3.388,3.348,3.363,3538041,
2025-08-21,508077.SH,华夏基金华润有巢REIT,A,3.363,3.38,3.329,3.363,5026365,
2025-08-22,508077.SH,华夏基金华润有巢REIT,A,3.38,3.395,3.348,3.374,3579704,
2025-08-25,508077.SH,华夏基金华润有巢REIT,A,3.38,3.395,3.314,3.378,4615314,
2025-08-26,508077.SH,华夏基金华润有巢REIT,A,3.369,3.446,3.358,3.419,8525819,
2025-08-27,508077.SH,华夏基金华润有巢REIT,A,3.428,3.437,3.4,3.431,4341595,
2025-08-28,508077.SH,华夏基金华润有巢REIT,A,3.41,3.444,3.41,3.43,2487699,
2025-08-29,508077.SH,华夏基金华润有巢REIT,A,3.43,3.437,3.38,3.437,3783974,
2025-09-01,508077.SH,华夏基金华润有巢REIT,A,3.395,3.43,3.395,3.428,272788,
2025-09-02,508077.SH,华夏基金华润有巢REIT,A,3.43,3.446,3.412,3.422,3951502,
2025-09-03,508077.SH,华夏基金华润有巢REIT,A,3.428,3.438,3.395,3.42,3689556,
2025-09-04,508077.SH,华夏基金华润有巢REIT,A,3.4,3.528,3.4,3.452,5050321,
2025-09-05,508077.SH,华夏基金华润有巢REIT,A,3.474,3.5,3.36,3.395,3936576,
2025-09-08,508077.SH,华夏基金华润有巢REIT,A,3.392,3.392,3.348,3.354,3814935,
2025-09-09,508077.SH,华夏基金华润有巢REIT,A,3.355,3.357,3.313,3.353,3145245,
2025-09-10,508077.SH,华夏基金华润有巢REIT,A,3.339,3.339,3.307,3.311,2220573,
2025-09-11,508077.SH,华夏基金华润有巢REIT,A,3.3,3.316,3.274,3.297,3610805,
2025-09-12,508077.SH,华夏基金华润有巢REIT,A,3.297,3.366,3.27,3.359,1038131,
2025-09-15,508077.SH,华夏基金华润有巢REIT,A,3.359,3.369,3.349,3.353,716543,
2025-09-16,508077.SH,华夏基金华润有巢REIT,A,3.353,3.37,3.322,3.367,2412334,
2025-09-17,508077.SH,华夏基金华润有巢REIT,A,3.359,3.392,3.347,3.38,4493006,
2025-09-18,508077.SH,华夏基金华润有巢REIT,A,3.375,3.44,3.349,3.429,4346089,
2025-09-19,508077.SH,华夏基金华润有巢REIT,A,3.44,3.44,3.396,3.433,2894002,
2025-09-22,508077.SH,华夏基金华润有巢REIT,A,3.432,3.432,3.375,3.42,1387385,
2025-09-23,508077.SH,华夏基金华润有巢REIT,A,3.413,3.413,3.404,3.412,1959139,
2025-09-24,508077.SH,华夏基金华润有巢REIT,A,3.419,3.429,3.384,3.403,330289,
2025-09-25,508077.SH,华夏基金华润有巢REIT,A,3.405,3.429,3.363,3.389,1101372,
2025-09-26,508077.SH,华夏基金华润有巢REIT,A,3.377,3.395,3.349,3.381,2704162,
2025-09-29,508077.SH,华夏基金华润有巢REIT,A,3.369,3.395,3.342,3.381,816336,
2025-09-30,508077.SH,华夏基金华润有巢REIT,A,3.37,3.408,3.363,3.403,208400,
2025-10-09,508077.SH,华夏基金华润有巢REIT,A,3.403,3.406,3.391,3.402,610459,
2025-10-10,508077.SH,华夏基金华润有巢REIT,A,3.402,3.457,3.363,3.407,2239956,
2025-10-13,508077.SH,华夏基金华润有巢REIT,A,3.407,3.45,3.406,3.409,2423985,
2025-10-14,508077.SH,华夏基金华润有巢REIT,A,3.419,3.42,3.371,3.388,2372425,
2025-10-15,508077.SH,华夏基金华润有巢REIT,A,3.384,3.419,3.35,3.364,2788881,
2025-10-16,508077.SH,华夏基金华润有巢REIT,A,3.37,3.374,3.259,3.338,4268479,
2025-10-17,508077.SH,华夏基金华润有巢REIT,A,3.318,3.335,3.215,3.262,4215251,
2025-10-20,508077.SH,华夏基金华润有巢REIT,A,3.237,3.254,3.117,3.147,4140620,
2025-10-21,508077.SH,华夏基金华润有巢REIT,A,3.142,3.167,3.094,3.148,4147791,
2025-10-22,508077.SH,华夏基金华润有巢REIT,A,3.161,3.185,3.133,3.148,5471125,
2025-10-23,508077.SH,华夏基金华润有巢REIT,A,3.144,3.158,3.138,3.149,2770200,
2025-10-24,508077.SH,华夏基金华润有巢REIT,A,3.149,3.244,3.149,3.2,5063362,
2025-10-27,508077.SH,华夏基金华润有巢REIT,A,3.187,3.196,3.161,3.17,1579868,
2025-10-28,508077.SH,华夏基金华润有巢REIT,A,3.168,3.229,3.163,3.2,8968254,
2025-10-29,508077.SH,华夏基金华润有巢REIT,A,3.199,3.21,3.173,3.193,4163163,
2025-10-30,508077.SH,华夏基金华润有巢REIT,A,3.2,3.2,3.178,3.184,1580997,
2025-10-31,508077.SH,华夏基金华润有巢REIT,A,3.186,3.228,3.137,3.177,9589711,
2025-11-03,508077.SH,华夏基金华润有巢REIT,A,3.18,3.194,3.114,3.126,4737666,
2025-11-04,508077.SH,华夏基金华润有巢REIT,A,3.13,3.13,3.059,3.1,11833245,
2025-11-05,508077.SH,华夏基金华润有巢REIT,A,3.1,3.106,3.033,3.06,5514535,
2025-11-06,508077.SH,华夏基金华润有巢REIT,A,3.048,3.075,3.045,3.049,4826902,
2025-11-07,508077.SH,华夏基金华润有巢REIT,A,3.05,3.105,3.049,3.075,5675699,
2025-11-10,508077.SH,华夏基金华润有巢REIT,A,3.075,3.17,3.052,3.144,9178176,
2025-11-11,508077.SH,华夏基金华润有巢REIT,A,3.139,3.19,3.104,3.183,8460076,
2025-11-12,508077.SH,华夏基金华润有巢REIT,A,3.179,3.187,3.142,3.151,2386702,
2025-11-13,508077.SH,华夏基金华润有巢REIT,A,3.15,3.174,3.12,3.155,3913021,
2025-11-14,508077.SH,华夏基金华润有巢REIT,A,3.151,3.177,3.146,3.155,4933731,
2025-11-17,508077.SH,华夏基金华润有巢REIT,A,3.12,3.15,3.1,3.12,3176014,
2025-11-18,508077.SH,华夏基金华润有巢REIT,A,3.136,3.139,3.069,3.131,7557528,
2025-11-19,508077.SH,华夏基金华润有巢REIT,A,3.115,3.12,3.068,3.087,6433031,
2025-11-20,508077.SH,华夏基金华润有巢REIT,A,3.079,3.079,3.05,3.063,9734788,
2025-11-21,508077.SH,华夏基金华润有巢REIT,A,3.052,3.072,3.039,3.065,14825119,
2025-11-24,508077.SH,华夏基金华润有巢REIT,A,3.063,3.065,3.052,3.061,7587087,
2025-11-25,508077.SH,华夏基金华润有巢REIT,A,3.059,3.097,3.045,3.077,19140660,
2025-11-26,508077.SH,华夏基金华润有巢REIT,A,3.077,3.085,3.058,3.08,15906662,
2025-11-27,508077.SH,华夏基金华润有巢REIT,A,3.046,3.083,3.046,3.083,7078123,
2025-11-28,508077.SH,华夏基金华润有巢REIT,A,3.077,3.08,3.052,3.07,6574542,
2025-12-02,508077.SH,华夏基金华润有巢REIT,A,3.05,3.06,3.026,3.048,12789052,
2025-12-03,508077.SH,华夏基金华润有巢REIT,A,3.053,3.077,3.028,3.064,6912464,
2025-12-04,508077.SH,华夏基金华润有巢REIT,A,3.058,3.119,3.021,3.074,6639665,
2025-12-05,508077.SH,华夏基金华润有巢REIT,A,3.068,3.142,3.051,3.135,4004002,
2025-12-16,508077.SH,华夏基金华润有巢REIT,A,2.872,2.883,2.8,2.834,3333123,
2025-12-17,508077.SH,华夏基金华润有巢REIT,A,2.835,2.861,2.79,2.82,4099299,
2025-12-18,508077.SH,华夏基金华润有巢REIT,A,2.815,2.824,2.801,2.814,2280918,
2025-12-19,508077.SH,华夏基金华润有巢REIT,A,2.825,2.825,2.73,2.806,3399388,
2025-12-22,508077.SH,华夏基金华润有巢REIT,A,2.802,2.808,2.776,2.802,2077533,
2025-12-23,508077.SH,华夏基金华润有巢REIT,A,2.797,2.838,2.726,2.78,3984962,
2025-12-24,508077.SH,华夏基金华润有巢REIT,A,2.749,2.908,2.731,2.904,4664531,
2025-12-25,508077.SH,华夏基金华润有巢REIT,A,2.868,3.011,2.868,2.98,5663178,
2025-12-26,508077.SH,华夏基金华润有巢REIT,A,2.98,2.986,2.919,2.974,2230586,
2025-12-29,508077.SH,华夏基金华润有巢REIT,A,2.934,2.96,2.868,2.955,4481813,
2025-12-30,508077.SH,华夏基金华润有巢REIT,A,2.916,2.96,2.909,2.958,2393769,
2025-12-31,508077.SH,华夏基金华润有巢REIT,A,2.948,2.979,2.938,2.959,841094,
2026-01-05,508077.SH,华夏基金华润有巢REIT,A,2.948,3.0,2.944,2.97,3135608,
2026-01-06,508077.SH,华夏基金华润有巢REIT,A,2.966,3.0,2.96,2.971,3534922,
2026-01-07,508077.SH,华夏基金华润有巢REIT,A,2.97,2.998,2.93,2.97,5019933,
2026-01-08,508077.SH,华夏基金华润有巢REIT,A,2.95,2.961,2.932,2.95,4063841,
2026-01-09,508077.SH,华夏基金华润有巢REIT,A,2.949,2.956,2.927,2.929,3606721,
2026-01-12,508077.SH,华夏基金华润有巢REIT,A,2.95,2.955,2.89,2.917,3576009,
2026-01-13,508077.SH,华夏基金华润有巢REIT,A,2.916,2.916,2.85,2.89,3670468,
2026-01-14,508077.SH,华夏基金华润有巢REIT,A,2.885,2.898,2.86,2.889,4797574,
2026-01-15,508077.SH,华夏基金华润有巢REIT,A,2.879,2.903,2.873,2.892,2603652,
2026-01-16,508077.SH,华夏基金华润有巢REIT,A,2.885,2.9,2.877,2.892,1719717,
2026-01-19,508077.SH,华夏基金华润有巢REIT,A,2.909,2.909,2.868,2.87,3212775,
2026-01-20,508077.SH,华夏基金华润有巢REIT,A,2.87,2.903,2.87,2.899,4537896,
2026-01-21,508077.SH,华夏基金华润有巢REIT,A,2.899,2.927,2.896,2.916,4042645,
2026-01-22,508077.SH,华夏基金华润有巢REIT,A,2.918,2.945,2.903,2.91,3207237,
2026-01-23,508077.SH,华夏基金华润有巢REIT,A,2.916,2.95,2.89,2.901,3101530,
2026-01-26,508077.SH,华夏基金华润有巢REIT,A,2.871,2.94,2.871,2.9,851017,
2026-01-27,508077.SH,华夏基金华润有巢REIT,A,2.9,2.958,2.882,2.932,3746728,
2026-01-28,508077.SH,华夏基金华润有巢REIT,A,2.933,2.956,2.927,2.95,3794880,
2026-01-29,508077.SH,华夏基金华润有巢REIT,A,2.95,2.979,2.94,2.972,5052800,
2026-01-30,508077.SH,华夏基金华润有巢REIT,A,2.97,2.977,2.956,2.957,2491890,
2026-02-02,508077.SH,华夏基金华润有巢REIT,A,2.954,2.954,2.919,2.922,1618859,
2026-02-03,508077.SH,华夏基金华润有巢REIT,A,2.927,2.939,2.916,2.932,3157865,
2026-02-04,508077.SH,华夏基金华润有巢REIT,A,2.928,2.934,2.925,2.928,1940373,
2026-02-05,508077.SH,华夏基金华润有巢REIT,A,2.933,2.933,2.912,2.916,1758380,
2026-02-06,508077.SH,华夏基金华润有巢REIT,A,2.915,2.921,2.905,2.909,638662,
2026-02-09,508077.SH,华夏基金华润有巢REIT,A,2.909,2.911,2.867,2.897,2168194,
2026-02-10,508077.SH,华夏基金华润有巢REIT,A,2.891,2.899,2.874,2.894,2261302,
2026-02-11,508077.SH,华夏基金华润有巢REIT,A,2.891,2.918,2.882,2.902,3009035,
2026-02-12,508077.SH,华夏基金华润有巢REIT,A,2.905,2.918,2.895,2.899,1370092,
2026-02-13,508077.SH,华夏基金华润有巢REIT,A,2.908,2.908,2.884,2.894,331717,
2026-02-24,508077.SH,华夏基金华润有巢REIT,A,2.893,2.9,2.885,2.898,463422,
2026-02-25,508077.SH,华夏基金华润有巢REIT,A,2.897,2.91,2.897,2.9,2916099,
2026-02-26,508077.SH,华夏基金华润有巢REIT,A,2.898,2.898,2.857,2.874,3490124,
2026-02-27,508077.SH,华夏基金华润有巢REIT,A,2.867,2.873,2.82,2.84,3813054,
2026-03-02,508077.SH,华夏基金华润有巢REIT,A,2.834,2.843,2.792,2.804,2016647,
2026-03-03,508077.SH,华夏基金华润有巢REIT,A,2.803,2.844,2.8,2.825,3361497,
2026-03-04,508077.SH,华夏基金华润有巢REIT,A,2.83,2.84,2.809,2.838,1265198,
2026-03-05,508077.SH,华夏基金华润有巢REIT,A,2.841,2.86,2.81,2.818,2661795,
2026-03-06,508077.SH,华夏基金华润有巢REIT,A,2.814,2.818,2.778,2.79,3481547,
2026-03-09,508077.SH,华夏基金华润有巢REIT,A,2.783,2.794,2.746,2.79,2445327,
2026-03-10,508077.SH,华夏基金华润有巢REIT,A,2.784,2.818,2.777,2.812,3528513,
2026-03-11,508077.SH,华夏基金华润有巢REIT,A,2.812,2.826,2.778,2.794,5553430,
2026-03-12,508077.SH,华夏基金华润有巢REIT,A,2.794,2.812,2.762,2.765,2383847,
2026-03-13,508077.SH,华夏基金华润有巢REIT,A,2.765,2.78,2.744,2.776,3415875,
2026-03-16,508077.SH,华夏基金华润有巢REIT,A,2.77,2.77,2.738,2.745,1221141,
2026-03-17,508077.SH,华夏基金华润有巢REIT,A,2.75,2.769,2.747,2.755,1317584,
2026-03-18,508077.SH,华夏基金华润有巢REIT,A,2.748,2.775,2.743,2.775,2847226,
2026-03-19,508077.SH,华夏基金华润有巢REIT,A,2.775,2.8,2.747,2.765,3365883,
2026-03-20,508077.SH,华夏基金华润有巢REIT,A,2.767,2.777,2.747,2.763,2718596,
2026-03-23,508077.SH,华夏基金华润有巢REIT,A,2.766,2.766,2.724,2.753,2026607,
2026-03-24,508077.SH,华夏基金华润有巢REIT,A,2.751,2.759,2.743,2.753,1246760,
2026-03-25,508077.SH,华夏基金华润有巢REIT,A,2.75,2.759,2.729,2.754,1638347,
2026-03-26,508077.SH,华夏基金华润有巢REIT,A,2.754,2.767,2.727,2.766,3446812,
2026-03-27,508077.SH,华夏基金华润有巢REIT,A,2.766,2.77,2.749,2.758,1185988,
2026-03-30,508077.SH,华夏基金华润有巢REIT,A,2.754,2.761,2.741,2.757,1135641,
2026-03-31,508077.SH,华夏基金华润有巢REIT,A,2.759,2.759,2.74,2.748,953127,
2026-04-01,508077.SH,华夏基金华润有巢REIT,A,2.748,2.752,2.73,2.748,1363492,
2026-04-02,508077.SH,华夏基金华润有巢REIT,A,2.746,2.748,2.725,2.735,3118477,
2026-04-03,508077.SH,华夏基金华润有巢REIT,A,2.736,2.795,2.731,2.795,2769762,
2026-04-07,508077.SH,华夏基金华润有巢REIT,A,2.8,2.8,2.769,2.782,2692409,
2026-04-08,508077.SH,华夏基金华润有巢REIT,A,2.777,2.808,2.777,2.799,2734996,
2026-04-09,508077.SH,华夏基金华润有巢REIT,A,2.799,2.799,2.778,2.78,986308,
2026-04-10,508077.SH,华夏基金华润有巢REIT,A,2.777,2.787,2.764,2.77,1460392,
2026-04-13,508077.SH,华夏基金华润有巢REIT,A,2.769,2.784,2.746,2.783,3099556,
2026-04-14,508077.SH,华夏基金华润有巢REIT,A,2.775,2.823,2.775,2.819,4461970,
2026-04-15,508077.SH,华夏基金华润有巢REIT,A,2.811,2.832,2.81,2.825,7882686,
2026-04-16,508077.SH,华夏基金华润有巢REIT,A,2.829,2.858,2.823,2.844,5020693,
2026-04-17,508077.SH,华夏基金华润有巢REIT,A,2.838,2.855,2.832,2.854,1357355,
2026-04-20,508077.SH,华夏基金华润有巢REIT,A,2.858,2.922,2.85,2.865,4710228,
2026-04-21,508077.SH,华夏基金华润有巢REIT,A,2.864,2.887,2.835,2.848,2203024,
2026-04-22,508077.SH,华夏基金华润有巢REIT,A,2.841,2.871,2.818,2.83,7275624,
2026-04-23,508077.SH,华夏基金华润有巢REIT,A,2.82,2.835,2.796,2.8,2295186,
2026-04-24,508077.SH,华夏基金华润有巢REIT,A,2.799,2.805,2.78,2.794,1936263,
2026-04-27,508077.SH,华夏基金华润有巢REIT,A,2.794,2.796,2.756,2.767,1287330,
2026-04-28,508077.SH,华夏基金华润有巢REIT,A,2.766,2.799,2.735,2.737,2511653,
2026-04-29,508077.SH,华夏基金华润有巢REIT,A,2.734,2.752,2.71,2.726,4337076,
2026-04-30,508077.SH,华夏基金华润有巢REIT,A,2.725,2.725,2.695,2.704,2874096,
2026-05-06,508077.SH,华夏基金华润有巢REIT,A,2.7,2.707,2.649,2.661,3042084,
2026-05-07,508077.SH,华夏基金华润有巢REIT,A,2.659,2.707,2.651,2.674,4338251,
2026-05-08,508077.SH,华夏基金华润有巢REIT,A,2.674,2.705,2.673,2.705,3427624,
2026-05-11,508077.SH,华夏基金华润有巢REIT,A,2.703,2.705,2.658,2.689,1865492,
2026-05-12,508077.SH,华夏基金华润有巢REIT,A,2.685,2.702,2.675,2.683,1482168,
2026-05-13,508077.SH,华夏基金华润有巢REIT,A,2.683,2.683,2.629,2.642,1662692,
2026-05-14,508077.SH,华夏基金华润有巢REIT,A,2.64,2.644,2.6,2.605,3222542,
2026-05-15,508077.SH,华夏基金华润有巢REIT,A,2.611,2.615,2.568,2.605,3092149,
2026-05-18,508077.SH,华夏基金华润有巢REIT,A,2.605,2.64,2.595,2.633,8252400,
2026-05-19,508077.SH,华夏基金华润有巢REIT,A,2.64,2.759,2.64,2.74,12034888,
2026-05-20,508077.SH,华夏基金华润有巢REIT,A,2.746,2.788,2.709,2.744,9701885,
2026-05-21,508077.SH,华夏基金华润有巢REIT,A,2.744,2.76,2.701,2.749,2464212,
2026-05-22,508077.SH,华夏基金华润有巢REIT,A,2.749,2.766,2.723,2.748,4542160,
2026-05-25,508077.SH,华夏基金华润有巢REIT,A,2.736,2.736,2.696,2.707,1287377,
2026-05-26,508077.SH,华夏基金华润有巢REIT,A,2.703,2.705,2.68,2.685,1168659,
2026-05-27,508077.SH,华夏基金华润有巢REIT,A,2.681,2.705,2.66,2.676,3301225,
2026-05-28,508077.SH,华夏基金华润有巢REIT,A,2.67,2.684,2.618,2.649,876787,
2026-05-29,508077.SH,华夏基金华润有巢REIT,A,2.649,2.691,2.632,2.666,1740198,
2026-06-01,508077.SH,华夏基金华润有巢REIT,A,2.668,2.75,2.668,2.708,4904688,
2026-06-02,508077.SH,华夏基金华润有巢REIT,A,2.7,2.716,2.69,2.708,1658197,
2026-06-03,508077.SH,华夏基金华润有巢REIT,A,2.704,2.723,2.7,2.72,3400903,
2026-06-04,508077.SH,华夏基金华润有巢REIT,A,2.713,2.74,2.706,2.726,7784794,
2026-06-05,508077.SH,华夏基金华润有巢REIT,A,2.726,2.76,2.722,2.741,5354357,
2026-06-08,508077.SH,华夏基金华润有巢REIT,A,2.741,2.78,2.73,2.74,11090046,
2026-06-09,508077.SH,华夏基金华润有巢REIT,A,2.745,2.749,2.732,2.735,5167319,
2026-06-10,508077.SH,华夏基金华润有巢REIT,A,2.732,2.736,2.69,2.717,1464789,
2026-06-11,508077.SH,华夏基金华润有巢REIT,A,2.718,2.719,2.66,2.719,5197802,
2026-06-12,508077.SH,华夏基金华润有巢REIT,A,2.719,2.737,2.684,2.72,4548054,
2026-06-15,508077.SH,华夏基金华润有巢REIT,A,2.716,2.73,2.692,2.718,3139075,
2026-06-16,508077.SH,华夏基金华润有巢REIT,A,2.729,2.729,2.691,2.696,1542550,
2026-06-17,508077.SH,华夏基金华润有巢REIT,A,2.69,2.706,2.683,2.7,709400,
2026-06-18,508077.SH,华夏基金华润有巢REIT,A,2.687,2.7,2.619,2.66,3834437,
2026-06-22,508077.SH,华夏基金华润有巢REIT,A,2.652,2.652,2.572,2.594,3043812,
2026-06-23,508077.SH,华夏基金华润有巢REIT,A,2.594,2.61,2.556,2.596,7283609,
2026-06-24,508077.SH,华夏基金华润有巢REIT,A,2.596,2.621,2.569,2.592,6600854,
2026-06-25,508077.SH,华夏基金华润有巢REIT,A,2.578,2.654,2.56,2.648,12470484,
2026-06-26,508077.SH,华夏基金华润有巢REIT,A,2.65,2.673,2.626,2.642,6011628,
2026-06-29,508077.SH,华夏基金华润有巢REIT,A,2.642,2.719,2.6,2.71,5269884,
2026-06-30,508077.SH,华夏基金华润有巢REIT,A,2.72,2.784,2.686,2.769,6841235,
2026-07-01,508077.SH,华夏基金华润有巢REIT,A,2.783,2.783,2.749,2.75,3566253,
2026-07-02,508077.SH,华夏基金华润有巢REIT,A,2.75,2.763,2.692,2.704,1817839,
2026-07-03,508077.SH,华夏基金华润有巢REIT,A,2.704,2.767,2.694,2.763,1402352,
2026-07-06,508077.SH,华夏基金华润有巢REIT,A,2.76,2.782,2.726,2.763,3457861,
2026-07-07,508077.SH,华夏基金华润有巢REIT,A,2.75,2.769,2.719,2.728,2364338,
2026-07-08,508077.SH,华夏基金华润有巢REIT,A,2.726,2.726,2.69,2.711,3702105,
2026-07-09,508077.SH,华夏基金华润有巢REIT,A,2.7,2.735,2.642,2.73,3717898,
2026-07-10,508077.SH,华夏基金华润有巢REIT,A,2.73,2.752,2.708,2.734,4733977,
2026-07-13,508077.SH,华夏基金华润有巢REIT,A,2.723,2.738,2.7,2.705,1573588,
2026-07-14,508077.SH,华夏基金华润有巢REIT,A,2.699,2.73,2.699,2.721,2806862,
2026-07-15,508077.SH,华夏基金华润有巢REIT,A,2.721,2.73,2.705,2.723,3127830,
2026-07-16,508077.SH,华夏基金华润有巢REIT,A,2.73,2.749,2.704,2.715,2375092,
2026-07-17,508077.SH,华夏基金华润有巢REIT,A,2.715,2.739,2.708,2.718,11555171,
2026-07-20,508077.SH,华夏基金华润有巢REIT,A,2.714,2.737,2.667,2.684,1798729,
2026-07-21,508077.SH,华夏基金华润有巢REIT,A,2.683,2.702,2.669,2.678,2433821,
2026-07-22,508077.SH,华夏基金华润有巢REIT,A,2.663,2.689,2.63,2.63,4845116,
2026-07-23,508077.SH,华夏基金华润有巢REIT,A,2.637,2.64,2.579,2.619,14742197,
2026-07-24,508077.SH,华夏基金华润有巢REIT,A,2.619,2.643,2.601,2.623,3277640,
2026-07-27,508077.SH,华夏基金华润有巢REIT,A,2.623,2.623,2.603,2.62,1821659,
2026-07-28,508077.SH,华夏基金华润有巢REIT,A,2.609,2.648,2.608,2.645,2362972,
2026-07-29,508077.SH,华夏基金华润有巢REIT,A,2.655,2.676,2.639,2.657,1781496,
2026-07-30,508077.SH,华夏基金华润有巢REIT,A,2.633,2.681,2.633,2.659,2255695,
2026-07-31,508077.SH,华夏基金华润有巢REIT,A,2.633,2.727,2.633,2.713,2987935,
2026-08-03,508077.SH,华夏基金华润有巢REIT,A,2.725,2.741,2.67,2.678,3197944,
2026-08-04,508077.SH,华夏基金华润有巢REIT,A,2.666,2.69,2.653,2.661,1689216,
2026-08-05,508077.SH,华夏基金华润有巢REIT,A,2.663,2.685,2.63,2.651,1445192,
2026-08-06,508077.SH,华夏基金华润有巢REIT,A,2.655,2.675,2.65,2.662,756511,
2026-08-07,508077.SH,华夏基金华润有巢REIT,A,2.65,2.698,2.65,2.698,563250,
2026-08-10,508077.SH,华夏基金华润有巢REIT,A,2.704,2.707,2.669,2.678,5979377,
2026-08-11,508077.SH,华夏基金华润有巢REIT,A,2.666,2.734,2.665,2.716,2528043,
2026-08-12,508077.SH,华夏基金华润有巢REIT,A,2.72,2.72,2.642,2.666,5751515,
2026-08-13,508077.SH,华夏基金华润有巢REIT,A,2.654,2.676,2.654,2.664,3145645,
2026-08-14,508077.SH,华夏基金华润有巢REIT,A,2.66,2.685,2.653,2.666,1058705,
2026-08-17,508077.SH,华夏基金华润有巢REIT,A,2.675,2.675,2.64,2.658,3039397,
2026-08-18,508077.SH,华夏基金华润有巢REIT,A,2.657,2.688,2.655,2.675,1961358,
2026-08-19,508077.SH,华夏基金华润有巢REIT,A,2.68,2.716,2.68,2.701,956444,
2026-08-20,508077.SH,华夏基金华润有巢REIT,A,2.693,2.73,2.685,2.702,2652862,
2025-05-21,508085.SH,华泰苏州恒泰租赁住房REIT,B,3.554,3.554,3.554,3.554,1038147,
2025-05-22,508085.SH,华泰苏州恒泰租赁住房REIT,B,3.554,3.909,3.554,3.909,7822937,
2025-05-23,508085.SH,华泰苏州恒泰租赁住房REIT,B,3.92,4.299,3.909,4.178,25272180,
2025-05-26,508085.SH,华泰苏州恒泰租赁住房REIT,B,4.199,4.399,4.075,4.133,8042075,
2025-05-27,508085.SH,华泰苏州恒泰租赁住房REIT,B,4.129,4.129,4.0,4.068,10291665,
2025-05-28,508085.SH,华泰苏州恒泰租赁住房REIT,B,4.068,4.12,4.038,4.118,5637101,
2025-05-29,508085.SH,华泰苏州恒泰租赁住房REIT,B,4.118,4.16,4.096,4.115,3660052,
2025-05-30,508085.SH,华泰苏州恒泰租赁住房REIT,B,4.11,4.13,4.095,4.103,4147984,
2025-06-03,508085.SH,华泰苏州恒泰租赁住房REIT,B,4.094,4.11,4.09,4.096,2858153,
2025-06-04,508085.SH,华泰苏州恒泰租赁住房REIT,B,4.096,4.112,4.095,4.107,4076967,
2025-06-05,508085.SH,华泰苏州恒泰租赁住房REIT,B,4.108,4.118,4.095,4.102,2704808,
2025-06-06,508085.SH,华泰苏州恒泰租赁住房REIT,B,4.101,4.11,4.094,4.102,2624157,
2025-06-09,508085.SH,华泰苏州恒泰租赁住房REIT,B,4.103,4.103,4.09,4.095,3119589,
2025-06-10,508085.SH,华泰苏州恒泰租赁住房REIT,B,4.096,4.098,4.085,4.09,2965488,
2025-06-11,508085.SH,华泰苏州恒泰租赁住房REIT,B,4.089,4.094,4.075,4.086,1342281,
2025-06-12,508085.SH,华泰苏州恒泰租赁住房REIT,B,4.086,4.086,4.068,4.074,1499585,
2025-06-13,508085.SH,华泰苏州恒泰租赁住房REIT,B,4.075,4.087,4.06,4.085,1899598,
2025-06-16,508085.SH,华泰苏州恒泰租赁住房REIT,B,4.08,4.122,4.072,4.115,3773868,
2025-06-17,508085.SH,华泰苏州恒泰租赁住房REIT,B,4.125,4.22,4.104,4.22,3502690,
2025-06-18,508085.SH,华泰苏州恒泰租赁住房REIT,B,4.22,4.35,4.22,4.345,3503878,
2025-06-19,508085.SH,华泰苏州恒泰租赁住房REIT,B,4.344,4.38,4.285,4.363,5138979,
2025-06-20,508085.SH,华泰苏州恒泰租赁住房REIT,B,4.363,4.399,4.323,4.384,2480027,
2025-06-23,508085.SH,华泰苏州恒泰租赁住房REIT,B,4.384,4.394,4.36,4.37,1329910,
2025-06-24,508085.SH,华泰苏州恒泰租赁住房REIT,B,4.364,4.384,4.188,4.291,5924164,
2025-06-25,508085.SH,华泰苏州恒泰租赁住房REIT,B,4.271,4.308,4.206,4.257,1725996,
2025-06-26,508085.SH,华泰苏州恒泰租赁住房REIT,B,4.254,4.293,4.226,4.238,1831326,
2025-06-27,508085.SH,华泰苏州恒泰租赁住房REIT,B,4.23,4.234,4.17,4.198,3491725,
2025-06-30,508085.SH,华泰苏州恒泰租赁住房REIT,B,4.198,4.214,4.16,4.185,2136273,
2025-07-01,508085.SH,华泰苏州恒泰租赁住房REIT,B,4.186,4.188,4.162,4.179,885402,
2025-07-02,508085.SH,华泰苏州恒泰租赁住房REIT,B,4.179,4.309,4.179,4.28,2034622,
2025-07-03,508085.SH,华泰苏州恒泰租赁住房REIT,B,4.279,4.312,4.273,4.278,1484960,
2025-07-04,508085.SH,华泰苏州恒泰租赁住房REIT,B,4.284,4.32,4.249,4.315,1256058,
2025-07-07,508085.SH,华泰苏州恒泰租赁住房REIT,B,4.332,4.334,4.294,4.313,495661,
2025-07-08,508085.SH,华泰苏州恒泰租赁住房REIT,B,4.313,4.313,4.234,4.242,1454539,
2025-07-09,508085.SH,华泰苏州恒泰租赁住房REIT,B,4.235,4.293,4.194,4.21,1293160,
2025-07-10,508085.SH,华泰苏州恒泰租赁住房REIT,B,4.21,4.25,4.19,4.21,1151068,
2025-07-11,508085.SH,华泰苏州恒泰租赁住房REIT,B,4.218,4.25,4.205,4.226,488110,
2025-07-14,508085.SH,华泰苏州恒泰租赁住房REIT,B,4.234,4.244,4.209,4.211,513852,
2025-07-15,508085.SH,华泰苏州恒泰租赁住房REIT,B,4.211,4.29,4.205,4.235,904365,
2025-07-16,508085.SH,华泰苏州恒泰租赁住房REIT,B,4.236,4.244,4.222,4.239,290308,
2025-07-17,508085.SH,华泰苏州恒泰租赁住房REIT,B,4.239,4.254,4.222,4.235,827652,
2025-07-18,508085.SH,华泰苏州恒泰租赁住房REIT,B,4.244,4.248,4.197,4.2,1504977,
2025-07-21,508085.SH,华泰苏州恒泰租赁住房REIT,B,4.213,4.217,4.163,4.163,1436674,
2025-07-22,508085.SH,华泰苏州恒泰租赁住房REIT,B,4.175,4.175,4.092,4.098,1911856,
2025-07-23,508085.SH,华泰苏州恒泰租赁住房REIT,B,4.098,4.099,3.993,4.073,4460972,
2025-07-24,508085.SH,华泰苏州恒泰租赁住房REIT,B,4.078,4.078,4.031,4.046,1684607,
2025-07-25,508085.SH,华泰苏州恒泰租赁住房REIT,B,4.043,4.053,4.028,4.046,1073294,
2025-07-28,508085.SH,华泰苏州恒泰租赁住房REIT,B,4.062,4.128,4.047,4.125,889238,
2025-07-29,508085.SH,华泰苏州恒泰租赁住房REIT,B,4.127,4.132,4.094,4.103,1122629,
2025-07-30,508085.SH,华泰苏州恒泰租赁住房REIT,B,4.103,4.125,4.09,4.12,633091,
2025-07-31,508085.SH,华泰苏州恒泰租赁住房REIT,B,4.114,4.19,4.114,4.18,1726061,
2025-08-01,508085.SH,华泰苏州恒泰租赁住房REIT,B,4.164,4.197,4.16,4.17,1314309,
2025-08-04,508085.SH,华泰苏州恒泰租赁住房REIT,B,4.163,4.197,4.092,4.097,1028066,
2025-08-05,508085.SH,华泰苏州恒泰租赁住房REIT,B,4.103,4.115,4.055,4.113,996715,
2025-08-06,508085.SH,华泰苏州恒泰租赁住房REIT,B,4.097,4.129,4.07,4.115,506994,
2025-08-07,508085.SH,华泰苏州恒泰租赁住房REIT,B,4.115,4.145,4.104,4.121,531758,
2025-08-08,508085.SH,华泰苏州恒泰租赁住房REIT,B,4.121,4.121,4.1,4.112,333596,
2025-08-11,508085.SH,华泰苏州恒泰租赁住房REIT,B,4.104,4.104,4.07,4.085,1151385,
2025-08-12,508085.SH,华泰苏州恒泰租赁住房REIT,B,4.085,4.1,4.069,4.085,1062100,
2025-08-13,508085.SH,华泰苏州恒泰租赁住房REIT,B,4.085,4.085,4.057,4.058,1045602,
2025-08-14,508085.SH,华泰苏州恒泰租赁住房REIT,B,4.055,4.065,4.043,4.043,677886,
2025-08-15,508085.SH,华泰苏州恒泰租赁住房REIT,B,4.04,4.043,4.0,4.014,1331900,
2025-08-18,508085.SH,华泰苏州恒泰租赁住房REIT,B,4.004,4.013,3.84,3.863,4975446,
2025-08-19,508085.SH,华泰苏州恒泰租赁住房REIT,B,3.877,3.878,3.768,3.772,3624974,
2025-08-20,508085.SH,华泰苏州恒泰租赁住房REIT,B,3.772,3.826,3.769,3.771,3278403,
2025-08-21,508085.SH,华泰苏州恒泰租赁住房REIT,B,3.77,3.786,3.761,3.774,3202241,
2025-08-22,508085.SH,华泰苏州恒泰租赁住房REIT,B,3.784,3.784,3.76,3.766,3034158,
2025-08-25,508085.SH,华泰苏州恒泰租赁住房REIT,B,3.766,3.782,3.745,3.782,2791479,
2025-08-26,508085.SH,华泰苏州恒泰租赁住房REIT,B,3.782,3.92,3.782,3.917,2901257,
2025-08-27,508085.SH,华泰苏州恒泰租赁住房REIT,B,3.919,3.964,3.878,3.909,1821927,
2025-08-28,508085.SH,华泰苏州恒泰租赁住房REIT,B,3.909,3.911,3.851,3.9,1739142,
2025-08-29,508085.SH,华泰苏州恒泰租赁住房REIT,B,3.884,3.89,3.817,3.86,2898470,
2025-09-01,508085.SH,华泰苏州恒泰租赁住房REIT,B,3.854,3.854,3.814,3.851,1283646,
2025-09-02,508085.SH,华泰苏州恒泰租赁住房REIT,B,3.851,3.918,3.845,3.904,825820,
2025-09-03,508085.SH,华泰苏州恒泰租赁住房REIT,B,3.904,3.934,3.885,3.934,975149,
2025-09-04,508085.SH,华泰苏州恒泰租赁住房REIT,B,3.934,4.044,3.934,3.994,2676129,
2025-09-05,508085.SH,华泰苏州恒泰租赁住房REIT,B,3.98,3.99,3.945,3.959,1266697,
2025-09-08,508085.SH,华泰苏州恒泰租赁住房REIT,B,3.944,3.944,3.92,3.943,275641,
2025-09-09,508085.SH,华泰苏州恒泰租赁住房REIT,B,3.943,3.954,3.908,3.954,1493846,
2025-09-10,508085.SH,华泰苏州恒泰租赁住房REIT,B,3.944,3.953,3.91,3.95,1432822,
2025-09-11,508085.SH,华泰苏州恒泰租赁住房REIT,B,3.934,3.95,3.912,3.948,1497466,
2025-09-12,508085.SH,华泰苏州恒泰租赁住房REIT,B,3.934,3.947,3.921,3.944,951863,
2025-09-15,508085.SH,华泰苏州恒泰租赁住房REIT,B,3.934,3.944,3.92,3.935,829580,
2025-09-16,508085.SH,华泰苏州恒泰租赁住房REIT,B,3.932,3.932,3.916,3.93,676300,
2025-09-17,508085.SH,华泰苏州恒泰租赁住房REIT,B,3.929,3.931,3.92,3.926,105259,
2025-09-18,508085.SH,华泰苏州恒泰租赁住房REIT,B,3.926,3.929,3.92,3.927,647170,
2025-09-19,508085.SH,华泰苏州恒泰租赁住房REIT,B,3.927,3.932,3.915,3.929,163447,
2025-09-22,508085.SH,华泰苏州恒泰租赁住房REIT,B,3.915,3.928,3.91,3.92,829988,
2025-09-23,508085.SH,华泰苏州恒泰租赁住房REIT,B,3.914,3.924,3.908,3.92,413604,
2025-09-24,508085.SH,华泰苏州恒泰租赁住房REIT,B,3.915,3.934,3.91,3.916,242092,
2025-09-25,508085.SH,华泰苏州恒泰租赁住房REIT,B,3.916,3.916,3.874,3.88,1746417,
2025-09-26,508085.SH,华泰苏州恒泰租赁住房REIT,B,3.88,3.887,3.864,3.885,405062,
2025-09-29,508085.SH,华泰苏州恒泰租赁住房REIT,B,3.885,3.887,3.851,3.851,1555281,
2025-09-30,508085.SH,华泰苏州恒泰租赁住房REIT,B,3.851,3.854,3.839,3.851,760586,
2025-10-09,508085.SH,华泰苏州恒泰租赁住房REIT,B,3.834,3.86,3.829,3.86,448368,
2025-10-10,508085.SH,华泰苏州恒泰租赁住房REIT,B,3.857,3.868,3.825,3.846,151820,
2025-10-13,508085.SH,华泰苏州恒泰租赁住房REIT,B,3.83,3.833,3.8,3.814,418884,
2025-10-14,508085.SH,华泰苏州恒泰租赁住房REIT,B,3.811,3.811,3.798,3.799,899538,
2025-10-15,508085.SH,华泰苏州恒泰租赁住房REIT,B,3.8,3.8,3.76,3.77,884100,
2025-10-16,508085.SH,华泰苏州恒泰租赁住房REIT,B,3.782,3.782,3.745,3.747,815500,
2025-10-17,508085.SH,华泰苏州恒泰租赁住房REIT,B,3.746,3.763,3.698,3.742,1359601,
2025-10-20,508085.SH,华泰苏州恒泰租赁住房REIT,B,3.755,3.755,3.692,3.699,962308,
2025-10-21,508085.SH,华泰苏州恒泰租赁住房REIT,B,3.699,3.717,3.686,3.696,564779,
2025-10-22,508085.SH,华泰苏州恒泰租赁住房REIT,B,3.704,3.763,3.702,3.744,1327352,
2025-10-23,508085.SH,华泰苏州恒泰租赁住房REIT,B,3.744,3.774,3.744,3.768,795558,
2025-10-24,508085.SH,华泰苏州恒泰租赁住房REIT,B,3.774,3.828,3.755,3.828,815682,
2025-10-27,508085.SH,华泰苏州恒泰租赁住房REIT,B,3.834,3.834,3.796,3.8,333964,
2025-10-28,508085.SH,华泰苏州恒泰租赁住房REIT,B,3.814,3.866,3.813,3.845,1627055,
2025-10-29,508085.SH,华泰苏州恒泰租赁住房REIT,B,3.847,3.88,3.799,3.875,2220834,
2025-10-30,508085.SH,华泰苏州恒泰租赁住房REIT,B,3.86,3.864,3.822,3.864,1358134,
2025-10-31,508085.SH,华泰苏州恒泰租赁住房REIT,B,3.854,3.861,3.821,3.848,1532475,
2025-11-03,508085.SH,华泰苏州恒泰租赁住房REIT,B,3.85,3.853,3.799,3.822,913404,
2025-11-04,508085.SH,华泰苏州恒泰租赁住房REIT,B,3.814,3.814,3.782,3.811,1180901,
2025-11-05,508085.SH,华泰苏州恒泰租赁住房REIT,B,3.804,3.827,3.79,3.827,340909,
2025-11-06,508085.SH,华泰苏州恒泰租赁住房REIT,B,3.827,3.827,3.806,3.818,99857,
2025-11-07,508085.SH,华泰苏州恒泰租赁住房REIT,B,3.8,3.823,3.8,3.81,143490,
2025-11-10,508085.SH,华泰苏州恒泰租赁住房REIT,B,3.809,3.87,3.8,3.864,2015290,
2025-11-11,508085.SH,华泰苏州恒泰租赁住房REIT,B,3.865,3.891,3.84,3.883,881886,
2025-11-12,508085.SH,华泰苏州恒泰租赁住房REIT,B,3.885,3.899,3.854,3.889,515324,
2025-11-13,508085.SH,华泰苏州恒泰租赁住房REIT,B,3.884,3.9,3.874,3.884,86152,
2025-11-14,508085.SH,华泰苏州恒泰租赁住房REIT,B,3.874,3.89,3.856,3.884,716456,
2025-11-17,508085.SH,华泰苏州恒泰租赁住房REIT,B,3.874,3.884,3.845,3.852,909202,
2025-11-18,508085.SH,华泰苏州恒泰租赁住房REIT,B,3.851,3.851,3.797,3.821,1112602,
2025-11-19,508085.SH,华泰苏州恒泰租赁住房REIT,B,3.821,3.821,3.804,3.82,153585,
2025-11-20,508085.SH,华泰苏州恒泰租赁住房REIT,B,3.843,3.843,3.799,3.809,1863729,
2025-11-21,508085.SH,华泰苏州恒泰租赁住房REIT,B,3.786,3.809,3.746,3.751,260914,
2025-11-24,508085.SH,华泰苏州恒泰租赁住房REIT,B,3.751,3.797,3.748,3.767,1328438,
2025-11-25,508085.SH,华泰苏州恒泰租赁住房REIT,B,3.767,3.799,3.751,3.767,1280815,
2025-11-26,508085.SH,华泰苏州恒泰租赁住房REIT,B,3.782,3.794,3.763,3.779,1169152,
2025-11-27,508085.SH,华泰苏州恒泰租赁住房REIT,B,3.78,3.8,3.739,3.797,547140,
2025-11-28,508085.SH,华泰苏州恒泰租赁住房REIT,B,3.797,3.797,3.774,3.793,155300,
2025-12-01,508085.SH,华泰苏州恒泰租赁住房REIT,B,3.782,3.782,3.777,3.779,80650,
2025-12-02,508085.SH,华泰苏州恒泰租赁住房REIT,B,3.756,3.759,3.748,3.753,442419,
2025-12-03,508085.SH,华泰苏州恒泰租赁住房REIT,B,3.73,3.768,3.7,3.758,356770,
2025-12-04,508085.SH,华泰苏州恒泰租赁住房REIT,B,3.758,3.758,3.722,3.745,266591,
2025-12-05,508085.SH,华泰苏州恒泰租赁住房REIT,B,3.745,3.75,3.726,3.741,78202,
2025-12-08,508085.SH,华泰苏州恒泰租赁住房REIT,B,3.743,3.749,3.69,3.716,345200,
2025-12-09,508085.SH,华泰苏州恒泰租赁住房REIT,B,3.715,3.715,3.687,3.711,275825,
2025-12-10,508085.SH,华泰苏州恒泰租赁住房REIT,B,3.711,3.748,3.699,3.73,626436,
2025-12-11,508085.SH,华泰苏州恒泰租赁住房REIT,B,3.73,3.776,3.72,3.75,184068,
2025-12-12,508085.SH,华泰苏州恒泰租赁住房REIT,B,3.734,3.765,3.734,3.75,149625,
2025-12-15,508085.SH,华泰苏州恒泰租赁住房REIT,B,3.734,3.764,3.671,3.698,1094254,
2025-12-16,508085.SH,华泰苏州恒泰租赁住房REIT,B,3.681,3.72,3.662,3.68,765161,
2025-12-17,508085.SH,华泰苏州恒泰租赁住房REIT,B,3.695,3.695,3.615,3.662,964800,
2025-12-18,508085.SH,华泰苏州恒泰租赁住房REIT,B,3.622,3.642,3.622,3.637,277978,
2025-12-19,508085.SH,华泰苏州恒泰租赁住房REIT,B,3.62,3.647,3.618,3.631,377971,
2025-12-22,508085.SH,华泰苏州恒泰租赁住房REIT,B,3.612,3.612,3.58,3.592,451722,
2025-12-23,508085.SH,华泰苏州恒泰租赁住房REIT,B,3.59,3.598,3.569,3.569,904470,
2025-12-24,508085.SH,华泰苏州恒泰租赁住房REIT,B,3.561,3.679,3.549,3.668,1702976,
2025-12-25,508085.SH,华泰苏州恒泰租赁住房REIT,B,3.66,3.74,3.649,3.688,675609,
2025-12-26,508085.SH,华泰苏州恒泰租赁住房REIT,B,3.703,3.715,3.68,3.68,345500,
2025-12-29,508085.SH,华泰苏州恒泰租赁住房REIT,B,3.671,3.671,3.645,3.66,268790,
2025-12-30,508085.SH,华泰苏州恒泰租赁住房REIT,B,3.651,3.699,3.65,3.674,174123,
2025-12-31,508085.SH,华泰苏州恒泰租赁住房REIT,B,3.66,3.682,3.63,3.634,473378,
2026-01-05,508085.SH,华泰苏州恒泰租赁住房REIT,B,3.634,3.688,3.634,3.659,494686,
2026-01-06,508085.SH,华泰苏州恒泰租赁住房REIT,B,3.674,3.724,3.674,3.724,968907,
2026-01-07,508085.SH,华泰苏州恒泰租赁住房REIT,B,3.723,3.759,3.708,3.759,515284,
2026-01-08,508085.SH,华泰苏州恒泰租赁住房REIT,B,3.743,3.811,3.71,3.789,954466,
2026-01-09,508085.SH,华泰苏州恒泰租赁住房REIT,B,3.774,3.818,3.71,3.727,1587096,
2026-01-12,508085.SH,华泰苏州恒泰租赁住房REIT,B,3.71,3.75,3.71,3.737,92502,
2026-01-13,508085.SH,华泰苏州恒泰租赁住房REIT,B,3.707,3.747,3.707,3.734,474372,
2026-01-14,508085.SH,华泰苏州恒泰租赁住房REIT,B,3.72,3.742,3.715,3.742,805483,
2026-01-15,508085.SH,华泰苏州恒泰租赁住房REIT,B,3.742,3.742,3.711,3.726,479251,
2026-01-16,508085.SH,华泰苏州恒泰租赁住房REIT,B,3.725,3.727,3.713,3.725,127681,
2026-01-19,508085.SH,华泰苏州恒泰租赁住房REIT,B,3.744,3.744,3.72,3.73,172587,
2026-01-20,508085.SH,华泰苏州恒泰租赁住房REIT,B,3.729,3.774,3.729,3.754,803615,
2026-01-21,508085.SH,华泰苏州恒泰租赁住房REIT,B,3.769,3.801,3.738,3.792,664900,
2026-01-22,508085.SH,华泰苏州恒泰租赁住房REIT,B,3.803,3.847,3.793,3.837,782612,
2026-01-23,508085.SH,华泰苏州恒泰租赁住房REIT,B,3.859,3.875,3.799,3.868,978751,
2026-01-26,508085.SH,华泰苏州恒泰租赁住房REIT,B,3.852,3.856,3.77,3.828,277745,
2026-01-27,508085.SH,华泰苏州恒泰租赁住房REIT,B,3.811,3.825,3.781,3.814,263486,
2026-01-28,508085.SH,华泰苏州恒泰租赁住房REIT,B,3.796,3.829,3.796,3.812,462170,
2026-01-29,508085.SH,华泰苏州恒泰租赁住房REIT,B,3.81,3.836,3.789,3.831,863071,
2026-01-30,508085.SH,华泰苏州恒泰租赁住房REIT,B,3.814,3.846,3.793,3.804,567700,
2026-02-02,508085.SH,华泰苏州恒泰租赁住房REIT,B,3.781,3.781,3.749,3.772,266063,
2026-02-03,508085.SH,华泰苏州恒泰租赁住房REIT,B,3.779,3.779,3.766,3.772,253100,
2026-02-04,508085.SH,华泰苏州恒泰租赁住房REIT,B,3.777,3.827,3.76,3.827,1008132,
2026-02-05,508085.SH,华泰苏州恒泰租赁住房REIT,B,3.827,3.827,3.797,3.797,152300,
2026-02-06,508085.SH,华泰苏州恒泰租赁住房REIT,B,3.813,3.813,3.753,3.759,102939,
2026-02-09,508085.SH,华泰苏州恒泰租赁住房REIT,B,3.751,3.76,3.745,3.748,92800,
2026-02-10,508085.SH,华泰苏州恒泰租赁住房REIT,B,3.747,3.759,3.729,3.739,303400,
2026-02-11,508085.SH,华泰苏州恒泰租赁住房REIT,B,3.751,3.794,3.75,3.778,248738,
2026-02-12,508085.SH,华泰苏州恒泰租赁住房REIT,B,3.777,3.778,3.765,3.772,79548,
2026-02-13,508085.SH,华泰苏州恒泰租赁住房REIT,B,3.771,3.797,3.771,3.789,91848,
2026-02-24,508085.SH,华泰苏州恒泰租赁住房REIT,B,3.761,3.798,3.751,3.763,168036,
2026-02-25,508085.SH,华泰苏州恒泰租赁住房REIT,B,3.738,3.77,3.738,3.76,562053,
2026-02-26,508085.SH,华泰苏州恒泰租赁住房REIT,B,3.775,3.775,3.722,3.75,1148152,
2026-02-27,508085.SH,华泰苏州恒泰租赁住房REIT,B,3.749,3.749,3.688,3.698,1134640,
2026-03-02,508085.SH,华泰苏州恒泰租赁住房REIT,B,3.684,3.684,3.654,3.662,920500,
2026-03-03,508085.SH,华泰苏州恒泰租赁住房REIT,B,3.657,3.686,3.65,3.662,602710,
2026-03-04,508085.SH,华泰苏州恒泰租赁住房REIT,B,3.662,3.708,3.632,3.687,211650,
2026-03-05,508085.SH,华泰苏州恒泰租赁住房REIT,B,3.692,3.721,3.676,3.688,243413,
2026-03-06,508085.SH,华泰苏州恒泰租赁住房REIT,B,3.688,3.69,3.648,3.653,383704,
2026-03-09,508085.SH,华泰苏州恒泰租赁住房REIT,B,3.644,3.666,3.603,3.603,638111,
2026-03-10,508085.SH,华泰苏州恒泰租赁住房REIT,B,3.643,3.651,3.604,3.619,1069000,
2026-03-11,508085.SH,华泰苏州恒泰租赁住房REIT,B,3.619,3.634,3.585,3.634,757924,
2026-03-12,508085.SH,华泰苏州恒泰租赁住房REIT,B,3.633,3.635,3.57,3.612,1039245,
2026-03-13,508085.SH,华泰苏州恒泰租赁住房REIT,B,3.595,3.613,3.569,3.577,283921,
2026-03-16,508085.SH,华泰苏州恒泰租赁住房REIT,B,3.574,3.576,3.54,3.545,111241,
2026-03-17,508085.SH,华泰苏州恒泰租赁住房REIT,B,3.56,3.56,3.528,3.533,316320,
2026-03-18,508085.SH,华泰苏州恒泰租赁住房REIT,B,3.534,3.544,3.521,3.544,449562,
2026-03-19,508085.SH,华泰苏州恒泰租赁住房REIT,B,3.519,3.574,3.519,3.565,526324,
2026-03-20,508085.SH,华泰苏州恒泰租赁住房REIT,B,3.549,3.577,3.539,3.564,736856,
2026-03-23,508085.SH,华泰苏州恒泰租赁住房REIT,B,3.569,3.569,3.503,3.503,343847,
2026-03-24,508085.SH,华泰苏州恒泰租赁住房REIT,B,3.503,3.518,3.487,3.507,186227,
2026-03-25,508085.SH,华泰苏州恒泰租赁住房REIT,B,3.522,3.522,3.462,3.48,331982,
2026-03-26,508085.SH,华泰苏州恒泰租赁住房REIT,B,3.462,3.474,3.457,3.474,564418,
2026-03-27,508085.SH,华泰苏州恒泰租赁住房REIT,B,3.458,3.496,3.458,3.48,133129,
2026-03-30,508085.SH,华泰苏州恒泰租赁住房REIT,B,3.48,3.538,3.465,3.53,722800,
2026-03-31,508085.SH,华泰苏州恒泰租赁住房REIT,B,3.539,3.599,3.527,3.551,896401,
2026-04-01,508085.SH,华泰苏州恒泰租赁住房REIT,B,3.556,3.556,3.5,3.526,167962,
2026-04-02,508085.SH,华泰苏州恒泰租赁住房REIT,B,3.529,3.547,3.491,3.499,751262,
2026-04-03,508085.SH,华泰苏州恒泰租赁住房REIT,B,3.513,3.52,3.459,3.517,100400,
2026-04-07,508085.SH,华泰苏州恒泰租赁住房REIT,B,3.501,3.533,3.501,3.518,93124,
2026-04-08,508085.SH,华泰苏州恒泰租赁住房REIT,B,3.535,3.562,3.513,3.552,321306,
2026-04-09,508085.SH,华泰苏州恒泰租赁住房REIT,B,3.562,3.562,3.522,3.529,86400,
2026-04-10,508085.SH,华泰苏州恒泰租赁住房REIT,B,3.52,3.525,3.514,3.525,57600,
2026-04-13,508085.SH,华泰苏州恒泰租赁住房REIT,B,3.52,3.52,3.488,3.498,211851,
2026-04-14,508085.SH,华泰苏州恒泰租赁住房REIT,B,3.502,3.562,3.502,3.559,876180,
2026-04-15,508085.SH,华泰苏州恒泰租赁住房REIT,B,3.563,3.629,3.559,3.604,1273950,
2026-04-16,508085.SH,华泰苏州恒泰租赁住房REIT,B,3.606,3.659,3.599,3.642,2678179,
2026-04-17,508085.SH,华泰苏州恒泰租赁住房REIT,B,3.645,3.657,3.606,3.634,268755,
2026-04-20,508085.SH,华泰苏州恒泰租赁住房REIT,B,3.636,3.664,3.611,3.656,1152520,
2026-04-21,508085.SH,华泰苏州恒泰租赁住房REIT,B,3.656,3.687,3.611,3.649,956837,
2026-04-22,508085.SH,华泰苏州恒泰租赁住房REIT,B,3.64,3.672,3.627,3.661,1012400,
2026-04-23,508085.SH,华泰苏州恒泰租赁住房REIT,B,3.666,3.669,3.607,3.61,1638500,
2026-04-24,508085.SH,华泰苏州恒泰租赁住房REIT,B,3.589,3.63,3.546,3.584,759329,
2026-04-27,508085.SH,华泰苏州恒泰租赁住房REIT,B,3.588,3.588,3.543,3.55,585238,
2026-04-28,508085.SH,华泰苏州恒泰租赁住房REIT,B,3.54,3.57,3.54,3.546,323981,
2026-04-29,508085.SH,华泰苏州恒泰租赁住房REIT,B,3.54,3.549,3.521,3.528,560998,
2026-04-30,508085.SH,华泰苏州恒泰租赁住房REIT,B,3.543,3.543,3.471,3.497,1091201,
2026-05-06,508085.SH,华泰苏州恒泰租赁住房REIT,B,3.496,3.512,3.475,3.487,234300,
2026-05-07,508085.SH,华泰苏州恒泰租赁住房REIT,B,3.487,3.494,3.441,3.491,372403,
2026-05-08,508085.SH,华泰苏州恒泰租赁住房REIT,B,3.492,3.512,3.477,3.495,354005,
2026-05-11,508085.SH,华泰苏州恒泰租赁住房REIT,B,3.487,3.532,3.484,3.529,2088405,
2026-05-12,508085.SH,华泰苏州恒泰租赁住房REIT,B,3.532,3.554,3.509,3.534,1440518,
2026-05-13,508085.SH,华泰苏州恒泰租赁住房REIT,B,3.539,3.578,3.497,3.529,794101,
2026-05-14,508085.SH,华泰苏州恒泰租赁住房REIT,B,3.539,3.571,3.535,3.547,802544,
2026-05-15,508085.SH,华泰苏州恒泰租赁住房REIT,B,3.537,3.584,3.492,3.566,1224157,
2026-05-18,508085.SH,华泰苏州恒泰租赁住房REIT,B,3.566,3.6,3.535,3.589,500631,
2026-05-19,508085.SH,华泰苏州恒泰租赁住房REIT,B,3.589,3.656,3.589,3.628,1809858,
2026-05-20,508085.SH,华泰苏州恒泰租赁住房REIT,B,3.626,3.674,3.594,3.632,1805541,
2026-05-21,508085.SH,华泰苏州恒泰租赁住房REIT,B,3.617,3.659,3.597,3.646,1173463,
2026-05-22,508085.SH,华泰苏州恒泰租赁住房REIT,B,3.637,3.699,3.621,3.678,706102,
2026-05-25,508085.SH,华泰苏州恒泰租赁住房REIT,B,3.677,3.677,3.602,3.661,2164857,
2026-05-26,508085.SH,华泰苏州恒泰租赁住房REIT,B,3.639,3.656,3.582,3.655,2131541,
2026-05-27,508085.SH,华泰苏州恒泰租赁住房REIT,B,3.638,3.665,3.554,3.656,689343,
2026-05-28,508085.SH,华泰苏州恒泰租赁住房REIT,B,3.657,3.657,3.527,3.537,462285,
2026-05-29,508085.SH,华泰苏州恒泰租赁住房REIT,B,3.537,3.55,3.48,3.513,4005084,
2026-06-01,508085.SH,华泰苏州恒泰租赁住房REIT,B,3.513,3.556,3.513,3.551,1161523,
2026-06-02,508085.SH,华泰苏州恒泰租赁住房REIT,B,3.551,3.559,3.518,3.558,3369805,
2026-06-03,508085.SH,华泰苏州恒泰租赁住房REIT,B,3.573,3.61,3.558,3.604,1050900,
2026-06-04,508085.SH,华泰苏州恒泰租赁住房REIT,B,3.592,3.592,3.56,3.571,1196800,
2026-06-05,508085.SH,华泰苏州恒泰租赁住房REIT,B,3.555,3.616,3.548,3.607,3774305,
2026-06-08,508085.SH,华泰苏州恒泰租赁住房REIT,B,3.607,3.607,3.57,3.572,1568109,
2026-06-09,508085.SH,华泰苏州恒泰租赁住房REIT,B,3.552,3.586,3.523,3.552,843913,
2026-06-10,508085.SH,华泰苏州恒泰租赁住房REIT,B,3.551,3.551,3.453,3.538,733700,
2026-06-11,508085.SH,华泰苏州恒泰租赁住房REIT,B,3.478,3.575,3.478,3.493,3357400,
2026-06-12,508085.SH,华泰苏州恒泰租赁住房REIT,B,3.477,3.51,3.477,3.497,872264,
2026-06-15,508085.SH,华泰苏州恒泰租赁住房REIT,B,3.497,3.506,3.482,3.493,50188,
2026-06-16,508085.SH,华泰苏州恒泰租赁住房REIT,B,3.493,3.493,3.446,3.459,318379,
2026-06-17,508085.SH,华泰苏州恒泰租赁住房REIT,B,3.443,3.505,3.435,3.49,1655004,
2026-06-18,508085.SH,华泰苏州恒泰租赁住房REIT,B,3.499,3.499,3.443,3.459,110100,
2026-06-22,508085.SH,华泰苏州恒泰租赁住房REIT,B,3.47,3.47,3.355,3.377,1460444,
2026-06-23,508085.SH,华泰苏州恒泰租赁住房REIT,B,3.351,3.371,3.351,3.368,898830,
2026-06-24,508085.SH,华泰苏州恒泰租赁住房REIT,B,3.382,3.382,3.325,3.353,1086617,
2026-06-25,508085.SH,华泰苏州恒泰租赁住房REIT,B,3.36,3.41,3.36,3.393,1044627,
2026-06-26,508085.SH,华泰苏州恒泰租赁住房REIT,B,3.403,3.403,3.337,3.343,311100,
2026-06-29,508085.SH,华泰苏州恒泰租赁住房REIT,B,3.327,3.404,3.28,3.393,2619980,
2026-06-30,508085.SH,华泰苏州恒泰租赁住房REIT,B,3.397,3.514,3.395,3.506,1956105,
2026-07-01,508085.SH,华泰苏州恒泰租赁住房REIT,B,3.5,3.532,3.463,3.528,1046058,
2026-07-02,508085.SH,华泰苏州恒泰租赁住房REIT,B,3.496,3.542,3.477,3.511,675000,
2026-07-03,508085.SH,华泰苏州恒泰租赁住房REIT,B,3.511,3.55,3.502,3.529,1067820,
2026-07-06,508085.SH,华泰苏州恒泰租赁住房REIT,B,3.497,3.596,3.492,3.52,1508821,
2026-07-07,508085.SH,华泰苏州恒泰租赁住房REIT,B,3.52,3.545,3.456,3.486,1642850,
2026-07-08,508085.SH,华泰苏州恒泰租赁住房REIT,B,3.455,3.464,3.428,3.443,1182227,
2026-07-09,508085.SH,华泰苏州恒泰租赁住房REIT,B,3.427,3.457,3.371,3.428,1188849,
2026-07-10,508085.SH,华泰苏州恒泰租赁住房REIT,B,3.42,3.452,3.394,3.432,2027125,
2026-07-13,508085.SH,华泰苏州恒泰租赁住房REIT,B,3.431,3.455,3.402,3.409,596300,
2026-07-14,508085.SH,华泰苏州恒泰租赁住房REIT,B,3.409,3.432,3.409,3.431,793000,
2026-07-15,508085.SH,华泰苏州恒泰租赁住房REIT,B,3.428,3.428,3.381,3.412,266100,
2026-07-16,508085.SH,华泰苏州恒泰租赁住房REIT,B,3.381,3.476,3.381,3.426,1485272,
2026-07-17,508085.SH,华泰苏州恒泰租赁住房REIT,B,3.425,3.431,3.378,3.403,1316929,
2026-07-20,508085.SH,华泰苏州恒泰租赁住房REIT,B,3.4,3.4,3.365,3.365,115537,
2026-07-21,508085.SH,华泰苏州恒泰租赁住房REIT,B,3.364,3.394,3.335,3.341,630524,
2026-07-22,508085.SH,华泰苏州恒泰租赁住房REIT,B,3.327,3.334,3.277,3.327,1092023,
2026-07-23,508085.SH,华泰苏州恒泰租赁住房REIT,B,3.312,3.355,3.298,3.333,1697944,
2026-07-24,508085.SH,华泰苏州恒泰租赁住房REIT,B,3.343,3.378,3.322,3.36,1496761,
2026-07-27,508085.SH,华泰苏州恒泰租赁住房REIT,B,3.359,3.376,3.333,3.362,839707,
2026-07-28,508085.SH,华泰苏州恒泰租赁住房REIT,B,3.362,3.371,3.341,3.371,810200,
2026-07-29,508085.SH,华泰苏州恒泰租赁住房REIT,B,3.378,3.398,3.332,3.387,478756,
2026-07-30,508085.SH,华泰苏州恒泰租赁住房REIT,B,3.371,3.408,3.371,3.389,739591,
2026-07-31,508085.SH,华泰苏州恒泰租赁住房REIT,B,3.39,3.478,3.389,3.468,515228,
2026-08-03,508085.SH,华泰苏州恒泰租赁住房REIT,B,3.499,3.499,3.437,3.49,1718634,
2026-08-04,508085.SH,华泰苏州恒泰租赁住房REIT,B,3.499,3.527,3.468,3.489,259200,
2026-08-05,508085.SH,华泰苏州恒泰租赁住房REIT,B,3.489,3.494,3.466,3.466,113708,
2026-08-06,508085.SH,华泰苏州恒泰租赁住房REIT,B,3.435,3.466,3.435,3.441,66497,
2026-08-07,508085.SH,华泰苏州恒泰租赁住房REIT,B,3.427,3.473,3.427,3.46,106269,
2026-08-10,508085.SH,华泰苏州恒泰租赁住房REIT,B,3.429,3.527,3.429,3.477,661804,
2026-08-11,508085.SH,华泰苏州恒泰租赁住房REIT,B,3.461,3.512,3.446,3.487,620256,
2026-08-12,508085.SH,华泰苏州恒泰租赁住房REIT,B,3.456,3.461,3.428,3.448,119206,
2026-08-13,508085.SH,华泰苏州恒泰租赁住房REIT,B,3.447,3.454,3.437,3.448,664300,
2026-08-14,508085.SH,华泰苏州恒泰租赁住房REIT,B,3.448,3.449,3.44,3.44,100414,
2026-08-17,508085.SH,华泰苏州恒泰租赁住房REIT,B,3.439,3.441,3.432,3.432,195965,
2026-08-18,508085.SH,华泰苏州恒泰租赁住房REIT,B,3.427,3.466,3.427,3.435,606908,
2026-08-19,508085.SH,华泰苏州恒泰租赁住房REIT,B,3.445,3.461,3.441,3.441,69900,
2026-08-20,508085.SH,华泰苏州恒泰租赁住房REIT,B,3.477,3.506,3.452,3.493,491077,
