date,指数代码,指数中文全称,指数中文简称,指数英文全称,指数英文简称,开盘,最高,最低,close,涨跌,涨跌幅,成交量,成交金额,样本数量,滚动市盈率
2021-09-30,932047,中证REITs全收益指数,中证REITs全收益,CSI REITs Total Return Index,CSI REITs TR,,,,1000.0,,0.0,0.0,0.0,,
2021-10-08,932047,中证REITs全收益指数,中证REITs全收益,CSI REITs Total Return Index,CSI REITs TR,1000.28,1003.44,1000.28,1003.38,,0.34,27153033.0,1.67,,
2021-10-11,932047,中证REITs全收益指数,中证REITs全收益,CSI REITs Total Return Index,CSI REITs TR,1003.36,1003.42,1000.37,1002.63,,-0.07,33565394.0,1.8,,
2021-10-12,932047,中证REITs全收益指数,中证REITs全收益,CSI REITs Total Return Index,CSI REITs TR,1002.45,1002.45,999.72,1000.34,,-0.23,25287667.0,1.26,,
2021-10-13,932047,中证REITs全收益指数,中证REITs全收益,CSI REITs Total Return Index,CSI REITs TR,1000.33,1001.18,1000.33,1000.98,,0.06,24969829.0,1.23,,
2021-10-14,932047,中证REITs全收益指数,中证REITs全收益,CSI REITs Total Return Index,CSI REITs TR,1001.1,1001.1,1000.17,1000.56,,-0.04,17873897.0,0.97,,
2021-10-15,932047,中证REITs全收益指数,中证REITs全收益,CSI REITs Total Return Index,CSI REITs TR,1000.62,1000.99,999.96,1000.99,,0.04,12644607.0,0.67,,
2021-10-18,932047,中证REITs全收益指数,中证REITs全收益,CSI REITs Total Return Index,CSI REITs TR,1000.86,1001.98,1000.86,1001.74,,0.08,17036651.0,0.87,,
2021-10-19,932047,中证REITs全收益指数,中证REITs全收益,CSI REITs Total Return Index,CSI REITs TR,1001.78,1007.1,1001.78,1006.84,,0.51,21953054.0,1.15,,
2021-10-20,932047,中证REITs全收益指数,中证REITs全收益,CSI REITs Total Return Index,CSI REITs TR,1006.8,1014.39,1006.37,1014.39,,0.75,20771426.0,1.09,,
2021-10-21,932047,中证REITs全收益指数,中证REITs全收益,CSI REITs Total Return Index,CSI REITs TR,1014.51,1023.37,1014.51,1023.14,,0.86,29671820.0,1.99,,
2021-10-22,932047,中证REITs全收益指数,中证REITs全收益,CSI REITs Total Return Index,CSI REITs TR,1023.46,1033.82,1023.46,1032.92,,0.96,39794523.0,1.95,,
2021-10-25,932047,中证REITs全收益指数,中证REITs全收益,CSI REITs Total Return Index,CSI REITs TR,1033.08,1040.69,1033.08,1040.59,,0.74,29866909.0,1.54,,
2021-10-26,932047,中证REITs全收益指数,中证REITs全收益,CSI REITs Total Return Index,CSI REITs TR,1041.96,1049.88,1031.71,1035.59,,-0.48,46434006.0,2.32,,
2021-10-27,932047,中证REITs全收益指数,中证REITs全收益,CSI REITs Total Return Index,CSI REITs TR,1034.61,1043.89,1031.17,1043.89,,0.8,42055952.0,2.14,,
2021-10-28,932047,中证REITs全收益指数,中证REITs全收益,CSI REITs Total Return Index,CSI REITs TR,1043.96,1057.93,1043.96,1057.88,,1.34,50421202.0,2.55,,
2021-10-29,932047,中证REITs全收益指数,中证REITs全收益,CSI REITs Total Return Index,CSI REITs TR,1057.88,1076.0,1057.88,1074.16,,1.54,59250083.0,2.93,,
2021-11-01,932047,中证REITs全收益指数,中证REITs全收益,CSI REITs Total Return Index,CSI REITs TR,1074.29,1079.82,1067.25,1069.35,,-0.45,70290865.0,3.42,,
2021-11-02,932047,中证REITs全收益指数,中证REITs全收益,CSI REITs Total Return Index,CSI REITs TR,1069.23,1069.23,1044.93,1051.2,,-1.7,62993035.0,2.89,,
2021-11-03,932047,中证REITs全收益指数,中证REITs全收益,CSI REITs Total Return Index,CSI REITs TR,1050.96,1050.96,1041.73,1045.7,,-0.52,46561336.0,2.29,,
2021-11-04,932047,中证REITs全收益指数,中证REITs全收益,CSI REITs Total Return Index,CSI REITs TR,1045.36,1046.07,1039.07,1046.07,,0.04,41980533.0,2.1,,
2021-11-05,932047,中证REITs全收益指数,中证REITs全收益,CSI REITs Total Return Index,CSI REITs TR,1045.84,1054.29,1045.84,1053.42,,0.7,36882853.0,1.97,,
2021-11-08,932047,中证REITs全收益指数,中证REITs全收益,CSI REITs Total Return Index,CSI REITs TR,1053.55,1053.55,1046.89,1048.11,,-0.5,37464695.0,2.18,,
2021-11-09,932047,中证REITs全收益指数,中证REITs全收益,CSI REITs Total Return Index,CSI REITs TR,1047.37,1047.45,1043.23,1043.87,,-0.4,26760130.0,1.47,,
2021-11-10,932047,中证REITs全收益指数,中证REITs全收益,CSI REITs Total Return Index,CSI REITs TR,1043.95,1044.26,1040.62,1042.14,,-0.17,31791100.0,1.83,,
2021-11-11,932047,中证REITs全收益指数,中证REITs全收益,CSI REITs Total Return Index,CSI REITs TR,1042.14,1049.1,1040.36,1048.93,,0.65,30043558.0,1.57,,
2021-11-12,932047,中证REITs全收益指数,中证REITs全收益,CSI REITs Total Return Index,CSI REITs TR,1049.0,1054.1,1049.0,1054.08,,0.49,42988797.0,2.17,,
2021-11-15,932047,中证REITs全收益指数,中证REITs全收益,CSI REITs Total Return Index,CSI REITs TR,1054.56,1055.61,1052.19,1053.55,,-0.05,36966090.0,2.15,,
2021-11-16,932047,中证REITs全收益指数,中证REITs全收益,CSI REITs Total Return Index,CSI REITs TR,1053.61,1055.38,1050.84,1055.38,,0.17,31454525.0,1.59,,
2021-11-17,932047,中证REITs全收益指数,中证REITs全收益,CSI REITs Total Return Index,CSI REITs TR,1056.92,1059.56,1049.3,1059.42,,0.38,46318030.0,2.27,,
2021-11-18,932047,中证REITs全收益指数,中证REITs全收益,CSI REITs Total Return Index,CSI REITs TR,1059.3,1059.94,1056.14,1058.69,,-0.07,32835870.0,1.65,,
2021-11-19,932047,中证REITs全收益指数,中证REITs全收益,CSI REITs Total Return Index,CSI REITs TR,1058.66,1060.8,1055.68,1057.41,,-0.12,49638513.0,2.4,,
2021-11-22,932047,中证REITs全收益指数,中证REITs全收益,CSI REITs Total Return Index,CSI REITs TR,1057.39,1057.39,1049.86,1049.86,,-0.72,51832038.0,2.46,,
2021-11-23,932047,中证REITs全收益指数,中证REITs全收益,CSI REITs Total Return Index,CSI REITs TR,1049.69,1049.69,1046.42,1047.89,,-0.19,45469456.0,2.18,,
2021-11-24,932047,中证REITs全收益指数,中证REITs全收益,CSI REITs Total Return Index,CSI REITs TR,1047.9,1051.92,1046.94,1051.7,,0.36,27232558.0,1.24,,
2021-11-25,932047,中证REITs全收益指数,中证REITs全收益,CSI REITs Total Return Index,CSI REITs TR,1051.14,1052.33,1050.69,1051.9,,0.02,28866955.0,1.35,,
2021-11-26,932047,中证REITs全收益指数,中证REITs全收益,CSI REITs Total Return Index,CSI REITs TR,1051.96,1053.62,1050.94,1053.36,,0.14,24813446.0,1.14,,
2021-11-29,932047,中证REITs全收益指数,中证REITs全收益,CSI REITs Total Return Index,CSI REITs TR,1052.56,1053.62,1050.89,1053.21,,-0.01,25921763.0,1.25,,
2021-11-30,932047,中证REITs全收益指数,中证REITs全收益,CSI REITs Total Return Index,CSI REITs TR,1053.18,1056.4,1053.18,1056.4,,0.3,27255746.0,1.17,,
2021-12-01,932047,中证REITs全收益指数,中证REITs全收益,CSI REITs Total Return Index,CSI REITs TR,1057.1,1060.91,1056.47,1060.91,,0.43,23020867.0,1.04,,
2021-12-02,932047,中证REITs全收益指数,中证REITs全收益,CSI REITs Total Return Index,CSI REITs TR,1061.16,1071.63,1061.16,1071.49,,1.0,47127676.0,2.11,,
2021-12-03,932047,中证REITs全收益指数,中证REITs全收益,CSI REITs Total Return Index,CSI REITs TR,1071.59,1077.5,1071.59,1073.49,,0.19,45755489.0,2.1,,
2021-12-06,932047,中证REITs全收益指数,中证REITs全收益,CSI REITs Total Return Index,CSI REITs TR,1073.63,1075.73,1073.63,1075.73,,0.21,40681781.0,1.84,,
2021-12-07,932047,中证REITs全收益指数,中证REITs全收益,CSI REITs Total Return Index,CSI REITs TR,1075.92,1081.4,1075.92,1081.4,,0.53,50655006.0,2.31,,
2021-12-08,932047,中证REITs全收益指数,中证REITs全收益,CSI REITs Total Return Index,CSI REITs TR,1081.8,1086.59,1081.8,1086.59,,0.48,39906241.0,1.87,,
2021-12-09,932047,中证REITs全收益指数,中证REITs全收益,CSI REITs Total Return Index,CSI REITs TR,1086.61,1095.67,1086.61,1095.67,,0.83,42886227.0,2.27,,
2021-12-10,932047,中证REITs全收益指数,中证REITs全收益,CSI REITs Total Return Index,CSI REITs TR,1095.6,1104.02,1093.32,1104.02,,0.76,44533757.0,2.29,,
2021-12-13,932047,中证REITs全收益指数,中证REITs全收益,CSI REITs Total Return Index,CSI REITs TR,1104.24,1111.71,1104.24,1111.71,,0.7,48583790.0,2.67,,
2021-12-14,932047,中证REITs全收益指数,中证REITs全收益,CSI REITs Total Return Index,CSI REITs TR,1111.98,1128.36,1111.98,1124.2,,1.12,55866398.0,3.28,,
2021-12-15,932047,中证REITs全收益指数,中证REITs全收益,CSI REITs Total Return Index,CSI REITs TR,1123.19,1142.69,1123.19,1140.9,,1.49,59810762.0,3.11,,
2021-12-16,932047,中证REITs全收益指数,中证REITs全收益,CSI REITs Total Return Index,CSI REITs TR,1141.8,1146.14,1116.9,1117.27,,-2.07,68007520.0,3.44,,
2021-12-17,932047,中证REITs全收益指数,中证REITs全收益,CSI REITs Total Return Index,CSI REITs TR,1115.05,1124.06,1112.12,1116.22,,-0.09,44681148.0,2.19,,
2021-12-20,932047,中证REITs全收益指数,中证REITs全收益,CSI REITs Total Return Index,CSI REITs TR,1117.85,1117.85,1108.58,1109.12,,-0.64,20749317.0,1.02,,
2021-12-21,932047,中证REITs全收益指数,中证REITs全收益,CSI REITs Total Return Index,CSI REITs TR,1109.16,1109.16,1104.25,1108.67,,-0.04,20192731.0,1.08,,
2021-12-22,932047,中证REITs全收益指数,中证REITs全收益,CSI REITs Total Return Index,CSI REITs TR,1108.87,1114.43,1107.46,1114.43,,0.52,22988532.0,1.27,,
2021-12-23,932047,中证REITs全收益指数,中证REITs全收益,CSI REITs Total Return Index,CSI REITs TR,1114.71,1123.83,1114.24,1123.35,,0.8,32775446.0,1.94,,
2021-12-24,932047,中证REITs全收益指数,中证REITs全收益,CSI REITs Total Return Index,CSI REITs TR,1123.79,1127.17,1120.72,1124.85,,0.13,29556421.0,1.69,,
2021-12-27,932047,中证REITs全收益指数,中证REITs全收益,CSI REITs Total Return Index,CSI REITs TR,1124.78,1131.86,1123.07,1131.86,,0.62,25725182.0,1.63,,
2021-12-28,932047,中证REITs全收益指数,中证REITs全收益,CSI REITs Total Return Index,CSI REITs TR,1132.68,1132.68,1128.98,1129.6,,-0.2,25095641.0,1.43,,
2021-12-29,932047,中证REITs全收益指数,中证REITs全收益,CSI REITs Total Return Index,CSI REITs TR,1129.51,1129.51,1121.8,1122.08,,-0.67,27567429.0,1.49,,
2021-12-30,932047,中证REITs全收益指数,中证REITs全收益,CSI REITs Total Return Index,CSI REITs TR,1121.71,1121.71,1112.13,1112.99,,-0.81,30872222.0,1.7,,
2021-12-31,932047,中证REITs全收益指数,中证REITs全收益,CSI REITs Total Return Index,CSI REITs TR,1113.92,1117.54,1111.39,1114.24,,0.11,37091342.0,2.19,,
2022-01-04,932047,中证REITs全收益指数,中证REITs全收益,CSI REITs Total Return Index,CSI REITs TR,1116.3,1121.27,1114.65,1121.27,,0.63,31780455.0,1.68,,
2022-01-05,932047,中证REITs全收益指数,中证REITs全收益,CSI REITs Total Return Index,CSI REITs TR,1119.76,1127.03,1119.76,1127.02,,0.51,20798206.0,1.16,,
2022-01-06,932047,中证REITs全收益指数,中证REITs全收益,CSI REITs Total Return Index,CSI REITs TR,1127.07,1127.07,1120.93,1126.69,,-0.03,19599528.0,1.04,,
2022-01-07,932047,中证REITs全收益指数,中证REITs全收益,CSI REITs Total Return Index,CSI REITs TR,1126.57,1129.66,1125.97,1128.65,,0.18,21539365.0,1.07,,
2022-01-10,932047,中证REITs全收益指数,中证REITs全收益,CSI REITs Total Return Index,CSI REITs TR,1128.54,1130.9,1127.69,1130.9,,0.2,17809314.0,1.06,,
2022-01-11,932047,中证REITs全收益指数,中证REITs全收益,CSI REITs Total Return Index,CSI REITs TR,1130.69,1137.45,1129.89,1137.45,,0.58,26078468.0,1.27,,
2022-01-12,932047,中证REITs全收益指数,中证REITs全收益,CSI REITs Total Return Index,CSI REITs TR,1137.56,1143.79,1137.56,1143.73,,0.55,28256204.0,1.42,,
2022-01-13,932047,中证REITs全收益指数,中证REITs全收益,CSI REITs Total Return Index,CSI REITs TR,1143.7,1147.35,1142.0,1145.62,,0.17,33622804.0,1.77,,
2022-01-14,932047,中证REITs全收益指数,中证REITs全收益,CSI REITs Total Return Index,CSI REITs TR,1144.96,1146.49,1143.88,1146.45,,0.07,37650796.0,2.06,,
2022-01-17,932047,中证REITs全收益指数,中证REITs全收益,CSI REITs Total Return Index,CSI REITs TR,1146.57,1157.26,1146.57,1156.85,,0.91,39640136.0,2.29,,
2022-01-18,932047,中证REITs全收益指数,中证REITs全收益,CSI REITs Total Return Index,CSI REITs TR,1156.95,1162.62,1146.36,1147.24,,-0.83,39850428.0,2.29,,
2022-01-19,932047,中证REITs全收益指数,中证REITs全收益,CSI REITs Total Return Index,CSI REITs TR,1146.51,1149.96,1140.74,1149.96,,0.24,34035150.0,1.81,,
2022-01-20,932047,中证REITs全收益指数,中证REITs全收益,CSI REITs Total Return Index,CSI REITs TR,1149.36,1160.18,1149.36,1160.18,,0.89,34665918.0,2.26,,
2022-01-21,932047,中证REITs全收益指数,中证REITs全收益,CSI REITs Total Return Index,CSI REITs TR,1160.35,1194.5,1160.35,1190.32,,2.6,56550230.0,3.22,,
2022-01-24,932047,中证REITs全收益指数,中证REITs全收益,CSI REITs Total Return Index,CSI REITs TR,1191.03,1234.38,1191.03,1213.13,,1.92,79556440.0,4.55,,
2022-01-25,932047,中证REITs全收益指数,中证REITs全收益,CSI REITs Total Return Index,CSI REITs TR,1211.63,1211.63,1186.81,1191.9,,-1.75,46631172.0,2.59,,
2022-01-26,932047,中证REITs全收益指数,中证REITs全收益,CSI REITs Total Return Index,CSI REITs TR,1190.84,1198.2,1180.67,1192.63,,0.06,36674245.0,1.97,,
2022-01-27,932047,中证REITs全收益指数,中证REITs全收益,CSI REITs Total Return Index,CSI REITs TR,1191.71,1191.71,1185.41,1187.31,,-0.45,28241742.0,1.54,,
2022-01-28,932047,中证REITs全收益指数,中证REITs全收益,CSI REITs Total Return Index,CSI REITs TR,1186.39,1207.15,1186.33,1206.84,,1.65,40107706.0,2.03,,
2022-02-07,932047,中证REITs全收益指数,中证REITs全收益,CSI REITs Total Return Index,CSI REITs TR,1207.67,1243.14,1207.67,1243.14,,3.01,54934914.0,2.91,,
2022-02-08,932047,中证REITs全收益指数,中证REITs全收益,CSI REITs Total Return Index,CSI REITs TR,1244.72,1287.76,1244.72,1287.61,,3.58,73638899.0,4.05,,
2022-02-09,932047,中证REITs全收益指数,中证REITs全收益,CSI REITs Total Return Index,CSI REITs TR,1287.83,1287.83,1262.09,1272.76,,-1.15,46274930.0,2.65,,
2022-02-10,932047,中证REITs全收益指数,中证REITs全收益,CSI REITs Total Return Index,CSI REITs TR,1261.91,1286.19,1256.59,1270.93,,-0.14,68571915.0,3.79,,
2022-02-11,932047,中证REITs全收益指数,中证REITs全收益,CSI REITs Total Return Index,CSI REITs TR,1269.85,1285.88,1269.85,1285.84,,1.17,68845234.0,3.64,,
2022-02-14,932047,中证REITs全收益指数,中证REITs全收益,CSI REITs Total Return Index,CSI REITs TR,1286.08,1306.68,1286.08,1305.23,,1.51,78630200.0,4.33,,
2022-02-15,932047,中证REITs全收益指数,中证REITs全收益,CSI REITs Total Return Index,CSI REITs TR,1305.13,1315.63,1289.98,1300.88,,-0.33,83515030.0,4.91,,
2022-02-16,932047,中证REITs全收益指数,中证REITs全收益,CSI REITs Total Return Index,CSI REITs TR,1299.97,1299.97,1263.18,1279.4,,-1.65,64262926.0,3.69,,
2022-02-17,932047,中证REITs全收益指数,中证REITs全收益,CSI REITs Total Return Index,CSI REITs TR,1277.36,1277.36,1239.82,1247.64,,-2.48,81859369.0,4.26,,
2022-02-18,932047,中证REITs全收益指数,中证REITs全收益,CSI REITs Total Return Index,CSI REITs TR,1244.17,1273.43,1221.18,1271.78,,1.93,87919917.0,4.75,,
2022-02-21,932047,中证REITs全收益指数,中证REITs全收益,CSI REITs Total Return Index,CSI REITs TR,1271.3,1281.64,1266.23,1267.54,,-0.33,50016965.0,2.67,,
2022-02-22,932047,中证REITs全收益指数,中证REITs全收益,CSI REITs Total Return Index,CSI REITs TR,1262.26,1262.26,1226.1,1226.1,,-3.27,62560196.0,3.28,,
2022-02-23,932047,中证REITs全收益指数,中证REITs全收益,CSI REITs Total Return Index,CSI REITs TR,1217.71,1223.36,1192.37,1213.45,,-1.03,73537605.0,3.85,,
2022-02-24,932047,中证REITs全收益指数,中证REITs全收益,CSI REITs Total Return Index,CSI REITs TR,1200.2,1200.95,1182.53,1184.68,,-2.37,67597896.0,3.38,,
2022-02-25,932047,中证REITs全收益指数,中证REITs全收益,CSI REITs Total Return Index,CSI REITs TR,1184.35,1201.81,1184.35,1189.77,,0.43,48027217.0,2.45,,
2022-02-28,932047,中证REITs全收益指数,中证REITs全收益,CSI REITs Total Return Index,CSI REITs TR,1189.28,1189.28,1174.29,1176.39,,-1.13,35569527.0,1.76,,
2022-03-01,932047,中证REITs全收益指数,中证REITs全收益,CSI REITs Total Return Index,CSI REITs TR,1175.47,1175.47,1156.36,1159.16,,-1.47,68254114.0,3.36,,
2022-03-02,932047,中证REITs全收益指数,中证REITs全收益,CSI REITs Total Return Index,CSI REITs TR,1150.26,1185.08,1133.35,1185.08,,2.24,75465376.0,3.69,,
2022-03-03,932047,中证REITs全收益指数,中证REITs全收益,CSI REITs Total Return Index,CSI REITs TR,1184.44,1204.78,1184.44,1204.78,,1.66,67277121.0,3.38,,
2022-03-04,932047,中证REITs全收益指数,中证REITs全收益,CSI REITs Total Return Index,CSI REITs TR,1207.06,1207.06,1189.97,1198.25,,-0.54,63760290.0,3.06,,
2022-03-07,932047,中证REITs全收益指数,中证REITs全收益,CSI REITs Total Return Index,CSI REITs TR,1190.61,1190.61,1172.12,1172.12,,-2.18,41552881.0,2.1,,
2022-03-08,932047,中证REITs全收益指数,中证REITs全收益,CSI REITs Total Return Index,CSI REITs TR,1167.7,1167.7,1151.51,1151.7,,-1.74,40996728.0,2.06,,
2022-03-09,932047,中证REITs全收益指数,中证REITs全收益,CSI REITs Total Return Index,CSI REITs TR,1149.85,1163.25,1136.34,1155.37,,0.32,49919352.0,2.41,,
2022-03-10,932047,中证REITs全收益指数,中证REITs全收益,CSI REITs Total Return Index,CSI REITs TR,1165.35,1166.69,1158.03,1160.21,,0.42,35267640.0,1.74,,
2022-03-11,932047,中证REITs全收益指数,中证REITs全收益,CSI REITs Total Return Index,CSI REITs TR,1156.01,1157.0,1145.99,1156.96,,-0.28,30836499.0,1.5,,
2022-03-14,932047,中证REITs全收益指数,中证REITs全收益,CSI REITs Total Return Index,CSI REITs TR,1149.35,1150.29,1145.37,1145.37,,-1.0,23519103.0,1.15,,
2022-03-15,932047,中证REITs全收益指数,中证REITs全收益,CSI REITs Total Return Index,CSI REITs TR,1141.26,1141.26,1092.3,1092.3,,-4.63,61587630.0,2.84,,
2022-03-16,932047,中证REITs全收益指数,中证REITs全收益,CSI REITs Total Return Index,CSI REITs TR,1091.82,1105.61,1057.85,1105.61,,1.22,69946520.0,3.14,,
2022-03-17,932047,中证REITs全收益指数,中证REITs全收益,CSI REITs Total Return Index,CSI REITs TR,1109.14,1127.97,1103.61,1116.34,,0.97,55251364.0,2.54,,
2022-03-18,932047,中证REITs全收益指数,中证REITs全收益,CSI REITs Total Return Index,CSI REITs TR,1115.3,1116.59,1108.58,1113.16,,-0.28,31313606.0,1.44,,
2022-03-21,932047,中证REITs全收益指数,中证REITs全收益,CSI REITs Total Return Index,CSI REITs TR,1113.82,1136.34,1113.82,1136.34,,2.08,39345692.0,1.92,,
2022-03-22,932047,中证REITs全收益指数,中证REITs全收益,CSI REITs Total Return Index,CSI REITs TR,1138.5,1166.12,1138.5,1166.12,,2.62,47008807.0,2.25,,
2022-03-23,932047,中证REITs全收益指数,中证REITs全收益,CSI REITs Total Return Index,CSI REITs TR,1166.58,1172.17,1152.61,1154.29,,-1.02,53808729.0,2.53,,
2022-03-24,932047,中证REITs全收益指数,中证REITs全收益,CSI REITs Total Return Index,CSI REITs TR,1147.09,1162.06,1133.65,1150.0,,-0.37,45446695.0,2.16,,
2022-03-25,932047,中证REITs全收益指数,中证REITs全收益,CSI REITs Total Return Index,CSI REITs TR,1148.37,1152.09,1141.15,1141.28,,-0.76,27478722.0,1.35,,
2022-03-28,932047,中证REITs全收益指数,中证REITs全收益,CSI REITs Total Return Index,CSI REITs TR,1139.28,1139.28,1126.21,1133.08,,-0.72,26783830.0,1.34,,
2022-03-29,932047,中证REITs全收益指数,中证REITs全收益,CSI REITs Total Return Index,CSI REITs TR,1134.47,1140.01,1134.47,1135.47,,0.21,23556397.0,1.16,,
2022-03-30,932047,中证REITs全收益指数,中证REITs全收益,CSI REITs Total Return Index,CSI REITs TR,1139.34,1140.24,1136.31,1137.25,,0.16,24167852.0,1.2,,
2022-03-31,932047,中证REITs全收益指数,中证REITs全收益,CSI REITs Total Return Index,CSI REITs TR,1135.85,1135.85,1130.95,1132.59,,-0.41,20020566.0,0.99,,
2022-04-01,932047,中证REITs全收益指数,中证REITs全收益,CSI REITs Total Return Index,CSI REITs TR,1132.43,1153.76,1129.42,1153.72,,1.86,34479318.0,1.8,,
2022-04-06,932047,中证REITs全收益指数,中证REITs全收益,CSI REITs Total Return Index,CSI REITs TR,1153.97,1156.57,1147.72,1155.54,,0.16,35236040.0,1.93,,
2022-04-07,932047,中证REITs全收益指数,中证REITs全收益,CSI REITs Total Return Index,CSI REITs TR,1154.68,1154.68,1142.23,1142.38,,-1.14,20430182.0,1.09,,
2022-04-08,932047,中证REITs全收益指数,中证REITs全收益,CSI REITs Total Return Index,CSI REITs TR,1137.41,1156.92,1137.41,1156.67,,1.25,29737545.0,1.58,,
2022-04-11,932047,中证REITs全收益指数,中证REITs全收益,CSI REITs Total Return Index,CSI REITs TR,1156.97,1156.97,1149.55,1150.15,,-0.56,25018890.0,1.26,,
2022-04-12,932047,中证REITs全收益指数,中证REITs全收益,CSI REITs Total Return Index,CSI REITs TR,1150.2,1158.55,1150.2,1158.21,,0.7,30594655.0,1.66,,
2022-04-13,932047,中证REITs全收益指数,中证REITs全收益,CSI REITs Total Return Index,CSI REITs TR,1156.94,1162.75,1154.54,1161.0,,0.24,34343889.0,1.77,,
2022-04-14,932047,中证REITs全收益指数,中证REITs全收益,CSI REITs Total Return Index,CSI REITs TR,1161.2,1163.88,1159.42,1160.49,,-0.04,29387306.0,1.51,,
2022-04-15,932047,中证REITs全收益指数,中证REITs全收益,CSI REITs Total Return Index,CSI REITs TR,1159.98,1159.98,1154.25,1157.25,,-0.28,29521757.0,1.59,,
2022-04-18,932047,中证REITs全收益指数,中证REITs全收益,CSI REITs Total Return Index,CSI REITs TR,1157.4,1159.04,1154.99,1158.79,,0.13,26831728.0,1.48,,
2022-04-19,932047,中证REITs全收益指数,中证REITs全收益,CSI REITs Total Return Index,CSI REITs TR,1157.88,1158.35,1156.84,1158.32,,-0.04,20000127.0,1.11,,
2022-04-20,932047,中证REITs全收益指数,中证REITs全收益,CSI REITs Total Return Index,CSI REITs TR,1157.48,1159.38,1157.03,1158.65,,0.03,20271466.0,1.16,,
2022-04-21,932047,中证REITs全收益指数,中证REITs全收益,CSI REITs Total Return Index,CSI REITs TR,1157.39,1157.39,1145.73,1145.73,,-1.12,25445354.0,1.32,,
2022-04-22,932047,中证REITs全收益指数,中证REITs全收益,CSI REITs Total Return Index,CSI REITs TR,1143.09,1143.09,1130.89,1140.97,,-0.42,26620551.0,1.48,,
2022-04-25,932047,中证REITs全收益指数,中证REITs全收益,CSI REITs Total Return Index,CSI REITs TR,1139.29,1139.29,1119.21,1119.21,,-1.91,24239727.0,1.13,,
2022-04-26,932047,中证REITs全收益指数,中证REITs全收益,CSI REITs Total Return Index,CSI REITs TR,1118.6,1126.29,1111.99,1120.16,,0.09,26862521.0,1.29,,
2022-04-27,932047,中证REITs全收益指数,中证REITs全收益,CSI REITs Total Return Index,CSI REITs TR,1118.33,1129.35,1117.0,1128.87,,0.78,26811706.0,1.33,,
2022-04-28,932047,中证REITs全收益指数,中证REITs全收益,CSI REITs Total Return Index,CSI REITs TR,1128.02,1128.02,1115.4,1115.91,,-1.15,23254152.0,1.19,,
2022-04-29,932047,中证REITs全收益指数,中证REITs全收益,CSI REITs Total Return Index,CSI REITs TR,1116.84,1122.89,1116.02,1122.56,,0.6,13905233.0,0.68,,
2022-05-05,932047,中证REITs全收益指数,中证REITs全收益,CSI REITs Total Return Index,CSI REITs TR,1121.47,1121.47,1115.48,1115.72,,-0.61,12824511.0,0.68,,
2022-05-06,932047,中证REITs全收益指数,中证REITs全收益,CSI REITs Total Return Index,CSI REITs TR,1112.0,1116.25,1107.12,1114.2,,-0.14,17666511.0,0.82,,
2022-05-09,932047,中证REITs全收益指数,中证REITs全收益,CSI REITs Total Return Index,CSI REITs TR,1111.92,1111.92,1108.28,1109.43,,-0.43,16219496.0,0.84,,
2022-05-10,932047,中证REITs全收益指数,中证REITs全收益,CSI REITs Total Return Index,CSI REITs TR,1108.34,1111.4,1105.27,1109.73,,0.03,17031249.0,0.88,,
2022-05-11,932047,中证REITs全收益指数,中证REITs全收益,CSI REITs Total Return Index,CSI REITs TR,1109.64,1119.81,1109.38,1118.21,,0.76,21743226.0,1.12,,
2022-05-12,932047,中证REITs全收益指数,中证REITs全收益,CSI REITs Total Return Index,CSI REITs TR,1116.61,1124.49,1116.61,1124.47,,0.56,17568459.0,0.86,,
2022-05-13,932047,中证REITs全收益指数,中证REITs全收益,CSI REITs Total Return Index,CSI REITs TR,1124.27,1128.49,1124.27,1127.64,,0.28,15374667.0,0.77,,
2022-05-16,932047,中证REITs全收益指数,中证REITs全收益,CSI REITs Total Return Index,CSI REITs TR,1127.39,1129.6,1125.94,1126.11,,-0.14,11174202.0,0.59,,
2022-05-17,932047,中证REITs全收益指数,中证REITs全收益,CSI REITs Total Return Index,CSI REITs TR,1125.66,1125.66,1123.02,1124.32,,-0.16,12543163.0,0.63,,
2022-05-18,932047,中证REITs全收益指数,中证REITs全收益,CSI REITs Total Return Index,CSI REITs TR,1124.29,1124.29,1119.95,1120.73,,-0.32,10614112.0,0.52,,
2022-05-19,932047,中证REITs全收益指数,中证REITs全收益,CSI REITs Total Return Index,CSI REITs TR,1118.89,1118.89,1112.03,1112.38,,-0.75,15723727.0,0.74,,
2022-05-20,932047,中证REITs全收益指数,中证REITs全收益,CSI REITs Total Return Index,CSI REITs TR,1112.37,1115.27,1112.37,1114.54,,0.19,10726128.0,0.53,,
2022-05-23,932047,中证REITs全收益指数,中证REITs全收益,CSI REITs Total Return Index,CSI REITs TR,1112.06,1112.42,1110.29,1111.28,,-0.29,12269642.0,0.63,,
2022-05-24,932047,中证REITs全收益指数,中证REITs全收益,CSI REITs Total Return Index,CSI REITs TR,1110.94,1110.94,1105.46,1106.44,,-0.44,15537431.0,0.79,,
2022-05-25,932047,中证REITs全收益指数,中证REITs全收益,CSI REITs Total Return Index,CSI REITs TR,1106.06,1106.42,1104.91,1105.88,,-0.05,13812256.0,0.67,,
2022-05-26,932047,中证REITs全收益指数,中证REITs全收益,CSI REITs Total Return Index,CSI REITs TR,1106.39,1108.19,1105.29,1106.29,,0.04,19687419.0,0.96,,
2022-05-27,932047,中证REITs全收益指数,中证REITs全收益,CSI REITs Total Return Index,CSI REITs TR,1106.32,1108.41,1106.05,1106.53,,0.02,19216792.0,1.05,,
2022-05-30,932047,中证REITs全收益指数,中证REITs全收益,CSI REITs Total Return Index,CSI REITs TR,1106.52,1106.52,1102.4,1102.6,,-0.36,13396233.0,0.7,,
2022-05-31,932047,中证REITs全收益指数,中证REITs全收益,CSI REITs Total Return Index,CSI REITs TR,1102.82,1102.82,1094.35,1094.84,,-0.7,24464317.0,1.21,,
2022-06-01,932047,中证REITs全收益指数,中证REITs全收益,CSI REITs Total Return Index,CSI REITs TR,1094.98,1094.98,1088.39,1088.52,,-0.58,28599293.0,1.4,,
2022-06-02,932047,中证REITs全收益指数,中证REITs全收益,CSI REITs Total Return Index,CSI REITs TR,1088.51,1090.77,1081.57,1090.77,,0.21,34421967.0,1.88,,
2022-06-06,932047,中证REITs全收益指数,中证REITs全收益,CSI REITs Total Return Index,CSI REITs TR,1090.82,1108.28,1090.16,1108.14,,1.59,28581769.0,1.56,,
2022-06-07,932047,中证REITs全收益指数,中证REITs全收益,CSI REITs Total Return Index,CSI REITs TR,1108.59,1124.88,1108.59,1123.64,,1.4,33923946.0,1.71,,
2022-06-08,932047,中证REITs全收益指数,中证REITs全收益,CSI REITs Total Return Index,CSI REITs TR,1123.69,1130.95,1114.95,1117.77,,-0.52,35709516.0,1.68,,
2022-06-09,932047,中证REITs全收益指数,中证REITs全收益,CSI REITs Total Return Index,CSI REITs TR,1116.63,1123.08,1113.63,1122.35,,0.41,34232672.0,1.6,,
2022-06-10,932047,中证REITs全收益指数,中证REITs全收益,CSI REITs Total Return Index,CSI REITs TR,1121.92,1127.42,1120.44,1125.49,,0.28,25208278.0,1.21,,
2022-06-13,932047,中证REITs全收益指数,中证REITs全收益,CSI REITs Total Return Index,CSI REITs TR,1121.99,1121.99,1115.71,1121.66,,-0.34,23852250.0,1.25,,
2022-06-14,932047,中证REITs全收益指数,中证REITs全收益,CSI REITs Total Return Index,CSI REITs TR,1118.74,1124.99,1118.74,1124.72,,0.27,27568843.0,1.37,,
2022-06-15,932047,中证REITs全收益指数,中证REITs全收益,CSI REITs Total Return Index,CSI REITs TR,1121.03,1126.3,1121.03,1126.08,,0.12,27225001.0,1.4,,
2022-06-16,932047,中证REITs全收益指数,中证REITs全收益,CSI REITs Total Return Index,CSI REITs TR,1123.49,1125.2,1123.49,1124.5,,-0.14,24871198.0,1.21,,
2022-06-17,932047,中证REITs全收益指数,中证REITs全收益,CSI REITs Total Return Index,CSI REITs TR,1121.78,1123.29,1120.57,1121.07,,-0.3,24287349.0,1.23,,
2022-06-20,932047,中证REITs全收益指数,中证REITs全收益,CSI REITs Total Return Index,CSI REITs TR,1117.57,1117.57,1111.16,1111.35,,-0.87,28153841.0,1.43,,
2022-06-21,932047,中证REITs全收益指数,中证REITs全收益,CSI REITs Total Return Index,CSI REITs TR,1109.8,1110.14,1106.06,1110.14,,-0.11,34888352.0,1.63,,
2022-06-22,932047,中证REITs全收益指数,中证REITs全收益,CSI REITs Total Return Index,CSI REITs TR,1108.45,1109.98,1108.01,1109.95,,-0.02,28137853.0,1.3,,
2022-06-23,932047,中证REITs全收益指数,中证REITs全收益,CSI REITs Total Return Index,CSI REITs TR,1109.78,1115.81,1106.85,1115.81,,0.53,31704716.0,1.53,,
2022-06-24,932047,中证REITs全收益指数,中证REITs全收益,CSI REITs Total Return Index,CSI REITs TR,1113.29,1132.23,1113.29,1132.23,,1.47,38540263.0,1.9,,
2022-06-27,932047,中证REITs全收益指数,中证REITs全收益,CSI REITs Total Return Index,CSI REITs TR,1132.33,1139.86,1130.52,1139.05,,0.6,36604821.0,1.84,,
2022-06-28,932047,中证REITs全收益指数,中证REITs全收益,CSI REITs Total Return Index,CSI REITs TR,1139.48,1144.54,1138.13,1144.26,,0.46,43862753.0,2.3,,
2022-06-29,932047,中证REITs全收益指数,中证REITs全收益,CSI REITs Total Return Index,CSI REITs TR,1144.22,1144.83,1141.38,1141.38,,-0.25,41588403.0,2.14,,
2022-06-30,932047,中证REITs全收益指数,中证REITs全收益,CSI REITs Total Return Index,CSI REITs TR,1140.64,1147.43,1140.64,1147.43,,0.53,37840806.0,2.04,,
2022-07-01,932047,中证REITs全收益指数,中证REITs全收益,CSI REITs Total Return Index,CSI REITs TR,1146.79,1147.87,1145.08,1147.57,,0.01,24708568.0,1.25,,
2022-07-04,932047,中证REITs全收益指数,中证REITs全收益,CSI REITs Total Return Index,CSI REITs TR,1147.16,1151.49,1147.16,1151.05,,0.3,28025387.0,1.49,,
2022-07-05,932047,中证REITs全收益指数,中证REITs全收益,CSI REITs Total Return Index,CSI REITs TR,1150.73,1150.73,1143.01,1145.84,,-0.45,28198611.0,1.52,,
2022-07-06,932047,中证REITs全收益指数,中证REITs全收益,CSI REITs Total Return Index,CSI REITs TR,1144.82,1144.82,1140.61,1144.18,,-0.15,25987961.0,1.34,,
2022-07-07,932047,中证REITs全收益指数,中证REITs全收益,CSI REITs Total Return Index,CSI REITs TR,1143.05,1143.41,1139.85,1143.36,,-0.07,25515876.0,1.32,,
2022-07-08,932047,中证REITs全收益指数,中证REITs全收益,CSI REITs Total Return Index,CSI REITs TR,1142.37,1149.11,1142.37,1147.64,,0.38,27124260.0,1.42,,
2022-07-11,932047,中证REITs全收益指数,中证REITs全收益,CSI REITs Total Return Index,CSI REITs TR,1148.63,1148.63,1143.26,1145.37,,-0.2,30238217.0,1.52,,
2022-07-12,932047,中证REITs全收益指数,中证REITs全收益,CSI REITs Total Return Index,CSI REITs TR,1145.87,1149.28,1144.85,1149.28,,0.34,31175746.0,1.69,,
2022-07-13,932047,中证REITs全收益指数,中证REITs全收益,CSI REITs Total Return Index,CSI REITs TR,1148.81,1148.81,1146.52,1146.85,,-0.21,25464252.0,1.36,,
2022-07-14,932047,中证REITs全收益指数,中证REITs全收益,CSI REITs Total Return Index,CSI REITs TR,1145.67,1152.63,1144.63,1152.46,,0.49,25716939.0,1.32,,
2022-07-15,932047,中证REITs全收益指数,中证REITs全收益,CSI REITs Total Return Index,CSI REITs TR,1152.23,1155.44,1149.53,1154.42,,0.17,22153770.0,1.09,,
2022-07-18,932047,中证REITs全收益指数,中证REITs全收益,CSI REITs Total Return Index,CSI REITs TR,1153.54,1159.67,1153.54,1159.67,,0.46,21700497.0,1.1,,
2022-07-19,932047,中证REITs全收益指数,中证REITs全收益,CSI REITs Total Return Index,CSI REITs TR,1159.59,1163.39,1159.59,1163.39,,0.32,32437856.0,1.59,,
2022-07-20,932047,中证REITs全收益指数,中证REITs全收益,CSI REITs Total Return Index,CSI REITs TR,1163.01,1167.42,1161.66,1166.52,,0.27,30724392.0,1.57,,
2022-07-21,932047,中证REITs全收益指数,中证REITs全收益,CSI REITs Total Return Index,CSI REITs TR,1166.59,1166.93,1165.3,1165.66,,-0.07,27631787.0,1.39,,
2022-07-22,932047,中证REITs全收益指数,中证REITs全收益,CSI REITs Total Return Index,CSI REITs TR,1163.26,1167.72,1163.26,1167.05,,0.12,29554683.0,1.54,,
2022-07-25,932047,中证REITs全收益指数,中证REITs全收益,CSI REITs Total Return Index,CSI REITs TR,1166.76,1166.9,1160.57,1161.02,,-0.52,34210393.0,1.76,,
2022-07-26,932047,中证REITs全收益指数,中证REITs全收益,CSI REITs Total Return Index,CSI REITs TR,1159.55,1159.55,1152.65,1157.44,,-0.31,27151535.0,1.35,,
2022-07-27,932047,中证REITs全收益指数,中证REITs全收益,CSI REITs Total Return Index,CSI REITs TR,1156.39,1156.86,1152.49,1155.15,,-0.2,22037550.0,1.06,,
2022-07-28,932047,中证REITs全收益指数,中证REITs全收益,CSI REITs Total Return Index,CSI REITs TR,1153.47,1159.85,1153.47,1159.83,,0.41,21062869.0,1.04,,
2022-07-29,932047,中证REITs全收益指数,中证REITs全收益,CSI REITs Total Return Index,CSI REITs TR,1159.33,1163.9,1159.33,1163.9,,0.35,21542022.0,1.1,,
2022-08-01,932047,中证REITs全收益指数,中证REITs全收益,CSI REITs Total Return Index,CSI REITs TR,1162.97,1166.62,1159.44,1166.62,,0.23,25166785.0,1.28,,
2022-08-02,932047,中证REITs全收益指数,中证REITs全收益,CSI REITs Total Return Index,CSI REITs TR,1165.4,1165.4,1159.15,1164.22,,-0.2,25560979.0,1.32,,
2022-08-03,932047,中证REITs全收益指数,中证REITs全收益,CSI REITs Total Return Index,CSI REITs TR,1160.0,1165.43,1160.0,1165.03,,0.07,23488903.0,1.2,,
2022-08-04,932047,中证REITs全收益指数,中证REITs全收益,CSI REITs Total Return Index,CSI REITs TR,1163.37,1169.85,1163.37,1169.85,,0.41,25070720.0,1.35,,
2022-08-05,932047,中证REITs全收益指数,中证REITs全收益,CSI REITs Total Return Index,CSI REITs TR,1169.77,1169.83,1167.82,1168.02,,-0.16,20435318.0,1.07,,
2022-08-08,932047,中证REITs全收益指数,中证REITs全收益,CSI REITs Total Return Index,CSI REITs TR,1167.64,1167.64,1165.04,1165.77,,-0.19,18480048.0,1.0,,
2022-08-09,932047,中证REITs全收益指数,中证REITs全收益,CSI REITs Total Return Index,CSI REITs TR,1165.41,1165.41,1159.75,1160.27,,-0.47,23181910.0,1.23,,
2022-08-10,932047,中证REITs全收益指数,中证REITs全收益,CSI REITs Total Return Index,CSI REITs TR,1159.35,1163.89,1159.35,1161.42,,0.1,19834746.0,1.14,,
2022-08-11,932047,中证REITs全收益指数,中证REITs全收益,CSI REITs Total Return Index,CSI REITs TR,1161.35,1161.65,1160.31,1160.42,,-0.09,16688829.0,0.92,,
2022-08-12,932047,中证REITs全收益指数,中证REITs全收益,CSI REITs Total Return Index,CSI REITs TR,1159.96,1163.22,1159.88,1163.14,,0.24,17852188.0,0.97,,
2022-08-15,932047,中证REITs全收益指数,中证REITs全收益,CSI REITs Total Return Index,CSI REITs TR,1162.89,1168.65,1162.39,1168.35,,0.45,24636339.0,1.35,,
2022-08-16,932047,中证REITs全收益指数,中证REITs全收益,CSI REITs Total Return Index,CSI REITs TR,1167.26,1174.17,1167.26,1173.75,,0.46,27324588.0,1.41,,
2022-08-17,932047,中证REITs全收益指数,中证REITs全收益,CSI REITs Total Return Index,CSI REITs TR,1173.4,1174.47,1171.45,1174.47,,0.06,24450365.0,1.3,,
2022-08-18,932047,中证REITs全收益指数,中证REITs全收益,CSI REITs Total Return Index,CSI REITs TR,1174.56,1179.09,1174.56,1179.09,,0.39,27379288.0,1.52,,
2022-08-19,932047,中证REITs全收益指数,中证REITs全收益,CSI REITs Total Return Index,CSI REITs TR,1179.39,1195.93,1178.95,1195.69,,1.41,43199384.0,2.31,,
2022-08-22,932047,中证REITs全收益指数,中证REITs全收益,CSI REITs Total Return Index,CSI REITs TR,1196.21,1206.95,1187.7,1190.98,,-0.39,55165150.0,2.95,,
2022-08-23,932047,中证REITs全收益指数,中证REITs全收益,CSI REITs Total Return Index,CSI REITs TR,1189.13,1193.03,1186.03,1193.03,,0.17,27272400.0,1.44,,
2022-08-24,932047,中证REITs全收益指数,中证REITs全收益,CSI REITs Total Return Index,CSI REITs TR,1192.51,1192.51,1184.54,1185.77,,-0.61,31219032.0,1.67,,
2022-08-25,932047,中证REITs全收益指数,中证REITs全收益,CSI REITs Total Return Index,CSI REITs TR,1184.95,1191.27,1182.49,1191.21,,0.46,27109520.0,1.5,,
2022-08-26,932047,中证REITs全收益指数,中证REITs全收益,CSI REITs Total Return Index,CSI REITs TR,1190.04,1191.26,1186.54,1188.42,,-0.23,27907449.0,1.49,,
2022-08-29,932047,中证REITs全收益指数,中证REITs全收益,CSI REITs Total Return Index,CSI REITs TR,1186.5,1186.5,1181.87,1182.78,,-0.48,32478848.0,1.71,,
2022-08-30,932047,中证REITs全收益指数,中证REITs全收益,CSI REITs Total Return Index,CSI REITs TR,1181.53,1188.79,1180.89,1186.73,,0.33,28552038.0,1.5,,
2022-08-31,932047,中证REITs全收益指数,中证REITs全收益,CSI REITs Total Return Index,CSI REITs TR,1186.15,1193.57,1186.15,1191.74,,0.42,32357672.0,1.76,,
2022-09-01,932047,中证REITs全收益指数,中证REITs全收益,CSI REITs Total Return Index,CSI REITs TR,1192.01,1192.01,1183.61,1187.68,,-0.34,29692486.0,1.65,,
2022-09-02,932047,中证REITs全收益指数,中证REITs全收益,CSI REITs Total Return Index,CSI REITs TR,1186.37,1190.05,1185.07,1188.95,,0.11,29467445.0,1.63,,
2022-09-05,932047,中证REITs全收益指数,中证REITs全收益,CSI REITs Total Return Index,CSI REITs TR,1188.4,1188.4,1185.84,1186.36,,-0.22,20419392.0,1.12,,
2022-09-06,932047,中证REITs全收益指数,中证REITs全收益,CSI REITs Total Return Index,CSI REITs TR,1185.73,1188.38,1183.19,1188.38,,0.17,27399030.0,1.47,,
2022-09-07,932047,中证REITs全收益指数,中证REITs全收益,CSI REITs Total Return Index,CSI REITs TR,1187.9,1191.96,1186.29,1190.83,,0.21,28415180.0,1.59,,
2022-09-08,932047,中证REITs全收益指数,中证REITs全收益,CSI REITs Total Return Index,CSI REITs TR,1190.54,1195.99,1190.54,1195.99,,0.43,29632860.0,1.66,,
2022-09-09,932047,中证REITs全收益指数,中证REITs全收益,CSI REITs Total Return Index,CSI REITs TR,1195.69,1200.92,1195.69,1200.92,,0.41,31679159.0,1.7,,
2022-09-13,932047,中证REITs全收益指数,中证REITs全收益,CSI REITs Total Return Index,CSI REITs TR,1200.7,1200.7,1197.45,1197.6,,-0.28,33486040.0,1.96,,
2022-09-14,932047,中证REITs全收益指数,中证REITs全收益,CSI REITs Total Return Index,CSI REITs TR,1197.04,1197.04,1193.6,1194.08,,-0.29,27157281.0,1.65,,
2022-09-15,932047,中证REITs全收益指数,中证REITs全收益,CSI REITs Total Return Index,CSI REITs TR,1193.82,1193.84,1191.94,1192.39,,-0.14,27548798.0,1.69,,
2022-09-16,932047,中证REITs全收益指数,中证REITs全收益,CSI REITs Total Return Index,CSI REITs TR,1191.38,1192.39,1189.36,1189.63,,-0.23,32082343.0,1.9,,
2022-09-19,932047,中证REITs全收益指数,中证REITs全收益,CSI REITs Total Return Index,CSI REITs TR,1189.41,1189.41,1187.19,1188.14,,-0.13,28859346.0,1.77,,
2022-09-20,932047,中证REITs全收益指数,中证REITs全收益,CSI REITs Total Return Index,CSI REITs TR,1187.75,1190.76,1186.74,1186.74,,-0.12,25483841.0,1.57,,
2022-09-21,932047,中证REITs全收益指数,中证REITs全收益,CSI REITs Total Return Index,CSI REITs TR,1186.78,1189.23,1184.51,1189.21,,0.21,27771192.0,1.67,,
2022-09-22,932047,中证REITs全收益指数,中证REITs全收益,CSI REITs Total Return Index,CSI REITs TR,1189.53,1193.02,1189.53,1192.81,,0.3,29530079.0,1.78,,
2022-09-23,932047,中证REITs全收益指数,中证REITs全收益,CSI REITs Total Return Index,CSI REITs TR,1192.8,1194.25,1192.8,1193.71,,0.08,30060329.0,1.87,,
2022-09-26,932047,中证REITs全收益指数,中证REITs全收益,CSI REITs Total Return Index,CSI REITs TR,1193.67,1193.67,1190.73,1190.89,,-0.24,30672565.0,1.9,,
2022-09-27,932047,中证REITs全收益指数,中证REITs全收益,CSI REITs Total Return Index,CSI REITs TR,1191.23,1191.23,1188.59,1189.72,,-0.1,36441466.0,2.22,,
2022-09-28,932047,中证REITs全收益指数,中证REITs全收益,CSI REITs Total Return Index,CSI REITs TR,1193.53,1202.86,1193.53,1199.94,,0.86,75419176.0,3.89,,
2022-09-29,932047,中证REITs全收益指数,中证REITs全收益,CSI REITs Total Return Index,CSI REITs TR,1199.8,1199.8,1191.03,1191.03,,-0.74,52973400.0,2.83,,
2022-09-30,932047,中证REITs全收益指数,中证REITs全收益,CSI REITs Total Return Index,CSI REITs TR,1190.11,1190.63,1184.34,1187.18,,-0.32,39726364.0,2.18,,
2022-10-10,932047,中证REITs全收益指数,中证REITs全收益,CSI REITs Total Return Index,CSI REITs TR,1187.25,1187.25,1174.2,1174.94,,-1.03,40776056.0,2.22,,
2022-10-11,932047,中证REITs全收益指数,中证REITs全收益,CSI REITs Total Return Index,CSI REITs TR,1174.18,1174.18,1167.37,1170.83,,-0.35,45758439.0,2.32,,
2022-10-12,932047,中证REITs全收益指数,中证REITs全收益,CSI REITs Total Return Index,CSI REITs TR,1171.59,1172.14,1169.77,1172.14,,0.11,30341308.0,1.77,,
2022-10-13,932047,中证REITs全收益指数,中证REITs全收益,CSI REITs Total Return Index,CSI REITs TR,1171.76,1175.82,1169.58,1175.78,,0.31,27794397.0,1.63,,
2022-10-14,932047,中证REITs全收益指数,中证REITs全收益,CSI REITs Total Return Index,CSI REITs TR,1175.85,1176.73,1173.92,1175.86,,0.01,26370189.0,1.59,,
2022-10-17,932047,中证REITs全收益指数,中证REITs全收益,CSI REITs Total Return Index,CSI REITs TR,1175.36,1175.36,1172.44,1173.45,,-0.2,23615405.0,1.42,,
2022-10-18,932047,中证REITs全收益指数,中证REITs全收益,CSI REITs Total Return Index,CSI REITs TR,1173.43,1176.09,1171.97,1175.82,,0.2,24602244.0,1.45,,
2022-10-19,932047,中证REITs全收益指数,中证REITs全收益,CSI REITs Total Return Index,CSI REITs TR,1175.79,1175.79,1174.19,1175.09,,-0.06,27024363.0,1.62,,
2022-10-20,932047,中证REITs全收益指数,中证REITs全收益,CSI REITs Total Return Index,CSI REITs TR,1174.98,1174.98,1172.48,1173.25,,-0.16,23139167.0,1.5,,
2022-10-21,932047,中证REITs全收益指数,中证REITs全收益,CSI REITs Total Return Index,CSI REITs TR,1172.95,1173.16,1169.16,1170.23,,-0.26,33720470.0,2.1,,
2022-10-24,932047,中证REITs全收益指数,中证REITs全收益,CSI REITs Total Return Index,CSI REITs TR,1171.9,1171.9,1158.84,1158.89,,-0.97,37183556.0,2.13,,
2022-10-25,932047,中证REITs全收益指数,中证REITs全收益,CSI REITs Total Return Index,CSI REITs TR,1157.77,1157.77,1150.39,1151.83,,-0.61,39434889.0,2.32,,
2022-10-26,932047,中证REITs全收益指数,中证REITs全收益,CSI REITs Total Return Index,CSI REITs TR,1152.08,1153.29,1149.58,1150.39,,-0.13,36634909.0,2.13,,
2022-10-27,932047,中证REITs全收益指数,中证REITs全收益,CSI REITs Total Return Index,CSI REITs TR,1151.27,1151.27,1137.48,1138.1,,-1.07,45751139.0,2.5,,
2022-10-28,932047,中证REITs全收益指数,中证REITs全收益,CSI REITs Total Return Index,CSI REITs TR,1138.37,1140.07,1128.3,1139.86,,0.16,43980992.0,2.39,,
2022-10-31,932047,中证REITs全收益指数,中证REITs全收益,CSI REITs Total Return Index,CSI REITs TR,1140.11,1140.11,1128.76,1128.76,,-0.97,33483940.0,1.94,,
2022-11-01,932047,中证REITs全收益指数,中证REITs全收益,CSI REITs Total Return Index,CSI REITs TR,1130.73,1131.05,1126.65,1127.91,,-0.07,30982657.0,1.92,,
2022-11-02,932047,中证REITs全收益指数,中证REITs全收益,CSI REITs Total Return Index,CSI REITs TR,1129.39,1139.47,1128.51,1139.36,,1.02,35965304.0,2.23,,
2022-11-03,932047,中证REITs全收益指数,中证REITs全收益,CSI REITs Total Return Index,CSI REITs TR,1139.03,1143.8,1137.94,1143.73,,0.38,36322021.0,2.21,,
2022-11-04,932047,中证REITs全收益指数,中证REITs全收益,CSI REITs Total Return Index,CSI REITs TR,1144.42,1151.57,1144.42,1150.28,,0.57,47045406.0,2.76,,
2022-11-07,932047,中证REITs全收益指数,中证REITs全收益,CSI REITs Total Return Index,CSI REITs TR,1150.07,1150.07,1142.96,1143.24,,-0.61,30647349.0,1.83,,
2022-11-08,932047,中证REITs全收益指数,中证REITs全收益,CSI REITs Total Return Index,CSI REITs TR,1144.38,1144.38,1131.31,1134.21,,-0.79,33674468.0,2.13,,
2022-11-09,932047,中证REITs全收益指数,中证REITs全收益,CSI REITs Total Return Index,CSI REITs TR,1134.35,1134.35,1129.66,1129.66,,-0.4,27507446.0,1.68,,
2022-11-10,932047,中证REITs全收益指数,中证REITs全收益,CSI REITs Total Return Index,CSI REITs TR,1130.21,1130.21,1124.42,1124.46,,-0.46,27173169.0,1.72,,
2022-11-11,932047,中证REITs全收益指数,中证REITs全收益,CSI REITs Total Return Index,CSI REITs TR,1125.14,1129.2,1121.9,1122.87,,-0.14,33865956.0,2.17,,
2022-11-14,932047,中证REITs全收益指数,中证REITs全收益,CSI REITs Total Return Index,CSI REITs TR,1122.76,1122.76,1114.91,1114.95,,-0.71,40655410.0,2.41,,
2022-11-15,932047,中证REITs全收益指数,中证REITs全收益,CSI REITs Total Return Index,CSI REITs TR,1115.32,1115.32,1108.89,1109.26,,-0.51,31449305.0,1.98,,
2022-11-16,932047,中证REITs全收益指数,中证REITs全收益,CSI REITs Total Return Index,CSI REITs TR,1108.88,1109.33,1105.48,1105.57,,-0.33,35290536.0,2.18,,
2022-11-17,932047,中证REITs全收益指数,中证REITs全收益,CSI REITs Total Return Index,CSI REITs TR,1104.56,1104.74,1090.54,1095.82,,-0.88,41095911.0,2.35,,
2022-11-18,932047,中证REITs全收益指数,中证REITs全收益,CSI REITs Total Return Index,CSI REITs TR,1095.41,1095.41,1086.99,1093.81,,-0.18,38033238.0,2.17,,
2022-11-21,932047,中证REITs全收益指数,中证REITs全收益,CSI REITs Total Return Index,CSI REITs TR,1093.18,1108.39,1088.75,1107.35,,1.24,29269819.0,1.75,,
2022-11-22,932047,中证REITs全收益指数,中证REITs全收益,CSI REITs Total Return Index,CSI REITs TR,1108.06,1109.56,1102.61,1104.4,,-0.27,20459777.0,1.26,,
2022-11-23,932047,中证REITs全收益指数,中证REITs全收益,CSI REITs Total Return Index,CSI REITs TR,1104.37,1104.37,1099.88,1103.28,,-0.1,29407321.0,1.63,,
2022-11-24,932047,中证REITs全收益指数,中证REITs全收益,CSI REITs Total Return Index,CSI REITs TR,1103.26,1103.9,1101.6,1103.2,,-0.01,29006460.0,1.62,,
2022-11-25,932047,中证REITs全收益指数,中证REITs全收益,CSI REITs Total Return Index,CSI REITs TR,1103.0,1104.13,1101.35,1104.13,,0.08,26421036.0,1.55,,
2022-11-28,932047,中证REITs全收益指数,中证REITs全收益,CSI REITs Total Return Index,CSI REITs TR,1104.29,1104.29,1099.48,1101.04,,-0.28,27321590.0,1.56,,
2022-11-29,932047,中证REITs全收益指数,中证REITs全收益,CSI REITs Total Return Index,CSI REITs TR,1101.06,1106.79,1099.98,1106.72,,0.52,32463002.0,1.88,,
2022-11-30,932047,中证REITs全收益指数,中证REITs全收益,CSI REITs Total Return Index,CSI REITs TR,1106.99,1106.99,1104.94,1106.23,,-0.04,33179283.0,1.89,,
2022-12-01,932047,中证REITs全收益指数,中证REITs全收益,CSI REITs Total Return Index,CSI REITs TR,1105.98,1109.67,1105.98,1109.67,,0.31,33132539.0,1.94,,
2022-12-02,932047,中证REITs全收益指数,中证REITs全收益,CSI REITs Total Return Index,CSI REITs TR,1110.93,1113.33,1110.7,1113.19,,0.32,34206178.0,1.99,,
2022-12-05,932047,中证REITs全收益指数,中证REITs全收益,CSI REITs Total Return Index,CSI REITs TR,1112.98,1125.71,1112.98,1124.54,,1.02,35502828.0,2.3,,
2022-12-06,932047,中证REITs全收益指数,中证REITs全收益,CSI REITs Total Return Index,CSI REITs TR,1124.9,1134.22,1124.9,1133.25,,0.78,44735357.0,2.85,,
2022-12-07,932047,中证REITs全收益指数,中证REITs全收益,CSI REITs Total Return Index,CSI REITs TR,1132.98,1132.98,1129.42,1129.75,,-0.31,37406499.0,2.24,,
2022-12-08,932047,中证REITs全收益指数,中证REITs全收益,CSI REITs Total Return Index,CSI REITs TR,1129.4,1132.04,1127.54,1131.07,,0.12,35381323.0,2.13,,
2022-12-09,932047,中证REITs全收益指数,中证REITs全收益,CSI REITs Total Return Index,CSI REITs TR,1130.81,1132.9,1130.81,1132.9,,0.16,23406482.0,1.47,,
2022-12-12,932047,中证REITs全收益指数,中证REITs全收益,CSI REITs Total Return Index,CSI REITs TR,1133.04,1133.04,1127.73,1128.3,,-0.41,29980785.0,1.81,,
2022-12-13,932047,中证REITs全收益指数,中证REITs全收益,CSI REITs Total Return Index,CSI REITs TR,1127.83,1127.83,1124.83,1124.91,,-0.3,27469127.0,1.66,,
2022-12-14,932047,中证REITs全收益指数,中证REITs全收益,CSI REITs Total Return Index,CSI REITs TR,1124.68,1124.68,1117.69,1117.69,,-0.64,29819171.0,1.84,,
2022-12-15,932047,中证REITs全收益指数,中证REITs全收益,CSI REITs Total Return Index,CSI REITs TR,1118.4,1118.48,1115.72,1116.25,,-0.13,32042273.0,1.95,,
2022-12-16,932047,中证REITs全收益指数,中证REITs全收益,CSI REITs Total Return Index,CSI REITs TR,1115.68,1115.68,1114.32,1114.86,,-0.12,29892020.0,1.77,,
2022-12-19,932047,中证REITs全收益指数,中证REITs全收益,CSI REITs Total Return Index,CSI REITs TR,1116.43,1116.43,1112.06,1112.34,,-0.23,29896839.0,1.7,,
2022-12-20,932047,中证REITs全收益指数,中证REITs全收益,CSI REITs Total Return Index,CSI REITs TR,1114.69,1114.69,1103.55,1104.16,,-0.74,25436584.0,1.48,,
2022-12-21,932047,中证REITs全收益指数,中证REITs全收益,CSI REITs Total Return Index,CSI REITs TR,1104.7,1104.7,1100.27,1101.38,,-0.25,27510437.0,1.55,,
2022-12-22,932047,中证REITs全收益指数,中证REITs全收益,CSI REITs Total Return Index,CSI REITs TR,1101.92,1102.77,1100.62,1102.31,,0.09,27375828.0,1.55,,
2022-12-23,932047,中证REITs全收益指数,中证REITs全收益,CSI REITs Total Return Index,CSI REITs TR,1103.77,1108.63,1102.19,1108.63,,0.57,29850095.0,1.7,,
2022-12-26,932047,中证REITs全收益指数,中证REITs全收益,CSI REITs Total Return Index,CSI REITs TR,1108.77,1110.09,1106.62,1109.62,,0.09,33042039.0,1.89,,
2022-12-27,932047,中证REITs全收益指数,中证REITs全收益,CSI REITs Total Return Index,CSI REITs TR,1109.74,1109.74,1105.83,1106.41,,-0.29,23622698.0,1.37,,
2022-12-28,932047,中证REITs全收益指数,中证REITs全收益,CSI REITs Total Return Index,CSI REITs TR,1103.09,1103.09,1095.77,1097.27,,-0.83,32775549.0,1.77,,
2022-12-29,932047,中证REITs全收益指数,中证REITs全收益,CSI REITs Total Return Index,CSI REITs TR,1096.82,1098.78,1094.24,1098.78,,0.14,32678855.0,1.75,,
2022-12-30,932047,中证REITs全收益指数,中证REITs全收益,CSI REITs Total Return Index,CSI REITs TR,1099.41,1114.47,1099.18,1114.47,,1.43,40580701.0,2.31,,
2023-01-03,932047,中证REITs全收益指数,中证REITs全收益,CSI REITs Total Return Index,CSI REITs TR,1106.58,1108.25,1105.44,1107.5,,-0.63,28634546.0,1.7,,
2023-01-04,932047,中证REITs全收益指数,中证REITs全收益,CSI REITs Total Return Index,CSI REITs TR,1110.83,1110.83,1102.39,1102.5,,-0.45,29471845.0,1.72,,
2023-01-05,932047,中证REITs全收益指数,中证REITs全收益,CSI REITs Total Return Index,CSI REITs TR,1105.37,1105.37,1095.55,1096.68,,-0.53,33796212.0,1.86,,
2023-01-06,932047,中证REITs全收益指数,中证REITs全收益,CSI REITs Total Return Index,CSI REITs TR,1100.52,1102.31,1095.49,1102.31,,0.51,36273446.0,1.96,,
2023-01-09,932047,中证REITs全收益指数,中证REITs全收益,CSI REITs Total Return Index,CSI REITs TR,1104.87,1104.87,1100.76,1102.24,,-0.01,35253929.0,2.11,,
2023-01-10,932047,中证REITs全收益指数,中证REITs全收益,CSI REITs Total Return Index,CSI REITs TR,1102.02,1106.26,1100.69,1106.26,,0.36,39122817.0,2.28,,
2023-01-11,932047,中证REITs全收益指数,中证REITs全收益,CSI REITs Total Return Index,CSI REITs TR,1105.91,1106.45,1105.38,1105.96,,-0.03,39670135.0,2.27,,
2023-01-12,932047,中证REITs全收益指数,中证REITs全收益,CSI REITs Total Return Index,CSI REITs TR,1105.52,1105.52,1103.46,1104.06,,-0.17,32539615.0,1.85,,
2023-01-13,932047,中证REITs全收益指数,中证REITs全收益,CSI REITs Total Return Index,CSI REITs TR,1103.96,1103.96,1101.36,1101.5,,-0.23,30330855.0,1.7,,
2023-01-16,932047,中证REITs全收益指数,中证REITs全收益,CSI REITs Total Return Index,CSI REITs TR,1101.4,1101.4,1098.18,1098.42,,-0.28,28841094.0,1.64,,
2023-01-17,932047,中证REITs全收益指数,中证REITs全收益,CSI REITs Total Return Index,CSI REITs TR,1098.39,1098.39,1095.27,1095.5,,-0.27,24111836.0,1.48,,
2023-01-18,932047,中证REITs全收益指数,中证REITs全收益,CSI REITs Total Return Index,CSI REITs TR,1095.33,1095.96,1094.78,1095.96,,0.04,29253250.0,1.7,,
2023-01-19,932047,中证REITs全收益指数,中证REITs全收益,CSI REITs Total Return Index,CSI REITs TR,1095.42,1096.5,1094.22,1096.5,,0.05,29432942.0,1.67,,
2023-01-20,932047,中证REITs全收益指数,中证REITs全收益,CSI REITs Total Return Index,CSI REITs TR,1096.45,1099.33,1094.36,1098.25,,0.16,31623826.0,1.74,,
2023-01-30,932047,中证REITs全收益指数,中证REITs全收益,CSI REITs Total Return Index,CSI REITs TR,1098.26,1105.86,1098.26,1105.86,,0.69,39481155.0,2.34,,
2023-01-31,932047,中证REITs全收益指数,中证REITs全收益,CSI REITs Total Return Index,CSI REITs TR,1105.69,1119.79,1105.69,1118.72,,1.16,48496680.0,2.83,,
2023-02-01,932047,中证REITs全收益指数,中证REITs全收益,CSI REITs Total Return Index,CSI REITs TR,1118.23,1126.23,1118.23,1125.34,,0.59,43472306.0,2.45,,
2023-02-02,932047,中证REITs全收益指数,中证REITs全收益,CSI REITs Total Return Index,CSI REITs TR,1125.37,1125.56,1119.96,1120.83,,-0.4,48560940.0,2.68,,
2023-02-03,932047,中证REITs全收益指数,中证REITs全收益,CSI REITs Total Return Index,CSI REITs TR,1120.53,1122.43,1118.79,1122.43,,0.14,47828482.0,2.7,,
2023-02-06,932047,中证REITs全收益指数,中证REITs全收益,CSI REITs Total Return Index,CSI REITs TR,1121.29,1123.2,1117.5,1122.6,,0.01,46512561.0,2.72,,
2023-02-07,932047,中证REITs全收益指数,中证REITs全收益,CSI REITs Total Return Index,CSI REITs TR,1122.14,1122.33,1120.97,1121.61,,-0.09,41100200.0,2.36,,
2023-02-08,932047,中证REITs全收益指数,中证REITs全收益,CSI REITs Total Return Index,CSI REITs TR,1121.71,1121.71,1120.3,1120.86,,-0.07,35474457.0,1.95,,
2023-02-09,932047,中证REITs全收益指数,中证REITs全收益,CSI REITs Total Return Index,CSI REITs TR,1120.14,1120.77,1119.47,1120.31,,-0.05,38136757.0,2.14,,
2023-02-10,932047,中证REITs全收益指数,中证REITs全收益,CSI REITs Total Return Index,CSI REITs TR,1120.29,1124.15,1120.28,1123.76,,0.31,52188872.0,2.92,,
2023-02-13,932047,中证REITs全收益指数,中证REITs全收益,CSI REITs Total Return Index,CSI REITs TR,1123.6,1127.85,1123.6,1126.94,,0.28,43154236.0,2.36,,
2023-02-14,932047,中证REITs全收益指数,中证REITs全收益,CSI REITs Total Return Index,CSI REITs TR,1126.85,1132.7,1126.11,1132.19,,0.47,47915434.0,2.78,,
2023-02-15,932047,中证REITs全收益指数,中证REITs全收益,CSI REITs Total Return Index,CSI REITs TR,1132.02,1137.38,1128.99,1128.99,,-0.28,47538778.0,2.62,,
2023-02-16,932047,中证REITs全收益指数,中证REITs全收益,CSI REITs Total Return Index,CSI REITs TR,1128.71,1129.36,1125.89,1126.17,,-0.25,54979188.0,2.99,,
2023-02-17,932047,中证REITs全收益指数,中证REITs全收益,CSI REITs Total Return Index,CSI REITs TR,1125.87,1126.29,1124.08,1125.05,,-0.1,46114706.0,2.66,,
2023-02-20,932047,中证REITs全收益指数,中证REITs全收益,CSI REITs Total Return Index,CSI REITs TR,1125.18,1127.37,1124.28,1126.79,,0.16,42567180.0,2.61,,
2023-02-21,932047,中证REITs全收益指数,中证REITs全收益,CSI REITs Total Return Index,CSI REITs TR,1126.65,1131.06,1126.57,1129.63,,0.25,45516114.0,2.77,,
2023-02-22,932047,中证REITs全收益指数,中证REITs全收益,CSI REITs Total Return Index,CSI REITs TR,1129.34,1131.01,1127.17,1127.49,,-0.19,38335410.0,2.19,,
2023-02-23,932047,中证REITs全收益指数,中证REITs全收益,CSI REITs Total Return Index,CSI REITs TR,1126.88,1127.92,1122.78,1122.9,,-0.41,34314035.0,1.97,,
2023-02-24,932047,中证REITs全收益指数,中证REITs全收益,CSI REITs Total Return Index,CSI REITs TR,1123.11,1123.11,1113.73,1116.53,,-0.57,35178190.0,1.96,,
2023-02-27,932047,中证REITs全收益指数,中证REITs全收益,CSI REITs Total Return Index,CSI REITs TR,1116.23,1116.23,1110.94,1111.15,,-0.48,40594607.0,2.3,,
2023-02-28,932047,中证REITs全收益指数,中证REITs全收益,CSI REITs Total Return Index,CSI REITs TR,1111.33,1111.78,1111.05,1111.61,,0.04,41732174.0,2.43,,
2023-03-01,932047,中证REITs全收益指数,中证REITs全收益,CSI REITs Total Return Index,CSI REITs TR,1113.12,1113.12,1110.84,1112.01,,0.04,39627816.0,2.37,,
2023-03-02,932047,中证REITs全收益指数,中证REITs全收益,CSI REITs Total Return Index,CSI REITs TR,1111.92,1112.86,1111.25,1111.51,,-0.04,43541736.0,2.61,,
2023-03-03,932047,中证REITs全收益指数,中证REITs全收益,CSI REITs Total Return Index,CSI REITs TR,1111.35,1112.63,1110.6,1111.08,,-0.04,47031885.0,2.83,,
2023-03-06,932047,中证REITs全收益指数,中证REITs全收益,CSI REITs Total Return Index,CSI REITs TR,1110.86,1110.86,1107.81,1107.81,,-0.29,43543117.0,2.53,,
2023-03-07,932047,中证REITs全收益指数,中证REITs全收益,CSI REITs Total Return Index,CSI REITs TR,1107.44,1107.44,1103.41,1103.41,,-0.4,47273853.0,2.75,,
2023-03-08,932047,中证REITs全收益指数,中证REITs全收益,CSI REITs Total Return Index,CSI REITs TR,1103.34,1103.34,1100.07,1100.27,,-0.28,39092555.0,2.29,,
2023-03-09,932047,中证REITs全收益指数,中证REITs全收益,CSI REITs Total Return Index,CSI REITs TR,1099.81,1101.2,1098.97,1099.22,,-0.09,35806244.0,1.99,,
2023-03-10,932047,中证REITs全收益指数,中证REITs全收益,CSI REITs Total Return Index,CSI REITs TR,1099.35,1099.35,1098.23,1098.61,,-0.06,39382947.0,2.18,,
2023-03-13,932047,中证REITs全收益指数,中证REITs全收益,CSI REITs Total Return Index,CSI REITs TR,1097.63,1106.66,1097.63,1105.66,,0.64,74194504.0,3.53,,
2023-03-14,932047,中证REITs全收益指数,中证REITs全收益,CSI REITs Total Return Index,CSI REITs TR,1105.12,1105.12,1102.72,1104.3,,-0.12,72953714.0,3.65,,
2023-03-15,932047,中证REITs全收益指数,中证REITs全收益,CSI REITs Total Return Index,CSI REITs TR,1104.57,1105.55,1103.51,1103.93,,-0.03,67521067.0,3.48,,
2023-03-16,932047,中证REITs全收益指数,中证REITs全收益,CSI REITs Total Return Index,CSI REITs TR,1104.12,1104.12,1100.94,1101.13,,-0.25,55220370.0,2.74,,
2023-03-17,932047,中证REITs全收益指数,中证REITs全收益,CSI REITs Total Return Index,CSI REITs TR,1101.12,1101.67,1099.93,1100.68,,-0.04,56809516.0,2.97,,
2023-03-20,932047,中证REITs全收益指数,中证REITs全收益,CSI REITs Total Return Index,CSI REITs TR,1100.84,1100.84,1095.62,1096.02,,-0.42,60358895.0,3.01,,
2023-03-21,932047,中证REITs全收益指数,中证REITs全收益,CSI REITs Total Return Index,CSI REITs TR,1095.58,1095.58,1094.14,1094.73,,-0.12,56108797.0,2.92,,
2023-03-22,932047,中证REITs全收益指数,中证REITs全收益,CSI REITs Total Return Index,CSI REITs TR,1094.75,1095.25,1093.19,1093.84,,-0.08,56001718.0,2.89,,
2023-03-23,932047,中证REITs全收益指数,中证REITs全收益,CSI REITs Total Return Index,CSI REITs TR,1094.55,1094.55,1092.8,1093.55,,-0.03,57910520.0,3.0,,
2023-03-24,932047,中证REITs全收益指数,中证REITs全收益,CSI REITs Total Return Index,CSI REITs TR,1093.76,1093.76,1091.91,1092.76,,-0.07,63887795.0,3.36,,
2023-03-27,932047,中证REITs全收益指数,中证REITs全收益,CSI REITs Total Return Index,CSI REITs TR,1092.78,1094.89,1092.23,1093.36,,0.05,64814154.0,3.3,,
2023-03-28,932047,中证REITs全收益指数,中证REITs全收益,CSI REITs Total Return Index,CSI REITs TR,1093.13,1093.13,1088.19,1088.55,,-0.44,60570084.0,2.98,,
2023-03-29,932047,中证REITs全收益指数,中证REITs全收益,CSI REITs Total Return Index,CSI REITs TR,1089.22,1089.22,1079.75,1080.33,,-0.76,49720266.0,2.42,,
2023-03-30,932047,中证REITs全收益指数,中证REITs全收益,CSI REITs Total Return Index,CSI REITs TR,1080.36,1080.59,1077.21,1079.33,,-0.09,62169027.0,3.0,,
2023-03-31,932047,中证REITs全收益指数,中证REITs全收益,CSI REITs Total Return Index,CSI REITs TR,1079.01,1084.65,1079.01,1084.65,,0.49,79157247.0,3.91,,
2023-04-03,932047,中证REITs全收益指数,中证REITs全收益,CSI REITs Total Return Index,CSI REITs TR,1084.9,1089.18,1084.9,1089.08,,0.41,67580359.0,3.37,,
2023-04-04,932047,中证REITs全收益指数,中证REITs全收益,CSI REITs Total Return Index,CSI REITs TR,1089.95,1091.9,1088.4,1089.1,,0.0,59412419.0,3.17,,
2023-04-06,932047,中证REITs全收益指数,中证REITs全收益,CSI REITs Total Return Index,CSI REITs TR,1090.74,1090.74,1084.6,1085.98,,-0.29,55148163.0,2.78,,
2023-04-07,932047,中证REITs全收益指数,中证REITs全收益,CSI REITs Total Return Index,CSI REITs TR,1086.05,1088.16,1084.93,1087.79,,0.17,61620664.0,3.1,,
2023-04-10,932047,中证REITs全收益指数,中证REITs全收益,CSI REITs Total Return Index,CSI REITs TR,1088.28,1088.28,1085.48,1085.57,,-0.2,50265409.0,2.53,,
2023-04-11,932047,中证REITs全收益指数,中证REITs全收益,CSI REITs Total Return Index,CSI REITs TR,1085.6,1085.6,1079.66,1080.85,,-0.44,55095709.0,2.79,,
2023-04-12,932047,中证REITs全收益指数,中证REITs全收益,CSI REITs Total Return Index,CSI REITs TR,1080.9,1080.9,1072.26,1074.55,,-0.58,56721198.0,2.75,,
2023-04-13,932047,中证REITs全收益指数,中证REITs全收益,CSI REITs Total Return Index,CSI REITs TR,1075.04,1075.04,1067.17,1069.75,,-0.45,66263538.0,3.11,,
2023-04-14,932047,中证REITs全收益指数,中证REITs全收益,CSI REITs Total Return Index,CSI REITs TR,1069.34,1071.71,1068.85,1071.71,,0.18,67318157.0,3.2,,
2023-04-17,932047,中证REITs全收益指数,中证REITs全收益,CSI REITs Total Return Index,CSI REITs TR,1071.54,1075.21,1071.54,1075.21,,0.33,70158730.0,3.38,,
2023-04-18,932047,中证REITs全收益指数,中证REITs全收益,CSI REITs Total Return Index,CSI REITs TR,1075.43,1078.14,1075.43,1077.87,,0.25,66291476.0,3.22,,
2023-04-19,932047,中证REITs全收益指数,中证REITs全收益,CSI REITs Total Return Index,CSI REITs TR,1077.41,1077.77,1074.02,1074.15,,-0.34,66518802.0,3.31,,
2023-04-20,932047,中证REITs全收益指数,中证REITs全收益,CSI REITs Total Return Index,CSI REITs TR,1074.42,1074.42,1066.61,1068.46,,-0.53,61153413.0,3.13,,
2023-04-21,932047,中证REITs全收益指数,中证REITs全收益,CSI REITs Total Return Index,CSI REITs TR,1068.31,1068.31,1052.62,1053.56,,-1.4,65784769.0,2.85,,
2023-04-24,932047,中证REITs全收益指数,中证REITs全收益,CSI REITs Total Return Index,CSI REITs TR,1053.11,1053.11,1048.13,1049.43,,-0.39,50062437.0,2.27,,
2023-04-25,932047,中证REITs全收益指数,中证REITs全收益,CSI REITs Total Return Index,CSI REITs TR,1050.34,1050.34,1043.5,1044.71,,-0.45,39178836.0,1.89,,
2023-04-26,932047,中证REITs全收益指数,中证REITs全收益,CSI REITs Total Return Index,CSI REITs TR,1045.98,1045.98,1037.57,1039.08,,-0.54,34597628.0,1.69,,
2023-04-27,932047,中证REITs全收益指数,中证REITs全收益,CSI REITs Total Return Index,CSI REITs TR,1038.45,1038.45,1029.43,1029.43,,-0.93,33317174.0,1.48,,
2023-04-28,932047,中证REITs全收益指数,中证REITs全收益,CSI REITs Total Return Index,CSI REITs TR,1028.74,1031.61,1026.59,1029.05,,-0.04,42619580.0,1.94,,
2023-05-04,932047,中证REITs全收益指数,中证REITs全收益,CSI REITs Total Return Index,CSI REITs TR,1029.02,1029.02,1021.57,1022.6,,-0.63,35627464.0,1.56,,
2023-05-05,932047,中证REITs全收益指数,中证REITs全收益,CSI REITs Total Return Index,CSI REITs TR,1023.04,1023.04,1015.75,1017.29,,-0.52,34583557.0,1.51,,
2023-05-08,932047,中证REITs全收益指数,中证REITs全收益,CSI REITs Total Return Index,CSI REITs TR,1017.36,1018.17,1012.46,1013.36,,-0.39,31792489.0,1.51,,
2023-05-09,932047,中证REITs全收益指数,中证REITs全收益,CSI REITs Total Return Index,CSI REITs TR,1013.62,1015.49,1009.99,1015.49,,0.21,43950620.0,1.95,,
2023-05-10,932047,中证REITs全收益指数,中证REITs全收益,CSI REITs Total Return Index,CSI REITs TR,1015.38,1031.77,1014.72,1031.64,,1.59,55005360.0,2.43,,
2023-05-11,932047,中证REITs全收益指数,中证REITs全收益,CSI REITs Total Return Index,CSI REITs TR,1032.8,1035.35,1032.8,1034.5,,0.28,55146087.0,2.46,,
2023-05-12,932047,中证REITs全收益指数,中证REITs全收益,CSI REITs Total Return Index,CSI REITs TR,1034.49,1034.49,1028.48,1032.25,,-0.22,46089980.0,1.98,,
2023-05-15,932047,中证REITs全收益指数,中证REITs全收益,CSI REITs Total Return Index,CSI REITs TR,1031.58,1031.58,1024.21,1025.18,,-0.69,50986120.0,2.19,,
2023-05-16,932047,中证REITs全收益指数,中证REITs全收益,CSI REITs Total Return Index,CSI REITs TR,1025.57,1030.09,1021.52,1029.71,,0.44,38984108.0,1.68,,
2023-05-17,932047,中证REITs全收益指数,中证REITs全收益,CSI REITs Total Return Index,CSI REITs TR,1030.01,1030.23,1027.61,1027.71,,-0.19,40569277.0,1.61,,
2023-05-18,932047,中证REITs全收益指数,中证REITs全收益,CSI REITs Total Return Index,CSI REITs TR,1027.58,1027.58,1024.81,1025.53,,-0.21,24122587.0,1.05,,
2023-05-19,932047,中证REITs全收益指数,中证REITs全收益,CSI REITs Total Return Index,CSI REITs TR,1025.94,1025.94,1021.1,1022.73,,-0.27,38413290.0,1.5,,
2023-05-22,932047,中证REITs全收益指数,中证REITs全收益,CSI REITs Total Return Index,CSI REITs TR,1022.23,1022.23,1018.16,1020.62,,-0.21,35772337.0,1.48,,
2023-05-23,932047,中证REITs全收益指数,中证REITs全收益,CSI REITs Total Return Index,CSI REITs TR,1020.38,1020.38,1018.94,1020.14,,-0.05,30594226.0,1.31,,
2023-05-24,932047,中证REITs全收益指数,中证REITs全收益,CSI REITs Total Return Index,CSI REITs TR,1020.24,1020.24,1018.08,1019.06,,-0.1,32393170.0,1.31,,
2023-05-25,932047,中证REITs全收益指数,中证REITs全收益,CSI REITs Total Return Index,CSI REITs TR,1018.26,1019.47,1017.6,1019.47,,0.04,34780617.0,1.5,,
2023-05-26,932047,中证REITs全收益指数,中证REITs全收益,CSI REITs Total Return Index,CSI REITs TR,1019.54,1020.96,1015.93,1017.34,,-0.21,40308131.0,1.73,,
2023-05-29,932047,中证REITs全收益指数,中证REITs全收益,CSI REITs Total Return Index,CSI REITs TR,1017.46,1017.46,1009.16,1009.98,,-0.72,31756024.0,1.38,,
2023-05-30,932047,中证REITs全收益指数,中证REITs全收益,CSI REITs Total Return Index,CSI REITs TR,1009.77,1009.77,995.74,996.39,,-1.35,35937123.0,1.48,,
2023-05-31,932047,中证REITs全收益指数,中证REITs全收益,CSI REITs Total Return Index,CSI REITs TR,995.82,995.82,982.02,982.35,,-1.41,37141219.0,1.52,,
2023-06-01,932047,中证REITs全收益指数,中证REITs全收益,CSI REITs Total Return Index,CSI REITs TR,982.09,982.09,976.21,976.21,,-0.63,36792278.0,1.54,,
2023-06-02,932047,中证REITs全收益指数,中证REITs全收益,CSI REITs Total Return Index,CSI REITs TR,975.96,975.96,969.5,970.31,,-0.6,44028695.0,1.74,,
2023-06-05,932047,中证REITs全收益指数,中证REITs全收益,CSI REITs Total Return Index,CSI REITs TR,970.44,970.44,938.75,939.32,,-3.19,42022783.0,1.97,,
2023-06-06,932047,中证REITs全收益指数,中证REITs全收益,CSI REITs Total Return Index,CSI REITs TR,939.34,939.34,908.27,930.99,,-0.89,51815427.0,2.13,,
2023-06-07,932047,中证REITs全收益指数,中证REITs全收益,CSI REITs Total Return Index,CSI REITs TR,929.43,943.14,923.95,943.14,,1.31,52346266.0,2.01,,
2023-06-08,932047,中证REITs全收益指数,中证REITs全收益,CSI REITs Total Return Index,CSI REITs TR,942.15,964.39,942.15,964.39,,2.25,64984703.0,2.71,,
2023-06-09,932047,中证REITs全收益指数,中证REITs全收益,CSI REITs Total Return Index,CSI REITs TR,964.68,970.4,964.18,964.26,,-0.01,45024026.0,1.85,,
2023-06-12,932047,中证REITs全收益指数,中证REITs全收益,CSI REITs Total Return Index,CSI REITs TR,963.97,963.97,951.65,957.82,,-0.67,44845960.0,1.8,,
2023-06-13,932047,中证REITs全收益指数,中证REITs全收益,CSI REITs Total Return Index,CSI REITs TR,957.2,957.2,953.34,954.72,,-0.32,38808687.0,1.59,,
2023-06-14,932047,中证REITs全收益指数,中证REITs全收益,CSI REITs Total Return Index,CSI REITs TR,954.57,954.57,952.36,952.73,,-0.21,43683622.0,1.75,,
2023-06-15,932047,中证REITs全收益指数,中证REITs全收益,CSI REITs Total Return Index,CSI REITs TR,952.4,952.4,948.91,950.33,,-0.25,40711777.0,1.7,,
2023-06-16,932047,中证REITs全收益指数,中证REITs全收益,CSI REITs Total Return Index,CSI REITs TR,951.38,956.04,950.89,956.04,,0.6,45949120.0,1.97,,
2023-06-19,932047,中证REITs全收益指数,中证REITs全收益,CSI REITs Total Return Index,CSI REITs TR,954.94,954.94,947.19,948.54,,-0.78,35491271.0,1.52,,
2023-06-20,932047,中证REITs全收益指数,中证REITs全收益,CSI REITs Total Return Index,CSI REITs TR,948.62,948.62,945.11,945.69,,-0.3,39400141.0,1.73,,
2023-06-21,932047,中证REITs全收益指数,中证REITs全收益,CSI REITs Total Return Index,CSI REITs TR,945.74,945.74,939.54,939.67,,-0.64,42378586.0,1.72,,
2023-06-26,932047,中证REITs全收益指数,中证REITs全收益,CSI REITs Total Return Index,CSI REITs TR,938.73,938.73,932.97,933.67,,-0.64,35744692.0,1.54,,
2023-06-27,932047,中证REITs全收益指数,中证REITs全收益,CSI REITs Total Return Index,CSI REITs TR,933.65,933.65,929.14,930.6,,-0.33,53854091.0,2.09,,
2023-06-28,932047,中证REITs全收益指数,中证REITs全收益,CSI REITs Total Return Index,CSI REITs TR,931.54,931.54,924.6,928.91,,-0.18,66539235.0,2.68,,
2023-06-29,932047,中证REITs全收益指数,中证REITs全收益,CSI REITs Total Return Index,CSI REITs TR,929.33,929.33,922.96,924.95,,-0.43,53761693.0,2.11,,
2023-06-30,932047,中证REITs全收益指数,中证REITs全收益,CSI REITs Total Return Index,CSI REITs TR,925.11,925.11,916.46,918.59,,-0.69,63469739.0,2.36,,
2023-07-03,932047,中证REITs全收益指数,中证REITs全收益,CSI REITs Total Return Index,CSI REITs TR,917.95,917.95,908.14,909.04,,-1.04,55643148.0,2.29,,
2023-07-04,932047,中证REITs全收益指数,中证REITs全收益,CSI REITs Total Return Index,CSI REITs TR,908.66,908.66,902.88,903.0,,-0.66,50763513.0,2.05,,
2023-07-05,932047,中证REITs全收益指数,中证REITs全收益,CSI REITs Total Return Index,CSI REITs TR,902.86,902.86,891.08,892.75,,-1.13,60651711.0,2.3,,
2023-07-06,932047,中证REITs全收益指数,中证REITs全收益,CSI REITs Total Return Index,CSI REITs TR,893.76,909.36,893.7,909.36,,1.86,86387872.0,3.25,,
2023-07-07,932047,中证REITs全收益指数,中证REITs全收益,CSI REITs Total Return Index,CSI REITs TR,908.67,934.04,908.67,928.76,,2.13,80498517.0,3.12,,
2023-07-10,932047,中证REITs全收益指数,中证REITs全收益,CSI REITs Total Return Index,CSI REITs TR,928.44,931.3,928.44,931.2,,0.26,62298826.0,2.5,,
2023-07-11,932047,中证REITs全收益指数,中证REITs全收益,CSI REITs Total Return Index,CSI REITs TR,930.98,930.98,926.09,928.2,,-0.32,53201201.0,2.15,,
2023-07-12,932047,中证REITs全收益指数,中证REITs全收益,CSI REITs Total Return Index,CSI REITs TR,927.38,927.38,922.35,923.76,,-0.48,47497979.0,1.94,,
2023-07-13,932047,中证REITs全收益指数,中证REITs全收益,CSI REITs Total Return Index,CSI REITs TR,923.13,930.76,923.13,930.76,,0.76,61212971.0,2.4,,
2023-07-14,932047,中证REITs全收益指数,中证REITs全收益,CSI REITs Total Return Index,CSI REITs TR,929.81,941.19,928.05,938.67,,0.85,68851526.0,2.83,,
2023-07-17,932047,中证REITs全收益指数,中证REITs全收益,CSI REITs Total Return Index,CSI REITs TR,940.53,961.59,939.55,961.59,,2.44,85745893.0,3.41,,
2023-07-18,932047,中证REITs全收益指数,中证REITs全收益,CSI REITs Total Return Index,CSI REITs TR,962.2,989.36,962.2,989.34,,2.89,116605839.0,4.72,,
2023-07-19,932047,中证REITs全收益指数,中证REITs全收益,CSI REITs Total Return Index,CSI REITs TR,990.66,990.66,977.3,978.29,,-1.12,114710463.0,4.68,,
2023-07-20,932047,中证REITs全收益指数,中证REITs全收益,CSI REITs Total Return Index,CSI REITs TR,976.61,976.61,961.01,961.9,,-1.68,72635852.0,2.88,,
2023-07-21,932047,中证REITs全收益指数,中证REITs全收益,CSI REITs Total Return Index,CSI REITs TR,961.52,964.18,957.09,963.6,,0.18,75685932.0,2.96,,
2023-07-24,932047,中证REITs全收益指数,中证REITs全收益,CSI REITs Total Return Index,CSI REITs TR,962.85,963.04,955.2,963.04,,-0.06,80758563.0,3.07,,
2023-07-25,932047,中证REITs全收益指数,中证REITs全收益,CSI REITs Total Return Index,CSI REITs TR,963.26,968.86,963.14,965.14,,0.22,83596030.0,3.3,,
2023-07-26,932047,中证REITs全收益指数,中证REITs全收益,CSI REITs Total Return Index,CSI REITs TR,964.53,964.53,961.6,963.27,,-0.19,63342568.0,2.46,,
2023-07-27,932047,中证REITs全收益指数,中证REITs全收益,CSI REITs Total Return Index,CSI REITs TR,962.91,963.41,959.38,960.5,,-0.29,54084305.0,2.11,,
2023-07-28,932047,中证REITs全收益指数,中证REITs全收益,CSI REITs Total Return Index,CSI REITs TR,960.16,960.88,956.61,960.88,,0.04,68992038.0,2.74,,
2023-07-31,932047,中证REITs全收益指数,中证REITs全收益,CSI REITs Total Return Index,CSI REITs TR,960.87,966.18,960.87,965.54,,0.49,84545807.0,3.24,,
2023-08-01,932047,中证REITs全收益指数,中证REITs全收益,CSI REITs Total Return Index,CSI REITs TR,965.69,976.43,965.35,972.05,,0.67,103098055.0,4.01,,
2023-08-02,932047,中证REITs全收益指数,中证REITs全收益,CSI REITs Total Return Index,CSI REITs TR,971.86,978.36,970.48,975.75,,0.38,89549863.0,3.42,,
2023-08-03,932047,中证REITs全收益指数,中证REITs全收益,CSI REITs Total Return Index,CSI REITs TR,975.78,977.82,974.18,975.12,,-0.06,76567669.0,3.12,,
2023-08-04,932047,中证REITs全收益指数,中证REITs全收益,CSI REITs Total Return Index,CSI REITs TR,974.23,978.22,974.23,978.22,,0.32,64256744.0,2.5,,
2023-08-07,932047,中证REITs全收益指数,中证REITs全收益,CSI REITs Total Return Index,CSI REITs TR,977.4,980.14,974.85,980.14,,0.2,68044128.0,2.71,,
2023-08-08,932047,中证REITs全收益指数,中证REITs全收益,CSI REITs Total Return Index,CSI REITs TR,980.03,982.68,978.19,981.63,,0.15,87281535.0,3.34,,
2023-08-09,932047,中证REITs全收益指数,中证REITs全收益,CSI REITs Total Return Index,CSI REITs TR,981.6,984.36,981.6,984.15,,0.26,54186183.0,2.16,,
2023-08-10,932047,中证REITs全收益指数,中证REITs全收益,CSI REITs Total Return Index,CSI REITs TR,984.31,986.62,984.19,984.5,,0.04,80396898.0,3.24,,
2023-08-11,932047,中证REITs全收益指数,中证REITs全收益,CSI REITs Total Return Index,CSI REITs TR,984.97,984.97,981.23,981.25,,-0.33,68796987.0,2.67,,
2023-08-14,932047,中证REITs全收益指数,中证REITs全收益,CSI REITs Total Return Index,CSI REITs TR,980.57,980.57,970.12,979.02,,-0.23,60743166.0,2.45,,
2023-08-15,932047,中证REITs全收益指数,中证REITs全收益,CSI REITs Total Return Index,CSI REITs TR,978.61,983.01,977.43,979.64,,0.06,70253959.0,2.78,,
2023-08-16,932047,中证REITs全收益指数,中证REITs全收益,CSI REITs Total Return Index,CSI REITs TR,979.67,979.8,974.78,976.12,,-0.36,53828656.0,2.11,,
2023-08-17,932047,中证REITs全收益指数,中证REITs全收益,CSI REITs Total Return Index,CSI REITs TR,975.33,975.33,971.03,971.03,,-0.52,59228535.0,2.39,,
2023-08-18,932047,中证REITs全收益指数,中证REITs全收益,CSI REITs Total Return Index,CSI REITs TR,971.12,973.1,970.26,972.0,,0.1,69539365.0,2.59,,
2023-08-21,932047,中证REITs全收益指数,中证REITs全收益,CSI REITs Total Return Index,CSI REITs TR,971.69,971.69,965.1,966.34,,-0.58,59168592.0,2.31,,
2023-08-22,932047,中证REITs全收益指数,中证REITs全收益,CSI REITs Total Return Index,CSI REITs TR,965.91,965.91,958.42,964.1,,-0.23,59584064.0,2.37,,
2023-08-23,932047,中证REITs全收益指数,中证REITs全收益,CSI REITs Total Return Index,CSI REITs TR,963.15,963.15,960.34,962.5,,-0.17,66503001.0,2.66,,
2023-08-24,932047,中证REITs全收益指数,中证REITs全收益,CSI REITs Total Return Index,CSI REITs TR,962.69,966.9,960.73,966.9,,0.46,69251970.0,2.75,,
2023-08-25,932047,中证REITs全收益指数,中证REITs全收益,CSI REITs Total Return Index,CSI REITs TR,965.86,969.99,964.01,969.99,,0.32,59562932.0,2.37,,
2023-08-28,932047,中证REITs全收益指数,中证REITs全收益,CSI REITs Total Return Index,CSI REITs TR,970.38,978.54,970.38,971.66,,0.17,69733081.0,2.74,,
2023-08-29,932047,中证REITs全收益指数,中证REITs全收益,CSI REITs Total Return Index,CSI REITs TR,971.19,971.19,966.83,969.16,,-0.26,65192565.0,2.63,,
2023-08-30,932047,中证REITs全收益指数,中证REITs全收益,CSI REITs Total Return Index,CSI REITs TR,968.33,970.07,967.38,968.71,,-0.05,63004611.0,2.54,,
2023-08-31,932047,中证REITs全收益指数,中证REITs全收益,CSI REITs Total Return Index,CSI REITs TR,968.68,969.21,966.57,967.94,,-0.08,64221099.0,2.55,,
2023-09-01,932047,中证REITs全收益指数,中证REITs全收益,CSI REITs Total Return Index,CSI REITs TR,967.6,969.1,964.09,964.79,,-0.32,61094155.0,2.54,,
2023-09-04,932047,中证REITs全收益指数,中证REITs全收益,CSI REITs Total Return Index,CSI REITs TR,964.76,964.76,961.92,962.5,,-0.24,61069115.0,2.54,,
2023-09-05,932047,中证REITs全收益指数,中证REITs全收益,CSI REITs Total Return Index,CSI REITs TR,963.05,963.05,960.48,962.52,,0.0,54585276.0,2.15,,
2023-09-06,932047,中证REITs全收益指数,中证REITs全收益,CSI REITs Total Return Index,CSI REITs TR,962.15,962.94,960.4,962.38,,-0.01,50653423.0,1.98,,
2023-09-07,932047,中证REITs全收益指数,中证REITs全收益,CSI REITs Total Return Index,CSI REITs TR,962.21,962.58,961.14,962.49,,0.01,47693066.0,1.92,,
2023-09-08,932047,中证REITs全收益指数,中证REITs全收益,CSI REITs Total Return Index,CSI REITs TR,962.31,964.61,961.74,964.61,,0.22,59961884.0,2.37,,
2023-09-11,932047,中证REITs全收益指数,中证REITs全收益,CSI REITs Total Return Index,CSI REITs TR,964.58,970.51,964.58,970.51,,0.61,73521889.0,3.1,,
2023-09-12,932047,中证REITs全收益指数,中证REITs全收益,CSI REITs Total Return Index,CSI REITs TR,970.53,971.6,969.47,970.02,,-0.05,64784863.0,2.71,,
2023-09-13,932047,中证REITs全收益指数,中证REITs全收益,CSI REITs Total Return Index,CSI REITs TR,969.16,969.49,968.26,968.93,,-0.11,54956044.0,2.37,,
2023-09-14,932047,中证REITs全收益指数,中证REITs全收益,CSI REITs Total Return Index,CSI REITs TR,968.8,968.95,966.91,967.65,,-0.13,55818556.0,2.55,,
2023-09-15,932047,中证REITs全收益指数,中证REITs全收益,CSI REITs Total Return Index,CSI REITs TR,967.73,967.73,964.74,965.67,,-0.2,55537330.0,2.38,,
2023-09-18,932047,中证REITs全收益指数,中证REITs全收益,CSI REITs Total Return Index,CSI REITs TR,965.23,965.23,962.43,962.73,,-0.3,52311011.0,2.17,,
2023-09-19,932047,中证REITs全收益指数,中证REITs全收益,CSI REITs Total Return Index,CSI REITs TR,962.33,962.54,960.73,962.54,,-0.02,52893999.0,2.34,,
2023-09-20,932047,中证REITs全收益指数,中证REITs全收益,CSI REITs Total Return Index,CSI REITs TR,962.42,962.72,960.67,962.42,,-0.01,51532263.0,2.27,,
2023-09-21,932047,中证REITs全收益指数,中证REITs全收益,CSI REITs Total Return Index,CSI REITs TR,962.07,962.07,958.58,962.06,,-0.04,47945258.0,2.02,,
2023-09-22,932047,中证REITs全收益指数,中证REITs全收益,CSI REITs Total Return Index,CSI REITs TR,962.78,963.4,959.44,963.28,,0.13,50092324.0,2.2,,
2023-09-25,932047,中证REITs全收益指数,中证REITs全收益,CSI REITs Total Return Index,CSI REITs TR,963.19,963.19,961.62,962.88,,-0.04,60298074.0,2.59,,
2023-09-26,932047,中证REITs全收益指数,中证REITs全收益,CSI REITs Total Return Index,CSI REITs TR,962.94,963.09,961.04,963.09,,0.02,53810971.0,2.42,,
2023-09-27,932047,中证REITs全收益指数,中证REITs全收益,CSI REITs Total Return Index,CSI REITs TR,962.75,963.3,961.23,963.3,,0.02,58726554.0,2.64,,
2023-09-28,932047,中证REITs全收益指数,中证REITs全收益,CSI REITs Total Return Index,CSI REITs TR,963.19,966.9,963.19,965.3,,0.21,71744552.0,3.15,,
2023-10-09,932047,中证REITs全收益指数,中证REITs全收益,CSI REITs Total Return Index,CSI REITs TR,964.78,964.78,961.89,962.17,,-0.32,52779544.0,2.35,,
2023-10-10,932047,中证REITs全收益指数,中证REITs全收益,CSI REITs Total Return Index,CSI REITs TR,962.05,962.05,959.31,960.3,,-0.19,52160337.0,2.26,,
2023-10-11,932047,中证REITs全收益指数,中证REITs全收益,CSI REITs Total Return Index,CSI REITs TR,959.85,959.85,954.43,954.79,,-0.57,49316754.0,2.12,,
2023-10-12,932047,中证REITs全收益指数,中证REITs全收益,CSI REITs Total Return Index,CSI REITs TR,954.54,955.12,953.12,953.75,,-0.11,52358427.0,2.29,,
2023-10-13,932047,中证REITs全收益指数,中证REITs全收益,CSI REITs Total Return Index,CSI REITs TR,954.02,954.02,948.89,950.03,,-0.39,47899335.0,2.04,,
2023-10-16,932047,中证REITs全收益指数,中证REITs全收益,CSI REITs Total Return Index,CSI REITs TR,949.51,949.51,942.85,943.67,,-0.67,55855090.0,2.34,,
2023-10-17,932047,中证REITs全收益指数,中证REITs全收益,CSI REITs Total Return Index,CSI REITs TR,942.68,942.68,934.56,938.95,,-0.5,66674705.0,2.68,,
2023-10-18,932047,中证REITs全收益指数,中证REITs全收益,CSI REITs Total Return Index,CSI REITs TR,938.4,938.62,929.94,933.79,,-0.55,56968009.0,2.34,,
2023-10-19,932047,中证REITs全收益指数,中证REITs全收益,CSI REITs Total Return Index,CSI REITs TR,933.13,933.13,923.85,927.09,,-0.72,44394651.0,1.71,,
2023-10-20,932047,中证REITs全收益指数,中证REITs全收益,CSI REITs Total Return Index,CSI REITs TR,926.35,926.35,912.87,915.88,,-1.21,52923739.0,2.16,,
2023-10-23,932047,中证REITs全收益指数,中证REITs全收益,CSI REITs Total Return Index,CSI REITs TR,914.46,914.46,899.48,902.33,,-1.48,47905025.0,2.0,,
2023-10-24,932047,中证REITs全收益指数,中证REITs全收益,CSI REITs Total Return Index,CSI REITs TR,901.79,911.82,896.63,911.82,,1.05,61909126.0,2.73,,
2023-10-25,932047,中证REITs全收益指数,中证REITs全收益,CSI REITs Total Return Index,CSI REITs TR,911.55,924.27,911.55,916.23,,0.48,76482044.0,3.22,,
2023-10-26,932047,中证REITs全收益指数,中证REITs全收益,CSI REITs Total Return Index,CSI REITs TR,915.03,915.67,909.11,914.39,,-0.2,71888928.0,2.88,,
2023-10-27,932047,中证REITs全收益指数,中证REITs全收益,CSI REITs Total Return Index,CSI REITs TR,914.94,914.94,912.84,914.67,,0.03,63709560.0,2.77,,
2023-10-30,932047,中证REITs全收益指数,中证REITs全收益,CSI REITs Total Return Index,CSI REITs TR,914.63,914.63,909.02,909.84,,-0.53,62437088.0,2.58,,
2023-10-31,932047,中证REITs全收益指数,中证REITs全收益,CSI REITs Total Return Index,CSI REITs TR,910.09,910.16,907.57,908.96,,-0.1,56940486.0,2.36,,
2023-11-01,932047,中证REITs全收益指数,中证REITs全收益,CSI REITs Total Return Index,CSI REITs TR,909.1,909.1,902.85,905.0,,-0.44,57384290.0,2.37,,
2023-11-02,932047,中证REITs全收益指数,中证REITs全收益,CSI REITs Total Return Index,CSI REITs TR,904.11,904.52,899.26,902.55,,-0.27,44305731.0,1.9,,
2023-11-03,932047,中证REITs全收益指数,中证REITs全收益,CSI REITs Total Return Index,CSI REITs TR,902.48,903.98,901.51,903.3,,0.08,53868356.0,2.25,,
2023-11-06,932047,中证REITs全收益指数,中证REITs全收益,CSI REITs Total Return Index,CSI REITs TR,903.85,903.9,900.09,902.59,,-0.08,57932679.0,2.44,,
2023-11-07,932047,中证REITs全收益指数,中证REITs全收益,CSI REITs Total Return Index,CSI REITs TR,902.31,902.31,896.75,897.93,,-0.52,54906497.0,2.2,,
2023-11-08,932047,中证REITs全收益指数,中证REITs全收益,CSI REITs Total Return Index,CSI REITs TR,898.22,903.83,896.77,903.59,,0.63,54941371.0,2.34,,
2023-11-09,932047,中证REITs全收益指数,中证REITs全收益,CSI REITs Total Return Index,CSI REITs TR,903.71,911.05,903.71,911.05,,0.83,69469862.0,2.82,,
2023-11-10,932047,中证REITs全收益指数,中证REITs全收益,CSI REITs Total Return Index,CSI REITs TR,911.28,911.28,908.11,909.14,,-0.21,59209281.0,2.43,,
2023-11-13,932047,中证REITs全收益指数,中证REITs全收益,CSI REITs Total Return Index,CSI REITs TR,908.57,908.57,903.53,904.91,,-0.47,47734919.0,2.0,,
2023-11-14,932047,中证REITs全收益指数,中证REITs全收益,CSI REITs Total Return Index,CSI REITs TR,904.68,905.5,902.9,904.22,,-0.08,49894586.0,2.09,,
2023-11-15,932047,中证REITs全收益指数,中证REITs全收益,CSI REITs Total Return Index,CSI REITs TR,903.57,903.57,900.1,901.57,,-0.29,49191758.0,2.04,,
2023-11-16,932047,中证REITs全收益指数,中证REITs全收益,CSI REITs Total Return Index,CSI REITs TR,901.08,901.08,896.78,898.96,,-0.29,33331733.0,1.41,,
2023-11-17,932047,中证REITs全收益指数,中证REITs全收益,CSI REITs Total Return Index,CSI REITs TR,897.9,897.9,894.75,895.63,,-0.37,36115340.0,1.56,,
2023-11-20,932047,中证REITs全收益指数,中证REITs全收益,CSI REITs Total Return Index,CSI REITs TR,894.5,894.5,890.52,892.49,,-0.35,46643256.0,1.82,,
2023-11-21,932047,中证REITs全收益指数,中证REITs全收益,CSI REITs Total Return Index,CSI REITs TR,891.74,891.74,887.91,888.79,,-0.42,59892270.0,2.38,,
2023-11-22,932047,中证REITs全收益指数,中证REITs全收益,CSI REITs Total Return Index,CSI REITs TR,887.76,887.76,879.73,882.52,,-0.71,58633750.0,2.33,,
2023-11-23,932047,中证REITs全收益指数,中证REITs全收益,CSI REITs Total Return Index,CSI REITs TR,881.27,881.27,872.81,873.8,,-0.99,71697830.0,3.15,,
2023-11-24,932047,中证REITs全收益指数,中证REITs全收益,CSI REITs Total Return Index,CSI REITs TR,873.53,873.53,860.92,862.39,,-1.3,57399019.0,2.35,,
2023-11-27,932047,中证REITs全收益指数,中证REITs全收益,CSI REITs Total Return Index,CSI REITs TR,861.69,861.69,846.6,851.01,,-1.32,66058736.0,2.58,,
2023-11-28,932047,中证REITs全收益指数,中证REITs全收益,CSI REITs Total Return Index,CSI REITs TR,849.89,849.89,842.98,847.27,,-0.44,73893862.0,2.83,,
2023-11-29,932047,中证REITs全收益指数,中证REITs全收益,CSI REITs Total Return Index,CSI REITs TR,846.63,846.64,839.5,846.03,,-0.15,77069954.0,2.87,,
2023-11-30,932047,中证REITs全收益指数,中证REITs全收益,CSI REITs Total Return Index,CSI REITs TR,845.01,849.58,842.19,849.26,,0.38,100069895.0,3.64,,
2023-12-01,932047,中证REITs全收益指数,中证REITs全收益,CSI REITs Total Return Index,CSI REITs TR,848.62,850.32,846.67,850.32,,0.13,74288183.0,2.92,,
2023-12-04,932047,中证REITs全收益指数,中证REITs全收益,CSI REITs Total Return Index,CSI REITs TR,850.1,850.1,845.18,849.77,,-0.06,81114713.0,2.94,,
2023-12-05,932047,中证REITs全收益指数,中证REITs全收益,CSI REITs Total Return Index,CSI REITs TR,849.47,849.47,842.42,846.35,,-0.4,83039018.0,2.94,,
2023-12-06,932047,中证REITs全收益指数,中证REITs全收益,CSI REITs Total Return Index,CSI REITs TR,844.96,847.94,843.73,847.94,,0.19,71338224.0,2.65,,
2023-12-07,932047,中证REITs全收益指数,中证REITs全收益,CSI REITs Total Return Index,CSI REITs TR,846.88,846.88,843.04,845.85,,-0.25,63907800.0,2.37,,
2023-12-08,932047,中证REITs全收益指数,中证REITs全收益,CSI REITs Total Return Index,CSI REITs TR,845.05,845.05,840.01,843.35,,-0.29,75676086.0,2.93,,
2023-12-11,932047,中证REITs全收益指数,中证REITs全收益,CSI REITs Total Return Index,CSI REITs TR,842.2,842.2,833.65,836.91,,-0.76,81061056.0,3.08,,
2023-12-12,932047,中证REITs全收益指数,中证REITs全收益,CSI REITs Total Return Index,CSI REITs TR,836.31,836.31,825.54,829.69,,-0.86,75881531.0,2.71,,
2023-12-13,932047,中证REITs全收益指数,中证REITs全收益,CSI REITs Total Return Index,CSI REITs TR,828.32,828.32,817.16,823.26,,-0.78,80262476.0,2.92,,
2023-12-14,932047,中证REITs全收益指数,中证REITs全收益,CSI REITs Total Return Index,CSI REITs TR,819.96,821.73,815.17,821.57,,-0.2,83434220.0,2.87,,
2023-12-15,932047,中证REITs全收益指数,中证REITs全收益,CSI REITs Total Return Index,CSI REITs TR,819.69,822.51,816.35,822.51,,0.11,80019880.0,2.65,,
2023-12-18,932047,中证REITs全收益指数,中证REITs全收益,CSI REITs Total Return Index,CSI REITs TR,821.96,821.96,817.58,821.57,,-0.11,84598806.0,2.88,,
2023-12-19,932047,中证REITs全收益指数,中证REITs全收益,CSI REITs Total Return Index,CSI REITs TR,820.35,820.35,817.04,819.78,,-0.22,88118515.0,2.99,,
2023-12-20,932047,中证REITs全收益指数,中证REITs全收益,CSI REITs Total Return Index,CSI REITs TR,819.25,828.9,818.21,828.9,,1.11,104755225.0,3.42,,
2023-12-21,932047,中证REITs全收益指数,中证REITs全收益,CSI REITs Total Return Index,CSI REITs TR,828.5,849.23,828.5,849.23,,2.45,137085633.0,4.71,,
2023-12-22,932047,中证REITs全收益指数,中证REITs全收益,CSI REITs Total Return Index,CSI REITs TR,849.29,866.82,849.29,856.09,,0.81,161692010.0,5.67,,
2023-12-25,932047,中证REITs全收益指数,中证REITs全收益,CSI REITs Total Return Index,CSI REITs TR,857.05,857.05,844.65,856.67,,0.07,121902212.0,4.3,,
2023-12-26,932047,中证REITs全收益指数,中证REITs全收益,CSI REITs Total Return Index,CSI REITs TR,855.31,855.31,848.32,854.18,,-0.29,131795524.0,4.49,,
2023-12-27,932047,中证REITs全收益指数,中证REITs全收益,CSI REITs Total Return Index,CSI REITs TR,851.71,851.71,843.8,848.8,,-0.63,145714440.0,4.74,,
2023-12-28,932047,中证REITs全收益指数,中证REITs全收益,CSI REITs Total Return Index,CSI REITs TR,845.87,851.81,843.25,851.81,,0.35,137038983.0,4.63,,
2023-12-29,932047,中证REITs全收益指数,中证REITs全收益,CSI REITs Total Return Index,CSI REITs TR,850.78,861.77,849.39,861.77,,1.17,141902586.0,4.73,,
2024-01-02,932047,中证REITs全收益指数,中证REITs全收益,CSI REITs Total Return Index,CSI REITs TR,859.55,859.55,849.64,849.64,,-1.41,109651617.0,4.08,,
2024-01-03,932047,中证REITs全收益指数,中证REITs全收益,CSI REITs Total Return Index,CSI REITs TR,847.68,852.55,844.05,845.47,,-0.49,128270955.0,4.18,,
2024-01-04,932047,中证REITs全收益指数,中证REITs全收益,CSI REITs Total Return Index,CSI REITs TR,845.45,845.45,833.92,838.83,,-0.78,127208245.0,4.05,,
2024-01-05,932047,中证REITs全收益指数,中证REITs全收益,CSI REITs Total Return Index,CSI REITs TR,838.05,838.05,828.26,831.18,,-0.91,111044191.0,3.57,,
2024-01-08,932047,中证REITs全收益指数,中证REITs全收益,CSI REITs Total Return Index,CSI REITs TR,830.16,830.16,820.0,822.25,,-1.07,92792850.0,2.91,,
2024-01-09,932047,中证REITs全收益指数,中证REITs全收益,CSI REITs Total Return Index,CSI REITs TR,819.98,819.98,806.75,806.91,,-1.87,118874028.0,3.76,,
2024-01-10,932047,中证REITs全收益指数,中证REITs全收益,CSI REITs Total Return Index,CSI REITs TR,806.14,806.14,792.99,795.88,,-1.37,142580750.0,3.9,,
2024-01-11,932047,中证REITs全收益指数,中证REITs全收益,CSI REITs Total Return Index,CSI REITs TR,795.6,799.01,795.6,798.88,,0.38,147674615.0,4.27,,
2024-01-12,932047,中证REITs全收益指数,中证REITs全收益,CSI REITs Total Return Index,CSI REITs TR,798.91,799.12,792.98,796.02,,-0.36,124346503.0,3.66,,
2024-01-15,932047,中证REITs全收益指数,中证REITs全收益,CSI REITs Total Return Index,CSI REITs TR,795.71,800.58,792.03,800.58,,0.57,123303452.0,3.89,,
2024-01-16,932047,中证REITs全收益指数,中证REITs全收益,CSI REITs Total Return Index,CSI REITs TR,799.96,810.26,799.56,810.26,,1.21,131087377.0,4.17,,
2024-01-17,932047,中证REITs全收益指数,中证REITs全收益,CSI REITs Total Return Index,CSI REITs TR,810.16,822.64,810.16,821.92,,1.44,157970114.0,4.87,,
2024-01-18,932047,中证REITs全收益指数,中证REITs全收益,CSI REITs Total Return Index,CSI REITs TR,821.66,821.66,809.81,813.24,,-1.06,126589041.0,3.94,,
2024-01-19,932047,中证REITs全收益指数,中证REITs全收益,CSI REITs Total Return Index,CSI REITs TR,812.4,818.43,809.46,817.1,,0.48,120119427.0,3.74,,
2024-01-22,932047,中证REITs全收益指数,中证REITs全收益,CSI REITs Total Return Index,CSI REITs TR,817.37,817.37,806.68,807.69,,-1.15,112722244.0,3.74,,
2024-01-23,932047,中证REITs全收益指数,中证REITs全收益,CSI REITs Total Return Index,CSI REITs TR,806.89,806.89,799.11,800.48,,-0.89,107718819.0,3.45,,
2024-01-24,932047,中证REITs全收益指数,中证REITs全收益,CSI REITs Total Return Index,CSI REITs TR,800.0,805.75,796.99,799.29,,-0.15,109781392.0,3.52,,
2024-01-25,932047,中证REITs全收益指数,中证REITs全收益,CSI REITs Total Return Index,CSI REITs TR,798.56,807.57,798.49,807.57,,1.04,120773173.0,3.91,,
2024-01-26,932047,中证REITs全收益指数,中证REITs全收益,CSI REITs Total Return Index,CSI REITs TR,806.6,808.7,805.34,808.7,,0.14,81258178.0,2.68,,
2024-01-29,932047,中证REITs全收益指数,中证REITs全收益,CSI REITs Total Return Index,CSI REITs TR,808.13,810.82,808.13,810.24,,0.19,102466974.0,3.52,,
2024-01-30,932047,中证REITs全收益指数,中证REITs全收益,CSI REITs Total Return Index,CSI REITs TR,809.93,811.22,809.18,810.66,,0.05,92507483.0,3.13,,
2024-01-31,932047,中证REITs全收益指数,中证REITs全收益,CSI REITs Total Return Index,CSI REITs TR,810.57,811.03,807.13,807.81,,-0.35,91493221.0,3.2,,
2024-02-01,932047,中证REITs全收益指数,中证REITs全收益,CSI REITs Total Return Index,CSI REITs TR,807.26,808.41,804.54,808.41,,0.07,97598813.0,3.29,,
2024-02-02,932047,中证REITs全收益指数,中证REITs全收益,CSI REITs Total Return Index,CSI REITs TR,808.09,809.27,805.71,808.18,,-0.03,99246456.0,3.4,,
2024-02-05,932047,中证REITs全收益指数,中证REITs全收益,CSI REITs Total Return Index,CSI REITs TR,807.41,807.41,802.03,803.0,,-0.64,95396640.0,3.14,,
2024-02-06,932047,中证REITs全收益指数,中证REITs全收益,CSI REITs Total Return Index,CSI REITs TR,802.82,804.9,799.09,804.9,,0.24,107750171.0,3.94,,
2024-02-07,932047,中证REITs全收益指数,中证REITs全收益,CSI REITs Total Return Index,CSI REITs TR,804.44,811.58,803.63,811.58,,0.83,108271752.0,3.81,,
2024-02-08,932047,中证REITs全收益指数,中证REITs全收益,CSI REITs Total Return Index,CSI REITs TR,812.55,829.58,812.55,829.58,,2.22,126844234.0,4.53,,
2024-02-19,932047,中证REITs全收益指数,中证REITs全收益,CSI REITs Total Return Index,CSI REITs TR,830.36,861.47,830.36,861.37,,3.83,138326932.0,4.61,,
2024-02-20,932047,中证REITs全收益指数,中证REITs全收益,CSI REITs Total Return Index,CSI REITs TR,861.52,880.89,859.92,868.55,,0.83,134074684.0,4.91,,
2024-02-21,932047,中证REITs全收益指数,中证REITs全收益,CSI REITs Total Return Index,CSI REITs TR,867.25,874.63,863.61,874.58,,0.69,130472717.0,4.41,,
2024-02-22,932047,中证REITs全收益指数,中证REITs全收益,CSI REITs Total Return Index,CSI REITs TR,873.63,882.42,873.63,882.42,,0.9,139397039.0,4.68,,
2024-02-23,932047,中证REITs全收益指数,中证REITs全收益,CSI REITs Total Return Index,CSI REITs TR,882.66,899.38,882.66,899.38,,1.92,170967052.0,6.01,,
2024-02-26,932047,中证REITs全收益指数,中证REITs全收益,CSI REITs Total Return Index,CSI REITs TR,898.94,928.64,896.85,925.44,,2.9,184198123.0,6.8,,
2024-02-27,932047,中证REITs全收益指数,中证REITs全收益,CSI REITs Total Return Index,CSI REITs TR,924.44,929.54,903.96,914.0,,-1.24,169046606.0,6.69,,
2024-02-28,932047,中证REITs全收益指数,中证REITs全收益,CSI REITs Total Return Index,CSI REITs TR,911.82,911.82,900.41,900.75,,-1.45,148563830.0,5.35,,
2024-02-29,932047,中证REITs全收益指数,中证REITs全收益,CSI REITs Total Return Index,CSI REITs TR,894.51,907.95,894.51,907.15,,0.71,142486039.0,5.53,,
2024-03-01,932047,中证REITs全收益指数,中证REITs全收益,CSI REITs Total Return Index,CSI REITs TR,906.41,926.86,906.41,926.86,,2.17,157852404.0,6.1,,
2024-03-04,932047,中证REITs全收益指数,中证REITs全收益,CSI REITs Total Return Index,CSI REITs TR,926.87,943.2,926.87,942.68,,1.71,166571427.0,6.76,,
2024-03-05,932047,中证REITs全收益指数,中证REITs全收益,CSI REITs Total Return Index,CSI REITs TR,941.93,953.37,941.93,946.23,,0.38,183822604.0,7.52,,
2024-03-06,932047,中证REITs全收益指数,中证REITs全收益,CSI REITs Total Return Index,CSI REITs TR,945.03,946.98,934.0,936.97,,-0.98,155267311.0,6.19,,
2024-03-07,932047,中证REITs全收益指数,中证REITs全收益,CSI REITs Total Return Index,CSI REITs TR,936.3,942.71,926.42,928.49,,-0.91,144546531.0,5.96,,
2024-03-08,932047,中证REITs全收益指数,中证REITs全收益,CSI REITs Total Return Index,CSI REITs TR,927.13,927.13,922.47,926.16,,-0.25,139718623.0,5.76,,
2024-03-11,932047,中证REITs全收益指数,中证REITs全收益,CSI REITs Total Return Index,CSI REITs TR,926.25,929.45,924.82,929.41,,0.35,120971926.0,4.63,,
2024-03-12,932047,中证REITs全收益指数,中证REITs全收益,CSI REITs Total Return Index,CSI REITs TR,928.86,928.86,923.29,927.19,,-0.24,120464715.0,4.66,,
2024-03-13,932047,中证REITs全收益指数,中证REITs全收益,CSI REITs Total Return Index,CSI REITs TR,927.22,927.22,919.82,921.12,,-0.66,116995256.0,4.67,,
2024-03-14,932047,中证REITs全收益指数,中证REITs全收益,CSI REITs Total Return Index,CSI REITs TR,920.72,921.55,915.81,918.2,,-0.32,111579066.0,4.28,,
2024-03-15,932047,中证REITs全收益指数,中证REITs全收益,CSI REITs Total Return Index,CSI REITs TR,917.46,919.85,917.11,919.85,,0.18,90819017.0,3.44,,
2024-03-18,932047,中证REITs全收益指数,中证REITs全收益,CSI REITs Total Return Index,CSI REITs TR,920.09,921.78,918.72,918.96,,-0.1,82164356.0,3.09,,
2024-03-19,932047,中证REITs全收益指数,中证REITs全收益,CSI REITs Total Return Index,CSI REITs TR,919.06,919.06,915.56,917.32,,-0.18,81766634.0,2.95,,
2024-03-20,932047,中证REITs全收益指数,中证REITs全收益,CSI REITs Total Return Index,CSI REITs TR,917.4,917.4,910.73,911.95,,-0.59,74624209.0,2.75,,
2024-03-21,932047,中证REITs全收益指数,中证REITs全收益,CSI REITs Total Return Index,CSI REITs TR,911.54,911.54,902.36,905.34,,-0.73,114995528.0,4.0,,
2024-03-22,932047,中证REITs全收益指数,中证REITs全收益,CSI REITs Total Return Index,CSI REITs TR,903.53,903.53,891.56,894.2,,-1.23,117367629.0,4.48,,
2024-03-25,932047,中证REITs全收益指数,中证REITs全收益,CSI REITs Total Return Index,CSI REITs TR,893.76,893.76,886.88,890.79,,-0.38,90551929.0,3.61,,
2024-03-26,932047,中证REITs全收益指数,中证REITs全收益,CSI REITs Total Return Index,CSI REITs TR,889.81,897.38,889.81,897.38,,0.74,93164739.0,3.39,,
2024-03-27,932047,中证REITs全收益指数,中证REITs全收益,CSI REITs Total Return Index,CSI REITs TR,897.8,914.32,897.8,913.97,,1.85,123999498.0,4.32,,
2024-03-28,932047,中证REITs全收益指数,中证REITs全收益,CSI REITs Total Return Index,CSI REITs TR,913.92,913.97,907.36,911.07,,-0.32,101113665.0,3.6,,
2024-03-29,932047,中证REITs全收益指数,中证REITs全收益,CSI REITs Total Return Index,CSI REITs TR,910.92,910.92,906.3,908.22,,-0.31,102854072.0,3.95,,
2024-04-01,932047,中证REITs全收益指数,中证REITs全收益,CSI REITs Total Return Index,CSI REITs TR,909.05,909.59,906.81,909.59,,0.15,97523481.0,3.99,,
2024-04-02,932047,中证REITs全收益指数,中证REITs全收益,CSI REITs Total Return Index,CSI REITs TR,909.57,909.57,907.61,908.89,,-0.08,103543298.0,3.79,,
2024-04-03,932047,中证REITs全收益指数,中证REITs全收益,CSI REITs Total Return Index,CSI REITs TR,909.25,915.99,909.25,915.92,,0.77,104892700.0,4.19,,
2024-04-08,932047,中证REITs全收益指数,中证REITs全收益,CSI REITs Total Return Index,CSI REITs TR,916.14,919.82,916.14,919.82,,0.43,108596642.0,4.37,,
2024-04-09,932047,中证REITs全收益指数,中证REITs全收益,CSI REITs Total Return Index,CSI REITs TR,919.95,921.34,918.35,921.34,,0.17,98779107.0,3.9,,
2024-04-10,932047,中证REITs全收益指数,中证REITs全收益,CSI REITs Total Return Index,CSI REITs TR,921.02,924.32,919.88,924.32,,0.32,113955109.0,4.52,,
2024-04-11,932047,中证REITs全收益指数,中证REITs全收益,CSI REITs Total Return Index,CSI REITs TR,924.11,929.24,923.52,928.82,,0.49,120210719.0,4.83,,
2024-04-12,932047,中证REITs全收益指数,中证REITs全收益,CSI REITs Total Return Index,CSI REITs TR,929.18,929.18,923.69,926.09,,-0.29,117620170.0,4.58,,
2024-04-15,932047,中证REITs全收益指数,中证REITs全收益,CSI REITs Total Return Index,CSI REITs TR,925.99,925.99,920.17,921.12,,-0.54,89707407.0,3.78,,
2024-04-16,932047,中证REITs全收益指数,中证REITs全收益,CSI REITs Total Return Index,CSI REITs TR,920.94,920.94,913.29,916.14,,-0.54,105232920.0,4.25,,
2024-04-17,932047,中证REITs全收益指数,中证REITs全收益,CSI REITs Total Return Index,CSI REITs TR,915.95,921.74,915.75,921.36,,0.57,114033479.0,4.69,,
2024-04-18,932047,中证REITs全收益指数,中证REITs全收益,CSI REITs Total Return Index,CSI REITs TR,921.78,922.64,920.39,922.64,,0.14,86867371.0,3.78,,
2024-04-19,932047,中证REITs全收益指数,中证REITs全收益,CSI REITs Total Return Index,CSI REITs TR,922.62,922.62,919.7,921.23,,-0.15,68305281.0,2.96,,
2024-04-22,932047,中证REITs全收益指数,中证REITs全收益,CSI REITs Total Return Index,CSI REITs TR,920.95,926.5,920.95,926.5,,0.57,104481375.0,4.49,,
2024-04-23,932047,中证REITs全收益指数,中证REITs全收益,CSI REITs Total Return Index,CSI REITs TR,926.82,930.33,926.65,930.33,,0.41,111857357.0,4.39,,
2024-04-24,932047,中证REITs全收益指数,中证REITs全收益,CSI REITs Total Return Index,CSI REITs TR,930.73,933.35,929.53,933.18,,0.31,96818059.0,4.0,,
2024-04-25,932047,中证REITs全收益指数,中证REITs全收益,CSI REITs Total Return Index,CSI REITs TR,934.21,942.94,933.75,942.94,,1.05,93613373.0,3.74,,
2024-04-26,932047,中证REITs全收益指数,中证REITs全收益,CSI REITs Total Return Index,CSI REITs TR,942.71,951.91,942.71,949.31,,0.68,119318250.0,4.69,,
2024-04-29,932047,中证REITs全收益指数,中证REITs全收益,CSI REITs Total Return Index,CSI REITs TR,949.31,949.43,942.69,945.21,,-0.43,114531495.0,4.41,,
2024-04-30,932047,中证REITs全收益指数,中证REITs全收益,CSI REITs Total Return Index,CSI REITs TR,944.57,944.57,940.79,942.93,,-0.24,110564581.0,4.21,,
2024-05-06,932047,中证REITs全收益指数,中证REITs全收益,CSI REITs Total Return Index,CSI REITs TR,942.12,945.41,942.12,945.41,,0.26,81106054.0,3.25,,
2024-05-07,932047,中证REITs全收益指数,中证REITs全收益,CSI REITs Total Return Index,CSI REITs TR,945.29,951.76,945.18,949.75,,0.46,121718742.0,4.4,,
2024-05-08,932047,中证REITs全收益指数,中证REITs全收益,CSI REITs Total Return Index,CSI REITs TR,949.17,949.31,945.32,947.31,,-0.26,94243179.0,3.65,,
2024-05-09,932047,中证REITs全收益指数,中证REITs全收益,CSI REITs Total Return Index,CSI REITs TR,946.78,948.88,946.73,948.88,,0.17,100896779.0,3.91,,
2024-05-10,932047,中证REITs全收益指数,中证REITs全收益,CSI REITs Total Return Index,CSI REITs TR,948.62,949.76,947.17,948.8,,-0.01,91763001.0,3.66,,
2024-05-13,932047,中证REITs全收益指数,中证REITs全收益,CSI REITs Total Return Index,CSI REITs TR,948.43,948.43,943.38,944.86,,-0.42,84127939.0,3.53,,
2024-05-14,932047,中证REITs全收益指数,中证REITs全收益,CSI REITs Total Return Index,CSI REITs TR,944.17,944.64,942.28,943.1,,-0.19,85889931.0,3.5,,
2024-05-15,932047,中证REITs全收益指数,中证REITs全收益,CSI REITs Total Return Index,CSI REITs TR,942.47,942.47,938.83,939.63,,-0.37,83313077.0,3.44,,
2024-05-16,932047,中证REITs全收益指数,中证REITs全收益,CSI REITs Total Return Index,CSI REITs TR,939.16,940.98,938.87,940.92,,0.14,85672954.0,3.75,,
2024-05-17,932047,中证REITs全收益指数,中证REITs全收益,CSI REITs Total Return Index,CSI REITs TR,940.98,942.08,939.9,942.08,,0.12,65661076.0,2.82,,
2024-05-20,932047,中证REITs全收益指数,中证REITs全收益,CSI REITs Total Return Index,CSI REITs TR,941.66,941.66,938.36,938.94,,-0.33,83699437.0,3.57,,
2024-05-21,932047,中证REITs全收益指数,中证REITs全收益,CSI REITs Total Return Index,CSI REITs TR,939.2,939.2,934.06,936.14,,-0.3,90850192.0,3.73,,
2024-05-22,932047,中证REITs全收益指数,中证REITs全收益,CSI REITs Total Return Index,CSI REITs TR,935.72,935.96,931.25,933.2,,-0.31,104610700.0,4.06,,
2024-05-23,932047,中证REITs全收益指数,中证REITs全收益,CSI REITs Total Return Index,CSI REITs TR,933.06,933.06,927.88,931.4,,-0.19,89798878.0,3.5,,
2024-05-24,932047,中证REITs全收益指数,中证REITs全收益,CSI REITs Total Return Index,CSI REITs TR,931.21,937.67,931.21,937.67,,0.67,69216037.0,2.99,,
2024-05-27,932047,中证REITs全收益指数,中证REITs全收益,CSI REITs Total Return Index,CSI REITs TR,937.75,940.22,937.75,938.94,,0.14,60619206.0,2.6,,
2024-05-28,932047,中证REITs全收益指数,中证REITs全收益,CSI REITs Total Return Index,CSI REITs TR,939.94,940.28,936.13,937.29,,-0.18,78480318.0,3.41,,
2024-05-29,932047,中证REITs全收益指数,中证REITs全收益,CSI REITs Total Return Index,CSI REITs TR,936.79,938.9,934.7,936.66,,-0.07,96480785.0,3.96,,
2024-05-30,932047,中证REITs全收益指数,中证REITs全收益,CSI REITs Total Return Index,CSI REITs TR,936.19,936.19,932.49,933.67,,-0.32,92543127.0,3.68,,
2024-05-31,932047,中证REITs全收益指数,中证REITs全收益,CSI REITs Total Return Index,CSI REITs TR,933.24,933.64,931.37,933.48,,-0.02,78498381.0,3.44,,
2024-06-03,932047,中证REITs全收益指数,中证REITs全收益,CSI REITs Total Return Index,CSI REITs TR,933.26,933.26,931.39,932.79,,-0.07,80923300.0,3.55,,
2024-06-04,932047,中证REITs全收益指数,中证REITs全收益,CSI REITs Total Return Index,CSI REITs TR,932.69,933.41,928.07,933.41,,0.07,98875846.0,4.03,,
2024-06-05,932047,中证REITs全收益指数,中证REITs全收益,CSI REITs Total Return Index,CSI REITs TR,932.58,936.46,931.15,936.46,,0.33,91841399.0,3.51,,
2024-06-06,932047,中证REITs全收益指数,中证REITs全收益,CSI REITs Total Return Index,CSI REITs TR,936.15,938.19,935.72,938.19,,0.19,94955207.0,4.13,,
2024-06-07,932047,中证REITs全收益指数,中证REITs全收益,CSI REITs Total Return Index,CSI REITs TR,937.3,938.7,934.81,937.92,,-0.03,68096325.0,2.83,,
2024-06-11,932047,中证REITs全收益指数,中证REITs全收益,CSI REITs Total Return Index,CSI REITs TR,937.7,937.7,933.27,935.13,,-0.3,82585372.0,3.05,,
2024-06-12,932047,中证REITs全收益指数,中证REITs全收益,CSI REITs Total Return Index,CSI REITs TR,934.71,934.71,931.94,933.28,,-0.2,70583772.0,2.89,,
2024-06-13,932047,中证REITs全收益指数,中证REITs全收益,CSI REITs Total Return Index,CSI REITs TR,932.96,936.24,930.77,936.24,,0.32,73690364.0,3.07,,
2024-06-14,932047,中证REITs全收益指数,中证REITs全收益,CSI REITs Total Return Index,CSI REITs TR,935.71,937.23,934.59,937.23,,0.11,83212834.0,3.29,,
2024-06-17,932047,中证REITs全收益指数,中证REITs全收益,CSI REITs Total Return Index,CSI REITs TR,937.02,937.02,932.87,933.96,,-0.35,69203392.0,2.89,,
2024-06-18,932047,中证REITs全收益指数,中证REITs全收益,CSI REITs Total Return Index,CSI REITs TR,933.45,933.45,932.21,933.42,,-0.06,72270937.0,3.13,,
2024-06-19,932047,中证REITs全收益指数,中证REITs全收益,CSI REITs Total Return Index,CSI REITs TR,932.98,933.76,931.13,933.27,,-0.01,78157322.0,3.22,,
2024-06-20,932047,中证REITs全收益指数,中证REITs全收益,CSI REITs Total Return Index,CSI REITs TR,933.38,933.38,928.07,930.8,,-0.27,72033872.0,2.92,,
2024-06-21,932047,中证REITs全收益指数,中证REITs全收益,CSI REITs Total Return Index,CSI REITs TR,929.76,933.7,928.17,933.61,,0.3,68500392.0,2.83,,
2024-06-24,932047,中证REITs全收益指数,中证REITs全收益,CSI REITs Total Return Index,CSI REITs TR,933.41,935.59,932.18,935.55,1.94,0.21,79932102.0,3.19,30.0,
2024-06-25,932047,中证REITs全收益指数,中证REITs全收益,CSI REITs Total Return Index,CSI REITs TR,935.47,936.61,930.79,933.0,-2.55,-0.27,84705490.0,3.29,30.0,
2024-06-26,932047,中证REITs全收益指数,中证REITs全收益,CSI REITs Total Return Index,CSI REITs TR,932.17,933.51,929.33,933.21,0.21,0.02,78160982.0,3.17,30.0,
2024-06-27,932047,中证REITs全收益指数,中证REITs全收益,CSI REITs Total Return Index,CSI REITs TR,933.3,939.42,931.0,939.1,5.89,0.63,89324793.0,3.34,30.0,
2024-06-28,932047,中证REITs全收益指数,中证REITs全收益,CSI REITs Total Return Index,CSI REITs TR,939.1,939.53,933.55,936.28,-2.82,-0.3,106977547.0,4.19,30.0,
2024-07-01,932047,中证REITs全收益指数,中证REITs全收益,CSI REITs Total Return Index,CSI REITs TR,934.64,934.65,928.61,931.69,-4.58,-0.49,82645510.0,3.39,30.0,
2024-07-02,932047,中证REITs全收益指数,中证REITs全收益,CSI REITs Total Return Index,CSI REITs TR,930.79,934.53,929.07,934.14,2.45,0.26,83506273.0,3.6,30.0,
2024-07-03,932047,中证REITs全收益指数,中证REITs全收益,CSI REITs Total Return Index,CSI REITs TR,934.28,934.65,932.15,934.65,0.51,0.05,70354905.0,3.07,30.0,
2024-07-04,932047,中证REITs全收益指数,中证REITs全收益,CSI REITs Total Return Index,CSI REITs TR,933.94,933.96,931.58,933.12,-1.53,-0.16,73413734.0,3.25,30.0,
2024-07-05,932047,中证REITs全收益指数,中证REITs全收益,CSI REITs Total Return Index,CSI REITs TR,933.03,933.1,930.55,931.84,-1.28,-0.14,75822523.0,3.35,30.0,
2024-07-08,932047,中证REITs全收益指数,中证REITs全收益,CSI REITs Total Return Index,CSI REITs TR,930.88,931.07,928.3,929.52,-2.32,-0.25,78616006.0,3.27,30.0,
2024-07-09,932047,中证REITs全收益指数,中证REITs全收益,CSI REITs Total Return Index,CSI REITs TR,929.51,929.56,925.77,927.43,-2.09,-0.22,80199583.0,3.19,30.0,
2024-07-10,932047,中证REITs全收益指数,中证REITs全收益,CSI REITs Total Return Index,CSI REITs TR,927.1,928.93,925.47,928.62,1.18,0.13,85732203.0,3.29,30.0,
2024-07-11,932047,中证REITs全收益指数,中证REITs全收益,CSI REITs Total Return Index,CSI REITs TR,928.33,929.58,926.3,927.61,-1.0,-0.11,107400251.0,3.89,30.0,
2024-07-12,932047,中证REITs全收益指数,中证REITs全收益,CSI REITs Total Return Index,CSI REITs TR,927.24,929.51,926.3,929.5,1.89,0.2,83567009.0,3.15,30.0,
2024-07-15,932047,中证REITs全收益指数,中证REITs全收益,CSI REITs Total Return Index,CSI REITs TR,929.15,934.62,928.1,934.41,4.91,0.53,85893551.0,3.29,30.0,
2024-07-16,932047,中证REITs全收益指数,中证REITs全收益,CSI REITs Total Return Index,CSI REITs TR,934.15,937.27,933.15,934.69,0.28,0.03,100908825.0,3.81,30.0,
2024-07-17,932047,中证REITs全收益指数,中证REITs全收益,CSI REITs Total Return Index,CSI REITs TR,934.44,935.1,932.77,934.69,0.0,0.0,78094789.0,3.23,30.0,
2024-07-18,932047,中证REITs全收益指数,中证REITs全收益,CSI REITs Total Return Index,CSI REITs TR,934.6,934.85,930.79,933.53,-1.16,-0.12,78845566.0,3.14,30.0,
2024-07-19,932047,中证REITs全收益指数,中证REITs全收益,CSI REITs Total Return Index,CSI REITs TR,933.37,935.4,930.61,935.23,1.7,0.18,92275374.0,3.56,30.0,
2024-07-22,932047,中证REITs全收益指数,中证REITs全收益,CSI REITs Total Return Index,CSI REITs TR,935.17,935.22,931.44,933.43,-1.8,-0.19,97712893.0,3.75,30.0,
2024-07-23,932047,中证REITs全收益指数,中证REITs全收益,CSI REITs Total Return Index,CSI REITs TR,932.97,934.04,930.39,931.72,-1.7,-0.18,82639166.0,3.38,30.0,
2024-07-24,932047,中证REITs全收益指数,中证REITs全收益,CSI REITs Total Return Index,CSI REITs TR,931.82,931.84,929.62,930.6,-1.12,-0.12,77504525.0,2.92,30.0,
2024-07-25,932047,中证REITs全收益指数,中证REITs全收益,CSI REITs Total Return Index,CSI REITs TR,929.9,931.2,927.93,929.62,-0.98,-0.1,57668886.0,2.35,30.0,
2024-07-26,932047,中证REITs全收益指数,中证REITs全收益,CSI REITs Total Return Index,CSI REITs TR,929.66,935.04,928.86,934.83,5.21,0.56,87955914.0,3.31,30.0,
2024-07-29,932047,中证REITs全收益指数,中证REITs全收益,CSI REITs Total Return Index,CSI REITs TR,934.44,936.11,933.05,935.19,0.36,0.04,79596344.0,2.92,30.0,
2024-07-30,932047,中证REITs全收益指数,中证REITs全收益,CSI REITs Total Return Index,CSI REITs TR,934.94,938.74,934.01,938.59,3.39,0.36,100709706.0,3.82,30.0,
2024-07-31,932047,中证REITs全收益指数,中证REITs全收益,CSI REITs Total Return Index,CSI REITs TR,938.92,940.27,937.81,940.13,1.54,0.16,81928350.0,3.06,30.0,
2024-08-01,932047,中证REITs全收益指数,中证REITs全收益,CSI REITs Total Return Index,CSI REITs TR,939.59,941.39,937.71,941.38,1.24,0.13,85584999.0,3.28,30.0,
2024-08-02,932047,中证REITs全收益指数,中证REITs全收益,CSI REITs Total Return Index,CSI REITs TR,941.47,944.9,939.98,944.72,3.34,0.35,82464197.0,3.08,30.0,
2024-08-05,932047,中证REITs全收益指数,中证REITs全收益,CSI REITs Total Return Index,CSI REITs TR,944.21,952.78,943.49,952.62,7.9,0.84,103288910.0,3.83,30.0,
2024-08-06,932047,中证REITs全收益指数,中证REITs全收益,CSI REITs Total Return Index,CSI REITs TR,952.84,959.85,949.96,959.81,7.19,0.75,121384339.0,4.39,30.0,
2024-08-07,932047,中证REITs全收益指数,中证REITs全收益,CSI REITs Total Return Index,CSI REITs TR,959.62,972.54,958.92,972.54,12.73,1.33,121387010.0,4.92,30.0,
2024-08-08,932047,中证REITs全收益指数,中证REITs全收益,CSI REITs Total Return Index,CSI REITs TR,972.22,977.95,966.44,968.78,-3.76,-0.39,115472490.0,4.6,30.0,
2024-08-09,932047,中证REITs全收益指数,中证REITs全收益,CSI REITs Total Return Index,CSI REITs TR,967.75,970.44,960.94,970.36,1.58,0.16,104969806.0,4.02,30.0,
2024-08-12,932047,中证REITs全收益指数,中证REITs全收益,CSI REITs Total Return Index,CSI REITs TR,970.23,970.45,966.37,970.07,-0.29,-0.03,92329799.0,3.56,30.0,
2024-08-13,932047,中证REITs全收益指数,中证REITs全收益,CSI REITs Total Return Index,CSI REITs TR,969.88,970.4,967.33,968.62,-1.46,-0.15,77947754.0,3.2,30.0,
2024-08-14,932047,中证REITs全收益指数,中证REITs全收益,CSI REITs Total Return Index,CSI REITs TR,968.31,972.38,966.74,972.26,3.64,0.37,97484467.0,3.77,30.0,
2024-08-15,932047,中证REITs全收益指数,中证REITs全收益,CSI REITs Total Return Index,CSI REITs TR,972.36,973.93,970.37,972.45,0.19,0.02,100300836.0,3.99,30.0,
2024-08-16,932047,中证REITs全收益指数,中证REITs全收益,CSI REITs Total Return Index,CSI REITs TR,972.15,972.15,968.34,969.62,-2.83,-0.29,83738703.0,3.33,30.0,
2024-08-19,932047,中证REITs全收益指数,中证REITs全收益,CSI REITs Total Return Index,CSI REITs TR,968.83,969.19,964.78,966.5,-3.12,-0.32,78201340.0,3.0,30.0,
2024-08-20,932047,中证REITs全收益指数,中证REITs全收益,CSI REITs Total Return Index,CSI REITs TR,966.55,968.14,961.95,963.37,-3.12,-0.32,75737895.0,3.12,30.0,
2024-08-21,932047,中证REITs全收益指数,中证REITs全收益,CSI REITs Total Return Index,CSI REITs TR,962.55,964.22,959.61,960.36,-3.01,-0.31,99725293.0,3.86,30.0,
2024-08-22,932047,中证REITs全收益指数,中证REITs全收益,CSI REITs Total Return Index,CSI REITs TR,959.91,960.42,958.19,960.19,-0.17,-0.02,92096449.0,3.54,30.0,
2024-08-23,932047,中证REITs全收益指数,中证REITs全收益,CSI REITs Total Return Index,CSI REITs TR,960.63,961.55,958.29,959.86,-0.33,-0.03,86249715.0,3.29,30.0,
2024-08-26,932047,中证REITs全收益指数,中证REITs全收益,CSI REITs Total Return Index,CSI REITs TR,959.55,959.84,955.49,956.57,-3.29,-0.34,78902799.0,3.1,30.0,
2024-08-27,932047,中证REITs全收益指数,中证REITs全收益,CSI REITs Total Return Index,CSI REITs TR,956.92,956.92,953.02,955.01,-1.56,-0.16,75687737.0,2.95,30.0,
2024-08-28,932047,中证REITs全收益指数,中证REITs全收益,CSI REITs Total Return Index,CSI REITs TR,954.66,958.51,950.88,957.76,2.75,0.29,87565612.0,3.46,30.0,
2024-08-29,932047,中证REITs全收益指数,中证REITs全收益,CSI REITs Total Return Index,CSI REITs TR,957.57,959.77,951.63,953.65,-4.11,-0.43,94315270.0,3.88,30.0,
2024-08-30,932047,中证REITs全收益指数,中证REITs全收益,CSI REITs Total Return Index,CSI REITs TR,953.02,954.53,951.39,954.32,0.67,0.07,86858728.0,3.45,30.0,
2024-09-02,932047,中证REITs全收益指数,中证REITs全收益,CSI REITs Total Return Index,CSI REITs TR,954.24,955.74,953.35,955.26,0.94,0.1,74226182.0,2.99,30.0,
2024-09-03,932047,中证REITs全收益指数,中证REITs全收益,CSI REITs Total Return Index,CSI REITs TR,954.89,955.24,948.86,950.59,-4.67,-0.49,74411810.0,2.9,30.0,
2024-09-04,932047,中证REITs全收益指数,中证REITs全收益,CSI REITs Total Return Index,CSI REITs TR,950.79,950.79,945.38,947.51,-3.09,-0.32,75039392.0,2.82,30.0,
2024-09-05,932047,中证REITs全收益指数,中证REITs全收益,CSI REITs Total Return Index,CSI REITs TR,947.03,951.84,945.87,951.79,4.28,0.45,75504498.0,3.17,30.0,
2024-09-06,932047,中证REITs全收益指数,中证REITs全收益,CSI REITs Total Return Index,CSI REITs TR,951.68,952.25,949.78,951.22,-0.57,-0.06,69412079.0,2.83,30.0,
2024-09-09,932047,中证REITs全收益指数,中证REITs全收益,CSI REITs Total Return Index,CSI REITs TR,950.56,952.3,946.21,948.23,-2.99,-0.31,62099496.0,2.58,30.0,
2024-09-10,932047,中证REITs全收益指数,中证REITs全收益,CSI REITs Total Return Index,CSI REITs TR,947.91,948.29,942.15,944.66,-3.57,-0.37,65939308.0,2.6,30.0,
2024-09-11,932047,中证REITs全收益指数,中证REITs全收益,CSI REITs Total Return Index,CSI REITs TR,944.25,944.63,940.0,942.68,-1.98,-0.21,64901286.0,2.67,30.0,
2024-09-12,932047,中证REITs全收益指数,中证REITs全收益,CSI REITs Total Return Index,CSI REITs TR,944.05,944.05,938.82,940.1,-2.58,-0.27,56372015.0,2.46,30.0,
2024-09-13,932047,中证REITs全收益指数,中证REITs全收益,CSI REITs Total Return Index,CSI REITs TR,939.45,940.85,938.38,940.48,0.38,0.04,62733441.0,2.51,30.0,
2024-09-18,932047,中证REITs全收益指数,中证REITs全收益,CSI REITs Total Return Index,CSI REITs TR,940.59,941.74,936.02,937.33,-3.15,-0.33,57362442.0,2.42,33.0,
2024-09-19,932047,中证REITs全收益指数,中证REITs全收益,CSI REITs Total Return Index,CSI REITs TR,937.28,937.63,932.76,934.46,-2.87,-0.31,85755233.0,3.64,33.0,
2024-09-20,932047,中证REITs全收益指数,中证REITs全收益,CSI REITs Total Return Index,CSI REITs TR,934.31,935.95,930.66,935.95,1.49,0.16,66637865.0,2.85,33.0,
2024-09-23,932047,中证REITs全收益指数,中证REITs全收益,CSI REITs Total Return Index,CSI REITs TR,935.85,936.76,931.29,933.22,-2.73,-0.29,63103631.0,2.85,33.0,
2024-09-24,932047,中证REITs全收益指数,中证REITs全收益,CSI REITs Total Return Index,CSI REITs TR,933.19,939.24,932.82,938.92,5.7,0.61,59630659.0,2.7,33.0,
2024-09-25,932047,中证REITs全收益指数,中证REITs全收益,CSI REITs Total Return Index,CSI REITs TR,938.87,945.41,936.92,945.13,6.21,0.66,81868861.0,3.48,33.0,
2024-09-26,932047,中证REITs全收益指数,中证REITs全收益,CSI REITs Total Return Index,CSI REITs TR,945.23,947.47,943.46,947.41,2.28,0.24,81130537.0,3.34,33.0,
2024-09-27,932047,中证REITs全收益指数,中证REITs全收益,CSI REITs Total Return Index,CSI REITs TR,947.35,947.47,944.29,945.03,-2.38,-0.25,35649249.0,1.41,33.0,
2024-09-30,932047,中证REITs全收益指数,中证REITs全收益,CSI REITs Total Return Index,CSI REITs TR,943.62,943.79,931.88,942.21,-2.83,-0.3,99125259.0,4.08,33.0,
2024-10-08,932047,中证REITs全收益指数,中证REITs全收益,CSI REITs Total Return Index,CSI REITs TR,943.49,958.66,940.92,946.85,4.64,0.49,113526083.0,4.84,33.0,
2024-10-09,932047,中证REITs全收益指数,中证REITs全收益,CSI REITs Total Return Index,CSI REITs TR,945.85,945.85,935.51,939.62,-7.23,-0.76,104390625.0,4.26,33.0,
2024-10-10,932047,中证REITs全收益指数,中证REITs全收益,CSI REITs Total Return Index,CSI REITs TR,938.52,939.27,934.79,939.25,-0.37,-0.04,95371193.0,3.96,33.0,
2024-10-11,932047,中证REITs全收益指数,中证REITs全收益,CSI REITs Total Return Index,CSI REITs TR,938.73,945.06,937.55,944.53,5.27,0.56,85926009.0,3.63,33.0,
2024-10-14,932047,中证REITs全收益指数,中证REITs全收益,CSI REITs Total Return Index,CSI REITs TR,944.03,944.82,941.7,942.67,-1.86,-0.2,89590165.0,3.78,33.0,
2024-10-15,932047,中证REITs全收益指数,中证REITs全收益,CSI REITs Total Return Index,CSI REITs TR,942.55,943.28,939.51,940.37,-2.3,-0.24,85523823.0,3.57,33.0,
2024-10-16,932047,中证REITs全收益指数,中证REITs全收益,CSI REITs Total Return Index,CSI REITs TR,939.91,941.05,938.04,939.08,-1.29,-0.14,84511146.0,3.54,33.0,
2024-10-17,932047,中证REITs全收益指数,中证REITs全收益,CSI REITs Total Return Index,CSI REITs TR,938.46,939.65,937.27,938.37,-0.71,-0.08,83849723.0,3.49,33.0,
2024-10-18,932047,中证REITs全收益指数,中证REITs全收益,CSI REITs Total Return Index,CSI REITs TR,938.04,939.69,936.61,939.35,0.98,0.1,78313571.0,3.36,33.0,
2024-10-21,932047,中证REITs全收益指数,中证REITs全收益,CSI REITs Total Return Index,CSI REITs TR,939.56,939.8,935.75,937.17,-2.18,-0.23,79394070.0,3.29,33.0,
2024-10-22,932047,中证REITs全收益指数,中证REITs全收益,CSI REITs Total Return Index,CSI REITs TR,937.1,937.55,935.81,937.41,0.25,0.03,81169245.0,3.5,33.0,
2024-10-23,932047,中证REITs全收益指数,中证REITs全收益,CSI REITs Total Return Index,CSI REITs TR,937.45,937.56,935.1,935.9,-1.51,-0.16,85874290.0,3.7,33.0,
2024-10-24,932047,中证REITs全收益指数,中证REITs全收益,CSI REITs Total Return Index,CSI REITs TR,935.73,935.99,931.94,932.86,-3.05,-0.32,77406303.0,3.38,33.0,
2024-10-25,932047,中证REITs全收益指数,中证REITs全收益,CSI REITs Total Return Index,CSI REITs TR,932.69,934.55,931.92,933.71,0.86,0.09,79466209.0,3.33,33.0,
2024-10-28,932047,中证REITs全收益指数,中证REITs全收益,CSI REITs Total Return Index,CSI REITs TR,933.76,934.77,931.91,934.63,0.91,0.1,78475212.0,3.33,33.0,
2024-10-29,932047,中证REITs全收益指数,中证REITs全收益,CSI REITs Total Return Index,CSI REITs TR,934.62,934.99,933.09,934.43,-0.2,-0.02,88088543.0,3.57,33.0,
2024-10-30,932047,中证REITs全收益指数,中证REITs全收益,CSI REITs Total Return Index,CSI REITs TR,935.5,935.51,932.8,933.88,-0.55,-0.06,93596741.0,3.74,33.0,
2024-10-31,932047,中证REITs全收益指数,中证REITs全收益,CSI REITs Total Return Index,CSI REITs TR,933.75,933.75,931.56,932.69,-1.19,-0.13,85816930.0,3.53,33.0,
2024-11-01,932047,中证REITs全收益指数,中证REITs全收益,CSI REITs Total Return Index,CSI REITs TR,932.63,933.17,930.2,931.21,-1.48,-0.16,72361824.0,2.96,33.0,
2024-11-04,932047,中证REITs全收益指数,中证REITs全收益,CSI REITs Total Return Index,CSI REITs TR,931.65,933.0,929.98,931.68,0.47,0.05,57400097.0,2.18,33.0,
2024-11-05,932047,中证REITs全收益指数,中证REITs全收益,CSI REITs Total Return Index,CSI REITs TR,931.85,933.08,929.66,931.54,-0.14,-0.01,74907378.0,3.04,33.0,
2024-11-06,932047,中证REITs全收益指数,中证REITs全收益,CSI REITs Total Return Index,CSI REITs TR,931.21,932.17,930.43,931.24,-0.3,-0.03,72123284.0,2.99,33.0,
2024-11-07,932047,中证REITs全收益指数,中证REITs全收益,CSI REITs Total Return Index,CSI REITs TR,931.32,931.9,929.29,931.74,0.49,0.05,77897797.0,3.17,33.0,
2024-11-08,932047,中证REITs全收益指数,中证REITs全收益,CSI REITs Total Return Index,CSI REITs TR,931.69,932.78,929.46,932.66,0.92,0.1,84320695.0,3.31,33.0,
2024-11-11,932047,中证REITs全收益指数,中证REITs全收益,CSI REITs Total Return Index,CSI REITs TR,932.76,938.09,931.49,937.95,5.29,0.57,76636433.0,3.13,33.0,
2024-11-12,932047,中证REITs全收益指数,中证REITs全收益,CSI REITs Total Return Index,CSI REITs TR,937.97,942.13,936.86,941.11,3.15,0.34,109095332.0,4.26,33.0,
2024-11-13,932047,中证REITs全收益指数,中证REITs全收益,CSI REITs Total Return Index,CSI REITs TR,941.03,941.96,938.95,940.24,-0.87,-0.09,96590370.0,3.94,33.0,
2024-11-14,932047,中证REITs全收益指数,中证REITs全收益,CSI REITs Total Return Index,CSI REITs TR,940.41,940.81,937.58,937.98,-2.25,-0.24,127967223.0,5.5,33.0,
2024-11-15,932047,中证REITs全收益指数,中证REITs全收益,CSI REITs Total Return Index,CSI REITs TR,937.94,939.51,935.45,936.33,-1.65,-0.18,113219648.0,5.06,33.0,
2024-11-18,932047,中证REITs全收益指数,中证REITs全收益,CSI REITs Total Return Index,CSI REITs TR,936.21,936.33,933.66,934.31,-2.03,-0.22,122736481.0,4.45,33.0,
2024-11-19,932047,中证REITs全收益指数,中证REITs全收益,CSI REITs Total Return Index,CSI REITs TR,934.09,935.7,930.47,932.76,-1.55,-0.17,148528884.0,6.15,33.0,
2024-11-20,932047,中证REITs全收益指数,中证REITs全收益,CSI REITs Total Return Index,CSI REITs TR,932.09,933.81,931.26,932.56,-0.2,-0.02,106285585.0,4.02,33.0,
2024-11-21,932047,中证REITs全收益指数,中证REITs全收益,CSI REITs Total Return Index,CSI REITs TR,932.59,933.27,931.09,932.54,-0.02,0.0,83344838.0,3.24,33.0,
2024-11-22,932047,中证REITs全收益指数,中证REITs全收益,CSI REITs Total Return Index,CSI REITs TR,932.63,933.29,930.2,930.93,-1.61,-0.17,81269493.0,3.33,33.0,
2024-11-25,932047,中证REITs全收益指数,中证REITs全收益,CSI REITs Total Return Index,CSI REITs TR,930.58,930.58,927.95,929.77,-1.16,-0.12,66815410.0,2.87,33.0,
2024-11-26,932047,中证REITs全收益指数,中证REITs全收益,CSI REITs Total Return Index,CSI REITs TR,929.7,930.42,927.8,928.67,-1.1,-0.12,70779359.0,2.98,33.0,
2024-11-27,932047,中证REITs全收益指数,中证REITs全收益,CSI REITs Total Return Index,CSI REITs TR,928.66,929.98,926.48,927.9,-0.77,-0.08,76031493.0,2.97,33.0,
2024-11-28,932047,中证REITs全收益指数,中证REITs全收益,CSI REITs Total Return Index,CSI REITs TR,927.34,928.75,926.88,927.99,0.09,0.01,72307397.0,2.89,33.0,
2024-11-29,932047,中证REITs全收益指数,中证REITs全收益,CSI REITs Total Return Index,CSI REITs TR,928.43,929.0,927.01,928.8,0.82,0.09,73765931.0,3.04,33.0,
2024-12-02,932047,中证REITs全收益指数,中证REITs全收益,CSI REITs Total Return Index,CSI REITs TR,929.05,930.19,928.17,930.13,1.32,0.14,76563654.0,3.1,33.0,
2024-12-03,932047,中证REITs全收益指数,中证REITs全收益,CSI REITs Total Return Index,CSI REITs TR,929.71,931.22,928.52,930.72,0.59,0.06,73575136.0,2.93,33.0,
2024-12-04,932047,中证REITs全收益指数,中证REITs全收益,CSI REITs Total Return Index,CSI REITs TR,930.82,931.19,928.6,930.05,-0.67,-0.07,67675720.0,2.68,33.0,
2024-12-05,932047,中证REITs全收益指数,中证REITs全收益,CSI REITs Total Return Index,CSI REITs TR,929.96,930.07,927.09,928.06,-2.0,-0.21,87092707.0,3.52,33.0,
2024-12-06,932047,中证REITs全收益指数,中证REITs全收益,CSI REITs Total Return Index,CSI REITs TR,927.98,928.16,926.29,927.43,-0.63,-0.07,108984070.0,4.1,33.0,
2024-12-09,932047,中证REITs全收益指数,中证REITs全收益,CSI REITs Total Return Index,CSI REITs TR,927.01,927.79,925.46,927.09,-0.34,-0.04,105064956.0,3.56,33.0,
2024-12-10,932047,中证REITs全收益指数,中证REITs全收益,CSI REITs Total Return Index,CSI REITs TR,926.98,934.75,926.86,934.58,7.5,0.81,139185246.0,5.38,33.0,
2024-12-11,932047,中证REITs全收益指数,中证REITs全收益,CSI REITs Total Return Index,CSI REITs TR,934.2,947.11,933.56,946.59,12.01,1.29,131049083.0,4.99,33.0,
2024-12-12,932047,中证REITs全收益指数,中证REITs全收益,CSI REITs Total Return Index,CSI REITs TR,946.55,952.36,945.51,951.64,5.05,0.53,165156212.0,6.02,33.0,
2024-12-13,932047,中证REITs全收益指数,中证REITs全收益,CSI REITs Total Return Index,CSI REITs TR,951.76,951.81,949.48,951.43,-0.21,-0.02,116807260.0,4.3,33.0,
2024-12-16,932047,中证REITs全收益指数,中证REITs全收益,CSI REITs Total Return Index,CSI REITs TR,951.81,958.59,950.22,957.99,6.56,0.69,104944082.0,3.89,34.0,
2024-12-17,932047,中证REITs全收益指数,中证REITs全收益,CSI REITs Total Return Index,CSI REITs TR,957.61,961.39,955.4,956.02,-1.97,-0.21,107201258.0,4.22,34.0,
2024-12-18,932047,中证REITs全收益指数,中证REITs全收益,CSI REITs Total Return Index,CSI REITs TR,956.18,956.8,948.01,950.5,-5.53,-0.58,103494503.0,3.99,34.0,
2024-12-19,932047,中证REITs全收益指数,中证REITs全收益,CSI REITs Total Return Index,CSI REITs TR,951.27,951.31,945.78,947.55,-2.95,-0.31,111634717.0,3.78,34.0,
2024-12-20,932047,中证REITs全收益指数,中证REITs全收益,CSI REITs Total Return Index,CSI REITs TR,947.31,951.67,945.73,950.79,3.24,0.34,115955564.0,4.34,34.0,
2024-12-23,932047,中证REITs全收益指数,中证REITs全收益,CSI REITs Total Return Index,CSI REITs TR,950.78,954.05,949.95,953.63,2.84,0.3,99329672.0,3.82,34.0,
2024-12-24,932047,中证REITs全收益指数,中证REITs全收益,CSI REITs Total Return Index,CSI REITs TR,953.57,955.26,952.87,953.88,0.25,0.03,99272496.0,3.88,34.0,
2024-12-25,932047,中证REITs全收益指数,中证REITs全收益,CSI REITs Total Return Index,CSI REITs TR,953.88,956.1,952.34,955.74,1.87,0.19,97917584.0,4.07,34.0,
2024-12-26,932047,中证REITs全收益指数,中证REITs全收益,CSI REITs Total Return Index,CSI REITs TR,955.65,957.6,954.57,956.7,0.96,0.1,107265848.0,4.15,34.0,
2024-12-27,932047,中证REITs全收益指数,中证REITs全收益,CSI REITs Total Return Index,CSI REITs TR,956.71,964.92,956.12,963.74,7.04,0.73,134647685.0,4.75,34.0,
2024-12-30,932047,中证REITs全收益指数,中证REITs全收益,CSI REITs Total Return Index,CSI REITs TR,963.98,969.51,963.96,968.61,4.86,0.5,132749893.0,4.91,34.0,
2024-12-31,932047,中证REITs全收益指数,中证REITs全收益,CSI REITs Total Return Index,CSI REITs TR,968.69,971.46,966.47,967.88,-0.73,-0.08,133871117.0,5.06,34.0,
2025-01-02,932047,中证REITs全收益指数,中证REITs全收益,CSI REITs Total Return Index,CSI REITs TR,968.67,975.71,967.21,974.71,6.83,0.7,136447550.0,5.03,34.0,
2025-01-03,932047,中证REITs全收益指数,中证REITs全收益,CSI REITs Total Return Index,CSI REITs TR,974.57,988.69,974.57,987.73,13.03,1.34,192319284.0,7.7,34.0,
2025-01-06,932047,中证REITs全收益指数,中证REITs全收益,CSI REITs Total Return Index,CSI REITs TR,988.46,995.18,988.42,991.55,3.82,0.39,170074216.0,7.16,34.0,
2025-01-07,932047,中证REITs全收益指数,中证REITs全收益,CSI REITs Total Return Index,CSI REITs TR,992.31,992.31,981.34,982.46,-9.08,-0.92,111435990.0,4.49,34.0,
2025-01-08,932047,中证REITs全收益指数,中证REITs全收益,CSI REITs Total Return Index,CSI REITs TR,982.03,992.48,979.34,992.39,9.93,1.01,142524955.0,5.69,34.0,
2025-01-09,932047,中证REITs全收益指数,中证REITs全收益,CSI REITs Total Return Index,CSI REITs TR,992.68,1002.67,992.56,1002.21,9.82,0.99,146111753.0,5.71,34.0,
2025-01-10,932047,中证REITs全收益指数,中证REITs全收益,CSI REITs Total Return Index,CSI REITs TR,1002.05,1006.66,996.28,1005.81,3.6,0.36,139435134.0,5.17,34.0,
2025-01-13,932047,中证REITs全收益指数,中证REITs全收益,CSI REITs Total Return Index,CSI REITs TR,1005.59,1005.59,999.39,1000.85,-4.96,-0.49,115633572.0,4.62,34.0,
2025-01-14,932047,中证REITs全收益指数,中证REITs全收益,CSI REITs Total Return Index,CSI REITs TR,999.96,1000.01,988.16,991.52,-9.33,-0.93,118322761.0,4.78,34.0,
2025-01-15,932047,中证REITs全收益指数,中证REITs全收益,CSI REITs Total Return Index,CSI REITs TR,991.25,1000.06,989.11,999.96,8.44,0.85,125419234.0,5.4,34.0,
2025-01-16,932047,中证REITs全收益指数,中证REITs全收益,CSI REITs Total Return Index,CSI REITs TR,1000.29,1000.49,992.17,997.97,-1.99,-0.2,146486538.0,6.1,34.0,
2025-01-17,932047,中证REITs全收益指数,中证REITs全收益,CSI REITs Total Return Index,CSI REITs TR,996.86,997.86,993.97,997.68,-0.28,-0.03,135648581.0,5.07,34.0,
2025-01-20,932047,中证REITs全收益指数,中证REITs全收益,CSI REITs Total Return Index,CSI REITs TR,997.74,1000.84,995.31,1000.68,2.99,0.3,97160893.0,4.07,34.0,
2025-01-21,932047,中证REITs全收益指数,中证REITs全收益,CSI REITs Total Return Index,CSI REITs TR,1000.41,1002.17,998.46,1001.97,1.3,0.13,147686863.0,5.94,34.0,
2025-01-22,932047,中证REITs全收益指数,中证REITs全收益,CSI REITs Total Return Index,CSI REITs TR,1002.13,1014.24,1000.82,1013.89,11.92,1.19,148906331.0,6.07,34.0,
2025-01-23,932047,中证REITs全收益指数,中证REITs全收益,CSI REITs Total Return Index,CSI REITs TR,1013.99,1017.84,1010.73,1017.81,3.92,0.39,136371008.0,5.16,34.0,
2025-01-24,932047,中证REITs全收益指数,中证REITs全收益,CSI REITs Total Return Index,CSI REITs TR,1017.17,1020.71,1015.14,1020.29,2.48,0.24,99404982.0,4.32,34.0,
2025-01-27,932047,中证REITs全收益指数,中证REITs全收益,CSI REITs Total Return Index,CSI REITs TR,1019.9,1030.97,1019.31,1027.97,7.68,0.75,69234486.0,2.81,34.0,
2025-02-05,932047,中证REITs全收益指数,中证REITs全收益,CSI REITs Total Return Index,CSI REITs TR,1027.88,1031.92,1022.17,1031.55,3.58,0.35,94100064.0,4.08,34.0,
2025-02-06,932047,中证REITs全收益指数,中证REITs全收益,CSI REITs Total Return Index,CSI REITs TR,1031.36,1033.82,1026.92,1031.67,0.13,0.01,166906978.0,5.86,34.0,
2025-02-07,932047,中证REITs全收益指数,中证REITs全收益,CSI REITs Total Return Index,CSI REITs TR,1031.3,1033.49,1027.57,1032.82,1.15,0.11,114118151.0,4.7,34.0,
2025-02-10,932047,中证REITs全收益指数,中证REITs全收益,CSI REITs Total Return Index,CSI REITs TR,1032.98,1047.13,1031.75,1046.68,13.85,1.34,150842112.0,6.28,34.0,
2025-02-11,932047,中证REITs全收益指数,中证REITs全收益,CSI REITs Total Return Index,CSI REITs TR,1047.49,1062.95,1046.65,1062.7,16.02,1.53,194533507.0,7.81,34.0,
2025-02-12,932047,中证REITs全收益指数,中证REITs全收益,CSI REITs Total Return Index,CSI REITs TR,1062.82,1064.6,1051.62,1053.61,-9.09,-0.86,163080092.0,6.73,34.0,
2025-02-13,932047,中证REITs全收益指数,中证REITs全收益,CSI REITs Total Return Index,CSI REITs TR,1051.8,1051.98,1039.59,1041.33,-12.28,-1.17,147274878.0,5.83,34.0,
2025-02-14,932047,中证REITs全收益指数,中证REITs全收益,CSI REITs Total Return Index,CSI REITs TR,1039.41,1051.11,1036.47,1051.11,9.78,0.94,121816680.0,4.86,34.0,
2025-02-17,932047,中证REITs全收益指数,中证REITs全收益,CSI REITs Total Return Index,CSI REITs TR,1052.18,1059.02,1049.36,1057.7,6.59,0.63,143710621.0,6.06,34.0,
2025-02-18,932047,中证REITs全收益指数,中证REITs全收益,CSI REITs Total Return Index,CSI REITs TR,1057.2,1058.9,1053.88,1055.34,-2.36,-0.22,128073379.0,5.72,34.0,
2025-02-19,932047,中证REITs全收益指数,中证REITs全收益,CSI REITs Total Return Index,CSI REITs TR,1054.85,1055.45,1050.09,1054.56,-0.79,-0.07,123242218.0,5.38,34.0,
2025-02-20,932047,中证REITs全收益指数,中证REITs全收益,CSI REITs Total Return Index,CSI REITs TR,1054.46,1059.35,1050.64,1059.07,4.51,0.43,142683483.0,6.38,34.0,
2025-02-21,932047,中证REITs全收益指数,中证REITs全收益,CSI REITs Total Return Index,CSI REITs TR,1059.08,1064.38,1057.19,1064.08,5.01,0.47,130095168.0,6.33,34.0,
2025-02-24,932047,中证REITs全收益指数,中证REITs全收益,CSI REITs Total Return Index,CSI REITs TR,1063.17,1063.64,1051.52,1053.44,-10.64,-1.0,108464884.0,4.82,34.0,
2025-02-25,932047,中证REITs全收益指数,中证REITs全收益,CSI REITs Total Return Index,CSI REITs TR,1052.46,1052.46,1040.47,1045.88,-7.56,-0.72,120735770.0,5.4,34.0,
2025-02-26,932047,中证REITs全收益指数,中证REITs全收益,CSI REITs Total Return Index,CSI REITs TR,1045.36,1049.07,1043.34,1045.59,-0.28,-0.03,143499793.0,6.34,34.0,
2025-02-27,932047,中证REITs全收益指数,中证REITs全收益,CSI REITs Total Return Index,CSI REITs TR,1045.38,1045.38,1037.69,1039.5,-6.1,-0.58,133373415.0,5.75,34.0,
2025-02-28,932047,中证REITs全收益指数,中证REITs全收益,CSI REITs Total Return Index,CSI REITs TR,1038.9,1038.9,1027.53,1033.17,-6.32,-0.61,140601836.0,6.11,34.0,
2025-03-03,932047,中证REITs全收益指数,中证REITs全收益,CSI REITs Total Return Index,CSI REITs TR,1032.93,1044.33,1032.08,1043.99,10.81,1.05,104584589.0,4.46,34.0,
2025-03-04,932047,中证REITs全收益指数,中证REITs全收益,CSI REITs Total Return Index,CSI REITs TR,1044.08,1052.75,1044.08,1052.26,8.27,0.79,155204753.0,6.63,34.0,
2025-03-05,932047,中证REITs全收益指数,中证REITs全收益,CSI REITs Total Return Index,CSI REITs TR,1051.73,1052.46,1047.31,1051.19,-1.07,-0.1,109930233.0,5.14,34.0,
2025-03-06,932047,中证REITs全收益指数,中证REITs全收益,CSI REITs Total Return Index,CSI REITs TR,1051.16,1051.16,1044.96,1047.07,-4.12,-0.39,120588740.0,5.49,34.0,
2025-03-07,932047,中证REITs全收益指数,中证REITs全收益,CSI REITs Total Return Index,CSI REITs TR,1047.19,1047.57,1040.24,1045.48,-1.58,-0.15,106454255.0,4.8,34.0,
2025-03-10,932047,中证REITs全收益指数,中证REITs全收益,CSI REITs Total Return Index,CSI REITs TR,1044.84,1048.57,1042.76,1048.33,2.84,0.27,108892338.0,4.89,34.0,
2025-03-11,932047,中证REITs全收益指数,中证REITs全收益,CSI REITs Total Return Index,CSI REITs TR,1048.03,1048.27,1043.47,1044.77,-3.55,-0.34,89971680.0,4.04,34.0,
2025-03-12,932047,中证REITs全收益指数,中证REITs全收益,CSI REITs Total Return Index,CSI REITs TR,1044.97,1045.53,1039.69,1043.2,-1.57,-0.15,113286916.0,5.09,34.0,
2025-03-13,932047,中证REITs全收益指数,中证REITs全收益,CSI REITs Total Return Index,CSI REITs TR,1043.03,1044.24,1041.33,1044.04,0.85,0.08,96884848.0,4.51,34.0,
2025-03-14,932047,中证REITs全收益指数,中证REITs全收益,CSI REITs Total Return Index,CSI REITs TR,1043.85,1047.45,1041.38,1046.78,2.73,0.26,104063329.0,4.95,34.0,
2025-03-17,932047,中证REITs全收益指数,中证REITs全收益,CSI REITs Total Return Index,CSI REITs TR,1046.32,1046.93,1045.25,1046.51,-0.27,-0.03,87807385.0,4.13,36.0,
2025-03-18,932047,中证REITs全收益指数,中证REITs全收益,CSI REITs Total Return Index,CSI REITs TR,1045.82,1049.96,1045.2,1049.78,3.27,0.31,160832425.0,7.01,36.0,
2025-03-19,932047,中证REITs全收益指数,中证REITs全收益,CSI REITs Total Return Index,CSI REITs TR,1049.63,1055.93,1048.68,1055.78,6.0,0.57,96898991.0,4.53,36.0,
2025-03-20,932047,中证REITs全收益指数,中证REITs全收益,CSI REITs Total Return Index,CSI REITs TR,1056.0,1059.77,1055.14,1058.79,3.01,0.29,93093432.0,4.71,36.0,
2025-03-21,932047,中证REITs全收益指数,中证REITs全收益,CSI REITs Total Return Index,CSI REITs TR,1058.64,1058.98,1055.32,1057.99,-0.8,-0.08,88780406.0,4.19,36.0,
2025-03-24,932047,中证REITs全收益指数,中证REITs全收益,CSI REITs Total Return Index,CSI REITs TR,1057.8,1060.09,1056.24,1058.08,0.09,0.01,85273510.0,4.12,36.0,
2025-03-25,932047,中证REITs全收益指数,中证REITs全收益,CSI REITs Total Return Index,CSI REITs TR,1058.09,1061.91,1057.81,1061.71,3.63,0.34,98326173.0,4.77,36.0,
2025-03-26,932047,中证REITs全收益指数,中证REITs全收益,CSI REITs Total Return Index,CSI REITs TR,1062.04,1062.04,1058.41,1060.35,-1.36,-0.13,91052288.0,4.52,36.0,
2025-03-27,932047,中证REITs全收益指数,中证REITs全收益,CSI REITs Total Return Index,CSI REITs TR,1059.65,1065.08,1059.04,1064.9,4.55,0.43,101220831.0,4.47,36.0,
2025-03-28,932047,中证REITs全收益指数,中证REITs全收益,CSI REITs Total Return Index,CSI REITs TR,1065.52,1072.49,1065.36,1071.37,6.47,0.61,112149902.0,4.95,36.0,
2025-03-31,932047,中证REITs全收益指数,中证REITs全收益,CSI REITs Total Return Index,CSI REITs TR,1071.56,1074.02,1065.93,1066.55,-4.82,-0.45,112631812.0,5.34,36.0,
2025-04-01,932047,中证REITs全收益指数,中证REITs全收益,CSI REITs Total Return Index,CSI REITs TR,1066.64,1067.73,1060.37,1062.53,-4.02,-0.38,98128540.0,4.36,36.0,
2025-04-02,932047,中证REITs全收益指数,中证REITs全收益,CSI REITs Total Return Index,CSI REITs TR,1063.05,1070.08,1060.93,1069.8,7.27,0.68,106348905.0,4.68,36.0,
2025-04-03,932047,中证REITs全收益指数,中证REITs全收益,CSI REITs Total Return Index,CSI REITs TR,1069.44,1078.48,1069.01,1078.09,8.28,0.77,125560161.0,5.48,36.0,
2025-04-07,932047,中证REITs全收益指数,中证REITs全收益,CSI REITs Total Return Index,CSI REITs TR,1076.87,1077.31,1063.36,1068.27,-9.82,-0.91,123539310.0,5.32,36.0,
2025-04-08,932047,中证REITs全收益指数,中证REITs全收益,CSI REITs Total Return Index,CSI REITs TR,1067.7,1067.73,1059.73,1063.33,-4.94,-0.46,115761936.0,4.99,36.0,
2025-04-09,932047,中证REITs全收益指数,中证REITs全收益,CSI REITs Total Return Index,CSI REITs TR,1061.99,1062.34,1053.65,1058.12,-5.2,-0.49,105111162.0,4.1,36.0,
2025-04-10,932047,中证REITs全收益指数,中证REITs全收益,CSI REITs Total Return Index,CSI REITs TR,1058.06,1061.96,1056.15,1061.93,3.81,0.36,105857846.0,4.77,36.0,
2025-04-11,932047,中证REITs全收益指数,中证REITs全收益,CSI REITs Total Return Index,CSI REITs TR,1061.15,1066.31,1060.92,1065.39,3.46,0.32,112056953.0,4.85,36.0,
2025-04-14,932047,中证REITs全收益指数,中证REITs全收益,CSI REITs Total Return Index,CSI REITs TR,1065.04,1068.47,1061.74,1068.26,2.87,0.27,102774697.0,4.43,36.0,
2025-04-15,932047,中证REITs全收益指数,中证REITs全收益,CSI REITs Total Return Index,CSI REITs TR,1068.29,1071.73,1066.59,1071.26,3.01,0.28,105940101.0,4.58,36.0,
2025-04-16,932047,中证REITs全收益指数,中证REITs全收益,CSI REITs Total Return Index,CSI REITs TR,1071.47,1075.46,1070.02,1075.37,4.11,0.38,107432651.0,5.14,36.0,
2025-04-17,932047,中证REITs全收益指数,中证REITs全收益,CSI REITs Total Return Index,CSI REITs TR,1075.54,1079.42,1074.26,1079.15,3.78,0.35,113239263.0,5.15,36.0,
2025-04-18,932047,中证REITs全收益指数,中证REITs全收益,CSI REITs Total Return Index,CSI REITs TR,1078.79,1079.41,1073.99,1074.34,-4.82,-0.45,86583246.0,3.83,36.0,
2025-04-21,932047,中证REITs全收益指数,中证REITs全收益,CSI REITs Total Return Index,CSI REITs TR,1074.59,1074.79,1066.92,1070.97,-3.36,-0.31,85904441.0,3.99,36.0,
2025-04-22,932047,中证REITs全收益指数,中证REITs全收益,CSI REITs Total Return Index,CSI REITs TR,1070.42,1070.7,1064.81,1067.0,-3.98,-0.37,106391800.0,4.87,36.0,
2025-04-23,932047,中证REITs全收益指数,中证REITs全收益,CSI REITs Total Return Index,CSI REITs TR,1067.08,1068.67,1062.78,1063.91,-3.08,-0.29,94727241.0,4.32,36.0,
2025-04-24,932047,中证REITs全收益指数,中证REITs全收益,CSI REITs Total Return Index,CSI REITs TR,1063.91,1064.8,1060.22,1061.31,-2.6,-0.24,89018386.0,3.87,36.0,
2025-04-25,932047,中证REITs全收益指数,中证REITs全收益,CSI REITs Total Return Index,CSI REITs TR,1061.91,1061.91,1056.79,1058.94,-2.37,-0.22,77982937.0,3.66,36.0,
2025-04-28,932047,中证REITs全收益指数,中证REITs全收益,CSI REITs Total Return Index,CSI REITs TR,1058.57,1058.81,1051.53,1051.79,-7.15,-0.67,101220069.0,4.51,36.0,
2025-04-29,932047,中证REITs全收益指数,中证REITs全收益,CSI REITs Total Return Index,CSI REITs TR,1052.65,1055.2,1050.69,1054.24,2.45,0.23,93951956.0,4.06,36.0,
2025-04-30,932047,中证REITs全收益指数,中证REITs全收益,CSI REITs Total Return Index,CSI REITs TR,1054.12,1058.33,1054.01,1057.92,3.67,0.35,92365879.0,4.15,36.0,
2025-05-06,932047,中证REITs全收益指数,中证REITs全收益,CSI REITs Total Return Index,CSI REITs TR,1058.71,1061.19,1056.75,1061.14,3.23,0.3,49698492.0,2.16,36.0,
2025-05-07,932047,中证REITs全收益指数,中证REITs全收益,CSI REITs Total Return Index,CSI REITs TR,1060.6,1063.35,1059.37,1063.09,1.95,0.18,86041292.0,3.7,36.0,
2025-05-08,932047,中证REITs全收益指数,中证REITs全收益,CSI REITs Total Return Index,CSI REITs TR,1062.86,1064.2,1059.86,1061.69,-1.4,-0.13,85246566.0,3.71,36.0,
2025-05-09,932047,中证REITs全收益指数,中证REITs全收益,CSI REITs Total Return Index,CSI REITs TR,1061.01,1062.09,1059.86,1062.05,0.37,0.03,81957688.0,3.35,36.0,
2025-05-12,932047,中证REITs全收益指数,中证REITs全收益,CSI REITs Total Return Index,CSI REITs TR,1061.85,1068.48,1060.55,1068.45,6.4,0.6,89022069.0,3.86,36.0,
2025-05-13,932047,中证REITs全收益指数,中证REITs全收益,CSI REITs Total Return Index,CSI REITs TR,1068.67,1069.72,1066.76,1068.33,-0.12,-0.01,83776999.0,3.6,36.0,
2025-05-14,932047,中证REITs全收益指数,中证REITs全收益,CSI REITs Total Return Index,CSI REITs TR,1067.92,1073.43,1067.25,1073.24,4.91,0.46,89191469.0,3.98,36.0,
2025-05-15,932047,中证REITs全收益指数,中证REITs全收益,CSI REITs Total Return Index,CSI REITs TR,1072.73,1073.38,1070.97,1072.36,-0.88,-0.08,68614256.0,3.0,36.0,
2025-05-16,932047,中证REITs全收益指数,中证REITs全收益,CSI REITs Total Return Index,CSI REITs TR,1072.32,1077.53,1070.52,1076.78,4.43,0.41,81996423.0,3.71,36.0,
2025-05-19,932047,中证REITs全收益指数,中证REITs全收益,CSI REITs Total Return Index,CSI REITs TR,1076.43,1079.0,1075.33,1078.24,1.46,0.14,81173535.0,3.66,36.0,
2025-05-20,932047,中证REITs全收益指数,中证REITs全收益,CSI REITs Total Return Index,CSI REITs TR,1078.16,1084.16,1077.97,1083.95,5.71,0.53,91514411.0,4.36,36.0,
2025-05-21,932047,中证REITs全收益指数,中证REITs全收益,CSI REITs Total Return Index,CSI REITs TR,1083.98,1093.2,1083.44,1093.11,9.16,0.84,102065198.0,4.68,36.0,
2025-05-22,932047,中证REITs全收益指数,中证REITs全收益,CSI REITs Total Return Index,CSI REITs TR,1093.05,1093.29,1089.3,1090.95,-2.16,-0.2,102873519.0,4.78,36.0,
2025-05-23,932047,中证REITs全收益指数,中证REITs全收益,CSI REITs Total Return Index,CSI REITs TR,1090.72,1090.72,1087.35,1089.72,-1.23,-0.11,91688789.0,4.34,36.0,
2025-05-26,932047,中证REITs全收益指数,中证REITs全收益,CSI REITs Total Return Index,CSI REITs TR,1089.88,1091.46,1088.77,1091.23,1.51,0.14,65936313.0,2.98,36.0,
2025-05-27,932047,中证REITs全收益指数,中证REITs全收益,CSI REITs Total Return Index,CSI REITs TR,1091.41,1091.86,1086.6,1088.25,-2.98,-0.27,70789268.0,3.3,36.0,
2025-05-28,932047,中证REITs全收益指数,中证REITs全收益,CSI REITs Total Return Index,CSI REITs TR,1088.32,1089.77,1086.09,1089.46,1.2,0.11,74458315.0,3.37,36.0,
2025-05-29,932047,中证REITs全收益指数,中证REITs全收益,CSI REITs Total Return Index,CSI REITs TR,1089.52,1089.94,1087.57,1089.65,0.19,0.02,92342609.0,3.81,36.0,
2025-05-30,932047,中证REITs全收益指数,中证REITs全收益,CSI REITs Total Return Index,CSI REITs TR,1089.52,1090.54,1088.24,1090.07,0.42,0.04,64802730.0,2.7,36.0,
2025-06-03,932047,中证REITs全收益指数,中证REITs全收益,CSI REITs Total Return Index,CSI REITs TR,1090.15,1090.98,1087.48,1090.76,0.69,0.06,72328695.0,3.08,36.0,
2025-06-04,932047,中证REITs全收益指数,中证REITs全收益,CSI REITs Total Return Index,CSI REITs TR,1090.64,1096.2,1090.27,1096.1,5.35,0.49,74126347.0,3.3,36.0,
2025-06-05,932047,中证REITs全收益指数,中证REITs全收益,CSI REITs Total Return Index,CSI REITs TR,1095.91,1107.42,1095.78,1107.35,11.24,1.03,84193768.0,4.19,36.0,
2025-06-06,932047,中证REITs全收益指数,中证REITs全收益,CSI REITs Total Return Index,CSI REITs TR,1107.43,1111.46,1105.3,1107.26,-0.09,-0.01,98998818.0,4.29,36.0,
2025-06-09,932047,中证REITs全收益指数,中证REITs全收益,CSI REITs Total Return Index,CSI REITs TR,1107.22,1108.37,1102.17,1104.73,-2.53,-0.23,85451034.0,4.07,36.0,
2025-06-10,932047,中证REITs全收益指数,中证REITs全收益,CSI REITs Total Return Index,CSI REITs TR,1104.33,1107.21,1103.72,1107.06,2.32,0.21,84057248.0,4.08,36.0,
2025-06-11,932047,中证REITs全收益指数,中证REITs全收益,CSI REITs Total Return Index,CSI REITs TR,1106.55,1109.07,1105.68,1108.9,1.84,0.17,101272148.0,4.51,36.0,
2025-06-12,932047,中证REITs全收益指数,中证REITs全收益,CSI REITs Total Return Index,CSI REITs TR,1109.01,1110.5,1108.14,1110.21,1.31,0.12,85696214.0,3.99,36.0,
2025-06-13,932047,中证REITs全收益指数,中证REITs全收益,CSI REITs Total Return Index,CSI REITs TR,1109.25,1114.89,1108.58,1114.86,4.65,0.42,97344831.0,4.35,36.0,
2025-06-16,932047,中证REITs全收益指数,中证REITs全收益,CSI REITs Total Return Index,CSI REITs TR,1114.78,1118.31,1113.25,1117.87,3.01,0.27,71897689.0,3.44,42.0,
2025-06-17,932047,中证REITs全收益指数,中证REITs全收益,CSI REITs Total Return Index,CSI REITs TR,1117.96,1118.88,1114.77,1116.07,-1.8,-0.16,101231700.0,5.13,42.0,
2025-06-18,932047,中证REITs全收益指数,中证REITs全收益,CSI REITs Total Return Index,CSI REITs TR,1115.39,1120.36,1114.86,1120.36,4.29,0.38,82891916.0,4.25,42.0,
2025-06-19,932047,中证REITs全收益指数,中证REITs全收益,CSI REITs Total Return Index,CSI REITs TR,1120.18,1121.0,1118.26,1120.61,0.25,0.02,95646927.0,4.98,42.0,
2025-06-20,932047,中证REITs全收益指数,中证REITs全收益,CSI REITs Total Return Index,CSI REITs TR,1120.44,1124.63,1119.2,1124.63,4.02,0.36,78368610.0,3.86,42.0,
2025-06-23,932047,中证REITs全收益指数,中证REITs全收益,CSI REITs Total Return Index,CSI REITs TR,1123.95,1124.91,1121.89,1124.56,-0.07,-0.01,89863889.0,4.51,42.0,
2025-06-24,932047,中证REITs全收益指数,中证REITs全收益,CSI REITs Total Return Index,CSI REITs TR,1124.26,1124.26,1108.09,1114.41,-10.15,-0.9,113516935.0,5.45,42.0,
2025-06-25,932047,中证REITs全收益指数,中证REITs全收益,CSI REITs Total Return Index,CSI REITs TR,1113.87,1115.16,1109.77,1114.93,0.52,0.05,70450241.0,3.43,42.0,
2025-06-26,932047,中证REITs全收益指数,中证REITs全收益,CSI REITs Total Return Index,CSI REITs TR,1114.68,1115.19,1111.08,1112.43,-2.5,-0.22,83139168.0,4.19,42.0,
2025-06-27,932047,中证REITs全收益指数,中证REITs全收益,CSI REITs Total Return Index,CSI REITs TR,1112.78,1113.08,1106.69,1109.13,-3.31,-0.3,82775005.0,4.13,42.0,
2025-06-30,932047,中证REITs全收益指数,中证REITs全收益,CSI REITs Total Return Index,CSI REITs TR,1109.8,1109.8,1102.94,1105.45,-3.68,-0.33,71084819.0,3.56,42.0,
2025-07-01,932047,中证REITs全收益指数,中证REITs全收益,CSI REITs Total Return Index,CSI REITs TR,1104.66,1105.54,1103.05,1104.73,-0.72,-0.06,80119721.0,4.02,42.0,
2025-07-02,932047,中证REITs全收益指数,中证REITs全收益,CSI REITs Total Return Index,CSI REITs TR,1104.51,1115.95,1103.62,1115.84,11.11,1.0,109520031.0,5.34,42.0,
2025-07-03,932047,中证REITs全收益指数,中证REITs全收益,CSI REITs Total Return Index,CSI REITs TR,1115.57,1118.92,1114.4,1116.94,1.1,0.1,119869141.0,5.11,42.0,
2025-07-04,932047,中证REITs全收益指数,中证REITs全收益,CSI REITs Total Return Index,CSI REITs TR,1116.49,1117.8,1114.57,1116.42,-0.52,-0.05,90432654.0,3.87,42.0,
2025-07-07,932047,中证REITs全收益指数,中证REITs全收益,CSI REITs Total Return Index,CSI REITs TR,1116.78,1117.19,1114.08,1116.15,-0.27,-0.02,66520017.0,2.81,42.0,
2025-07-08,932047,中证REITs全收益指数,中证REITs全收益,CSI REITs Total Return Index,CSI REITs TR,1116.79,1116.79,1108.52,1108.93,-7.22,-0.65,92170373.0,4.31,42.0,
2025-07-09,932047,中证REITs全收益指数,中证REITs全收益,CSI REITs Total Return Index,CSI REITs TR,1109.23,1110.23,1103.42,1105.35,-3.58,-0.32,91766807.0,4.71,42.0,
2025-07-10,932047,中证REITs全收益指数,中证REITs全收益,CSI REITs Total Return Index,CSI REITs TR,1105.97,1108.18,1104.49,1105.67,0.32,0.03,82545100.0,4.05,42.0,
2025-07-11,932047,中证REITs全收益指数,中证REITs全收益,CSI REITs Total Return Index,CSI REITs TR,1105.47,1105.77,1101.63,1103.87,-1.8,-0.16,99120561.0,4.52,42.0,
2025-07-14,932047,中证REITs全收益指数,中证REITs全收益,CSI REITs Total Return Index,CSI REITs TR,1103.13,1103.83,1101.0,1101.69,-2.19,-0.2,73882097.0,3.43,42.0,
2025-07-15,932047,中证REITs全收益指数,中证REITs全收益,CSI REITs Total Return Index,CSI REITs TR,1101.63,1104.37,1100.26,1104.37,2.68,0.24,80751301.0,3.89,42.0,
2025-07-16,932047,中证REITs全收益指数,中证REITs全收益,CSI REITs Total Return Index,CSI REITs TR,1104.41,1106.55,1102.77,1106.48,2.11,0.19,88364958.0,4.08,42.0,
2025-07-17,932047,中证REITs全收益指数,中证REITs全收益,CSI REITs Total Return Index,CSI REITs TR,1106.33,1106.85,1103.88,1105.25,-1.22,-0.11,111535149.0,4.31,42.0,
2025-07-18,932047,中证REITs全收益指数,中证REITs全收益,CSI REITs Total Return Index,CSI REITs TR,1105.21,1105.34,1103.09,1104.55,-0.71,-0.06,72226883.0,3.4,42.0,
2025-07-21,932047,中证REITs全收益指数,中证REITs全收益,CSI REITs Total Return Index,CSI REITs TR,1104.55,1105.32,1098.38,1099.51,-5.04,-0.46,109230646.0,4.5,42.0,
2025-07-22,932047,中证REITs全收益指数,中证REITs全收益,CSI REITs Total Return Index,CSI REITs TR,1099.36,1099.4,1092.72,1093.95,-5.55,-0.5,72691795.0,3.49,42.0,
2025-07-23,932047,中证REITs全收益指数,中证REITs全收益,CSI REITs Total Return Index,CSI REITs TR,1093.22,1093.43,1081.11,1086.8,-7.16,-0.65,102875612.0,4.77,42.0,
2025-07-24,932047,中证REITs全收益指数,中证REITs全收益,CSI REITs Total Return Index,CSI REITs TR,1086.29,1087.3,1084.01,1087.29,0.49,0.04,82572782.0,4.17,42.0,
2025-07-25,932047,中证REITs全收益指数,中证REITs全收益,CSI REITs Total Return Index,CSI REITs TR,1087.43,1087.46,1084.53,1087.36,0.08,0.01,65336649.0,3.34,42.0,
2025-07-28,932047,中证REITs全收益指数,中证REITs全收益,CSI REITs Total Return Index,CSI REITs TR,1087.11,1091.99,1085.41,1091.88,4.52,0.42,83985493.0,3.94,42.0,
2025-07-29,932047,中证REITs全收益指数,中证REITs全收益,CSI REITs Total Return Index,CSI REITs TR,1091.8,1092.0,1089.02,1089.58,-2.31,-0.21,57710316.0,2.79,42.0,
2025-07-30,932047,中证REITs全收益指数,中证REITs全收益,CSI REITs Total Return Index,CSI REITs TR,1089.52,1093.11,1089.49,1092.92,3.34,0.31,89461203.0,4.05,42.0,
2025-07-31,932047,中证REITs全收益指数,中证REITs全收益,CSI REITs Total Return Index,CSI REITs TR,1092.92,1102.63,1092.92,1102.15,9.24,0.84,92587680.0,4.31,42.0,
2025-08-01,932047,中证REITs全收益指数,中证REITs全收益,CSI REITs Total Return Index,CSI REITs TR,1102.27,1102.8,1098.38,1100.9,-1.25,-0.11,100707415.0,4.61,42.0,
2025-08-04,932047,中证REITs全收益指数,中证REITs全收益,CSI REITs Total Return Index,CSI REITs TR,1100.76,1101.75,1095.88,1096.92,-3.98,-0.36,91105184.0,4.28,42.0,
2025-08-05,932047,中证REITs全收益指数,中证REITs全收益,CSI REITs Total Return Index,CSI REITs TR,1096.64,1096.87,1091.98,1093.95,-2.98,-0.27,78620702.0,3.44,42.0,
2025-08-06,932047,中证REITs全收益指数,中证REITs全收益,CSI REITs Total Return Index,CSI REITs TR,1094.01,1095.17,1093.39,1094.3,0.35,0.03,84490123.0,3.64,42.0,
2025-08-07,932047,中证REITs全收益指数,中证REITs全收益,CSI REITs Total Return Index,CSI REITs TR,1094.25,1097.54,1092.9,1097.1,2.8,0.26,108920031.0,4.73,42.0,
2025-08-08,932047,中证REITs全收益指数,中证REITs全收益,CSI REITs Total Return Index,CSI REITs TR,1097.02,1097.43,1095.69,1097.31,0.21,0.02,84256699.0,3.96,42.0,
2025-08-11,932047,中证REITs全收益指数,中证REITs全收益,CSI REITs Total Return Index,CSI REITs TR,1097.05,1097.05,1092.21,1093.62,-3.69,-0.34,70637881.0,3.45,42.0,
2025-08-12,932047,中证REITs全收益指数,中证REITs全收益,CSI REITs Total Return Index,CSI REITs TR,1093.61,1094.09,1091.64,1093.26,-0.36,-0.03,59672627.0,3.03,42.0,
2025-08-13,932047,中证REITs全收益指数,中证REITs全收益,CSI REITs Total Return Index,CSI REITs TR,1093.61,1093.63,1090.77,1091.29,-1.98,-0.18,66900204.0,3.02,42.0,
2025-08-14,932047,中证REITs全收益指数,中证REITs全收益,CSI REITs Total Return Index,CSI REITs TR,1091.15,1091.19,1086.71,1087.28,-4.01,-0.37,96611492.0,4.37,42.0,
2025-08-15,932047,中证REITs全收益指数,中证REITs全收益,CSI REITs Total Return Index,CSI REITs TR,1086.71,1088.03,1079.64,1080.91,-6.37,-0.59,91885521.0,4.19,42.0,
2025-08-18,932047,中证REITs全收益指数,中证REITs全收益,CSI REITs Total Return Index,CSI REITs TR,1081.12,1081.12,1058.44,1062.52,-18.39,-1.7,141940231.0,5.28,42.0,
2025-08-19,932047,中证REITs全收益指数,中证REITs全收益,CSI REITs Total Return Index,CSI REITs TR,1061.32,1061.32,1052.65,1054.03,-8.49,-0.8,122492700.0,5.08,42.0,
2025-08-20,932047,中证REITs全收益指数,中证REITs全收益,CSI REITs Total Return Index,CSI REITs TR,1055.41,1060.73,1055.15,1058.6,4.57,0.43,98174983.0,4.41,42.0,
2025-08-21,932047,中证REITs全收益指数,中证REITs全收益,CSI REITs Total Return Index,CSI REITs TR,1058.39,1060.48,1058.19,1060.24,1.64,0.15,108340812.0,4.58,42.0,
2025-08-22,932047,中证REITs全收益指数,中证REITs全收益,CSI REITs Total Return Index,CSI REITs TR,1060.4,1062.12,1059.72,1062.06,1.82,0.17,68395411.0,3.19,42.0,
2025-08-25,932047,中证REITs全收益指数,中证REITs全收益,CSI REITs Total Return Index,CSI REITs TR,1061.23,1064.67,1057.33,1064.31,2.25,0.21,95720791.0,4.51,42.0,
2025-08-26,932047,中证REITs全收益指数,中证REITs全收益,CSI REITs Total Return Index,CSI REITs TR,1064.27,1077.59,1063.13,1077.04,12.73,1.2,124115912.0,5.28,42.0,
2025-08-27,932047,中证REITs全收益指数,中证REITs全收益,CSI REITs Total Return Index,CSI REITs TR,1077.01,1078.85,1076.09,1077.87,0.83,0.08,91109037.0,3.89,42.0,
2025-08-28,932047,中证REITs全收益指数,中证REITs全收益,CSI REITs Total Return Index,CSI REITs TR,1078.14,1078.22,1074.43,1076.41,-1.46,-0.14,71114404.0,3.35,42.0,
2025-08-29,932047,中证REITs全收益指数,中证REITs全收益,CSI REITs Total Return Index,CSI REITs TR,1076.08,1076.26,1071.55,1073.33,-3.08,-0.29,78326019.0,3.86,42.0,
2025-09-01,932047,中证REITs全收益指数,中证REITs全收益,CSI REITs Total Return Index,CSI REITs TR,1072.75,1073.42,1069.43,1070.31,-3.02,-0.28,74760192.0,3.61,42.0,
2025-09-02,932047,中证REITs全收益指数,中证REITs全收益,CSI REITs Total Return Index,CSI REITs TR,1069.99,1075.8,1068.97,1075.59,5.28,0.49,88724032.0,4.01,42.0,
2025-09-03,932047,中证REITs全收益指数,中证REITs全收益,CSI REITs Total Return Index,CSI REITs TR,1076.18,1078.7,1075.19,1078.54,2.95,0.27,78006660.0,3.66,42.0,
2025-09-04,932047,中证REITs全收益指数,中证REITs全收益,CSI REITs Total Return Index,CSI REITs TR,1078.1,1085.38,1078.08,1083.09,4.55,0.42,90736557.0,4.15,42.0,
2025-09-05,932047,中证REITs全收益指数,中证REITs全收益,CSI REITs Total Return Index,CSI REITs TR,1082.68,1084.3,1077.01,1078.42,-4.67,-0.43,93746846.0,4.0,42.0,
2025-09-08,932047,中证REITs全收益指数,中证REITs全收益,CSI REITs Total Return Index,CSI REITs TR,1077.66,1077.66,1072.9,1073.21,-5.21,-0.48,75290947.0,3.33,42.0,
2025-09-09,932047,中证REITs全收益指数,中证REITs全收益,CSI REITs Total Return Index,CSI REITs TR,1073.35,1074.26,1071.7,1073.82,0.61,0.06,76812178.0,3.31,42.0,
2025-09-10,932047,中证REITs全收益指数,中证REITs全收益,CSI REITs Total Return Index,CSI REITs TR,1073.82,1074.37,1070.16,1070.84,-2.98,-0.28,83654601.0,3.92,42.0,
2025-09-11,932047,中证REITs全收益指数,中证REITs全收益,CSI REITs Total Return Index,CSI REITs TR,1070.41,1070.85,1068.55,1069.66,-1.17,-0.11,72801344.0,3.61,42.0,
2025-09-12,932047,中证REITs全收益指数,中证REITs全收益,CSI REITs Total Return Index,CSI REITs TR,1069.18,1070.21,1068.76,1070.04,0.37,0.03,71714186.0,3.37,42.0,
2025-09-15,932047,中证REITs全收益指数,中证REITs全收益,CSI REITs Total Return Index,CSI REITs TR,1069.98,1072.0,1068.24,1071.9,1.86,0.17,58045413.0,2.47,47.0,
2025-09-16,932047,中证REITs全收益指数,中证REITs全收益,CSI REITs Total Return Index,CSI REITs TR,1072.0,1072.0,1068.42,1069.74,-2.17,-0.2,70023351.0,3.17,47.0,
2025-09-17,932047,中证REITs全收益指数,中证REITs全收益,CSI REITs Total Return Index,CSI REITs TR,1069.95,1071.44,1068.15,1071.32,1.58,0.15,73436193.0,3.35,47.0,
2025-09-18,932047,中证REITs全收益指数,中证REITs全收益,CSI REITs Total Return Index,CSI REITs TR,1070.81,1071.42,1069.07,1071.2,-0.11,-0.01,87785859.0,3.8,47.0,
2025-09-19,932047,中证REITs全收益指数,中证REITs全收益,CSI REITs Total Return Index,CSI REITs TR,1071.19,1072.07,1069.39,1071.34,0.13,0.01,79858327.0,3.41,47.0,
2025-09-22,932047,中证REITs全收益指数,中证REITs全收益,CSI REITs Total Return Index,CSI REITs TR,1071.02,1071.06,1067.26,1068.64,-2.7,-0.25,67369002.0,3.19,47.0,
2025-09-23,932047,中证REITs全收益指数,中证REITs全收益,CSI REITs Total Return Index,CSI REITs TR,1068.51,1068.51,1066.17,1067.96,-0.68,-0.06,54697732.0,2.74,47.0,
2025-09-24,932047,中证REITs全收益指数,中证REITs全收益,CSI REITs Total Return Index,CSI REITs TR,1067.86,1067.86,1065.37,1066.29,-1.67,-0.16,40343951.0,2.03,47.0,
2025-09-25,932047,中证REITs全收益指数,中证REITs全收益,CSI REITs Total Return Index,CSI REITs TR,1066.22,1066.32,1063.03,1063.61,-2.68,-0.25,59346334.0,2.92,47.0,
2025-09-26,932047,中证REITs全收益指数,中证REITs全收益,CSI REITs Total Return Index,CSI REITs TR,1063.5,1065.28,1062.77,1064.42,0.81,0.08,57121175.0,2.72,47.0,
2025-09-29,932047,中证REITs全收益指数,中证REITs全收益,CSI REITs Total Return Index,CSI REITs TR,1064.46,1064.49,1060.35,1061.91,-2.51,-0.24,42850724.0,1.92,47.0,
2025-09-30,932047,中证REITs全收益指数,中证REITs全收益,CSI REITs Total Return Index,CSI REITs TR,1061.66,1062.38,1060.55,1061.47,-0.44,-0.04,42566665.0,1.99,47.0,
2025-10-09,932047,中证REITs全收益指数,中证REITs全收益,CSI REITs Total Return Index,CSI REITs TR,1060.85,1060.85,1059.03,1059.6,-1.87,-0.18,48961546.0,2.21,47.0,
2025-10-10,932047,中证REITs全收益指数,中证REITs全收益,CSI REITs Total Return Index,CSI REITs TR,1059.46,1061.24,1058.13,1058.71,-0.89,-0.08,52767140.0,2.37,47.0,
2025-10-13,932047,中证REITs全收益指数,中证REITs全收益,CSI REITs Total Return Index,CSI REITs TR,1058.34,1059.41,1056.18,1058.72,0.01,0.0,56910217.0,2.42,47.0,
2025-10-14,932047,中证REITs全收益指数,中证REITs全收益,CSI REITs Total Return Index,CSI REITs TR,1058.61,1058.61,1054.31,1055.45,-3.27,-0.31,67021133.0,2.91,47.0,
2025-10-15,932047,中证REITs全收益指数,中证REITs全收益,CSI REITs Total Return Index,CSI REITs TR,1055.15,1055.7,1051.27,1051.93,-3.52,-0.33,56293396.0,2.48,47.0,
2025-10-16,932047,中证REITs全收益指数,中证REITs全收益,CSI REITs Total Return Index,CSI REITs TR,1051.8,1051.84,1045.39,1047.78,-4.14,-0.39,71302263.0,3.31,47.0,
2025-10-17,932047,中证REITs全收益指数,中证REITs全收益,CSI REITs Total Return Index,CSI REITs TR,1047.73,1048.56,1040.85,1043.46,-4.32,-0.41,91338957.0,3.87,47.0,
2025-10-20,932047,中证REITs全收益指数,中证REITs全收益,CSI REITs Total Return Index,CSI REITs TR,1042.85,1046.45,1034.44,1036.81,-6.65,-0.64,88372178.0,3.62,47.0,
2025-10-21,932047,中证REITs全收益指数,中证REITs全收益,CSI REITs Total Return Index,CSI REITs TR,1036.16,1037.04,1029.48,1031.66,-5.15,-0.5,97032992.0,4.33,47.0,
2025-10-22,932047,中证REITs全收益指数,中证REITs全收益,CSI REITs Total Return Index,CSI REITs TR,1031.39,1032.94,1029.14,1031.79,0.12,0.01,95659225.0,4.1,47.0,
2025-10-23,932047,中证REITs全收益指数,中证REITs全收益,CSI REITs Total Return Index,CSI REITs TR,1031.66,1036.54,1030.84,1036.34,4.55,0.44,106512460.0,4.61,47.0,
2025-10-24,932047,中证REITs全收益指数,中证REITs全收益,CSI REITs Total Return Index,CSI REITs TR,1036.07,1045.31,1035.38,1045.13,8.8,0.85,93406412.0,4.07,47.0,
2025-10-27,932047,中证REITs全收益指数,中证REITs全收益,CSI REITs Total Return Index,CSI REITs TR,1044.92,1045.01,1038.88,1040.52,-4.61,-0.44,95487347.0,4.02,47.0,
2025-10-28,932047,中证REITs全收益指数,中证REITs全收益,CSI REITs Total Return Index,CSI REITs TR,1040.33,1049.65,1040.33,1049.4,8.88,0.85,137667172.0,5.98,47.0,
2025-10-29,932047,中证REITs全收益指数,中证REITs全收益,CSI REITs Total Return Index,CSI REITs TR,1048.86,1052.34,1048.11,1051.95,2.55,0.24,108175090.0,4.41,47.0,
2025-10-30,932047,中证REITs全收益指数,中证REITs全收益,CSI REITs Total Return Index,CSI REITs TR,1051.94,1051.94,1050.38,1051.41,-0.54,-0.05,88143492.0,3.66,47.0,
2025-10-31,932047,中证REITs全收益指数,中证REITs全收益,CSI REITs Total Return Index,CSI REITs TR,1051.25,1051.57,1045.05,1045.73,-5.68,-0.54,134867592.0,4.74,47.0,
2025-11-03,932047,中证REITs全收益指数,中证REITs全收益,CSI REITs Total Return Index,CSI REITs TR,1045.36,1046.05,1038.39,1039.1,-6.63,-0.63,130934403.0,4.7,47.0,
2025-11-04,932047,中证REITs全收益指数,中证REITs全收益,CSI REITs Total Return Index,CSI REITs TR,1038.31,1038.31,1031.39,1033.05,-6.05,-0.58,108228311.0,4.16,47.0,
2025-11-05,932047,中证REITs全收益指数,中证REITs全收益,CSI REITs Total Return Index,CSI REITs TR,1032.72,1036.01,1030.65,1035.9,2.85,0.28,103543141.0,3.94,47.0,
2025-11-06,932047,中证REITs全收益指数,中证REITs全收益,CSI REITs Total Return Index,CSI REITs TR,1035.6,1036.54,1033.93,1035.2,-0.71,-0.07,88678258.0,3.69,47.0,
2025-11-07,932047,中证REITs全收益指数,中证REITs全收益,CSI REITs Total Return Index,CSI REITs TR,1035.3,1041.73,1034.79,1041.51,6.32,0.61,88513815.0,3.53,47.0,
2025-11-10,932047,中证REITs全收益指数,中证REITs全收益,CSI REITs Total Return Index,CSI REITs TR,1041.29,1047.12,1039.3,1046.59,5.08,0.49,107473795.0,4.25,47.0,
2025-11-11,932047,中证REITs全收益指数,中证REITs全收益,CSI REITs Total Return Index,CSI REITs TR,1046.49,1047.81,1046.04,1046.8,0.21,0.02,105992299.0,4.19,47.0,
2025-11-12,932047,中证REITs全收益指数,中证REITs全收益,CSI REITs Total Return Index,CSI REITs TR,1046.91,1048.02,1046.28,1047.79,0.99,0.09,82489453.0,3.47,47.0,
2025-11-13,932047,中证REITs全收益指数,中证REITs全收益,CSI REITs Total Return Index,CSI REITs TR,1047.63,1048.0,1046.63,1047.32,-0.47,-0.04,104103409.0,3.94,47.0,
2025-11-14,932047,中证REITs全收益指数,中证REITs全收益,CSI REITs Total Return Index,CSI REITs TR,1047.49,1050.58,1046.64,1050.45,3.13,0.3,112683895.0,4.35,47.0,
2025-11-17,932047,中证REITs全收益指数,中证REITs全收益,CSI REITs Total Return Index,CSI REITs TR,1050.35,1051.53,1048.87,1051.35,0.9,0.08,82832382.0,3.62,47.0,
2025-11-18,932047,中证REITs全收益指数,中证REITs全收益,CSI REITs Total Return Index,CSI REITs TR,1051.07,1051.89,1049.64,1051.18,-0.17,-0.02,95909090.0,4.13,47.0,
2025-11-19,932047,中证REITs全收益指数,中证REITs全收益,CSI REITs Total Return Index,CSI REITs TR,1050.85,1050.92,1046.94,1047.89,-3.3,-0.31,81959217.0,3.46,47.0,
2025-11-20,932047,中证REITs全收益指数,中证REITs全收益,CSI REITs Total Return Index,CSI REITs TR,1047.74,1047.9,1043.06,1044.2,-3.69,-0.35,70722405.0,2.98,47.0,
2025-11-21,932047,中证REITs全收益指数,中证REITs全收益,CSI REITs Total Return Index,CSI REITs TR,1043.48,1044.3,1039.73,1041.16,-3.05,-0.29,87048865.0,3.57,47.0,
2025-11-24,932047,中证REITs全收益指数,中证REITs全收益,CSI REITs Total Return Index,CSI REITs TR,1040.93,1041.02,1034.55,1036.41,-4.75,-0.46,102866409.0,4.36,47.0,
2025-11-25,932047,中证REITs全收益指数,中证REITs全收益,CSI REITs Total Return Index,CSI REITs TR,1036.38,1040.75,1034.77,1040.36,3.95,0.38,115354937.0,4.95,47.0,
2025-11-26,932047,中证REITs全收益指数,中证REITs全收益,CSI REITs Total Return Index,CSI REITs TR,1040.34,1044.28,1038.8,1043.63,3.27,0.31,109464818.0,4.86,47.0,
2025-11-27,932047,中证REITs全收益指数,中证REITs全收益,CSI REITs Total Return Index,CSI REITs TR,1043.63,1043.76,1039.62,1040.5,-3.13,-0.3,100448022.0,4.22,47.0,
2025-11-28,932047,中证REITs全收益指数,中证REITs全收益,CSI REITs Total Return Index,CSI REITs TR,1040.0,1041.19,1038.98,1040.34,-0.16,-0.01,90002134.0,4.3,47.0,
2025-12-01,932047,中证REITs全收益指数,中证REITs全收益,CSI REITs Total Return Index,CSI REITs TR,1040.18,1040.55,1036.79,1037.85,-2.48,-0.24,62610532.0,2.96,47.0,
2025-12-02,932047,中证REITs全收益指数,中证REITs全收益,CSI REITs Total Return Index,CSI REITs TR,1037.51,1037.54,1034.22,1035.28,-2.57,-0.25,66723051.0,2.81,47.0,
2025-12-03,932047,中证REITs全收益指数,中证REITs全收益,CSI REITs Total Return Index,CSI REITs TR,1035.02,1036.49,1034.06,1035.82,0.54,0.05,66809086.0,2.88,47.0,
2025-12-04,932047,中证REITs全收益指数,中证REITs全收益,CSI REITs Total Return Index,CSI REITs TR,1035.46,1035.64,1031.88,1033.28,-2.54,-0.24,84129163.0,3.51,47.0,
2025-12-05,932047,中证REITs全收益指数,中证REITs全收益,CSI REITs Total Return Index,CSI REITs TR,1033.4,1033.55,1029.41,1031.5,-1.79,-0.17,75323213.0,3.15,47.0,
2025-12-08,932047,中证REITs全收益指数,中证REITs全收益,CSI REITs Total Return Index,CSI REITs TR,1031.3,1031.3,1025.9,1027.84,-3.66,-0.35,62236310.0,2.77,47.0,
2025-12-09,932047,中证REITs全收益指数,中证REITs全收益,CSI REITs Total Return Index,CSI REITs TR,1027.62,1028.87,1021.63,1025.11,-2.73,-0.27,62484705.0,2.86,47.0,
2025-12-10,932047,中证REITs全收益指数,中证REITs全收益,CSI REITs Total Return Index,CSI REITs TR,1024.58,1029.95,1020.77,1029.56,4.45,0.43,88197520.0,3.78,47.0,
2025-12-11,932047,中证REITs全收益指数,中证REITs全收益,CSI REITs Total Return Index,CSI REITs TR,1029.32,1029.39,1026.05,1027.8,-1.76,-0.17,68735365.0,3.31,47.0,
2025-12-12,932047,中证REITs全收益指数,中证REITs全收益,CSI REITs Total Return Index,CSI REITs TR,1027.6,1029.6,1027.06,1028.5,0.7,0.07,65000580.0,3.01,47.0,
2025-12-15,932047,中证REITs全收益指数,中证REITs全收益,CSI REITs Total Return Index,CSI REITs TR,1028.1,1028.1,1019.39,1021.85,-6.65,-0.65,59089171.0,2.54,47.0,
2025-12-16,932047,中证REITs全收益指数,中证REITs全收益,CSI REITs Total Return Index,CSI REITs TR,1020.04,1020.32,1015.12,1017.95,-3.9,-0.38,62025645.0,2.62,47.0,
2025-12-17,932047,中证REITs全收益指数,中证REITs全收益,CSI REITs Total Return Index,CSI REITs TR,1018.69,1020.29,1010.67,1013.19,-4.76,-0.47,68950936.0,3.08,47.0,
2025-12-18,932047,中证REITs全收益指数,中证REITs全收益,CSI REITs Total Return Index,CSI REITs TR,1012.77,1013.08,1005.66,1007.38,-5.81,-0.57,60811634.0,2.76,47.0,
2025-12-19,932047,中证REITs全收益指数,中证REITs全收益,CSI REITs Total Return Index,CSI REITs TR,1007.4,1007.4,991.42,999.19,-8.19,-0.81,107507268.0,5.02,47.0,
2025-12-22,932047,中证REITs全收益指数,中证REITs全收益,CSI REITs Total Return Index,CSI REITs TR,998.33,998.33,991.13,992.05,-7.14,-0.71,93557913.0,4.17,47.0,
2025-12-23,932047,中证REITs全收益指数,中证REITs全收益,CSI REITs Total Return Index,CSI REITs TR,992.01,992.16,979.69,983.81,-8.24,-0.83,104637330.0,4.6,47.0,
2025-12-24,932047,中证REITs全收益指数,中证REITs全收益,CSI REITs Total Return Index,CSI REITs TR,984.28,1006.95,978.64,1006.71,22.89,2.33,125334407.0,5.84,47.0,
2025-12-25,932047,中证REITs全收益指数,中证REITs全收益,CSI REITs Total Return Index,CSI REITs TR,1006.42,1016.92,1005.78,1016.67,9.97,0.99,115428490.0,4.88,47.0,
2025-12-26,932047,中证REITs全收益指数,中证REITs全收益,CSI REITs Total Return Index,CSI REITs TR,1016.45,1017.43,1012.75,1014.8,-1.87,-0.18,55607604.0,2.35,47.0,
2025-12-29,932047,中证REITs全收益指数,中证REITs全收益,CSI REITs Total Return Index,CSI REITs TR,1014.01,1014.03,1007.87,1010.54,-4.25,-0.42,70553251.0,3.22,47.0,
2025-12-30,932047,中证REITs全收益指数,中证REITs全收益,CSI REITs Total Return Index,CSI REITs TR,1009.97,1010.31,1005.99,1009.52,-1.02,-0.1,64324227.0,2.88,47.0,
2025-12-31,932047,中证REITs全收益指数,中证REITs全收益,CSI REITs Total Return Index,CSI REITs TR,1009.79,1009.97,1006.55,1009.84,0.32,0.03,61752161.0,2.61,47.0,
2026-01-05,932047,中证REITs全收益指数,中证REITs全收益,CSI REITs Total Return Index,CSI REITs TR,1009.53,1015.85,1008.54,1015.85,6.01,0.59,97530807.0,3.93,47.0,
2026-01-06,932047,中证REITs全收益指数,中证REITs全收益,CSI REITs Total Return Index,CSI REITs TR,1015.7,1023.32,1012.53,1023.3,7.45,0.73,140946447.0,5.72,47.0,
2026-01-07,932047,中证REITs全收益指数,中证REITs全收益,CSI REITs Total Return Index,CSI REITs TR,1022.82,1029.23,1021.53,1029.23,5.93,0.58,136324049.0,5.8,47.0,
2026-01-08,932047,中证REITs全收益指数,中证REITs全收益,CSI REITs Total Return Index,CSI REITs TR,1028.78,1030.68,1027.06,1030.64,1.41,0.14,123825331.0,5.34,47.0,
2026-01-09,932047,中证REITs全收益指数,中证REITs全收益,CSI REITs Total Return Index,CSI REITs TR,1030.04,1032.21,1027.16,1028.93,-1.71,-0.16,119740754.0,5.38,47.0,
2026-01-12,932047,中证REITs全收益指数,中证REITs全收益,CSI REITs Total Return Index,CSI REITs TR,1028.5,1028.91,1023.81,1028.82,-0.11,-0.01,80016735.0,3.27,47.0,
2026-01-13,932047,中证REITs全收益指数,中证REITs全收益,CSI REITs Total Return Index,CSI REITs TR,1028.32,1028.65,1025.8,1027.77,-1.05,-0.1,90036322.0,3.64,47.0,
2026-01-14,932047,中证REITs全收益指数,中证REITs全收益,CSI REITs Total Return Index,CSI REITs TR,1027.04,1028.0,1024.26,1027.74,-0.02,0.0,96370988.0,3.96,47.0,
2026-01-15,932047,中证REITs全收益指数,中证REITs全收益,CSI REITs Total Return Index,CSI REITs TR,1027.26,1027.58,1021.64,1025.22,-2.52,-0.24,101651375.0,4.51,47.0,
2026-01-16,932047,中证REITs全收益指数,中证REITs全收益,CSI REITs Total Return Index,CSI REITs TR,1024.94,1025.38,1022.78,1025.26,0.04,0.0,82112312.0,3.61,47.0,
2026-01-19,932047,中证REITs全收益指数,中证REITs全收益,CSI REITs Total Return Index,CSI REITs TR,1025.1,1025.11,1021.9,1024.52,-0.74,-0.07,114453909.0,4.77,47.0,
2026-01-20,932047,中证REITs全收益指数,中证REITs全收益,CSI REITs Total Return Index,CSI REITs TR,1024.74,1030.05,1023.2,1030.01,5.49,0.53,114131922.0,4.5,47.0,
2026-01-21,932047,中证REITs全收益指数,中证REITs全收益,CSI REITs Total Return Index,CSI REITs TR,1029.59,1034.97,1028.13,1034.68,4.67,0.45,121112259.0,5.15,47.0,
2026-01-22,932047,中证REITs全收益指数,中证REITs全收益,CSI REITs Total Return Index,CSI REITs TR,1034.18,1044.05,1032.87,1043.35,8.67,0.84,125035018.0,5.75,47.0,
2026-01-23,932047,中证REITs全收益指数,中证REITs全收益,CSI REITs Total Return Index,CSI REITs TR,1042.92,1049.47,1041.78,1047.51,4.16,0.4,161723122.0,7.01,47.0,
2026-01-26,932047,中证REITs全收益指数,中证REITs全收益,CSI REITs Total Return Index,CSI REITs TR,1046.93,1046.93,1041.16,1044.93,-2.58,-0.25,97437387.0,3.79,47.0,
2026-01-27,932047,中证REITs全收益指数,中证REITs全收益,CSI REITs Total Return Index,CSI REITs TR,1044.79,1045.78,1039.21,1045.72,0.8,0.08,119471617.0,4.85,47.0,
2026-01-28,932047,中证REITs全收益指数,中证REITs全收益,CSI REITs Total Return Index,CSI REITs TR,1045.18,1046.63,1043.13,1046.18,0.45,0.04,115170494.0,4.52,47.0,
2026-01-29,932047,中证REITs全收益指数,中证REITs全收益,CSI REITs Total Return Index,CSI REITs TR,1046.24,1056.97,1045.12,1056.78,10.61,1.01,118909065.0,5.3,47.0,
2026-01-30,932047,中证REITs全收益指数,中证REITs全收益,CSI REITs Total Return Index,CSI REITs TR,1055.96,1056.94,1050.88,1052.42,-4.36,-0.41,99282019.0,4.13,47.0,
2026-02-02,932047,中证REITs全收益指数,中证REITs全收益,CSI REITs Total Return Index,CSI REITs TR,1051.7,1051.7,1039.99,1043.27,-9.15,-0.87,97679472.0,4.24,47.0,
2026-02-03,932047,中证REITs全收益指数,中证REITs全收益,CSI REITs Total Return Index,CSI REITs TR,1042.78,1045.17,1042.0,1044.66,1.39,0.13,101452776.0,4.35,47.0,
2026-02-04,932047,中证REITs全收益指数,中证REITs全收益,CSI REITs Total Return Index,CSI REITs TR,1044.45,1046.01,1042.59,1045.7,1.05,0.1,98559767.0,4.31,47.0,
2026-02-05,932047,中证REITs全收益指数,中证REITs全收益,CSI REITs Total Return Index,CSI REITs TR,1045.41,1046.76,1042.03,1043.65,-2.05,-0.2,80776848.0,3.35,47.0,
2026-02-06,932047,中证REITs全收益指数,中证REITs全收益,CSI REITs Total Return Index,CSI REITs TR,1043.51,1043.51,1040.7,1042.83,-0.82,-0.08,73045946.0,2.95,47.0,
2026-02-09,932047,中证REITs全收益指数,中证REITs全收益,CSI REITs Total Return Index,CSI REITs TR,1042.92,1042.92,1038.27,1040.72,-2.12,-0.2,62206050.0,2.95,47.0,
2026-02-10,932047,中证REITs全收益指数,中证REITs全收益,CSI REITs Total Return Index,CSI REITs TR,1040.21,1044.14,1037.93,1044.1,3.38,0.32,71961644.0,3.28,47.0,
2026-02-11,932047,中证REITs全收益指数,中证REITs全收益,CSI REITs Total Return Index,CSI REITs TR,1043.7,1047.34,1043.1,1044.98,0.88,0.08,96278104.0,4.01,47.0,
2026-02-12,932047,中证REITs全收益指数,中证REITs全收益,CSI REITs Total Return Index,CSI REITs TR,1044.5,1046.0,1043.23,1045.91,0.94,0.09,60230294.0,2.8,47.0,
2026-02-13,932047,中证REITs全收益指数,中证REITs全收益,CSI REITs Total Return Index,CSI REITs TR,1046.04,1047.18,1044.22,1047.08,1.17,0.11,49970504.0,2.06,47.0,
2026-02-24,932047,中证REITs全收益指数,中证REITs全收益,CSI REITs Total Return Index,CSI REITs TR,1046.89,1047.31,1042.59,1043.88,-3.2,-0.31,54348490.0,2.28,47.0,
2026-02-25,932047,中证REITs全收益指数,中证REITs全收益,CSI REITs Total Return Index,CSI REITs TR,1044.09,1045.1,1042.1,1044.36,0.48,0.04,72745890.0,2.74,47.0,
2026-02-26,932047,中证REITs全收益指数,中证REITs全收益,CSI REITs Total Return Index,CSI REITs TR,1044.22,1044.51,1039.11,1040.7,-3.66,-0.35,66071765.0,2.91,47.0,
2026-02-27,932047,中证REITs全收益指数,中证REITs全收益,CSI REITs Total Return Index,CSI REITs TR,1040.2,1040.35,1034.04,1035.78,-4.92,-0.47,74607823.0,3.37,47.0,
2026-03-02,932047,中证REITs全收益指数,中证REITs全收益,CSI REITs Total Return Index,CSI REITs TR,1035.37,1035.37,1028.76,1031.23,-4.55,-0.44,94221272.0,4.15,47.0,
2026-03-03,932047,中证REITs全收益指数,中证REITs全收益,CSI REITs Total Return Index,CSI REITs TR,1030.81,1033.81,1028.9,1033.55,2.32,0.22,88495109.0,4.05,47.0,
2026-03-04,932047,中证REITs全收益指数,中证REITs全收益,CSI REITs Total Return Index,CSI REITs TR,1033.11,1033.11,1029.13,1031.63,-1.92,-0.19,65155813.0,3.07,47.0,
2026-03-05,932047,中证REITs全收益指数,中证REITs全收益,CSI REITs Total Return Index,CSI REITs TR,1031.63,1032.74,1029.16,1030.77,-0.86,-0.08,59547982.0,2.89,47.0,
2026-03-06,932047,中证REITs全收益指数,中证REITs全收益,CSI REITs Total Return Index,CSI REITs TR,1030.64,1030.69,1025.77,1027.62,-3.15,-0.31,55736905.0,2.5,47.0,
2026-03-09,932047,中证REITs全收益指数,中证REITs全收益,CSI REITs Total Return Index,CSI REITs TR,1027.1,1027.12,1021.59,1023.06,-4.57,-0.44,80998741.0,3.58,47.0,
2026-03-10,932047,中证REITs全收益指数,中证REITs全收益,CSI REITs Total Return Index,CSI REITs TR,1022.93,1028.25,1022.2,1027.11,4.06,0.4,80591700.0,3.64,47.0,
2026-03-11,932047,中证REITs全收益指数,中证REITs全收益,CSI REITs Total Return Index,CSI REITs TR,1026.95,1027.56,1022.41,1026.36,-0.75,-0.07,65608397.0,2.89,47.0,
2026-03-12,932047,中证REITs全收益指数,中证REITs全收益,CSI REITs Total Return Index,CSI REITs TR,1026.1,1027.26,1021.29,1021.94,-4.43,-0.43,59430978.0,2.56,47.0,
2026-03-13,932047,中证REITs全收益指数,中证REITs全收益,CSI REITs Total Return Index,CSI REITs TR,1021.65,1023.64,1019.87,1023.15,1.22,0.12,66162073.0,2.81,47.0,
2026-03-16,932047,中证REITs全收益指数,中证REITs全收益,CSI REITs Total Return Index,CSI REITs TR,1023.33,1023.36,1016.28,1018.19,-4.97,-0.49,67475228.0,3.01,53.0,
2026-03-17,932047,中证REITs全收益指数,中证REITs全收益,CSI REITs Total Return Index,CSI REITs TR,1018.39,1021.29,1017.38,1020.3,2.11,0.21,81264492.0,3.57,53.0,
2026-03-18,932047,中证REITs全收益指数,中证REITs全收益,CSI REITs Total Return Index,CSI REITs TR,1020.26,1023.81,1017.77,1023.57,3.28,0.32,77858198.0,3.47,53.0,
2026-03-19,932047,中证REITs全收益指数,中证REITs全收益,CSI REITs Total Return Index,CSI REITs TR,1023.1,1025.33,1022.39,1023.62,0.05,0.0,64028313.0,2.75,53.0,
2026-03-20,932047,中证REITs全收益指数,中证REITs全收益,CSI REITs Total Return Index,CSI REITs TR,1023.39,1023.78,1020.97,1021.78,-1.84,-0.18,65980708.0,2.83,53.0,
2026-03-23,932047,中证REITs全收益指数,中证REITs全收益,CSI REITs Total Return Index,CSI REITs TR,1021.4,1021.43,1011.66,1012.04,-9.73,-0.95,76101722.0,3.43,53.0,
2026-03-24,932047,中证REITs全收益指数,中证REITs全收益,CSI REITs Total Return Index,CSI REITs TR,1012.05,1014.65,1009.9,1013.78,1.74,0.17,76651240.0,3.49,53.0,
2026-03-25,932047,中证REITs全收益指数,中证REITs全收益,CSI REITs Total Return Index,CSI REITs TR,1014.14,1014.79,1012.39,1014.64,0.86,0.08,74562527.0,3.1,53.0,
2026-03-26,932047,中证REITs全收益指数,中证REITs全收益,CSI REITs Total Return Index,CSI REITs TR,1014.85,1014.85,1009.49,1012.85,-1.79,-0.18,78887666.0,3.32,53.0,
2026-03-27,932047,中证REITs全收益指数,中证REITs全收益,CSI REITs Total Return Index,CSI REITs TR,1012.4,1013.34,1009.7,1013.34,0.49,0.05,66965793.0,2.92,53.0,
2026-03-30,932047,中证REITs全收益指数,中证REITs全收益,CSI REITs Total Return Index,CSI REITs TR,1012.84,1012.87,1010.31,1012.57,-0.77,-0.08,76980949.0,3.5,53.0,
2026-03-31,932047,中证REITs全收益指数,中证REITs全收益,CSI REITs Total Return Index,CSI REITs TR,1012.51,1012.62,1009.55,1010.36,-2.21,-0.22,64402949.0,3.06,53.0,
2026-04-01,932047,中证REITs全收益指数,中证REITs全收益,CSI REITs Total Return Index,CSI REITs TR,1010.86,1012.26,1008.75,1010.72,0.37,0.04,65773051.0,2.82,53.0,
2026-04-02,932047,中证REITs全收益指数,中证REITs全收益,CSI REITs Total Return Index,CSI REITs TR,1011.22,1011.22,1008.68,1010.8,0.08,0.01,72293497.0,3.26,53.0,
2026-04-03,932047,中证REITs全收益指数,中证REITs全收益,CSI REITs Total Return Index,CSI REITs TR,1010.89,1013.43,1009.64,1013.29,2.49,0.25,90882418.0,3.92,53.0,
2026-04-07,932047,中证REITs全收益指数,中证REITs全收益,CSI REITs Total Return Index,CSI REITs TR,1013.36,1016.48,1013.02,1016.44,3.14,0.31,86063029.0,3.84,53.0,
2026-04-08,932047,中证REITs全收益指数,中证REITs全收益,CSI REITs Total Return Index,CSI REITs TR,1019.76,1022.74,1016.47,1022.67,6.23,0.61,103871083.0,4.63,53.0,
2026-04-09,932047,中证REITs全收益指数,中证REITs全收益,CSI REITs Total Return Index,CSI REITs TR,1023.12,1023.12,1019.27,1020.09,-2.58,-0.25,64867168.0,3.12,53.0,
2026-04-10,932047,中证REITs全收益指数,中证REITs全收益,CSI REITs Total Return Index,CSI REITs TR,1019.98,1021.39,1019.16,1019.81,-0.28,-0.03,67256525.0,3.14,53.0,
2026-04-13,932047,中证REITs全收益指数,中证REITs全收益,CSI REITs Total Return Index,CSI REITs TR,1019.4,1019.4,1015.97,1018.07,-1.74,-0.17,71622688.0,3.18,53.0,
2026-04-14,932047,中证REITs全收益指数,中证REITs全收益,CSI REITs Total Return Index,CSI REITs TR,1017.82,1021.91,1017.04,1021.91,3.84,0.38,90094040.0,3.98,53.0,
2026-04-15,932047,中证REITs全收益指数,中证REITs全收益,CSI REITs Total Return Index,CSI REITs TR,1022.69,1023.32,1020.7,1022.13,0.22,0.02,111290633.0,4.83,53.0,
2026-04-16,932047,中证REITs全收益指数,中证REITs全收益,CSI REITs Total Return Index,CSI REITs TR,1022.29,1029.14,1022.14,1029.05,6.92,0.68,125350160.0,5.45,53.0,
2026-04-17,932047,中证REITs全收益指数,中证REITs全收益,CSI REITs Total Return Index,CSI REITs TR,1028.55,1029.64,1025.36,1029.57,0.51,0.05,65021291.0,2.92,53.0,
2026-04-20,932047,中证REITs全收益指数,中证REITs全收益,CSI REITs Total Return Index,CSI REITs TR,1029.66,1030.95,1028.3,1030.36,0.8,0.08,104993610.0,4.41,53.0,
2026-04-21,932047,中证REITs全收益指数,中证REITs全收益,CSI REITs Total Return Index,CSI REITs TR,1030.34,1031.33,1027.17,1028.61,-1.76,-0.17,115449384.0,4.93,53.0,
2026-04-22,932047,中证REITs全收益指数,中证REITs全收益,CSI REITs Total Return Index,CSI REITs TR,1028.53,1029.51,1026.37,1029.34,0.73,0.07,123731679.0,4.96,53.0,
2026-04-23,932047,中证REITs全收益指数,中证REITs全收益,CSI REITs Total Return Index,CSI REITs TR,1028.8,1028.89,1024.73,1026.0,-3.34,-0.32,93544034.0,3.99,53.0,
2026-04-24,932047,中证REITs全收益指数,中证REITs全收益,CSI REITs Total Return Index,CSI REITs TR,1026.23,1026.83,1022.97,1024.58,-1.42,-0.14,98020104.0,4.31,53.0,
2026-04-27,932047,中证REITs全收益指数,中证REITs全收益,CSI REITs Total Return Index,CSI REITs TR,1024.16,1024.39,1017.69,1018.46,-6.12,-0.6,84375171.0,3.88,53.0,
2026-04-28,932047,中证REITs全收益指数,中证REITs全收益,CSI REITs Total Return Index,CSI REITs TR,1018.22,1018.69,1015.61,1016.06,-2.4,-0.24,73052533.0,3.57,53.0,
2026-04-29,932047,中证REITs全收益指数,中证REITs全收益,CSI REITs Total Return Index,CSI REITs TR,1016.21,1016.21,1012.39,1013.74,-2.32,-0.23,59977289.0,2.63,53.0,
2026-04-30,932047,中证REITs全收益指数,中证REITs全收益,CSI REITs Total Return Index,CSI REITs TR,1013.73,1013.73,1009.98,1011.08,-2.66,-0.26,70485783.0,3.24,53.0,
2026-05-06,932047,中证REITs全收益指数,中证REITs全收益,CSI REITs Total Return Index,CSI REITs TR,1010.92,1011.01,1008.17,1009.53,-1.55,-0.15,68127852.0,2.98,53.0,
2026-05-07,932047,中证REITs全收益指数,中证REITs全收益,CSI REITs Total Return Index,CSI REITs TR,1009.32,1010.37,1008.33,1010.37,0.84,0.08,66658950.0,2.98,53.0,
2026-05-08,932047,中证REITs全收益指数,中证REITs全收益,CSI REITs Total Return Index,CSI REITs TR,1010.21,1011.79,1009.25,1011.66,1.29,0.13,70515550.0,3.23,53.0,
2026-05-11,932047,中证REITs全收益指数,中证REITs全收益,CSI REITs Total Return Index,CSI REITs TR,1011.4,1011.4,1008.06,1009.02,-2.64,-0.26,101580214.0,4.21,53.0,
2026-05-12,932047,中证REITs全收益指数,中证REITs全收益,CSI REITs Total Return Index,CSI REITs TR,1008.86,1008.86,1006.93,1007.61,-1.41,-0.14,95519272.0,3.93,53.0,
2026-05-13,932047,中证REITs全收益指数,中证REITs全收益,CSI REITs Total Return Index,CSI REITs TR,1008.06,1008.17,1001.13,1002.11,-5.51,-0.55,93076995.0,3.59,53.0,
2026-05-14,932047,中证REITs全收益指数,中证REITs全收益,CSI REITs Total Return Index,CSI REITs TR,1002.35,1002.35,994.06,994.7,-7.41,-0.74,108110772.0,4.18,53.0,
2026-05-15,932047,中证REITs全收益指数,中证REITs全收益,CSI REITs Total Return Index,CSI REITs TR,994.73,994.73,988.14,989.93,-4.77,-0.48,107381480.0,3.72,53.0,
2026-05-18,932047,中证REITs全收益指数,中证REITs全收益,CSI REITs Total Return Index,CSI REITs TR,990.23,991.84,986.0,991.24,1.32,0.13,155233669.0,5.76,53.0,
2026-05-19,932047,中证REITs全收益指数,中证REITs全收益,CSI REITs Total Return Index,CSI REITs TR,995.01,1017.37,995.01,1014.7,23.45,2.37,210777424.0,8.64,53.0,
2026-05-20,932047,中证REITs全收益指数,中证REITs全收益,CSI REITs Total Return Index,CSI REITs TR,1014.88,1022.77,1009.88,1011.11,-3.58,-0.35,144350190.0,5.68,53.0,
2026-05-21,932047,中证REITs全收益指数,中证REITs全收益,CSI REITs Total Return Index,CSI REITs TR,1010.77,1010.77,1000.27,1004.67,-6.45,-0.64,106518931.0,4.38,53.0,
2026-05-22,932047,中证REITs全收益指数,中证REITs全收益,CSI REITs Total Return Index,CSI REITs TR,1004.07,1005.32,1002.55,1004.41,-0.25,-0.03,86509842.0,3.81,53.0,
2026-05-25,932047,中证REITs全收益指数,中证REITs全收益,CSI REITs Total Return Index,CSI REITs TR,1004.07,1004.56,1002.38,1002.65,-1.76,-0.18,84292384.0,3.62,53.0,
2026-05-26,932047,中证REITs全收益指数,中证REITs全收益,CSI REITs Total Return Index,CSI REITs TR,1002.78,1002.94,995.23,997.89,-4.76,-0.47,117043234.0,5.02,53.0,
2026-05-27,932047,中证REITs全收益指数,中证REITs全收益,CSI REITs Total Return Index,CSI REITs TR,997.77,997.87,987.89,989.62,-8.27,-0.83,105478502.0,4.23,53.0,
2026-05-28,932047,中证REITs全收益指数,中证REITs全收益,CSI REITs Total Return Index,CSI REITs TR,988.95,988.95,980.1,981.93,-7.69,-0.78,125523937.0,4.56,53.0,
2026-05-29,932047,中证REITs全收益指数,中证REITs全收益,CSI REITs Total Return Index,CSI REITs TR,981.34,990.38,976.32,989.83,7.9,0.8,101905611.0,3.81,53.0,
2026-06-01,932047,中证REITs全收益指数,中证REITs全收益,CSI REITs Total Return Index,CSI REITs TR,989.52,1000.67,988.6,999.89,10.06,1.02,107781270.0,3.98,53.0,
2026-06-02,932047,中证REITs全收益指数,中证REITs全收益,CSI REITs Total Return Index,CSI REITs TR,999.57,999.86,995.08,998.56,-1.33,-0.13,96542208.0,3.76,53.0,
2026-06-03,932047,中证REITs全收益指数,中证REITs全收益,CSI REITs Total Return Index,CSI REITs TR,998.4,999.92,995.54,999.71,1.15,0.11,87375629.0,3.48,53.0,
2026-06-04,932047,中证REITs全收益指数,中证REITs全收益,CSI REITs Total Return Index,CSI REITs TR,999.43,1000.87,996.64,1000.72,1.0,0.1,73488149.0,2.92,53.0,
2026-06-05,932047,中证REITs全收益指数,中证REITs全收益,CSI REITs Total Return Index,CSI REITs TR,1000.26,1003.44,998.99,1002.77,2.06,0.21,72328308.0,3.01,53.0,
2026-06-08,932047,中证REITs全收益指数,中证REITs全收益,CSI REITs Total Return Index,CSI REITs TR,1001.96,1001.96,998.89,999.72,-3.05,-0.3,86401414.0,3.3,53.0,
2026-06-09,932047,中证REITs全收益指数,中证REITs全收益,CSI REITs Total Return Index,CSI REITs TR,999.36,999.49,992.48,994.08,-5.64,-0.56,80128648.0,3.63,53.0,
2026-06-10,932047,中证REITs全收益指数,中证REITs全收益,CSI REITs Total Return Index,CSI REITs TR,993.17,993.67,984.23,987.03,-7.05,-0.71,66657512.0,2.57,53.0,
2026-06-11,932047,中证REITs全收益指数,中证REITs全收益,CSI REITs Total Return Index,CSI REITs TR,986.64,986.64,977.57,980.61,-6.42,-0.65,88534845.0,3.48,53.0,
2026-06-12,932047,中证REITs全收益指数,中证REITs全收益,CSI REITs Total Return Index,CSI REITs TR,980.0,984.21,978.32,983.81,3.2,0.33,74737571.0,3.27,53.0,
2026-06-15,932047,中证REITs全收益指数,中证REITs全收益,CSI REITs Total Return Index,CSI REITs TR,983.31,984.49,981.16,982.54,-1.27,-0.13,59430329.0,2.57,51.0,
2026-06-16,932047,中证REITs全收益指数,中证REITs全收益,CSI REITs Total Return Index,CSI REITs TR,981.94,983.59,980.21,981.28,-1.26,-0.13,58937226.0,2.49,51.0,
2026-06-17,932047,中证REITs全收益指数,中证REITs全收益,CSI REITs Total Return Index,CSI REITs TR,980.97,982.07,979.81,980.82,-0.47,-0.05,50176918.0,2.29,51.0,
2026-06-18,932047,中证REITs全收益指数,中证REITs全收益,CSI REITs Total Return Index,CSI REITs TR,980.6,980.6,965.93,968.09,-12.73,-1.3,77521327.0,3.06,51.0,
2026-06-22,932047,中证REITs全收益指数,中证REITs全收益,CSI REITs Total Return Index,CSI REITs TR,967.29,967.29,945.64,948.37,-19.72,-2.04,126054562.0,4.59,51.0,
2026-06-23,932047,中证REITs全收益指数,中证REITs全收益,CSI REITs Total Return Index,CSI REITs TR,948.13,948.13,938.78,941.69,-6.68,-0.7,137278449.0,4.79,51.0,
2026-06-24,932047,中证REITs全收益指数,中证REITs全收益,CSI REITs Total Return Index,CSI REITs TR,941.42,941.42,927.65,928.96,-12.74,-1.35,122730793.0,4.75,51.0,
2026-06-25,932047,中证REITs全收益指数,中证REITs全收益,CSI REITs Total Return Index,CSI REITs TR,929.35,950.87,926.26,950.66,21.7,2.34,156022560.0,5.73,51.0,
2026-06-26,932047,中证REITs全收益指数,中证REITs全收益,CSI REITs Total Return Index,CSI REITs TR,949.5,950.14,940.78,944.9,-5.76,-0.6,125743296.0,4.91,51.0,
2026-06-29,932047,中证REITs全收益指数,中证REITs全收益,CSI REITs Total Return Index,CSI REITs TR,942.56,959.17,939.14,958.81,13.91,1.47,101407660.0,4.03,51.0,
2026-06-30,932047,中证REITs全收益指数,中证REITs全收益,CSI REITs Total Return Index,CSI REITs TR,958.11,970.8,956.53,970.51,11.7,1.22,104195453.0,4.12,51.0,
2026-07-01,932047,中证REITs全收益指数,中证REITs全收益,CSI REITs Total Return Index,CSI REITs TR,970.93,973.61,969.33,972.88,2.36,0.24,93107601.0,3.77,51.0,
2026-07-02,932047,中证REITs全收益指数,中证REITs全收益,CSI REITs Total Return Index,CSI REITs TR,972.2,975.0,968.17,969.22,-3.66,-0.37,85412327.0,3.44,51.0,
2026-07-03,932047,中证REITs全收益指数,中证REITs全收益,CSI REITs Total Return Index,CSI REITs TR,968.6,982.67,968.24,982.33,13.11,1.35,89776305.0,3.73,51.0,
2026-07-06,932047,中证REITs全收益指数,中证REITs全收益,CSI REITs Total Return Index,CSI REITs TR,982.25,984.43,978.37,984.38,2.05,0.21,95857371.0,3.99,51.0,
2026-07-07,932047,中证REITs全收益指数,中证REITs全收益,CSI REITs Total Return Index,CSI REITs TR,983.83,983.83,978.74,979.95,-4.43,-0.45,76991340.0,3.19,51.0,
2026-07-08,932047,中证REITs全收益指数,中证REITs全收益,CSI REITs Total Return Index,CSI REITs TR,979.41,979.53,971.39,972.79,-7.15,-0.73,74350406.0,3.13,51.0,
2026-07-09,932047,中证REITs全收益指数,中证REITs全收益,CSI REITs Total Return Index,CSI REITs TR,972.06,973.97,960.64,973.83,1.04,0.11,88705790.0,3.61,51.0,
2026-07-10,932047,中证REITs全收益指数,中证REITs全收益,CSI REITs Total Return Index,CSI REITs TR,972.9,980.98,970.94,980.69,6.85,0.7,86285418.0,3.72,51.0,
2026-07-13,932047,中证REITs全收益指数,中证REITs全收益,CSI REITs Total Return Index,CSI REITs TR,980.44,980.9,976.9,977.23,-3.45,-0.35,66729071.0,2.79,51.0,
2026-07-14,932047,中证REITs全收益指数,中证REITs全收益,CSI REITs Total Return Index,CSI REITs TR,976.97,978.04,973.47,974.73,-2.5,-0.26,74674613.0,3.27,51.0,
2026-07-15,932047,中证REITs全收益指数,中证REITs全收益,CSI REITs Total Return Index,CSI REITs TR,974.25,974.25,969.43,970.28,-4.45,-0.46,69131246.0,3.02,51.0,
2026-07-16,932047,中证REITs全收益指数,中证REITs全收益,CSI REITs Total Return Index,CSI REITs TR,969.65,978.19,968.91,975.1,4.81,0.5,88981059.0,3.85,51.0,
2026-07-17,932047,中证REITs全收益指数,中证REITs全收益,CSI REITs Total Return Index,CSI REITs TR,974.77,976.25,969.44,970.03,-5.06,-0.52,76171131.0,2.96,51.0,
2026-07-20,932047,中证REITs全收益指数,中证REITs全收益,CSI REITs Total Return Index,CSI REITs TR,969.28,972.14,963.6,964.16,-5.88,-0.6,62409838.0,2.38,51.0,
2026-07-21,932047,中证REITs全收益指数,中证REITs全收益,CSI REITs Total Return Index,CSI REITs TR,963.71,966.09,958.03,958.53,-5.62,-0.58,78920174.0,3.17,51.0,
2026-07-22,932047,中证REITs全收益指数,中证REITs全收益,CSI REITs Total Return Index,CSI REITs TR,958.43,959.54,948.09,949.59,-8.94,-0.93,90654143.0,3.6,51.0,
2026-07-23,932047,中证REITs全收益指数,中证REITs全收益,CSI REITs Total Return Index,CSI REITs TR,949.36,951.08,945.7,948.35,-1.24,-0.13,92808438.0,3.44,51.0,
2026-07-24,932047,中证REITs全收益指数,中证REITs全收益,CSI REITs Total Return Index,CSI REITs TR,948.8,951.65,945.24,949.2,0.85,0.09,82165708.0,3.49,51.0,
2026-07-27,932047,中证REITs全收益指数,中证REITs全收益,CSI REITs Total Return Index,CSI REITs TR,948.97,949.0,943.48,944.13,-5.07,-0.53,69367591.0,2.98,51.0,
2026-07-28,932047,中证REITs全收益指数,中证REITs全收益,CSI REITs Total Return Index,CSI REITs TR,943.69,944.42,939.88,940.31,-3.81,-0.4,61373943.0,2.22,51.0,
2026-07-29,932047,中证REITs全收益指数,中证REITs全收益,CSI REITs Total Return Index,CSI REITs TR,940.18,944.9,939.8,941.83,1.52,0.16,67988585.0,2.7,51.0,
2026-07-30,932047,中证REITs全收益指数,中证REITs全收益,CSI REITs Total Return Index,CSI REITs TR,941.81,945.19,941.57,943.17,1.34,0.14,76003160.0,3.2,51.0,
2026-07-31,932047,中证REITs全收益指数,中证REITs全收益,CSI REITs Total Return Index,CSI REITs TR,943.22,954.41,942.8,953.74,10.57,1.12,86052370.0,3.48,51.0,
2026-08-03,932047,中证REITs全收益指数,中证REITs全收益,CSI REITs Total Return Index,CSI REITs TR,953.79,958.34,948.95,950.34,-3.4,-0.36,81984050.0,3.23,51.0,
2026-08-04,932047,中证REITs全收益指数,中证REITs全收益,CSI REITs Total Return Index,CSI REITs TR,950.2,951.2,941.52,942.63,-7.71,-0.81,59268738.0,2.37,51.0,
2026-08-05,932047,中证REITs全收益指数,中证REITs全收益,CSI REITs Total Return Index,CSI REITs TR,942.07,942.07,935.4,936.43,-6.2,-0.66,78861586.0,3.02,51.0,
2026-08-06,932047,中证REITs全收益指数,中证REITs全收益,CSI REITs Total Return Index,CSI REITs TR,936.3,937.96,931.75,932.84,-3.58,-0.38,105096214.0,4.2,51.0,
2026-08-07,932047,中证REITs全收益指数,中证REITs全收益,CSI REITs Total Return Index,CSI REITs TR,932.72,938.45,930.87,938.08,5.24,0.56,89791750.0,3.59,51.0,
2026-08-10,932047,中证REITs全收益指数,中证REITs全收益,CSI REITs Total Return Index,CSI REITs TR,938.01,938.89,934.72,936.66,-1.42,-0.15,102004950.0,3.88,51.0,
